조사일,지역,병해충,발생여부
2014.09.16,강진군,깨씨무늬병,0
2014.09.16,고흥군,깨씨무늬병,1
2014.09.16,곡성군,깨씨무늬병,1
2014.09.16,광양시,깨씨무늬병,1
2014.09.16,구례군,깨씨무늬병,0
2014.09.16,나주시,깨씨무늬병,0
2014.09.16,담양군,깨씨무늬병,0
2014.09.16,무안군,깨씨무늬병,0
2014.09.16,보성군,깨씨무늬병,0
2014.09.16,순천시,깨씨무늬병,0
2014.09.16,신안군,깨씨무늬병,1
2014.09.16,여수시,깨씨무늬병,1
2014.09.16,영광군,깨씨무늬병,0
2014.09.16,영암군,깨씨무늬병,0
2014.09.16,완도군,깨씨무늬병,1
2014.09.16,장성군,깨씨무늬병,0
2014.09.16,장흥군,깨씨무늬병,0
2014.09.16,진도군,깨씨무늬병,1
2014.09.16,함평군,깨씨무늬병,0
2014.09.16,해남군,깨씨무늬병,0
2014.09.16,화순군,깨씨무늬병,0
2015.06.16,강진군,깨씨무늬병,0
2015.06.16,고흥군,깨씨무늬병,0
2015.06.16,곡성군,깨씨무늬병,0
2015.06.16,광양시,깨씨무늬병,0
2015.06.16,구례군,깨씨무늬병,0
2015.06.16,나주시,깨씨무늬병,0
2015.06.16,담양군,깨씨무늬병,0
2015.06.16,무안군,깨씨무늬병,0
2015.06.16,보성군,깨씨무늬병,0
2015.06.16,순천시,깨씨무늬병,0
2015.06.16,신안군,깨씨무늬병,0
2015.06.16,여수시,깨씨무늬병,0
2015.06.16,영광군,깨씨무늬병,0
2015.06.16,영암군,깨씨무늬병,0
2015.06.16,완도군,깨씨무늬병,0
2015.06.16,장성군,깨씨무늬병,0
2015.06.16,장흥군,깨씨무늬병,0
2015.06.16,진도군,깨씨무늬병,0
2015.06.16,함평군,깨씨무늬병,0
2015.06.16,해남군,깨씨무늬병,0
2015.06.16,화순군,깨씨무늬병,0
2015.07.01,강진군,깨씨무늬병,0
2015.07.01,고흥군,깨씨무늬병,0
2015.07.01,곡성군,깨씨무늬병,0
2015.07.01,광양시,깨씨무늬병,0
2015.07.01,구례군,깨씨무늬병,0
2015.07.01,나주시,깨씨무늬병,0
2015.07.01,담양군,깨씨무늬병,0
2015.07.01,무안군,깨씨무늬병,0
2015.07.01,보성군,깨씨무늬병,0
2015.07.01,순천시,깨씨무늬병,0
2015.07.01,신안군,깨씨무늬병,0
2015.07.01,여수시,깨씨무늬병,0
2015.07.01,영광군,깨씨무늬병,0
2015.07.01,영암군,깨씨무늬병,0
2015.07.01,완도군,깨씨무늬병,0
2015.07.01,장성군,깨씨무늬병,0
2015.07.01,장흥군,깨씨무늬병,0
2015.07.01,진도군,깨씨무늬병,0
2015.07.01,함평군,깨씨무늬병,0
2015.07.01,해남군,깨씨무늬병,0
2015.07.01,화순군,깨씨무늬병,0
2015.07.16,강진군,깨씨무늬병,0
2015.07.16,고흥군,깨씨무늬병,0
2015.07.16,곡성군,깨씨무늬병,0
2015.07.16,광양시,깨씨무늬병,0
2015.07.16,구례군,깨씨무늬병,0
2015.07.16,나주시,깨씨무늬병,0
2015.07.16,담양군,깨씨무늬병,0
2015.07.16,무안군,깨씨무늬병,0
2015.07.16,보성군,깨씨무늬병,0
2015.07.16,순천시,깨씨무늬병,0
2015.07.16,신안군,깨씨무늬병,0
2015.07.16,여수시,깨씨무늬병,0
2015.07.16,영광군,깨씨무늬병,0
2015.07.16,영암군,깨씨무늬병,0
2015.07.16,완도군,깨씨무늬병,0
2015.07.16,장성군,깨씨무늬병,0
2015.07.16,장흥군,깨씨무늬병,0
2015.07.16,진도군,깨씨무늬병,0
2015.07.16,함평군,깨씨무늬병,0
2015.07.16,해남군,깨씨무늬병,0
2015.07.16,화순군,깨씨무늬병,0
2015.08.01,강진군,깨씨무늬병,0
2015.08.01,고흥군,깨씨무늬병,0
2015.08.01,곡성군,깨씨무늬병,0
2015.08.01,광양시,깨씨무늬병,0
2015.08.01,구례군,깨씨무늬병,0
2015.08.01,나주시,깨씨무늬병,0
2015.08.01,담양군,깨씨무늬병,0
2015.08.01,무안군,깨씨무늬병,0
2015.08.01,보성군,깨씨무늬병,0
2015.08.01,순천시,깨씨무늬병,0
2015.08.01,신안군,깨씨무늬병,0
2015.08.01,여수시,깨씨무늬병,0
2015.08.01,영광군,깨씨무늬병,1
2015.08.01,영암군,깨씨무늬병,0
2015.08.01,완도군,깨씨무늬병,0
2015.08.01,장성군,깨씨무늬병,0
2015.08.01,장흥군,깨씨무늬병,0
2015.08.01,진도군,깨씨무늬병,0
2015.08.01,함평군,깨씨무늬병,0
2015.08.01,해남군,깨씨무늬병,0
2015.08.01,화순군,깨씨무늬병,0
2015.08.16,강진군,깨씨무늬병,1
2015.08.16,고흥군,깨씨무늬병,0
2015.08.16,곡성군,깨씨무늬병,0
2015.08.16,광양시,깨씨무늬병,0
2015.08.16,구례군,깨씨무늬병,0
2015.08.16,나주시,깨씨무늬병,0
2015.08.16,담양군,깨씨무늬병,1
2015.08.16,무안군,깨씨무늬병,0
2015.08.16,보성군,깨씨무늬병,0
2015.08.16,순천시,깨씨무늬병,0
2015.08.16,신안군,깨씨무늬병,1
2015.08.16,여수시,깨씨무늬병,0
2015.08.16,영광군,깨씨무늬병,1
2015.08.16,영암군,깨씨무늬병,0
2015.08.16,완도군,깨씨무늬병,0
2015.08.16,장성군,깨씨무늬병,0
2015.08.16,장흥군,깨씨무늬병,1
2015.08.16,진도군,깨씨무늬병,1
2015.08.16,함평군,깨씨무늬병,0
2015.08.16,해남군,깨씨무늬병,0
2015.08.16,화순군,깨씨무늬병,0
2016.06.01,강진군,깨씨무늬병,0
2016.06.01,고흥군,깨씨무늬병,0
2016.06.01,곡성군,깨씨무늬병,0
2016.06.01,광양시,깨씨무늬병,0
2016.06.01,구례군,깨씨무늬병,0
2016.06.01,나주시,깨씨무늬병,0
2016.06.01,담양군,깨씨무늬병,0
2016.06.01,무안군,깨씨무늬병,0
2016.06.01,보성군,깨씨무늬병,0
2016.06.01,순천시,깨씨무늬병,0
2016.06.01,신안군,깨씨무늬병,0
2016.06.01,여수시,깨씨무늬병,0
2016.06.01,영광군,깨씨무늬병,0
2016.06.01,영암군,깨씨무늬병,0
2016.06.01,완도군,깨씨무늬병,0
2016.06.01,장성군,깨씨무늬병,0
2016.06.01,장흥군,깨씨무늬병,0
2016.06.01,진도군,깨씨무늬병,0
2016.06.01,함평군,깨씨무늬병,0
2016.06.01,해남군,깨씨무늬병,0
2016.06.01,화순군,깨씨무늬병,0
2016.06.16,강진군,깨씨무늬병,0
2016.06.16,고흥군,깨씨무늬병,0
2016.06.16,곡성군,깨씨무늬병,0
2016.06.16,광양시,깨씨무늬병,0
2016.06.16,구례군,깨씨무늬병,0
2016.06.16,나주시,깨씨무늬병,0
2016.06.16,담양군,깨씨무늬병,0
2016.06.16,무안군,깨씨무늬병,0
2016.06.16,보성군,깨씨무늬병,0
2016.06.16,순천시,깨씨무늬병,0
2016.06.16,신안군,깨씨무늬병,0
2016.06.16,여수시,깨씨무늬병,0
2016.06.16,영광군,깨씨무늬병,0
2016.06.16,영암군,깨씨무늬병,0
2016.06.16,완도군,깨씨무늬병,0
2016.06.16,장성군,깨씨무늬병,0
2016.06.16,장흥군,깨씨무늬병,0
2016.06.16,진도군,깨씨무늬병,0
2016.06.16,함평군,깨씨무늬병,0
2016.06.16,해남군,깨씨무늬병,0
2016.06.16,화순군,깨씨무늬병,0
2016.07.01,강진군,깨씨무늬병,0
2016.07.01,고흥군,깨씨무늬병,0
2016.07.01,곡성군,깨씨무늬병,0
2016.07.01,광양시,깨씨무늬병,0
2016.07.01,구례군,깨씨무늬병,0
2016.07.01,나주시,깨씨무늬병,0
2016.07.01,담양군,깨씨무늬병,0
2016.07.01,무안군,깨씨무늬병,0
2016.07.01,보성군,깨씨무늬병,0
2016.07.01,순천시,깨씨무늬병,0
2016.07.01,신안군,깨씨무늬병,0
2016.07.01,여수시,깨씨무늬병,0
2016.07.01,영광군,깨씨무늬병,0
2016.07.01,영암군,깨씨무늬병,0
2016.07.01,완도군,깨씨무늬병,0
2016.07.01,장성군,깨씨무늬병,0
2016.07.01,장흥군,깨씨무늬병,0
2016.07.01,진도군,깨씨무늬병,0
2016.07.01,함평군,깨씨무늬병,0
2016.07.01,해남군,깨씨무늬병,0
2016.07.01,화순군,깨씨무늬병,0
2016.07.16,강진군,깨씨무늬병,0
2016.07.16,고흥군,깨씨무늬병,0
2016.07.16,곡성군,깨씨무늬병,0
2016.07.16,광양시,깨씨무늬병,0
2016.07.16,구례군,깨씨무늬병,0
2016.07.16,나주시,깨씨무늬병,0
2016.07.16,담양군,깨씨무늬병,0
2016.07.16,무안군,깨씨무늬병,0
2016.07.16,보성군,깨씨무늬병,0
2016.07.16,순천시,깨씨무늬병,0
2016.07.16,신안군,깨씨무늬병,0
2016.07.16,여수시,깨씨무늬병,0
2016.07.16,영광군,깨씨무늬병,0
2016.07.16,영암군,깨씨무늬병,0
2016.07.16,완도군,깨씨무늬병,0
2016.07.16,장성군,깨씨무늬병,0
2016.07.16,장흥군,깨씨무늬병,0
2016.07.16,진도군,깨씨무늬병,0
2016.07.16,함평군,깨씨무늬병,0
2016.07.16,해남군,깨씨무늬병,0
2016.07.16,화순군,깨씨무늬병,0
2016.08.01,강진군,깨씨무늬병,0
2016.08.01,고흥군,깨씨무늬병,0
2016.08.01,곡성군,깨씨무늬병,0
2016.08.01,광양시,깨씨무늬병,0
2016.08.01,구례군,깨씨무늬병,0
2016.08.01,나주시,깨씨무늬병,0
2016.08.01,담양군,깨씨무늬병,0
2016.08.01,무안군,깨씨무늬병,0
2016.08.01,보성군,깨씨무늬병,0
2016.08.01,순천시,깨씨무늬병,0
2016.08.01,신안군,깨씨무늬병,0
2016.08.01,여수시,깨씨무늬병,0
2016.08.01,영광군,깨씨무늬병,0
2016.08.01,영암군,깨씨무늬병,0
2016.08.01,완도군,깨씨무늬병,0
2016.08.01,장성군,깨씨무늬병,0
2016.08.01,장흥군,깨씨무늬병,1
2016.08.01,진도군,깨씨무늬병,0
2016.08.01,함평군,깨씨무늬병,0
2016.08.01,해남군,깨씨무늬병,0
2016.08.01,화순군,깨씨무늬병,0
2016.08.16,강진군,깨씨무늬병,0
2016.08.16,고흥군,깨씨무늬병,1
2016.08.16,곡성군,깨씨무늬병,0
2016.08.16,광양시,깨씨무늬병,1
2016.08.16,구례군,깨씨무늬병,0
2016.08.16,나주시,깨씨무늬병,0
2016.08.16,담양군,깨씨무늬병,0
2016.08.16,무안군,깨씨무늬병,1
2016.08.16,보성군,깨씨무늬병,0
2016.08.16,순천시,깨씨무늬병,0
2016.08.16,신안군,깨씨무늬병,0
2016.08.16,여수시,깨씨무늬병,0
2016.08.16,영광군,깨씨무늬병,0
2016.08.16,영암군,깨씨무늬병,0
2016.08.16,완도군,깨씨무늬병,0
2016.08.16,장성군,깨씨무늬병,0
2016.08.16,장흥군,깨씨무늬병,0
2016.08.16,진도군,깨씨무늬병,1
2016.08.16,함평군,깨씨무늬병,0
2016.08.16,해남군,깨씨무늬병,0
2016.08.16,화순군,깨씨무늬병,0
2016.09.01,강진군,깨씨무늬병,0
2016.09.01,고흥군,깨씨무늬병,1
2016.09.01,곡성군,깨씨무늬병,0
2016.09.01,광양시,깨씨무늬병,1
2016.09.01,구례군,깨씨무늬병,0
2016.09.01,나주시,깨씨무늬병,0
2016.09.01,담양군,깨씨무늬병,0
2016.09.01,무안군,깨씨무늬병,1
2016.09.01,보성군,깨씨무늬병,0
2016.09.01,순천시,깨씨무늬병,0
2016.09.01,신안군,깨씨무늬병,1
2016.09.01,여수시,깨씨무늬병,0
2016.09.01,영광군,깨씨무늬병,0
2016.09.01,영암군,깨씨무늬병,1
2016.09.01,완도군,깨씨무늬병,1
2016.09.01,장성군,깨씨무늬병,0
2016.09.01,장흥군,깨씨무늬병,1
2016.09.01,진도군,깨씨무늬병,1
2016.09.01,함평군,깨씨무늬병,0
2016.09.01,해남군,깨씨무늬병,1
2016.09.01,화순군,깨씨무늬병,0
2016.09.16,강진군,깨씨무늬병,0
2016.09.16,고흥군,깨씨무늬병,1
2016.09.16,곡성군,깨씨무늬병,0
2016.09.16,광양시,깨씨무늬병,0
2016.09.16,구례군,깨씨무늬병,1
2016.09.16,나주시,깨씨무늬병,1
2016.09.16,담양군,깨씨무늬병,1
2016.09.16,무안군,깨씨무늬병,1
2016.09.16,보성군,깨씨무늬병,1
2016.09.16,순천시,깨씨무늬병,0
2016.09.16,신안군,깨씨무늬병,1
2016.09.16,여수시,깨씨무늬병,0
2016.09.16,영광군,깨씨무늬병,0
2016.09.16,영암군,깨씨무늬병,1
2016.09.16,완도군,깨씨무늬병,0
2016.09.16,장성군,깨씨무늬병,0
2016.09.16,장흥군,깨씨무늬병,1
2016.09.16,진도군,깨씨무늬병,0
2016.09.16,함평군,깨씨무늬병,0
2016.09.16,해남군,깨씨무늬병,1
2016.09.16,화순군,깨씨무늬병,0
2017.06.01,강진군,깨씨무늬병,0
2017.06.01,고흥군,깨씨무늬병,0
2017.06.01,곡성군,깨씨무늬병,0
2017.06.01,광양시,깨씨무늬병,0
2017.06.01,구례군,깨씨무늬병,0
2017.06.01,나주시,깨씨무늬병,0
2017.06.01,담양군,깨씨무늬병,0
2017.06.01,무안군,깨씨무늬병,0
2017.06.01,보성군,깨씨무늬병,0
2017.06.01,순천시,깨씨무늬병,0
2017.06.01,신안군,깨씨무늬병,0
2017.06.01,여수시,깨씨무늬병,0
2017.06.01,영광군,깨씨무늬병,0
2017.06.01,영암군,깨씨무늬병,0
2017.06.01,완도군,깨씨무늬병,0
2017.06.01,장성군,깨씨무늬병,0
2017.06.01,장흥군,깨씨무늬병,0
2017.06.01,진도군,깨씨무늬병,0
2017.06.01,함평군,깨씨무늬병,0
2017.06.01,해남군,깨씨무늬병,0
2017.06.01,화순군,깨씨무늬병,0
2017.06.16,강진군,깨씨무늬병,0
2017.06.16,고흥군,깨씨무늬병,0
2017.06.16,곡성군,깨씨무늬병,0
2017.06.16,광양시,깨씨무늬병,0
2017.06.16,구례군,깨씨무늬병,0
2017.06.16,나주시,깨씨무늬병,0
2017.06.16,담양군,깨씨무늬병,0
2017.06.16,무안군,깨씨무늬병,0
2017.06.16,보성군,깨씨무늬병,0
2017.06.16,순천시,깨씨무늬병,1
2017.06.16,신안군,깨씨무늬병,0
2017.06.16,여수시,깨씨무늬병,0
2017.06.16,영광군,깨씨무늬병,0
2017.06.16,영암군,깨씨무늬병,0
2017.06.16,완도군,깨씨무늬병,0
2017.06.16,장성군,깨씨무늬병,0
2017.06.16,장흥군,깨씨무늬병,0
2017.06.16,진도군,깨씨무늬병,0
2017.06.16,함평군,깨씨무늬병,0
2017.06.16,해남군,깨씨무늬병,0
2017.06.16,화순군,깨씨무늬병,0
2017.07.01,강진군,깨씨무늬병,0
2017.07.01,고흥군,깨씨무늬병,0
2017.07.01,곡성군,깨씨무늬병,0
2017.07.01,광양시,깨씨무늬병,0
2017.07.01,구례군,깨씨무늬병,0
2017.07.01,나주시,깨씨무늬병,0
2017.07.01,담양군,깨씨무늬병,0
2017.07.01,무안군,깨씨무늬병,0
2017.07.01,보성군,깨씨무늬병,0
2017.07.01,순천시,깨씨무늬병,0
2017.07.01,신안군,깨씨무늬병,0
2017.07.01,여수시,깨씨무늬병,0
2017.07.01,영광군,깨씨무늬병,0
2017.07.01,영암군,깨씨무늬병,0
2017.07.01,완도군,깨씨무늬병,0
2017.07.01,장성군,깨씨무늬병,0
2017.07.01,장흥군,깨씨무늬병,0
2017.07.01,진도군,깨씨무늬병,0
2017.07.01,함평군,깨씨무늬병,0
2017.07.01,해남군,깨씨무늬병,0
2017.07.01,화순군,깨씨무늬병,0
2017.07.16,강진군,깨씨무늬병,0
2017.07.16,고흥군,깨씨무늬병,0
2017.07.16,곡성군,깨씨무늬병,0
2017.07.16,광양시,깨씨무늬병,0
2017.07.16,구례군,깨씨무늬병,0
2017.07.16,나주시,깨씨무늬병,0
2017.07.16,담양군,깨씨무늬병,0
2017.07.16,무안군,깨씨무늬병,0
2017.07.16,보성군,깨씨무늬병,0
2017.07.16,순천시,깨씨무늬병,0
2017.07.16,신안군,깨씨무늬병,0
2017.07.16,여수시,깨씨무늬병,0
2017.07.16,영광군,깨씨무늬병,0
2017.07.16,영암군,깨씨무늬병,0
2017.07.16,완도군,깨씨무늬병,0
2017.07.16,장성군,깨씨무늬병,0
2017.07.16,장흥군,깨씨무늬병,0
2017.07.16,진도군,깨씨무늬병,0
2017.07.16,함평군,깨씨무늬병,0
2017.07.16,해남군,깨씨무늬병,0
2017.07.16,화순군,깨씨무늬병,0
2017.08.01,강진군,깨씨무늬병,0
2017.08.01,고흥군,깨씨무늬병,0
2017.08.01,곡성군,깨씨무늬병,0
2017.08.01,광양시,깨씨무늬병,0
2017.08.01,구례군,깨씨무늬병,0
2017.08.01,나주시,깨씨무늬병,0
2017.08.01,담양군,깨씨무늬병,0
2017.08.01,무안군,깨씨무늬병,0
2017.08.01,보성군,깨씨무늬병,0
2017.08.01,순천시,깨씨무늬병,0
2017.08.01,신안군,깨씨무늬병,1
2017.08.01,여수시,깨씨무늬병,0
2017.08.01,영광군,깨씨무늬병,0
2017.08.01,영암군,깨씨무늬병,0
2017.08.01,완도군,깨씨무늬병,0
2017.08.01,장성군,깨씨무늬병,0
2017.08.01,장흥군,깨씨무늬병,1
2017.08.01,진도군,깨씨무늬병,0
2017.08.01,함평군,깨씨무늬병,0
2017.08.01,해남군,깨씨무늬병,0
2017.08.01,화순군,깨씨무늬병,0
2017.08.16,강진군,깨씨무늬병,0
2017.08.16,고흥군,깨씨무늬병,1
2017.08.16,곡성군,깨씨무늬병,0
2017.08.16,광양시,깨씨무늬병,0
2017.08.16,구례군,깨씨무늬병,0
2017.08.16,나주시,깨씨무늬병,0
2017.08.16,담양군,깨씨무늬병,0
2017.08.16,무안군,깨씨무늬병,0
2017.08.16,보성군,깨씨무늬병,1
2017.08.16,순천시,깨씨무늬병,0
2017.08.16,신안군,깨씨무늬병,1
2017.08.16,여수시,깨씨무늬병,0
2017.08.16,영광군,깨씨무늬병,0
2017.08.16,영암군,깨씨무늬병,0
2017.08.16,완도군,깨씨무늬병,0
2017.08.16,장성군,깨씨무늬병,0
2017.08.16,장흥군,깨씨무늬병,1
2017.08.16,진도군,깨씨무늬병,0
2017.08.16,함평군,깨씨무늬병,0
2017.08.16,해남군,깨씨무늬병,0
2017.08.16,화순군,깨씨무늬병,0
2017.09.01,강진군,깨씨무늬병,0
2017.09.01,고흥군,깨씨무늬병,1
2017.09.01,곡성군,깨씨무늬병,0
2017.09.01,광양시,깨씨무늬병,1
2017.09.01,구례군,깨씨무늬병,0
2017.09.01,나주시,깨씨무늬병,1
2017.09.01,담양군,깨씨무늬병,0
2017.09.01,무안군,깨씨무늬병,0
2017.09.01,보성군,깨씨무늬병,1
2017.09.01,순천시,깨씨무늬병,0
2017.09.01,신안군,깨씨무늬병,0
2017.09.01,여수시,깨씨무늬병,1
2017.09.01,영광군,깨씨무늬병,0
2017.09.01,영암군,깨씨무늬병,0
2017.09.01,완도군,깨씨무늬병,1
2017.09.01,장성군,깨씨무늬병,0
2017.09.01,장흥군,깨씨무늬병,1
2017.09.01,진도군,깨씨무늬병,0
2017.09.01,함평군,깨씨무늬병,1
2017.09.01,해남군,깨씨무늬병,1
2017.09.01,화순군,깨씨무늬병,0
2017.09.16,강진군,깨씨무늬병,1
2017.09.16,고흥군,깨씨무늬병,1
2017.09.16,곡성군,깨씨무늬병,1
2017.09.16,광양시,깨씨무늬병,1
2017.09.16,구례군,깨씨무늬병,0
2017.09.16,나주시,깨씨무늬병,0
2017.09.16,담양군,깨씨무늬병,0
2017.09.16,무안군,깨씨무늬병,1
2017.09.16,보성군,깨씨무늬병,1
2017.09.16,순천시,깨씨무늬병,0
2017.09.16,신안군,깨씨무늬병,1
2017.09.16,여수시,깨씨무늬병,1
2017.09.16,영광군,깨씨무늬병,1
2017.09.16,영암군,깨씨무늬병,0
2017.09.16,완도군,깨씨무늬병,1
2017.09.16,장성군,깨씨무늬병,0
2017.09.16,장흥군,깨씨무늬병,1
2017.09.16,진도군,깨씨무늬병,0
2017.09.16,함평군,깨씨무늬병,1
2017.09.16,해남군,깨씨무늬병,1
2017.09.16,화순군,깨씨무늬병,0
2018.06.01,강진군,깨씨무늬병,0
2018.06.01,고흥군,깨씨무늬병,0
2018.06.01,곡성군,깨씨무늬병,0
2018.06.01,광양시,깨씨무늬병,0
2018.06.01,구례군,깨씨무늬병,0
2018.06.01,나주시,깨씨무늬병,0
2018.06.01,담양군,깨씨무늬병,0
2018.06.01,무안군,깨씨무늬병,0
2018.06.01,보성군,깨씨무늬병,0
2018.06.01,순천시,깨씨무늬병,0
2018.06.01,신안군,깨씨무늬병,0
2018.06.01,여수시,깨씨무늬병,0
2018.06.01,영광군,깨씨무늬병,0
2018.06.01,영암군,깨씨무늬병,0
2018.06.01,완도군,깨씨무늬병,0
2018.06.01,장성군,깨씨무늬병,0
2018.06.01,장흥군,깨씨무늬병,0
2018.06.01,진도군,깨씨무늬병,0
2018.06.01,함평군,깨씨무늬병,0
2018.06.01,해남군,깨씨무늬병,0
2018.06.01,화순군,깨씨무늬병,0
2018.06.16,강진군,깨씨무늬병,0
2018.06.16,고흥군,깨씨무늬병,0
2018.06.16,곡성군,깨씨무늬병,0
2018.06.16,광양시,깨씨무늬병,0
2018.06.16,구례군,깨씨무늬병,0
2018.06.16,나주시,깨씨무늬병,0
2018.06.16,담양군,깨씨무늬병,0
2018.06.16,무안군,깨씨무늬병,0
2018.06.16,보성군,깨씨무늬병,0
2018.06.16,순천시,깨씨무늬병,0
2018.06.16,신안군,깨씨무늬병,0
2018.06.16,여수시,깨씨무늬병,0
2018.06.16,영광군,깨씨무늬병,0
2018.06.16,영암군,깨씨무늬병,0
2018.06.16,완도군,깨씨무늬병,0
2018.06.16,장성군,깨씨무늬병,0
2018.06.16,장흥군,깨씨무늬병,0
2018.06.16,진도군,깨씨무늬병,0
2018.06.16,함평군,깨씨무늬병,0
2018.06.16,해남군,깨씨무늬병,0
2018.06.16,화순군,깨씨무늬병,0
2018.07.01,강진군,깨씨무늬병,0
2018.07.01,고흥군,깨씨무늬병,0
2018.07.01,광양시,깨씨무늬병,0
2018.07.01,나주시,깨씨무늬병,0
2018.07.01,순천시,깨씨무늬병,0
2018.07.01,신안군,깨씨무늬병,0
2018.07.01,여수시,깨씨무늬병,0
2018.07.01,영광군,깨씨무늬병,0
2018.07.01,영암군,깨씨무늬병,0
2018.07.01,완도군,깨씨무늬병,0
2018.07.01,진도군,깨씨무늬병,0
2018.07.01,해남군,깨씨무늬병,0
2018.07.01,화순군,깨씨무늬병,0
2018.07.16,강진군,깨씨무늬병,0
2018.07.16,고흥군,깨씨무늬병,0
2018.07.16,곡성군,깨씨무늬병,0
2018.07.16,광양시,깨씨무늬병,0
2018.07.16,구례군,깨씨무늬병,0
2018.07.16,나주시,깨씨무늬병,0
2018.07.16,담양군,깨씨무늬병,0
2018.07.16,무안군,깨씨무늬병,0
2018.07.16,보성군,깨씨무늬병,0
2018.07.16,순천시,깨씨무늬병,0
2018.07.16,신안군,깨씨무늬병,0
2018.07.16,여수시,깨씨무늬병,1
2018.07.16,영광군,깨씨무늬병,0
2018.07.16,영암군,깨씨무늬병,0
2018.07.16,완도군,깨씨무늬병,0
2018.07.16,장성군,깨씨무늬병,0
2018.07.16,장흥군,깨씨무늬병,1
2018.07.16,진도군,깨씨무늬병,0
2018.07.16,함평군,깨씨무늬병,0
2018.07.16,해남군,깨씨무늬병,1
2018.07.16,화순군,깨씨무늬병,0
2018.08.01,강진군,깨씨무늬병,0
2018.08.01,고흥군,깨씨무늬병,0
2018.08.01,곡성군,깨씨무늬병,0
2018.08.01,광양시,깨씨무늬병,0
2018.08.01,구례군,깨씨무늬병,0
2018.08.01,나주시,깨씨무늬병,0
2018.08.01,담양군,깨씨무늬병,1
2018.08.01,무안군,깨씨무늬병,0
2018.08.01,보성군,깨씨무늬병,0
2018.08.01,순천시,깨씨무늬병,0
2018.08.01,신안군,깨씨무늬병,0
2018.08.01,여수시,깨씨무늬병,1
2018.08.01,영광군,깨씨무늬병,0
2018.08.01,영암군,깨씨무늬병,0
2018.08.01,완도군,깨씨무늬병,1
2018.08.01,장성군,깨씨무늬병,0
2018.08.01,장흥군,깨씨무늬병,1
2018.08.01,진도군,깨씨무늬병,0
2018.08.01,함평군,깨씨무늬병,0
2018.08.01,해남군,깨씨무늬병,1
2018.08.01,화순군,깨씨무늬병,0
2018.08.16,강진군,깨씨무늬병,0
2018.08.16,고흥군,깨씨무늬병,0
2018.08.16,곡성군,깨씨무늬병,1
2018.08.16,광양시,깨씨무늬병,0
2018.08.16,구례군,깨씨무늬병,0
2018.08.16,나주시,깨씨무늬병,0
2018.08.16,담양군,깨씨무늬병,1
2018.08.16,무안군,깨씨무늬병,0
2018.08.16,보성군,깨씨무늬병,1
2018.08.16,순천시,깨씨무늬병,0
2018.08.16,신안군,깨씨무늬병,0
2018.08.16,여수시,깨씨무늬병,1
2018.08.16,영광군,깨씨무늬병,0
2018.08.16,영암군,깨씨무늬병,0
2018.08.16,완도군,깨씨무늬병,1
2018.08.16,장성군,깨씨무늬병,0
2018.08.16,장흥군,깨씨무늬병,1
2018.08.16,진도군,깨씨무늬병,0
2018.08.16,함평군,깨씨무늬병,1
2018.08.16,해남군,깨씨무늬병,1
2018.08.16,화순군,깨씨무늬병,0
2018.09.01,강진군,깨씨무늬병,0
2018.09.01,고흥군,깨씨무늬병,0
2018.09.01,곡성군,깨씨무늬병,1
2018.09.01,광양시,깨씨무늬병,1
2018.09.01,구례군,깨씨무늬병,1
2018.09.01,나주시,깨씨무늬병,1
2018.09.01,담양군,깨씨무늬병,1
2018.09.01,무안군,깨씨무늬병,1
2018.09.01,보성군,깨씨무늬병,1
2018.09.01,순천시,깨씨무늬병,0
2018.09.01,신안군,깨씨무늬병,0
2018.09.01,여수시,깨씨무늬병,1
2018.09.01,영광군,깨씨무늬병,0
2018.09.01,영암군,깨씨무늬병,0
2018.09.01,완도군,깨씨무늬병,1
2018.09.01,장성군,깨씨무늬병,0
2018.09.01,장흥군,깨씨무늬병,1
2018.09.01,진도군,깨씨무늬병,0
2018.09.01,함평군,깨씨무늬병,1
2018.09.01,해남군,깨씨무늬병,1
2018.09.01,화순군,깨씨무늬병,0
2018.09.16,강진군,깨씨무늬병,0
2018.09.16,고흥군,깨씨무늬병,0
2018.09.16,곡성군,깨씨무늬병,1
2018.09.16,광양시,깨씨무늬병,1
2018.09.16,구례군,깨씨무늬병,1
2018.09.16,나주시,깨씨무늬병,1
2018.09.16,담양군,깨씨무늬병,1
2018.09.16,무안군,깨씨무늬병,1
2018.09.16,보성군,깨씨무늬병,1
2018.09.16,순천시,깨씨무늬병,0
2018.09.16,신안군,깨씨무늬병,0
2018.09.16,여수시,깨씨무늬병,1
2018.09.16,영광군,깨씨무늬병,1
2018.09.16,영암군,깨씨무늬병,0
2018.09.16,완도군,깨씨무늬병,1
2018.09.16,장성군,깨씨무늬병,0
2018.09.16,장흥군,깨씨무늬병,1
2018.09.16,진도군,깨씨무늬병,0
2018.09.16,함평군,깨씨무늬병,1
2018.09.16,해남군,깨씨무늬병,1
2018.09.16,화순군,깨씨무늬병,0
2019.06.01,강진군,깨씨무늬병,0
2019.06.01,고흥군,깨씨무늬병,0
2019.06.01,곡성군,깨씨무늬병,0
2019.06.01,광양시,깨씨무늬병,0
2019.06.01,구례군,깨씨무늬병,0
2019.06.01,나주시,깨씨무늬병,0
2019.06.01,담양군,깨씨무늬병,0
2019.06.01,무안군,깨씨무늬병,0
2019.06.01,보성군,깨씨무늬병,0
2019.06.01,순천시,깨씨무늬병,0
2019.06.01,신안군,깨씨무늬병,0
2019.06.01,여수시,깨씨무늬병,0
2019.06.01,영광군,깨씨무늬병,0
2019.06.01,영암군,깨씨무늬병,0
2019.06.01,완도군,깨씨무늬병,0
2019.06.01,장성군,깨씨무늬병,0
2019.06.01,장흥군,깨씨무늬병,0
2019.06.01,진도군,깨씨무늬병,0
2019.06.01,함평군,깨씨무늬병,0
2019.06.01,해남군,깨씨무늬병,0
2019.06.01,화순군,깨씨무늬병,0
2019.06.16,강진군,깨씨무늬병,0
2019.06.16,고흥군,깨씨무늬병,0
2019.06.16,곡성군,깨씨무늬병,0
2019.06.16,광양시,깨씨무늬병,0
2019.06.16,구례군,깨씨무늬병,0
2019.06.16,나주시,깨씨무늬병,0
2019.06.16,담양군,깨씨무늬병,0
2019.06.16,무안군,깨씨무늬병,0
2019.06.16,보성군,깨씨무늬병,0
2019.06.16,순천시,깨씨무늬병,0
2019.06.16,신안군,깨씨무늬병,0
2019.06.16,여수시,깨씨무늬병,0
2019.06.16,영광군,깨씨무늬병,0
2019.06.16,영암군,깨씨무늬병,0
2019.06.16,완도군,깨씨무늬병,0
2019.06.16,장성군,깨씨무늬병,0
2019.06.16,장흥군,깨씨무늬병,0
2019.06.16,진도군,깨씨무늬병,0
2019.06.16,함평군,깨씨무늬병,0
2019.06.16,해남군,깨씨무늬병,0
2019.06.16,화순군,깨씨무늬병,0
2019.07.01,강진군,깨씨무늬병,0
2019.07.01,고흥군,깨씨무늬병,0
2019.07.01,곡성군,깨씨무늬병,1
2019.07.01,광양시,깨씨무늬병,0
2019.07.01,구례군,깨씨무늬병,0
2019.07.01,나주시,깨씨무늬병,0
2019.07.01,담양군,깨씨무늬병,0
2019.07.01,무안군,깨씨무늬병,0
2019.07.01,보성군,깨씨무늬병,0
2019.07.01,순천시,깨씨무늬병,0
2019.07.01,신안군,깨씨무늬병,0
2019.07.01,여수시,깨씨무늬병,0
2019.07.01,영광군,깨씨무늬병,0
2019.07.01,영암군,깨씨무늬병,0
2019.07.01,완도군,깨씨무늬병,0
2019.07.01,장성군,깨씨무늬병,0
2019.07.01,장흥군,깨씨무늬병,0
2019.07.01,진도군,깨씨무늬병,0
2019.07.01,함평군,깨씨무늬병,0
2019.07.01,해남군,깨씨무늬병,0
2019.07.01,화순군,깨씨무늬병,0
2019.07.16,강진군,깨씨무늬병,0
2019.07.16,고흥군,깨씨무늬병,0
2019.07.16,곡성군,깨씨무늬병,1
2019.07.16,광양시,깨씨무늬병,0
2019.07.16,구례군,깨씨무늬병,0
2019.07.16,나주시,깨씨무늬병,0
2019.07.16,담양군,깨씨무늬병,1
2019.07.16,무안군,깨씨무늬병,0
2019.07.16,보성군,깨씨무늬병,0
2019.07.16,순천시,깨씨무늬병,0
2019.07.16,신안군,깨씨무늬병,0
2019.07.16,여수시,깨씨무늬병,0
2019.07.16,영광군,깨씨무늬병,0
2019.07.16,영암군,깨씨무늬병,0
2019.07.16,완도군,깨씨무늬병,0
2019.07.16,장성군,깨씨무늬병,0
2019.07.16,장흥군,깨씨무늬병,0
2019.07.16,진도군,깨씨무늬병,0
2019.07.16,함평군,깨씨무늬병,0
2019.07.16,해남군,깨씨무늬병,0
2019.07.16,화순군,깨씨무늬병,0
2019.08.01,강진군,깨씨무늬병,0
2019.08.01,고흥군,깨씨무늬병,0
2019.08.01,곡성군,깨씨무늬병,1
2019.08.01,광양시,깨씨무늬병,0
2019.08.01,구례군,깨씨무늬병,0
2019.08.01,나주시,깨씨무늬병,0
2019.08.01,담양군,깨씨무늬병,1
2019.08.01,무안군,깨씨무늬병,0
2019.08.01,보성군,깨씨무늬병,0
2019.08.01,순천시,깨씨무늬병,1
2019.08.01,신안군,깨씨무늬병,1
2019.08.01,여수시,깨씨무늬병,1
2019.08.01,영광군,깨씨무늬병,0
2019.08.01,영암군,깨씨무늬병,0
2019.08.01,완도군,깨씨무늬병,0
2019.08.01,장성군,깨씨무늬병,1
2019.08.01,장흥군,깨씨무늬병,0
2019.08.01,진도군,깨씨무늬병,0
2019.08.01,함평군,깨씨무늬병,0
2019.08.01,해남군,깨씨무늬병,0
2019.08.01,화순군,깨씨무늬병,0
2019.08.16,강진군,깨씨무늬병,0
2019.08.16,고흥군,깨씨무늬병,0
2019.08.16,광양시,깨씨무늬병,0
2019.08.16,구례군,깨씨무늬병,0
2019.08.16,무안군,깨씨무늬병,0
2019.08.16,보성군,깨씨무늬병,0
2019.08.16,순천시,깨씨무늬병,1
2019.08.16,신안군,깨씨무늬병,1
2019.08.16,여수시,깨씨무늬병,1
2019.08.16,영광군,깨씨무늬병,0
2019.08.16,완도군,깨씨무늬병,0
2019.08.16,장흥군,깨씨무늬병,1
2019.08.16,진도군,깨씨무늬병,0
2019.08.16,함평군,깨씨무늬병,1
2019.08.16,해남군,깨씨무늬병,0
2019.08.16,화순군,깨씨무늬병,0
2019.09.01,강진군,깨씨무늬병,1
2019.09.01,고흥군,깨씨무늬병,0
2019.09.01,곡성군,깨씨무늬병,0
2019.09.01,광양시,깨씨무늬병,0
2019.09.01,구례군,깨씨무늬병,0
2019.09.01,나주시,깨씨무늬병,0
2019.09.01,담양군,깨씨무늬병,0
2019.09.01,무안군,깨씨무늬병,1
2019.09.01,보성군,깨씨무늬병,1
2019.09.01,순천시,깨씨무늬병,1
2019.09.01,신안군,깨씨무늬병,1
2019.09.01,여수시,깨씨무늬병,1
2019.09.01,영광군,깨씨무늬병,1
2019.09.01,영암군,깨씨무늬병,0
2019.09.01,완도군,깨씨무늬병,1
2019.09.01,장성군,깨씨무늬병,1
2019.09.01,장흥군,깨씨무늬병,1
2019.09.01,진도군,깨씨무늬병,1
2019.09.01,함평군,깨씨무늬병,1
2019.09.01,해남군,깨씨무늬병,0
2019.09.01,화순군,깨씨무늬병,1
2019.09.16,강진군,깨씨무늬병,1
2019.09.16,고흥군,깨씨무늬병,0
2019.09.16,곡성군,깨씨무늬병,1
2019.09.16,광양시,깨씨무늬병,0
2019.09.16,구례군,깨씨무늬병,0
2019.09.16,나주시,깨씨무늬병,0
2019.09.16,담양군,깨씨무늬병,0
2019.09.16,무안군,깨씨무늬병,1
2019.09.16,보성군,깨씨무늬병,1
2019.09.16,순천시,깨씨무늬병,1
2019.09.16,여수시,깨씨무늬병,1
2019.09.16,영광군,깨씨무늬병,1
2019.09.16,영암군,깨씨무늬병,0
2019.09.16,완도군,깨씨무늬병,1
2019.09.16,장성군,깨씨무늬병,1
2019.09.16,장흥군,깨씨무늬병,1
2019.09.16,진도군,깨씨무늬병,1
2019.09.16,함평군,깨씨무늬병,1
2019.09.16,해남군,깨씨무늬병,0
2019.09.16,화순군,깨씨무늬병,0
2020.06.01,강진군,깨씨무늬병,0
2020.06.01,고흥군,깨씨무늬병,0
2020.06.01,광양시,깨씨무늬병,0
2020.06.01,구례군,깨씨무늬병,0
2020.06.01,나주시,깨씨무늬병,0
2020.06.01,담양군,깨씨무늬병,0
2020.06.01,무안군,깨씨무늬병,0
2020.06.01,보성군,깨씨무늬병,0
2020.06.01,순천시,깨씨무늬병,0
2020.06.01,신안군,깨씨무늬병,0
2020.06.01,여수시,깨씨무늬병,0
2020.06.01,영광군,깨씨무늬병,0
2020.06.01,영암군,깨씨무늬병,0
2020.06.01,완도군,깨씨무늬병,0
2020.06.01,장성군,깨씨무늬병,0
2020.06.01,장흥군,깨씨무늬병,0
2020.06.01,진도군,깨씨무늬병,0
2020.06.01,함평군,깨씨무늬병,0
2020.06.01,해남군,깨씨무늬병,0
2020.06.01,화순군,깨씨무늬병,0
2020.06.16,강진군,깨씨무늬병,0
2020.06.16,고흥군,깨씨무늬병,0
2020.06.16,곡성군,깨씨무늬병,0
2020.06.16,광양시,깨씨무늬병,0
2020.06.16,구례군,깨씨무늬병,0
2020.06.16,나주시,깨씨무늬병,0
2020.06.16,담양군,깨씨무늬병,0
2020.06.16,무안군,깨씨무늬병,0
2020.06.16,보성군,깨씨무늬병,0
2020.06.16,순천시,깨씨무늬병,0
2020.06.16,신안군,깨씨무늬병,0
2020.06.16,여수시,깨씨무늬병,0
2020.06.16,영광군,깨씨무늬병,0
2020.06.16,영암군,깨씨무늬병,0
2020.06.16,완도군,깨씨무늬병,0
2020.06.16,장성군,깨씨무늬병,0
2020.06.16,장흥군,깨씨무늬병,0
2020.06.16,진도군,깨씨무늬병,0
2020.06.16,함평군,깨씨무늬병,0
2020.06.16,해남군,깨씨무늬병,0
2020.06.16,화순군,깨씨무늬병,0
2020.07.01,강진군,깨씨무늬병,0
2020.07.01,고흥군,깨씨무늬병,0
2020.07.01,곡성군,깨씨무늬병,0
2020.07.01,광양시,깨씨무늬병,0
2020.07.01,구례군,깨씨무늬병,0
2020.07.01,담양군,깨씨무늬병,0
2020.07.01,무안군,깨씨무늬병,0
2020.07.01,보성군,깨씨무늬병,0
2020.07.01,순천시,깨씨무늬병,0
2020.07.01,신안군,깨씨무늬병,0
2020.07.01,여수시,깨씨무늬병,0
2020.07.01,영광군,깨씨무늬병,0
2020.07.01,영암군,깨씨무늬병,0
2020.07.01,완도군,깨씨무늬병,0
2020.07.01,장성군,깨씨무늬병,0
2020.07.01,장흥군,깨씨무늬병,0
2020.07.01,진도군,깨씨무늬병,0
2020.07.01,함평군,깨씨무늬병,0
2020.07.01,해남군,깨씨무늬병,0
2020.07.01,화순군,깨씨무늬병,0
2020.07.16,강진군,깨씨무늬병,0
2020.07.16,고흥군,깨씨무늬병,0
2020.07.16,곡성군,깨씨무늬병,0
2020.07.16,광양시,깨씨무늬병,0
2020.07.16,구례군,깨씨무늬병,0
2020.07.16,나주시,깨씨무늬병,0
2020.07.16,담양군,깨씨무늬병,0
2020.07.16,무안군,깨씨무늬병,0
2020.07.16,보성군,깨씨무늬병,0
2020.07.16,순천시,깨씨무늬병,0
2020.07.16,신안군,깨씨무늬병,0
2020.07.16,여수시,깨씨무늬병,0
2020.07.16,영광군,깨씨무늬병,0
2020.07.16,영암군,깨씨무늬병,0
2020.07.16,완도군,깨씨무늬병,1
2020.07.16,장성군,깨씨무늬병,0
2020.07.16,장흥군,깨씨무늬병,0
2020.07.16,진도군,깨씨무늬병,0
2020.07.16,함평군,깨씨무늬병,1
2020.07.16,해남군,깨씨무늬병,0
2020.07.16,화순군,깨씨무늬병,0
2020.08.01,강진군,깨씨무늬병,0
2020.08.01,고흥군,깨씨무늬병,0
2020.08.01,곡성군,깨씨무늬병,0
2020.08.01,광양시,깨씨무늬병,0
2020.08.01,구례군,깨씨무늬병,0
2020.08.01,나주시,깨씨무늬병,0
2020.08.01,담양군,깨씨무늬병,0
2020.08.01,무안군,깨씨무늬병,0
2020.08.01,보성군,깨씨무늬병,0
2020.08.01,순천시,깨씨무늬병,0
2020.08.01,신안군,깨씨무늬병,0
2020.08.01,여수시,깨씨무늬병,0
2020.08.01,영광군,깨씨무늬병,0
2020.08.01,영암군,깨씨무늬병,0
2020.08.01,완도군,깨씨무늬병,1
2020.08.01,장성군,깨씨무늬병,0
2020.08.01,장흥군,깨씨무늬병,0
2020.08.01,진도군,깨씨무늬병,0
2020.08.01,함평군,깨씨무늬병,1
2020.08.01,해남군,깨씨무늬병,0
2020.08.01,화순군,깨씨무늬병,0
2020.08.16,강진군,깨씨무늬병,0
2020.08.16,고흥군,깨씨무늬병,0
2020.08.16,곡성군,깨씨무늬병,1
2020.08.16,광양시,깨씨무늬병,0
2020.08.16,구례군,깨씨무늬병,0
2020.08.16,나주시,깨씨무늬병,0
2020.08.16,담양군,깨씨무늬병,0
2020.08.16,무안군,깨씨무늬병,0
2020.08.16,보성군,깨씨무늬병,1
2020.08.16,순천시,깨씨무늬병,0
2020.08.16,신안군,깨씨무늬병,0
2020.08.16,여수시,깨씨무늬병,0
2020.08.16,영광군,깨씨무늬병,1
2020.08.16,영암군,깨씨무늬병,0
2020.08.16,완도군,깨씨무늬병,0
2020.08.16,장성군,깨씨무늬병,0
2020.08.16,장흥군,깨씨무늬병,1
2020.08.16,진도군,깨씨무늬병,0
2020.08.16,함평군,깨씨무늬병,1
2020.08.16,해남군,깨씨무늬병,0
2020.08.16,화순군,깨씨무늬병,0
2020.09.01,강진군,깨씨무늬병,0
2020.09.01,고흥군,깨씨무늬병,0
2020.09.01,곡성군,깨씨무늬병,1
2020.09.01,광양시,깨씨무늬병,0
2020.09.01,구례군,깨씨무늬병,0
2020.09.01,나주시,깨씨무늬병,0
2020.09.01,담양군,깨씨무늬병,0
2020.09.01,무안군,깨씨무늬병,0
2020.09.01,보성군,깨씨무늬병,1
2020.09.01,순천시,깨씨무늬병,0
2020.09.01,신안군,깨씨무늬병,0
2020.09.01,여수시,깨씨무늬병,1
2020.09.01,영광군,깨씨무늬병,1
2020.09.01,영암군,깨씨무늬병,0
2020.09.01,완도군,깨씨무늬병,1
2020.09.01,장성군,깨씨무늬병,0
2020.09.01,장흥군,깨씨무늬병,1
2020.09.01,진도군,깨씨무늬병,1
2020.09.01,함평군,깨씨무늬병,1
2020.09.01,해남군,깨씨무늬병,0
2020.09.01,화순군,깨씨무늬병,0
2020.09.16,강진군,깨씨무늬병,1
2020.09.16,고흥군,깨씨무늬병,0
2020.09.16,곡성군,깨씨무늬병,0
2020.09.16,광양시,깨씨무늬병,1
2020.09.16,구례군,깨씨무늬병,1
2020.09.16,나주시,깨씨무늬병,0
2020.09.16,담양군,깨씨무늬병,0
2020.09.16,무안군,깨씨무늬병,1
2020.09.16,보성군,깨씨무늬병,1
2020.09.16,순천시,깨씨무늬병,0
2020.09.16,신안군,깨씨무늬병,1
2020.09.16,여수시,깨씨무늬병,1
2020.09.16,영광군,깨씨무늬병,1
2020.09.16,영암군,깨씨무늬병,1
2020.09.16,완도군,깨씨무늬병,1
2020.09.16,장성군,깨씨무늬병,0
2020.09.16,장흥군,깨씨무늬병,1
2020.09.16,진도군,깨씨무늬병,1
2020.09.16,함평군,깨씨무늬병,1
2020.09.16,해남군,깨씨무늬병,0
2020.09.16,화순군,깨씨무늬병,0
2021.06.01,강진군,깨씨무늬병,0
2021.06.01,고흥군,깨씨무늬병,0
2021.06.01,곡성군,깨씨무늬병,0
2021.06.01,광양시,깨씨무늬병,0
2021.06.01,구례군,깨씨무늬병,0
2021.06.01,나주시,깨씨무늬병,0
2021.06.01,담양군,깨씨무늬병,0
2021.06.01,무안군,깨씨무늬병,0
2021.06.01,보성군,깨씨무늬병,0
2021.06.01,순천시,깨씨무늬병,0
2021.06.01,신안군,깨씨무늬병,0
2021.06.01,여수시,깨씨무늬병,0
2021.06.01,영암군,깨씨무늬병,0
2021.06.01,완도군,깨씨무늬병,0
2021.06.01,장성군,깨씨무늬병,0
2021.06.01,장흥군,깨씨무늬병,0
2021.06.01,진도군,깨씨무늬병,0
2021.06.01,함평군,깨씨무늬병,0
2021.06.01,해남군,깨씨무늬병,0
2021.06.01,화순군,깨씨무늬병,0
2021.06.16,강진군,깨씨무늬병,0
2021.06.16,고흥군,깨씨무늬병,0
2021.06.16,곡성군,깨씨무늬병,0
2021.06.16,광양시,깨씨무늬병,0
2021.06.16,구례군,깨씨무늬병,0
2021.06.16,나주시,깨씨무늬병,0
2021.06.16,담양군,깨씨무늬병,0
2021.06.16,무안군,깨씨무늬병,0
2021.06.16,보성군,깨씨무늬병,0
2021.06.16,순천시,깨씨무늬병,0
2021.06.16,신안군,깨씨무늬병,0
2021.06.16,여수시,깨씨무늬병,0
2021.06.16,영광군,깨씨무늬병,0
2021.06.16,영암군,깨씨무늬병,0
2021.06.16,완도군,깨씨무늬병,0
2021.06.16,장성군,깨씨무늬병,0
2021.06.16,장흥군,깨씨무늬병,0
2021.06.16,진도군,깨씨무늬병,0
2021.06.16,함평군,깨씨무늬병,0
2021.06.16,해남군,깨씨무늬병,0
2021.06.16,화순군,깨씨무늬병,0
2021.07.01,강진군,깨씨무늬병,0
2021.07.01,고흥군,깨씨무늬병,0
2021.07.01,곡성군,깨씨무늬병,0
2021.07.01,광양시,깨씨무늬병,0
2021.07.01,구례군,깨씨무늬병,0
2021.07.01,나주시,깨씨무늬병,0
2021.07.01,담양군,깨씨무늬병,0
2021.07.01,무안군,깨씨무늬병,0
2021.07.01,보성군,깨씨무늬병,0
2021.07.01,순천시,깨씨무늬병,0
2021.07.01,신안군,깨씨무늬병,0
2021.07.01,여수시,깨씨무늬병,0
2021.07.01,영광군,깨씨무늬병,0
2021.07.01,영암군,깨씨무늬병,0
2021.07.01,완도군,깨씨무늬병,0
2021.07.01,장성군,깨씨무늬병,0
2021.07.01,장흥군,깨씨무늬병,0
2021.07.01,진도군,깨씨무늬병,0
2021.07.01,함평군,깨씨무늬병,0
2021.07.01,해남군,깨씨무늬병,0
2021.07.01,화순군,깨씨무늬병,0
2021.07.16,강진군,깨씨무늬병,0
2021.07.16,고흥군,깨씨무늬병,0
2021.07.16,곡성군,깨씨무늬병,0
2021.07.16,광양시,깨씨무늬병,0
2021.07.16,구례군,깨씨무늬병,0
2021.07.16,나주시,깨씨무늬병,0
2021.07.16,담양군,깨씨무늬병,0
2021.07.16,무안군,깨씨무늬병,0
2021.07.16,보성군,깨씨무늬병,0
2021.07.16,순천시,깨씨무늬병,0
2021.07.16,신안군,깨씨무늬병,0
2021.07.16,여수시,깨씨무늬병,0
2021.07.16,영광군,깨씨무늬병,0
2021.07.16,영암군,깨씨무늬병,0
2021.07.16,완도군,깨씨무늬병,0
2021.07.16,장성군,깨씨무늬병,0
2021.07.16,장흥군,깨씨무늬병,0
2021.07.16,진도군,깨씨무늬병,0
2021.07.16,함평군,깨씨무늬병,0
2021.07.16,해남군,깨씨무늬병,0
2021.07.16,화순군,깨씨무늬병,0
2021.08.01,강진군,깨씨무늬병,0
2021.08.01,고흥군,깨씨무늬병,0
2021.08.01,곡성군,깨씨무늬병,1
2021.08.01,광양시,깨씨무늬병,0
2021.08.01,구례군,깨씨무늬병,0
2021.08.01,보성군,깨씨무늬병,0
2021.08.01,여수시,깨씨무늬병,0
2021.08.01,영암군,깨씨무늬병,0
2021.08.01,완도군,깨씨무늬병,0
2021.08.01,장성군,깨씨무늬병,0
2021.08.01,진도군,깨씨무늬병,0
2021.08.01,함평군,깨씨무늬병,0
2021.08.01,해남군,깨씨무늬병,0
2021.08.01,화순군,깨씨무늬병,0
2021.08.16,강진군,깨씨무늬병,0
2021.08.16,고흥군,깨씨무늬병,1
2021.08.16,곡성군,깨씨무늬병,1
2021.08.16,광양시,깨씨무늬병,0
2021.08.16,구례군,깨씨무늬병,1
2021.08.16,나주시,깨씨무늬병,0
2021.08.16,담양군,깨씨무늬병,1
2021.08.16,무안군,깨씨무늬병,0
2021.08.16,보성군,깨씨무늬병,0
2021.08.16,순천시,깨씨무늬병,1
2021.08.16,신안군,깨씨무늬병,0
2021.08.16,여수시,깨씨무늬병,1
2021.08.16,영광군,깨씨무늬병,1
2021.08.16,영암군,깨씨무늬병,0
2021.08.16,완도군,깨씨무늬병,0
2021.08.16,장성군,깨씨무늬병,1
2021.08.16,장흥군,깨씨무늬병,0
2021.08.16,진도군,깨씨무늬병,0
2021.08.16,함평군,깨씨무늬병,0
2021.08.16,해남군,깨씨무늬병,0
2021.08.16,화순군,깨씨무늬병,0
2021.09.01,강진군,깨씨무늬병,1
2021.09.01,고흥군,깨씨무늬병,0
2021.09.01,곡성군,깨씨무늬병,1
2021.09.01,광양시,깨씨무늬병,1
2021.09.01,구례군,깨씨무늬병,1
2021.09.01,담양군,깨씨무늬병,1
2021.09.01,무안군,깨씨무늬병,0
2021.09.01,보성군,깨씨무늬병,1
2021.09.01,순천시,깨씨무늬병,1
2021.09.01,신안군,깨씨무늬병,0
2021.09.01,여수시,깨씨무늬병,1
2021.09.01,영암군,깨씨무늬병,0
2021.09.01,완도군,깨씨무늬병,0
2021.09.01,장성군,깨씨무늬병,1
2021.09.01,장흥군,깨씨무늬병,1
2021.09.01,진도군,깨씨무늬병,1
2021.09.01,함평군,깨씨무늬병,1
2021.09.01,해남군,깨씨무늬병,0
2021.09.01,화순군,깨씨무늬병,0
2021.09.16,강진군,깨씨무늬병,1
2021.09.16,고흥군,깨씨무늬병,1
2021.09.16,곡성군,깨씨무늬병,1
2021.09.16,광양시,깨씨무늬병,1
2021.09.16,구례군,깨씨무늬병,0
2021.09.16,나주시,깨씨무늬병,0
2021.09.16,담양군,깨씨무늬병,1
2021.09.16,무안군,깨씨무늬병,1
2021.09.16,보성군,깨씨무늬병,1
2021.09.16,순천시,깨씨무늬병,0
2021.09.16,신안군,깨씨무늬병,0
2021.09.16,여수시,깨씨무늬병,1
2021.09.16,영광군,깨씨무늬병,1
2021.09.16,영암군,깨씨무늬병,0
2021.09.16,완도군,깨씨무늬병,1
2021.09.16,장성군,깨씨무늬병,1
2021.09.16,장흥군,깨씨무늬병,1
2021.09.16,진도군,깨씨무늬병,1
2021.09.16,함평군,깨씨무늬병,1
2021.09.16,해남군,깨씨무늬병,0
2021.09.16,화순군,깨씨무늬병,0
2022.06.01,강진군,깨씨무늬병,0
2022.06.01,고흥군,깨씨무늬병,0
2022.06.01,곡성군,깨씨무늬병,0
2022.06.01,광양시,깨씨무늬병,0
2022.06.01,구례군,깨씨무늬병,0
2022.06.01,나주시,깨씨무늬병,0
2022.06.01,담양군,깨씨무늬병,0
2022.06.01,무안군,깨씨무늬병,0
2022.06.01,보성군,깨씨무늬병,0
2022.06.01,순천시,깨씨무늬병,0
2022.06.01,신안군,깨씨무늬병,0
2022.06.01,여수시,깨씨무늬병,0
2022.06.01,영광군,깨씨무늬병,0
2022.06.01,영암군,깨씨무늬병,0
2022.06.01,완도군,깨씨무늬병,0
2022.06.01,장성군,깨씨무늬병,0
2022.06.01,장흥군,깨씨무늬병,0
2022.06.01,진도군,깨씨무늬병,0
2022.06.01,함평군,깨씨무늬병,0
2022.06.01,해남군,깨씨무늬병,0
2022.06.01,화순군,깨씨무늬병,0
2022.06.16,강진군,깨씨무늬병,0
2022.06.16,고흥군,깨씨무늬병,0
2022.06.16,곡성군,깨씨무늬병,0
2022.06.16,광양시,깨씨무늬병,0
2022.06.16,구례군,깨씨무늬병,0
2022.06.16,나주시,깨씨무늬병,0
2022.06.16,담양군,깨씨무늬병,0
2022.06.16,무안군,깨씨무늬병,0
2022.06.16,보성군,깨씨무늬병,0
2022.06.16,순천시,깨씨무늬병,0
2022.06.16,신안군,깨씨무늬병,0
2022.06.16,여수시,깨씨무늬병,0
2022.06.16,영광군,깨씨무늬병,0
2022.06.16,영암군,깨씨무늬병,0
2022.06.16,완도군,깨씨무늬병,0
2022.06.16,장성군,깨씨무늬병,0
2022.06.16,장흥군,깨씨무늬병,0
2022.06.16,진도군,깨씨무늬병,0
2022.06.16,함평군,깨씨무늬병,0
2022.06.16,해남군,깨씨무늬병,0
2022.06.16,화순군,깨씨무늬병,0
2022.07.01,강진군,깨씨무늬병,0
2022.07.01,고흥군,깨씨무늬병,0
2022.07.01,곡성군,깨씨무늬병,0
2022.07.01,광양시,깨씨무늬병,0
2022.07.01,구례군,깨씨무늬병,0
2022.07.01,나주시,깨씨무늬병,0
2022.07.01,담양군,깨씨무늬병,0
2022.07.01,무안군,깨씨무늬병,0
2022.07.01,보성군,깨씨무늬병,0
2022.07.01,순천시,깨씨무늬병,0
2022.07.01,신안군,깨씨무늬병,0
2022.07.01,여수시,깨씨무늬병,0
2022.07.01,영광군,깨씨무늬병,0
2022.07.01,영암군,깨씨무늬병,0
2022.07.01,완도군,깨씨무늬병,0
2022.07.01,장성군,깨씨무늬병,0
2022.07.01,장흥군,깨씨무늬병,0
2022.07.01,진도군,깨씨무늬병,0
2022.07.01,함평군,깨씨무늬병,0
2022.07.01,해남군,깨씨무늬병,0
2022.07.01,화순군,깨씨무늬병,0
2022.07.16,강진군,깨씨무늬병,0
2022.07.16,고흥군,깨씨무늬병,0
2022.07.16,곡성군,깨씨무늬병,0
2022.07.16,광양시,깨씨무늬병,0
2022.07.16,구례군,깨씨무늬병,0
2022.07.16,나주시,깨씨무늬병,0
2022.07.16,담양군,깨씨무늬병,0
2022.07.16,무안군,깨씨무늬병,0
2022.07.16,보성군,깨씨무늬병,0
2022.07.16,순천시,깨씨무늬병,0
2022.07.16,신안군,깨씨무늬병,0
2022.07.16,여수시,깨씨무늬병,0
2022.07.16,영광군,깨씨무늬병,0
2022.07.16,영암군,깨씨무늬병,0
2022.07.16,완도군,깨씨무늬병,0
2022.07.16,장성군,깨씨무늬병,0
2022.07.16,장흥군,깨씨무늬병,0
2022.07.16,진도군,깨씨무늬병,0
2022.07.16,함평군,깨씨무늬병,0
2022.07.16,해남군,깨씨무늬병,0
2022.07.16,화순군,깨씨무늬병,0
2022.08.01,강진군,깨씨무늬병,0
2022.08.01,고흥군,깨씨무늬병,1
2022.08.01,곡성군,깨씨무늬병,0
2022.08.01,광양시,깨씨무늬병,0
2022.08.01,구례군,깨씨무늬병,0
2022.08.01,나주시,깨씨무늬병,0
2022.08.01,담양군,깨씨무늬병,0
2022.08.01,무안군,깨씨무늬병,0
2022.08.01,보성군,깨씨무늬병,0
2022.08.01,순천시,깨씨무늬병,1
2022.08.01,신안군,깨씨무늬병,0
2022.08.01,여수시,깨씨무늬병,0
2022.08.01,영광군,깨씨무늬병,1
2022.08.01,영암군,깨씨무늬병,0
2022.08.01,완도군,깨씨무늬병,0
2022.08.01,장성군,깨씨무늬병,0
2022.08.01,장흥군,깨씨무늬병,0
2022.08.01,진도군,깨씨무늬병,0
2022.08.01,함평군,깨씨무늬병,0
2022.08.01,화순군,깨씨무늬병,0
2022.08.16,강진군,깨씨무늬병,1
2022.08.16,고흥군,깨씨무늬병,1
2022.08.16,광양시,깨씨무늬병,0
2022.08.16,구례군,깨씨무늬병,0
2022.08.16,담양군,깨씨무늬병,0
2022.08.16,무안군,깨씨무늬병,0
2022.08.16,보성군,깨씨무늬병,0
2022.08.16,순천시,깨씨무늬병,0
2022.08.16,여수시,깨씨무늬병,0
2022.08.16,영암군,깨씨무늬병,1
2022.08.16,완도군,깨씨무늬병,0
2022.08.16,장성군,깨씨무늬병,0
2022.08.16,장흥군,깨씨무늬병,0
2022.08.16,진도군,깨씨무늬병,1
2022.08.16,함평군,깨씨무늬병,0
2022.08.16,해남군,깨씨무늬병,0
2022.08.16,화순군,깨씨무늬병,0
2022.09.01,강진군,깨씨무늬병,1
2022.09.01,고흥군,깨씨무늬병,1
2022.09.01,곡성군,깨씨무늬병,0
2022.09.01,광양시,깨씨무늬병,0
2022.09.01,구례군,깨씨무늬병,0
2022.09.01,담양군,깨씨무늬병,1
2022.09.01,보성군,깨씨무늬병,1
2022.09.01,순천시,깨씨무늬병,1
2022.09.01,신안군,깨씨무늬병,1
2022.09.01,여수시,깨씨무늬병,0
2022.09.01,영암군,깨씨무늬병,0
2022.09.01,완도군,깨씨무늬병,0
2022.09.01,장성군,깨씨무늬병,1
2022.09.01,장흥군,깨씨무늬병,0
2022.09.01,진도군,깨씨무늬병,1
2022.09.01,해남군,깨씨무늬병,0
2022.09.01,화순군,깨씨무늬병,0
2022.09.16,강진군,깨씨무늬병,1
2022.09.16,고흥군,깨씨무늬병,1
2022.09.16,곡성군,깨씨무늬병,0
2022.09.16,광양시,깨씨무늬병,1
2022.09.16,구례군,깨씨무늬병,0
2022.09.16,나주시,깨씨무늬병,0
2022.09.16,담양군,깨씨무늬병,1
2022.09.16,무안군,깨씨무늬병,1
2022.09.16,보성군,깨씨무늬병,1
2022.09.16,순천시,깨씨무늬병,0
2022.09.16,신안군,깨씨무늬병,1
2022.09.16,여수시,깨씨무늬병,1
2022.09.16,영광군,깨씨무늬병,1
2022.09.16,완도군,깨씨무늬병,0
2022.09.16,장성군,깨씨무늬병,1
2022.09.16,장흥군,깨씨무늬병,0
2022.09.16,진도군,깨씨무늬병,1
2022.09.16,함평군,깨씨무늬병,0
2022.09.16,해남군,깨씨무늬병,0
2022.09.16,화순군,깨씨무늬병,0
2023.06.01,강진군,깨씨무늬병,0
2023.06.01,곡성군,깨씨무늬병,0
2023.06.01,광양시,깨씨무늬병,0
2023.06.01,구례군,깨씨무늬병,0
2023.06.01,나주시,깨씨무늬병,0
2023.06.01,담양군,깨씨무늬병,0
2023.06.01,무안군,깨씨무늬병,0
2023.06.01,보성군,깨씨무늬병,0
2023.06.01,순천시,깨씨무늬병,0
2023.06.01,신안군,깨씨무늬병,0
2023.06.01,여수시,깨씨무늬병,0
2023.06.01,영광군,깨씨무늬병,0
2023.06.01,영암군,깨씨무늬병,0
2023.06.01,완도군,깨씨무늬병,0
2023.06.01,장성군,깨씨무늬병,0
2023.06.01,장흥군,깨씨무늬병,0
2023.06.01,진도군,깨씨무늬병,0
2023.06.01,함평군,깨씨무늬병,0
2023.06.01,해남군,깨씨무늬병,0
2023.06.01,화순군,깨씨무늬병,0
2023.06.16,강진군,깨씨무늬병,0
2023.06.16,곡성군,깨씨무늬병,0
2023.06.16,광양시,깨씨무늬병,0
2023.06.16,구례군,깨씨무늬병,0
2023.06.16,나주시,깨씨무늬병,0
2023.06.16,담양군,깨씨무늬병,0
2023.06.16,무안군,깨씨무늬병,0
2023.06.16,보성군,깨씨무늬병,0
2023.06.16,순천시,깨씨무늬병,0
2023.06.16,신안군,깨씨무늬병,0
2023.06.16,여수시,깨씨무늬병,0
2023.06.16,영광군,깨씨무늬병,0
2023.06.16,영암군,깨씨무늬병,0
2023.06.16,완도군,깨씨무늬병,0
2023.06.16,장성군,깨씨무늬병,0
2023.06.16,장흥군,깨씨무늬병,0
2023.06.16,진도군,깨씨무늬병,0
2023.06.16,함평군,깨씨무늬병,0
2023.06.16,해남군,깨씨무늬병,0
2023.06.16,화순군,깨씨무늬병,0
2023.07.01,강진군,깨씨무늬병,0
2023.07.01,고흥군,깨씨무늬병,0
2023.07.01,곡성군,깨씨무늬병,0
2023.07.01,광양시,깨씨무늬병,0
2023.07.01,구례군,깨씨무늬병,0
2023.07.01,나주시,깨씨무늬병,0
2023.07.01,담양군,깨씨무늬병,0
2023.07.01,무안군,깨씨무늬병,0
2023.07.01,보성군,깨씨무늬병,0
2023.07.01,순천시,깨씨무늬병,0
2023.07.01,신안군,깨씨무늬병,0
2023.07.01,여수시,깨씨무늬병,0
2023.07.01,영광군,깨씨무늬병,0
2023.07.01,영암군,깨씨무늬병,0
2023.07.01,완도군,깨씨무늬병,0
2023.07.01,장성군,깨씨무늬병,0
2023.07.01,장흥군,깨씨무늬병,0
2023.07.01,진도군,깨씨무늬병,0
2023.07.01,함평군,깨씨무늬병,0
2023.07.01,해남군,깨씨무늬병,0
2023.07.01,화순군,깨씨무늬병,0
2023.07.16,강진군,깨씨무늬병,0
2023.07.16,고흥군,깨씨무늬병,0
2023.07.16,곡성군,깨씨무늬병,0
2023.07.16,광양시,깨씨무늬병,0
2023.07.16,구례군,깨씨무늬병,0
2023.07.16,나주시,깨씨무늬병,0
2023.07.16,담양군,깨씨무늬병,0
2023.07.16,무안군,깨씨무늬병,0
2023.07.16,보성군,깨씨무늬병,0
2023.07.16,순천시,깨씨무늬병,0
2023.07.16,신안군,깨씨무늬병,0
2023.07.16,여수시,깨씨무늬병,0
2023.07.16,영광군,깨씨무늬병,0
2023.07.16,영암군,깨씨무늬병,0
2023.07.16,완도군,깨씨무늬병,0
2023.07.16,장성군,깨씨무늬병,0
2023.07.16,장흥군,깨씨무늬병,0
2023.07.16,진도군,깨씨무늬병,1
2023.07.16,함평군,깨씨무늬병,0
2023.07.16,해남군,깨씨무늬병,0
2023.07.16,화순군,깨씨무늬병,0
2023.08.01,강진군,깨씨무늬병,0
2023.08.01,고흥군,깨씨무늬병,0
2023.08.01,곡성군,깨씨무늬병,0
2023.08.01,광양시,깨씨무늬병,0
2023.08.01,구례군,깨씨무늬병,0
2023.08.01,나주시,깨씨무늬병,0
2023.08.01,담양군,깨씨무늬병,0
2023.08.01,무안군,깨씨무늬병,0
2023.08.01,보성군,깨씨무늬병,0
2023.08.01,순천시,깨씨무늬병,0
2023.08.01,신안군,깨씨무늬병,0
2023.08.01,여수시,깨씨무늬병,0
2023.08.01,영광군,깨씨무늬병,0
2023.08.01,영암군,깨씨무늬병,0
2023.08.01,완도군,깨씨무늬병,0
2023.08.01,장성군,깨씨무늬병,0
2023.08.01,장흥군,깨씨무늬병,0
2023.08.01,진도군,깨씨무늬병,1
2023.08.01,함평군,깨씨무늬병,0
2023.08.01,해남군,깨씨무늬병,0
2023.08.01,화순군,깨씨무늬병,0
2023.08.16,강진군,깨씨무늬병,1
2023.08.16,고흥군,깨씨무늬병,0
2023.08.16,곡성군,깨씨무늬병,1
2023.08.16,광양시,깨씨무늬병,0
2023.08.16,구례군,깨씨무늬병,0
2023.08.16,나주시,깨씨무늬병,0
2023.08.16,담양군,깨씨무늬병,0
2023.08.16,무안군,깨씨무늬병,0
2023.08.16,보성군,깨씨무늬병,1
2023.08.16,순천시,깨씨무늬병,0
2023.08.16,신안군,깨씨무늬병,0
2023.08.16,여수시,깨씨무늬병,1
2023.08.16,영광군,깨씨무늬병,0
2023.08.16,영암군,깨씨무늬병,0
2023.08.16,완도군,깨씨무늬병,1
2023.08.16,장성군,깨씨무늬병,0
2023.08.16,장흥군,깨씨무늬병,1
2023.08.16,진도군,깨씨무늬병,1
2023.08.16,함평군,깨씨무늬병,1
2023.08.16,해남군,깨씨무늬병,0
2023.08.16,화순군,깨씨무늬병,1
2023.09.01,강진군,깨씨무늬병,0
2023.09.01,고흥군,깨씨무늬병,1
2023.09.01,곡성군,깨씨무늬병,1
2023.09.01,광양시,깨씨무늬병,0
2023.09.01,구례군,깨씨무늬병,1
2023.09.01,나주시,깨씨무늬병,0
2023.09.01,담양군,깨씨무늬병,1
2023.09.01,무안군,깨씨무늬병,0
2023.09.01,보성군,깨씨무늬병,1
2023.09.01,순천시,깨씨무늬병,0
2023.09.01,신안군,깨씨무늬병,0
2023.09.01,여수시,깨씨무늬병,1
2023.09.01,영광군,깨씨무늬병,0
2023.09.01,영암군,깨씨무늬병,0
2023.09.01,완도군,깨씨무늬병,1
2023.09.01,장성군,깨씨무늬병,1
2023.09.01,장흥군,깨씨무늬병,1
2023.09.01,진도군,깨씨무늬병,1
2023.09.01,함평군,깨씨무늬병,1
2023.09.01,해남군,깨씨무늬병,0
2023.09.01,화순군,깨씨무늬병,1
2023.09.16,강진군,깨씨무늬병,1
2023.09.16,고흥군,깨씨무늬병,1
2023.09.16,곡성군,깨씨무늬병,1
2023.09.16,광양시,깨씨무늬병,1
2023.09.16,구례군,깨씨무늬병,1
2023.09.16,나주시,깨씨무늬병,0
2023.09.16,담양군,깨씨무늬병,1
2023.09.16,무안군,깨씨무늬병,0
2023.09.16,보성군,깨씨무늬병,1
2023.09.16,순천시,깨씨무늬병,0
2023.09.16,신안군,깨씨무늬병,1
2023.09.16,여수시,깨씨무늬병,1
2023.09.16,영광군,깨씨무늬병,1
2023.09.16,영암군,깨씨무늬병,0
2023.09.16,완도군,깨씨무늬병,1
2023.09.16,장성군,깨씨무늬병,1
2023.09.16,장흥군,깨씨무늬병,1
2023.09.16,진도군,깨씨무늬병,1
2023.09.16,함평군,깨씨무늬병,1
2023.09.16,해남군,깨씨무늬병,1
2023.09.16,화순군,깨씨무늬병,1
2024.06.01,강진군,깨씨무늬병,0
2024.06.01,고흥군,깨씨무늬병,0
2024.06.01,광양시,깨씨무늬병,0
2024.06.01,구례군,깨씨무늬병,0
2024.06.01,나주시,깨씨무늬병,0
2024.06.01,무안군,깨씨무늬병,0
2024.06.01,보성군,깨씨무늬병,0
2024.06.01,순천시,깨씨무늬병,0
2024.06.01,신안군,깨씨무늬병,0
2024.06.01,여수시,깨씨무늬병,0
2024.06.01,영암군,깨씨무늬병,0
2024.06.01,완도군,깨씨무늬병,0
2024.06.01,장성군,깨씨무늬병,0
2024.06.01,장흥군,깨씨무늬병,0
2024.06.01,진도군,깨씨무늬병,0
2024.06.01,해남군,깨씨무늬병,0
2024.06.01,화순군,깨씨무늬병,0
2024.06.16,강진군,깨씨무늬병,0
2024.06.16,고흥군,깨씨무늬병,0
2024.06.16,광양시,깨씨무늬병,0
2024.06.16,구례군,깨씨무늬병,0
2024.06.16,나주시,깨씨무늬병,0
2024.06.16,담양군,깨씨무늬병,0
2024.06.16,무안군,깨씨무늬병,0
2024.06.16,보성군,깨씨무늬병,0
2024.06.16,순천시,깨씨무늬병,0
2024.06.16,신안군,깨씨무늬병,0
2024.06.16,여수시,깨씨무늬병,0
2024.06.16,영광군,깨씨무늬병,0
2024.06.16,영암군,깨씨무늬병,0
2024.06.16,완도군,깨씨무늬병,0
2024.06.16,장성군,깨씨무늬병,0
2024.06.16,장흥군,깨씨무늬병,0
2024.06.16,진도군,깨씨무늬병,0
2024.06.16,해남군,깨씨무늬병,0
2024.06.16,화순군,깨씨무늬병,0
2024.07.01,강진군,깨씨무늬병,0
2024.07.01,고흥군,깨씨무늬병,0
2024.07.01,곡성군,깨씨무늬병,0
2024.07.01,광양시,깨씨무늬병,0
2024.07.01,구례군,깨씨무늬병,0
2024.07.01,나주시,깨씨무늬병,0
2024.07.01,담양군,깨씨무늬병,0
2024.07.01,무안군,깨씨무늬병,0
2024.07.01,보성군,깨씨무늬병,0
2024.07.01,순천시,깨씨무늬병,0
2024.07.01,신안군,깨씨무늬병,0
2024.07.01,여수시,깨씨무늬병,0
2024.07.01,영광군,깨씨무늬병,0
2024.07.01,영암군,깨씨무늬병,0
2024.07.01,완도군,깨씨무늬병,0
2024.07.01,장성군,깨씨무늬병,0
2024.07.01,장흥군,깨씨무늬병,0
2024.07.01,진도군,깨씨무늬병,0
2024.07.01,함평군,깨씨무늬병,0
2024.07.01,해남군,깨씨무늬병,0
2024.07.01,화순군,깨씨무늬병,0
2024.07.16,강진군,깨씨무늬병,0
2024.07.16,고흥군,깨씨무늬병,0
2024.07.16,곡성군,깨씨무늬병,0
2024.07.16,광양시,깨씨무늬병,0
2024.07.16,구례군,깨씨무늬병,0
2024.07.16,나주시,깨씨무늬병,0
2024.07.16,담양군,깨씨무늬병,0
2024.07.16,무안군,깨씨무늬병,0
2024.07.16,보성군,깨씨무늬병,0
2024.07.16,순천시,깨씨무늬병,0
2024.07.16,신안군,깨씨무늬병,0
2024.07.16,여수시,깨씨무늬병,0
2024.07.16,영광군,깨씨무늬병,0
2024.07.16,영암군,깨씨무늬병,0
2024.07.16,완도군,깨씨무늬병,0
2024.07.16,장성군,깨씨무늬병,0
2024.07.16,장흥군,깨씨무늬병,0
2024.07.16,진도군,깨씨무늬병,1
2024.07.16,함평군,깨씨무늬병,0
2024.07.16,해남군,깨씨무늬병,0
2024.07.16,화순군,깨씨무늬병,0
2024.08.01,강진군,깨씨무늬병,0
2024.08.01,고흥군,깨씨무늬병,0
2024.08.01,곡성군,깨씨무늬병,0
2024.08.01,광양시,깨씨무늬병,0
2024.08.01,구례군,깨씨무늬병,0
2024.08.01,나주시,깨씨무늬병,0
2024.08.01,담양군,깨씨무늬병,0
2024.08.01,무안군,깨씨무늬병,0
2024.08.01,보성군,깨씨무늬병,0
2024.08.01,순천시,깨씨무늬병,0
2024.08.01,신안군,깨씨무늬병,0
2024.08.01,여수시,깨씨무늬병,1
2024.08.01,영광군,깨씨무늬병,0
2024.08.01,영암군,깨씨무늬병,0
2024.08.01,완도군,깨씨무늬병,0
2024.08.01,장성군,깨씨무늬병,0
2024.08.01,장흥군,깨씨무늬병,0
2024.08.01,진도군,깨씨무늬병,1
2024.08.01,함평군,깨씨무늬병,0
2024.08.01,해남군,깨씨무늬병,0
2024.08.01,화순군,깨씨무늬병,0
2024.08.16,강진군,깨씨무늬병,0
2024.08.16,고흥군,깨씨무늬병,1
2024.08.16,곡성군,깨씨무늬병,0
2024.08.16,광양시,깨씨무늬병,0
2024.08.16,구례군,깨씨무늬병,0
2024.08.16,나주시,깨씨무늬병,1
2024.08.16,담양군,깨씨무늬병,0
2024.08.16,무안군,깨씨무늬병,0
2024.08.16,보성군,깨씨무늬병,1
2024.08.16,순천시,깨씨무늬병,0
2024.08.16,신안군,깨씨무늬병,0
2024.08.16,여수시,깨씨무늬병,1
2024.08.16,영광군,깨씨무늬병,0
2024.08.16,영암군,깨씨무늬병,1
2024.08.16,완도군,깨씨무늬병,0
2024.08.16,장성군,깨씨무늬병,0
2024.08.16,장흥군,깨씨무늬병,0
2024.08.16,진도군,깨씨무늬병,1
2024.08.16,함평군,깨씨무늬병,0
2024.08.16,해남군,깨씨무늬병,0
2024.08.16,화순군,깨씨무늬병,0
2024.09.01,강진군,깨씨무늬병,0
2024.09.01,고흥군,깨씨무늬병,1
2024.09.01,곡성군,깨씨무늬병,1
2024.09.01,광양시,깨씨무늬병,1
2024.09.01,구례군,깨씨무늬병,0
2024.09.01,나주시,깨씨무늬병,0
2024.09.01,담양군,깨씨무늬병,0
2024.09.01,무안군,깨씨무늬병,0
2024.09.01,보성군,깨씨무늬병,1
2024.09.01,순천시,깨씨무늬병,1
2024.09.01,신안군,깨씨무늬병,0
2024.09.01,여수시,깨씨무늬병,1
2024.09.01,영광군,깨씨무늬병,0
2024.09.01,영암군,깨씨무늬병,1
2024.09.01,완도군,깨씨무늬병,0
2024.09.01,장성군,깨씨무늬병,1
2024.09.01,장흥군,깨씨무늬병,1
2024.09.01,진도군,깨씨무늬병,1
2024.09.01,함평군,깨씨무늬병,1
2024.09.01,해남군,깨씨무늬병,0
2024.09.01,화순군,깨씨무늬병,1
2024.09.16,강진군,깨씨무늬병,1
2024.09.16,고흥군,깨씨무늬병,1
2024.09.16,곡성군,깨씨무늬병,1
2024.09.16,광양시,깨씨무늬병,1
2024.09.16,구례군,깨씨무늬병,0
2024.09.16,나주시,깨씨무늬병,1
2024.09.16,담양군,깨씨무늬병,0
2024.09.16,무안군,깨씨무늬병,0
2024.09.16,보성군,깨씨무늬병,1
2024.09.16,순천시,깨씨무늬병,1
2024.09.16,신안군,깨씨무늬병,1
2024.09.16,여수시,깨씨무늬병,1
2024.09.16,영광군,깨씨무늬병,0
2024.09.16,영암군,깨씨무늬병,1
2024.09.16,완도군,깨씨무늬병,1
2024.09.16,장성군,깨씨무늬병,1
2024.09.16,장흥군,깨씨무늬병,1
2024.09.16,진도군,깨씨무늬병,1
2024.09.16,함평군,깨씨무늬병,1
2024.09.16,해남군,깨씨무늬병,0
2024.09.16,화순군,깨씨무늬병,1
2025.06.01,강진군,깨씨무늬병,0
2025.06.01,고흥군,깨씨무늬병,0
2025.06.01,곡성군,깨씨무늬병,0
2025.06.01,광양시,깨씨무늬병,0
2025.06.01,구례군,깨씨무늬병,0
2025.06.01,나주시,깨씨무늬병,0
2025.06.01,담양군,깨씨무늬병,0
2025.06.01,무안군,깨씨무늬병,0
2025.06.01,보성군,깨씨무늬병,0
2025.06.01,순천시,깨씨무늬병,0
2025.06.01,신안군,깨씨무늬병,0
2025.06.01,여수시,깨씨무늬병,0
2025.06.01,영광군,깨씨무늬병,0
2025.06.01,영암군,깨씨무늬병,0
2025.06.01,완도군,깨씨무늬병,0
2025.06.01,장성군,깨씨무늬병,0
2025.06.01,장흥군,깨씨무늬병,0
2025.06.01,진도군,깨씨무늬병,0
2025.06.01,함평군,깨씨무늬병,0
2025.06.01,해남군,깨씨무늬병,0
2025.06.01,화순군,깨씨무늬병,0
2025.06.16,강진군,깨씨무늬병,0
2025.06.16,고흥군,깨씨무늬병,0
2025.06.16,곡성군,깨씨무늬병,0
2025.06.16,광양시,깨씨무늬병,0
2025.06.16,구례군,깨씨무늬병,0
2025.06.16,나주시,깨씨무늬병,0
2025.06.16,담양군,깨씨무늬병,0
2025.06.16,무안군,깨씨무늬병,0
2025.06.16,보성군,깨씨무늬병,0
2025.06.16,순천시,깨씨무늬병,0
2025.06.16,신안군,깨씨무늬병,0
2025.06.16,여수시,깨씨무늬병,0
2025.06.16,영광군,깨씨무늬병,0
2025.06.16,영암군,깨씨무늬병,0
2025.06.16,완도군,깨씨무늬병,0
2025.06.16,장성군,깨씨무늬병,0
2025.06.16,장흥군,깨씨무늬병,0
2025.06.16,진도군,깨씨무늬병,0
2025.06.16,함평군,깨씨무늬병,0
2025.06.16,해남군,깨씨무늬병,0
2025.06.16,화순군,깨씨무늬병,0
2025.07.01,강진군,깨씨무늬병,0
2025.07.01,고흥군,깨씨무늬병,0
2025.07.01,곡성군,깨씨무늬병,1
2025.07.01,광양시,깨씨무늬병,0
2025.07.01,구례군,깨씨무늬병,0
2025.07.01,나주시,깨씨무늬병,0
2025.07.01,담양군,깨씨무늬병,0
2025.07.01,무안군,깨씨무늬병,0
2025.07.01,보성군,깨씨무늬병,0
2025.07.01,순천시,깨씨무늬병,0
2025.07.01,신안군,깨씨무늬병,0
2025.07.01,여수시,깨씨무늬병,0
2025.07.01,영광군,깨씨무늬병,0
2025.07.01,영암군,깨씨무늬병,0
2025.07.01,완도군,깨씨무늬병,0
2025.07.01,장성군,깨씨무늬병,0
2025.07.01,진도군,깨씨무늬병,0
2025.07.01,함평군,깨씨무늬병,0
2025.07.01,해남군,깨씨무늬병,0
2025.07.01,화순군,깨씨무늬병,0
2025.07.16,강진군,깨씨무늬병,0
2025.07.16,고흥군,깨씨무늬병,0
2025.07.16,곡성군,깨씨무늬병,0
2025.07.16,광양시,깨씨무늬병,0
2025.07.16,구례군,깨씨무늬병,0
2025.07.16,나주시,깨씨무늬병,0
2025.07.16,담양군,깨씨무늬병,0
2025.07.16,무안군,깨씨무늬병,0
2025.07.16,보성군,깨씨무늬병,0
2025.07.16,순천시,깨씨무늬병,1
2025.07.16,신안군,깨씨무늬병,0
2025.07.16,여수시,깨씨무늬병,1
2025.07.16,영광군,깨씨무늬병,0
2025.07.16,영암군,깨씨무늬병,0
2025.07.16,완도군,깨씨무늬병,0
2025.07.16,장성군,깨씨무늬병,0
2025.07.16,장흥군,깨씨무늬병,0
2025.07.16,진도군,깨씨무늬병,0
2025.07.16,함평군,깨씨무늬병,0
2025.07.16,해남군,깨씨무늬병,0
2025.07.16,화순군,깨씨무늬병,0
2025.08.01,강진군,깨씨무늬병,0
2025.08.01,고흥군,깨씨무늬병,0
2025.08.01,광양시,깨씨무늬병,1
2025.08.01,구례군,깨씨무늬병,0
2025.08.01,담양군,깨씨무늬병,0
2025.08.01,무안군,깨씨무늬병,0
2025.08.01,보성군,깨씨무늬병,0
2025.08.01,신안군,깨씨무늬병,0
2025.08.01,여수시,깨씨무늬병,1
2025.08.01,영광군,깨씨무늬병,0
2025.08.01,영암군,깨씨무늬병,0
2025.08.01,완도군,깨씨무늬병,1
2025.08.01,장성군,깨씨무늬병,0
2025.08.01,장흥군,깨씨무늬병,0
2025.08.01,진도군,깨씨무늬병,1
2025.08.01,함평군,깨씨무늬병,0
2025.08.01,해남군,깨씨무늬병,0
2025.08.01,화순군,깨씨무늬병,0
2025.08.16,강진군,깨씨무늬병,0
2025.08.16,고흥군,깨씨무늬병,1
2025.08.16,곡성군,깨씨무늬병,1
2025.08.16,광양시,깨씨무늬병,0
2025.08.16,구례군,깨씨무늬병,0
2025.08.16,나주시,깨씨무늬병,1
2025.08.16,담양군,깨씨무늬병,1
2025.08.16,무안군,깨씨무늬병,0
2025.08.16,보성군,깨씨무늬병,0
2025.08.16,순천시,깨씨무늬병,1
2025.08.16,신안군,깨씨무늬병,1
2025.08.16,여수시,깨씨무늬병,1
2025.08.16,영광군,깨씨무늬병,1
2025.08.16,영암군,깨씨무늬병,1
2025.08.16,완도군,깨씨무늬병,0
2025.08.16,장성군,깨씨무늬병,0
2025.08.16,장흥군,깨씨무늬병,0
2025.08.16,진도군,깨씨무늬병,1
2025.08.16,함평군,깨씨무늬병,0
2025.08.16,해남군,깨씨무늬병,0
2025.08.16,화순군,깨씨무늬병,0
2025.09.01,강진군,깨씨무늬병,0
2025.09.01,고흥군,깨씨무늬병,1
2025.09.01,곡성군,깨씨무늬병,1
2025.09.01,광양시,깨씨무늬병,1
2025.09.01,구례군,깨씨무늬병,1
2025.09.01,나주시,깨씨무늬병,1
2025.09.01,담양군,깨씨무늬병,1
2025.09.01,무안군,깨씨무늬병,1
2025.09.01,보성군,깨씨무늬병,1
2025.09.01,순천시,깨씨무늬병,1
2025.09.01,신안군,깨씨무늬병,1
2025.09.01,여수시,깨씨무늬병,1
2025.09.01,영광군,깨씨무늬병,1
2025.09.01,영암군,깨씨무늬병,1
2025.09.01,완도군,깨씨무늬병,1
2025.09.01,장성군,깨씨무늬병,0
2025.09.01,장흥군,깨씨무늬병,1
2025.09.01,진도군,깨씨무늬병,1
2025.09.01,함평군,깨씨무늬병,1
2025.09.01,해남군,깨씨무늬병,1
2025.09.01,화순군,깨씨무늬병,1
2025.09.16,강진군,깨씨무늬병,1
2025.09.16,고흥군,깨씨무늬병,1
2025.09.16,곡성군,깨씨무늬병,1
2025.09.16,광양시,깨씨무늬병,1
2025.09.16,구례군,깨씨무늬병,1
2025.09.16,나주시,깨씨무늬병,1
2025.09.16,담양군,깨씨무늬병,1
2025.09.16,무안군,깨씨무늬병,1
2025.09.16,보성군,깨씨무늬병,1
2025.09.16,순천시,깨씨무늬병,1
2025.09.16,신안군,깨씨무늬병,1
2025.09.16,여수시,깨씨무늬병,1
2025.09.16,영광군,깨씨무늬병,0
2025.09.16,영암군,깨씨무늬병,1
2025.09.16,완도군,깨씨무늬병,1
2025.09.16,장성군,깨씨무늬병,0
2025.09.16,장흥군,깨씨무늬병,1
2025.09.16,진도군,깨씨무늬병,1
2025.09.16,함평군,깨씨무늬병,1
2025.09.16,해남군,깨씨무늬병,1
2025.09.16,화순군,깨씨무늬병,1
2014.09.16,강진군,끝동매미충,0
2014.09.16,고흥군,끝동매미충,0
2014.09.16,곡성군,끝동매미충,0
2014.09.16,광양시,끝동매미충,0
2014.09.16,구례군,끝동매미충,0
2014.09.16,나주시,끝동매미충,0
2014.09.16,담양군,끝동매미충,0
2014.09.16,무안군,끝동매미충,0
2014.09.16,보성군,끝동매미충,0
2014.09.16,순천시,끝동매미충,0
2014.09.16,신안군,끝동매미충,0
2014.09.16,여수시,끝동매미충,0
2014.09.16,영광군,끝동매미충,0
2014.09.16,영암군,끝동매미충,0
2014.09.16,완도군,끝동매미충,0
2014.09.16,장성군,끝동매미충,0
2014.09.16,장흥군,끝동매미충,0
2014.09.16,진도군,끝동매미충,0
2014.09.16,함평군,끝동매미충,0
2014.09.16,해남군,끝동매미충,0
2014.09.16,화순군,끝동매미충,0
2015.06.16,강진군,끝동매미충,0
2015.06.16,고흥군,끝동매미충,0
2015.06.16,곡성군,끝동매미충,0
2015.06.16,광양시,끝동매미충,0
2015.06.16,구례군,끝동매미충,0
2015.06.16,나주시,끝동매미충,0
2015.06.16,담양군,끝동매미충,0
2015.06.16,무안군,끝동매미충,0
2015.06.16,보성군,끝동매미충,0
2015.06.16,순천시,끝동매미충,0
2015.06.16,신안군,끝동매미충,0
2015.06.16,여수시,끝동매미충,0
2015.06.16,영광군,끝동매미충,0
2015.06.16,영암군,끝동매미충,0
2015.06.16,완도군,끝동매미충,0
2015.06.16,장성군,끝동매미충,0
2015.06.16,장흥군,끝동매미충,1
2015.06.16,진도군,끝동매미충,0
2015.06.16,함평군,끝동매미충,0
2015.06.16,해남군,끝동매미충,0
2015.06.16,화순군,끝동매미충,0
2015.07.01,강진군,끝동매미충,0
2015.07.01,고흥군,끝동매미충,0
2015.07.01,곡성군,끝동매미충,0
2015.07.01,광양시,끝동매미충,0
2015.07.01,구례군,끝동매미충,0
2015.07.01,나주시,끝동매미충,0
2015.07.01,담양군,끝동매미충,0
2015.07.01,무안군,끝동매미충,0
2015.07.01,보성군,끝동매미충,1
2015.07.01,순천시,끝동매미충,0
2015.07.01,신안군,끝동매미충,0
2015.07.01,여수시,끝동매미충,0
2015.07.01,영광군,끝동매미충,0
2015.07.01,영암군,끝동매미충,0
2015.07.01,완도군,끝동매미충,0
2015.07.01,장성군,끝동매미충,0
2015.07.01,장흥군,끝동매미충,0
2015.07.01,진도군,끝동매미충,0
2015.07.01,함평군,끝동매미충,0
2015.07.01,해남군,끝동매미충,0
2015.07.01,화순군,끝동매미충,0
2015.07.16,강진군,끝동매미충,0
2015.07.16,고흥군,끝동매미충,0
2015.07.16,곡성군,끝동매미충,0
2015.07.16,광양시,끝동매미충,0
2015.07.16,구례군,끝동매미충,0
2015.07.16,나주시,끝동매미충,0
2015.07.16,담양군,끝동매미충,0
2015.07.16,무안군,끝동매미충,0
2015.07.16,보성군,끝동매미충,1
2015.07.16,순천시,끝동매미충,0
2015.07.16,신안군,끝동매미충,0
2015.07.16,여수시,끝동매미충,0
2015.07.16,영광군,끝동매미충,0
2015.07.16,영암군,끝동매미충,0
2015.07.16,완도군,끝동매미충,0
2015.07.16,장성군,끝동매미충,0
2015.07.16,장흥군,끝동매미충,1
2015.07.16,진도군,끝동매미충,0
2015.07.16,함평군,끝동매미충,0
2015.07.16,해남군,끝동매미충,0
2015.07.16,화순군,끝동매미충,0
2015.08.01,강진군,끝동매미충,0
2015.08.01,고흥군,끝동매미충,0
2015.08.01,곡성군,끝동매미충,0
2015.08.01,광양시,끝동매미충,1
2015.08.01,구례군,끝동매미충,1
2015.08.01,나주시,끝동매미충,0
2015.08.01,담양군,끝동매미충,0
2015.08.01,무안군,끝동매미충,0
2015.08.01,보성군,끝동매미충,1
2015.08.01,순천시,끝동매미충,0
2015.08.01,신안군,끝동매미충,0
2015.08.01,여수시,끝동매미충,0
2015.08.01,영광군,끝동매미충,0
2015.08.01,영암군,끝동매미충,0
2015.08.01,완도군,끝동매미충,0
2015.08.01,장성군,끝동매미충,1
2015.08.01,장흥군,끝동매미충,1
2015.08.01,진도군,끝동매미충,0
2015.08.01,함평군,끝동매미충,0
2015.08.01,해남군,끝동매미충,0
2015.08.01,화순군,끝동매미충,0
2015.08.16,강진군,끝동매미충,0
2015.08.16,고흥군,끝동매미충,0
2015.08.16,곡성군,끝동매미충,0
2015.08.16,광양시,끝동매미충,0
2015.08.16,구례군,끝동매미충,1
2015.08.16,나주시,끝동매미충,0
2015.08.16,담양군,끝동매미충,0
2015.08.16,무안군,끝동매미충,0
2015.08.16,보성군,끝동매미충,1
2015.08.16,순천시,끝동매미충,0
2015.08.16,신안군,끝동매미충,0
2015.08.16,여수시,끝동매미충,0
2015.08.16,영광군,끝동매미충,0
2015.08.16,영암군,끝동매미충,0
2015.08.16,완도군,끝동매미충,0
2015.08.16,장성군,끝동매미충,1
2015.08.16,장흥군,끝동매미충,0
2015.08.16,진도군,끝동매미충,0
2015.08.16,함평군,끝동매미충,0
2015.08.16,해남군,끝동매미충,0
2015.08.16,화순군,끝동매미충,0
2016.06.01,강진군,끝동매미충,0
2016.06.01,고흥군,끝동매미충,0
2016.06.01,곡성군,끝동매미충,0
2016.06.01,광양시,끝동매미충,0
2016.06.01,구례군,끝동매미충,0
2016.06.01,나주시,끝동매미충,0
2016.06.01,담양군,끝동매미충,0
2016.06.01,무안군,끝동매미충,0
2016.06.01,보성군,끝동매미충,0
2016.06.01,순천시,끝동매미충,0
2016.06.01,신안군,끝동매미충,0
2016.06.01,여수시,끝동매미충,0
2016.06.01,영광군,끝동매미충,0
2016.06.01,영암군,끝동매미충,0
2016.06.01,완도군,끝동매미충,0
2016.06.01,장성군,끝동매미충,0
2016.06.01,장흥군,끝동매미충,0
2016.06.01,진도군,끝동매미충,0
2016.06.01,함평군,끝동매미충,0
2016.06.01,해남군,끝동매미충,0
2016.06.01,화순군,끝동매미충,0
2016.06.16,강진군,끝동매미충,0
2016.06.16,고흥군,끝동매미충,0
2016.06.16,곡성군,끝동매미충,0
2016.06.16,광양시,끝동매미충,0
2016.06.16,구례군,끝동매미충,0
2016.06.16,나주시,끝동매미충,0
2016.06.16,담양군,끝동매미충,0
2016.06.16,무안군,끝동매미충,0
2016.06.16,보성군,끝동매미충,0
2016.06.16,순천시,끝동매미충,0
2016.06.16,신안군,끝동매미충,0
2016.06.16,여수시,끝동매미충,0
2016.06.16,영광군,끝동매미충,0
2016.06.16,영암군,끝동매미충,0
2016.06.16,완도군,끝동매미충,0
2016.06.16,장성군,끝동매미충,0
2016.06.16,장흥군,끝동매미충,0
2016.06.16,진도군,끝동매미충,0
2016.06.16,함평군,끝동매미충,0
2016.06.16,해남군,끝동매미충,0
2016.06.16,화순군,끝동매미충,0
2016.07.01,강진군,끝동매미충,0
2016.07.01,고흥군,끝동매미충,0
2016.07.01,곡성군,끝동매미충,0
2016.07.01,광양시,끝동매미충,0
2016.07.01,구례군,끝동매미충,0
2016.07.01,나주시,끝동매미충,0
2016.07.01,담양군,끝동매미충,0
2016.07.01,무안군,끝동매미충,0
2016.07.01,보성군,끝동매미충,0
2016.07.01,순천시,끝동매미충,0
2016.07.01,신안군,끝동매미충,0
2016.07.01,여수시,끝동매미충,0
2016.07.01,영광군,끝동매미충,0
2016.07.01,영암군,끝동매미충,0
2016.07.01,완도군,끝동매미충,0
2016.07.01,장성군,끝동매미충,0
2016.07.01,장흥군,끝동매미충,1
2016.07.01,진도군,끝동매미충,0
2016.07.01,함평군,끝동매미충,0
2016.07.01,해남군,끝동매미충,0
2016.07.01,화순군,끝동매미충,0
2016.07.16,강진군,끝동매미충,0
2016.07.16,고흥군,끝동매미충,0
2016.07.16,곡성군,끝동매미충,0
2016.07.16,광양시,끝동매미충,1
2016.07.16,구례군,끝동매미충,0
2016.07.16,나주시,끝동매미충,0
2016.07.16,담양군,끝동매미충,1
2016.07.16,무안군,끝동매미충,0
2016.07.16,보성군,끝동매미충,0
2016.07.16,순천시,끝동매미충,0
2016.07.16,신안군,끝동매미충,0
2016.07.16,여수시,끝동매미충,0
2016.07.16,영광군,끝동매미충,1
2016.07.16,영암군,끝동매미충,0
2016.07.16,완도군,끝동매미충,0
2016.07.16,장성군,끝동매미충,0
2016.07.16,장흥군,끝동매미충,1
2016.07.16,진도군,끝동매미충,1
2016.07.16,함평군,끝동매미충,0
2016.07.16,해남군,끝동매미충,0
2016.07.16,화순군,끝동매미충,0
2016.08.01,강진군,끝동매미충,1
2016.08.01,고흥군,끝동매미충,1
2016.08.01,곡성군,끝동매미충,0
2016.08.01,광양시,끝동매미충,1
2016.08.01,구례군,끝동매미충,0
2016.08.01,나주시,끝동매미충,0
2016.08.01,담양군,끝동매미충,1
2016.08.01,무안군,끝동매미충,0
2016.08.01,보성군,끝동매미충,0
2016.08.01,순천시,끝동매미충,0
2016.08.01,신안군,끝동매미충,0
2016.08.01,여수시,끝동매미충,0
2016.08.01,영광군,끝동매미충,0
2016.08.01,영암군,끝동매미충,0
2016.08.01,완도군,끝동매미충,0
2016.08.01,장성군,끝동매미충,0
2016.08.01,장흥군,끝동매미충,1
2016.08.01,진도군,끝동매미충,1
2016.08.01,함평군,끝동매미충,0
2016.08.01,해남군,끝동매미충,0
2016.08.01,화순군,끝동매미충,0
2016.08.16,강진군,끝동매미충,0
2016.08.16,고흥군,끝동매미충,1
2016.08.16,곡성군,끝동매미충,0
2016.08.16,광양시,끝동매미충,1
2016.08.16,구례군,끝동매미충,1
2016.08.16,나주시,끝동매미충,0
2016.08.16,담양군,끝동매미충,0
2016.08.16,무안군,끝동매미충,0
2016.08.16,보성군,끝동매미충,0
2016.08.16,순천시,끝동매미충,0
2016.08.16,신안군,끝동매미충,0
2016.08.16,여수시,끝동매미충,0
2016.08.16,영광군,끝동매미충,0
2016.08.16,영암군,끝동매미충,0
2016.08.16,완도군,끝동매미충,0
2016.08.16,장성군,끝동매미충,0
2016.08.16,장흥군,끝동매미충,0
2016.08.16,진도군,끝동매미충,0
2016.08.16,함평군,끝동매미충,0
2016.08.16,해남군,끝동매미충,0
2016.08.16,화순군,끝동매미충,0
2016.09.01,강진군,끝동매미충,0
2016.09.01,고흥군,끝동매미충,1
2016.09.01,곡성군,끝동매미충,0
2016.09.01,광양시,끝동매미충,0
2016.09.01,구례군,끝동매미충,0
2016.09.01,나주시,끝동매미충,0
2016.09.01,담양군,끝동매미충,0
2016.09.01,무안군,끝동매미충,0
2016.09.01,보성군,끝동매미충,0
2016.09.01,순천시,끝동매미충,0
2016.09.01,신안군,끝동매미충,0
2016.09.01,여수시,끝동매미충,0
2016.09.01,영광군,끝동매미충,0
2016.09.01,영암군,끝동매미충,0
2016.09.01,완도군,끝동매미충,0
2016.09.01,장성군,끝동매미충,0
2016.09.01,장흥군,끝동매미충,1
2016.09.01,진도군,끝동매미충,0
2016.09.01,함평군,끝동매미충,0
2016.09.01,해남군,끝동매미충,0
2016.09.01,화순군,끝동매미충,0
2016.09.16,강진군,끝동매미충,0
2016.09.16,고흥군,끝동매미충,1
2016.09.16,곡성군,끝동매미충,0
2016.09.16,광양시,끝동매미충,0
2016.09.16,구례군,끝동매미충,0
2016.09.16,나주시,끝동매미충,0
2016.09.16,담양군,끝동매미충,0
2016.09.16,무안군,끝동매미충,0
2016.09.16,보성군,끝동매미충,0
2016.09.16,순천시,끝동매미충,0
2016.09.16,신안군,끝동매미충,0
2016.09.16,여수시,끝동매미충,0
2016.09.16,영광군,끝동매미충,0
2016.09.16,영암군,끝동매미충,0
2016.09.16,완도군,끝동매미충,0
2016.09.16,장성군,끝동매미충,0
2016.09.16,장흥군,끝동매미충,1
2016.09.16,진도군,끝동매미충,0
2016.09.16,함평군,끝동매미충,0
2016.09.16,해남군,끝동매미충,0
2016.09.16,화순군,끝동매미충,0
2017.06.01,강진군,끝동매미충,0
2017.06.01,고흥군,끝동매미충,0
2017.06.01,곡성군,끝동매미충,0
2017.06.01,광양시,끝동매미충,0
2017.06.01,구례군,끝동매미충,0
2017.06.01,나주시,끝동매미충,0
2017.06.01,담양군,끝동매미충,0
2017.06.01,무안군,끝동매미충,0
2017.06.01,보성군,끝동매미충,0
2017.06.01,순천시,끝동매미충,0
2017.06.01,신안군,끝동매미충,0
2017.06.01,여수시,끝동매미충,0
2017.06.01,영광군,끝동매미충,0
2017.06.01,영암군,끝동매미충,0
2017.06.01,완도군,끝동매미충,0
2017.06.01,장성군,끝동매미충,0
2017.06.01,장흥군,끝동매미충,0
2017.06.01,진도군,끝동매미충,0
2017.06.01,함평군,끝동매미충,0
2017.06.01,해남군,끝동매미충,0
2017.06.01,화순군,끝동매미충,0
2017.06.16,강진군,끝동매미충,0
2017.06.16,고흥군,끝동매미충,0
2017.06.16,곡성군,끝동매미충,0
2017.06.16,광양시,끝동매미충,0
2017.06.16,구례군,끝동매미충,0
2017.06.16,나주시,끝동매미충,0
2017.06.16,담양군,끝동매미충,0
2017.06.16,무안군,끝동매미충,0
2017.06.16,보성군,끝동매미충,0
2017.06.16,순천시,끝동매미충,0
2017.06.16,신안군,끝동매미충,0
2017.06.16,여수시,끝동매미충,0
2017.06.16,영광군,끝동매미충,0
2017.06.16,영암군,끝동매미충,0
2017.06.16,완도군,끝동매미충,0
2017.06.16,장성군,끝동매미충,0
2017.06.16,장흥군,끝동매미충,0
2017.06.16,진도군,끝동매미충,0
2017.06.16,함평군,끝동매미충,0
2017.06.16,해남군,끝동매미충,0
2017.06.16,화순군,끝동매미충,0
2017.07.01,강진군,끝동매미충,0
2017.07.01,고흥군,끝동매미충,0
2017.07.01,곡성군,끝동매미충,0
2017.07.01,광양시,끝동매미충,0
2017.07.01,구례군,끝동매미충,0
2017.07.01,나주시,끝동매미충,0
2017.07.01,담양군,끝동매미충,0
2017.07.01,무안군,끝동매미충,0
2017.07.01,보성군,끝동매미충,0
2017.07.01,순천시,끝동매미충,0
2017.07.01,신안군,끝동매미충,0
2017.07.01,여수시,끝동매미충,0
2017.07.01,영광군,끝동매미충,0
2017.07.01,영암군,끝동매미충,0
2017.07.01,완도군,끝동매미충,0
2017.07.01,장성군,끝동매미충,0
2017.07.01,장흥군,끝동매미충,0
2017.07.01,진도군,끝동매미충,0
2017.07.01,함평군,끝동매미충,0
2017.07.01,해남군,끝동매미충,0
2017.07.01,화순군,끝동매미충,0
2017.07.16,강진군,끝동매미충,0
2017.07.16,고흥군,끝동매미충,0
2017.07.16,곡성군,끝동매미충,0
2017.07.16,광양시,끝동매미충,0
2017.07.16,구례군,끝동매미충,0
2017.07.16,나주시,끝동매미충,0
2017.07.16,담양군,끝동매미충,0
2017.07.16,무안군,끝동매미충,0
2017.07.16,보성군,끝동매미충,0
2017.07.16,순천시,끝동매미충,0
2017.07.16,신안군,끝동매미충,0
2017.07.16,여수시,끝동매미충,0
2017.07.16,영광군,끝동매미충,0
2017.07.16,영암군,끝동매미충,0
2017.07.16,완도군,끝동매미충,0
2017.07.16,장성군,끝동매미충,0
2017.07.16,장흥군,끝동매미충,1
2017.07.16,진도군,끝동매미충,0
2017.07.16,함평군,끝동매미충,0
2017.07.16,해남군,끝동매미충,0
2017.07.16,화순군,끝동매미충,0
2017.08.01,강진군,끝동매미충,0
2017.08.01,고흥군,끝동매미충,1
2017.08.01,곡성군,끝동매미충,0
2017.08.01,광양시,끝동매미충,1
2017.08.01,구례군,끝동매미충,0
2017.08.01,나주시,끝동매미충,0
2017.08.01,담양군,끝동매미충,0
2017.08.01,무안군,끝동매미충,0
2017.08.01,보성군,끝동매미충,0
2017.08.01,순천시,끝동매미충,0
2017.08.01,신안군,끝동매미충,0
2017.08.01,여수시,끝동매미충,0
2017.08.01,영광군,끝동매미충,0
2017.08.01,영암군,끝동매미충,0
2017.08.01,완도군,끝동매미충,0
2017.08.01,장성군,끝동매미충,1
2017.08.01,장흥군,끝동매미충,1
2017.08.01,진도군,끝동매미충,0
2017.08.01,함평군,끝동매미충,0
2017.08.01,해남군,끝동매미충,0
2017.08.01,화순군,끝동매미충,0
2017.08.16,강진군,끝동매미충,0
2017.08.16,고흥군,끝동매미충,1
2017.08.16,곡성군,끝동매미충,0
2017.08.16,광양시,끝동매미충,1
2017.08.16,구례군,끝동매미충,0
2017.08.16,나주시,끝동매미충,0
2017.08.16,담양군,끝동매미충,0
2017.08.16,무안군,끝동매미충,0
2017.08.16,보성군,끝동매미충,1
2017.08.16,순천시,끝동매미충,0
2017.08.16,신안군,끝동매미충,0
2017.08.16,여수시,끝동매미충,0
2017.08.16,영광군,끝동매미충,0
2017.08.16,영암군,끝동매미충,0
2017.08.16,완도군,끝동매미충,0
2017.08.16,장성군,끝동매미충,1
2017.08.16,장흥군,끝동매미충,1
2017.08.16,진도군,끝동매미충,0
2017.08.16,함평군,끝동매미충,0
2017.08.16,해남군,끝동매미충,0
2017.08.16,화순군,끝동매미충,0
2017.09.01,강진군,끝동매미충,1
2017.09.01,고흥군,끝동매미충,0
2017.09.01,곡성군,끝동매미충,0
2017.09.01,광양시,끝동매미충,1
2017.09.01,구례군,끝동매미충,1
2017.09.01,나주시,끝동매미충,0
2017.09.01,담양군,끝동매미충,0
2017.09.01,무안군,끝동매미충,0
2017.09.01,보성군,끝동매미충,1
2017.09.01,순천시,끝동매미충,0
2017.09.01,신안군,끝동매미충,0
2017.09.01,여수시,끝동매미충,0
2017.09.01,영광군,끝동매미충,0
2017.09.01,영암군,끝동매미충,0
2017.09.01,완도군,끝동매미충,0
2017.09.01,장성군,끝동매미충,1
2017.09.01,장흥군,끝동매미충,0
2017.09.01,진도군,끝동매미충,1
2017.09.01,함평군,끝동매미충,0
2017.09.01,해남군,끝동매미충,0
2017.09.01,화순군,끝동매미충,0
2017.09.16,강진군,끝동매미충,0
2017.09.16,고흥군,끝동매미충,0
2017.09.16,곡성군,끝동매미충,0
2017.09.16,광양시,끝동매미충,1
2017.09.16,구례군,끝동매미충,1
2017.09.16,나주시,끝동매미충,0
2017.09.16,담양군,끝동매미충,0
2017.09.16,무안군,끝동매미충,0
2017.09.16,보성군,끝동매미충,0
2017.09.16,순천시,끝동매미충,0
2017.09.16,신안군,끝동매미충,0
2017.09.16,여수시,끝동매미충,0
2017.09.16,영광군,끝동매미충,0
2017.09.16,영암군,끝동매미충,0
2017.09.16,완도군,끝동매미충,0
2017.09.16,장성군,끝동매미충,0
2017.09.16,장흥군,끝동매미충,1
2017.09.16,진도군,끝동매미충,0
2017.09.16,함평군,끝동매미충,0
2017.09.16,해남군,끝동매미충,0
2017.09.16,화순군,끝동매미충,0
2018.06.01,강진군,끝동매미충,0
2018.06.01,고흥군,끝동매미충,0
2018.06.01,곡성군,끝동매미충,0
2018.06.01,광양시,끝동매미충,0
2018.06.01,구례군,끝동매미충,0
2018.06.01,나주시,끝동매미충,0
2018.06.01,담양군,끝동매미충,0
2018.06.01,무안군,끝동매미충,0
2018.06.01,보성군,끝동매미충,0
2018.06.01,순천시,끝동매미충,0
2018.06.01,신안군,끝동매미충,0
2018.06.01,여수시,끝동매미충,0
2018.06.01,영광군,끝동매미충,0
2018.06.01,영암군,끝동매미충,0
2018.06.01,완도군,끝동매미충,0
2018.06.01,장성군,끝동매미충,0
2018.06.01,장흥군,끝동매미충,0
2018.06.01,진도군,끝동매미충,0
2018.06.01,함평군,끝동매미충,0
2018.06.01,해남군,끝동매미충,0
2018.06.01,화순군,끝동매미충,0
2018.06.16,강진군,끝동매미충,0
2018.06.16,고흥군,끝동매미충,0
2018.06.16,곡성군,끝동매미충,0
2018.06.16,광양시,끝동매미충,0
2018.06.16,구례군,끝동매미충,0
2018.06.16,나주시,끝동매미충,0
2018.06.16,담양군,끝동매미충,0
2018.06.16,무안군,끝동매미충,0
2018.06.16,보성군,끝동매미충,0
2018.06.16,순천시,끝동매미충,0
2018.06.16,신안군,끝동매미충,0
2018.06.16,여수시,끝동매미충,0
2018.06.16,영광군,끝동매미충,0
2018.06.16,영암군,끝동매미충,0
2018.06.16,완도군,끝동매미충,0
2018.06.16,장성군,끝동매미충,0
2018.06.16,장흥군,끝동매미충,0
2018.06.16,진도군,끝동매미충,0
2018.06.16,함평군,끝동매미충,0
2018.06.16,해남군,끝동매미충,0
2018.06.16,화순군,끝동매미충,0
2018.07.01,강진군,끝동매미충,0
2018.07.01,고흥군,끝동매미충,0
2018.07.01,광양시,끝동매미충,0
2018.07.01,나주시,끝동매미충,0
2018.07.01,순천시,끝동매미충,0
2018.07.01,신안군,끝동매미충,0
2018.07.01,여수시,끝동매미충,0
2018.07.01,영광군,끝동매미충,0
2018.07.01,영암군,끝동매미충,0
2018.07.01,완도군,끝동매미충,0
2018.07.01,진도군,끝동매미충,0
2018.07.01,해남군,끝동매미충,0
2018.07.01,화순군,끝동매미충,0
2018.07.16,강진군,끝동매미충,0
2018.07.16,고흥군,끝동매미충,0
2018.07.16,곡성군,끝동매미충,0
2018.07.16,광양시,끝동매미충,0
2018.07.16,구례군,끝동매미충,0
2018.07.16,나주시,끝동매미충,0
2018.07.16,담양군,끝동매미충,0
2018.07.16,무안군,끝동매미충,0
2018.07.16,보성군,끝동매미충,0
2018.07.16,순천시,끝동매미충,0
2018.07.16,신안군,끝동매미충,0
2018.07.16,여수시,끝동매미충,0
2018.07.16,영광군,끝동매미충,0
2018.07.16,영암군,끝동매미충,0
2018.07.16,완도군,끝동매미충,0
2018.07.16,장성군,끝동매미충,0
2018.07.16,장흥군,끝동매미충,1
2018.07.16,진도군,끝동매미충,0
2018.07.16,함평군,끝동매미충,0
2018.07.16,해남군,끝동매미충,0
2018.07.16,화순군,끝동매미충,0
2018.08.01,강진군,끝동매미충,0
2018.08.01,고흥군,끝동매미충,0
2018.08.01,곡성군,끝동매미충,0
2018.08.01,광양시,끝동매미충,0
2018.08.01,구례군,끝동매미충,0
2018.08.01,나주시,끝동매미충,0
2018.08.01,담양군,끝동매미충,0
2018.08.01,무안군,끝동매미충,0
2018.08.01,보성군,끝동매미충,0
2018.08.01,순천시,끝동매미충,0
2018.08.01,신안군,끝동매미충,0
2018.08.01,여수시,끝동매미충,0
2018.08.01,영광군,끝동매미충,0
2018.08.01,영암군,끝동매미충,0
2018.08.01,완도군,끝동매미충,0
2018.08.01,장성군,끝동매미충,0
2018.08.01,장흥군,끝동매미충,0
2018.08.01,진도군,끝동매미충,0
2018.08.01,함평군,끝동매미충,0
2018.08.01,해남군,끝동매미충,0
2018.08.01,화순군,끝동매미충,0
2018.08.16,강진군,끝동매미충,0
2018.08.16,고흥군,끝동매미충,0
2018.08.16,곡성군,끝동매미충,0
2018.08.16,광양시,끝동매미충,0
2018.08.16,구례군,끝동매미충,0
2018.08.16,나주시,끝동매미충,0
2018.08.16,담양군,끝동매미충,0
2018.08.16,무안군,끝동매미충,0
2018.08.16,보성군,끝동매미충,0
2018.08.16,순천시,끝동매미충,0
2018.08.16,신안군,끝동매미충,0
2018.08.16,여수시,끝동매미충,0
2018.08.16,영광군,끝동매미충,0
2018.08.16,영암군,끝동매미충,0
2018.08.16,완도군,끝동매미충,0
2018.08.16,장성군,끝동매미충,0
2018.08.16,장흥군,끝동매미충,0
2018.08.16,진도군,끝동매미충,1
2018.08.16,함평군,끝동매미충,0
2018.08.16,해남군,끝동매미충,0
2018.08.16,화순군,끝동매미충,0
2018.09.01,강진군,끝동매미충,0
2018.09.01,고흥군,끝동매미충,0
2018.09.01,곡성군,끝동매미충,0
2018.09.01,광양시,끝동매미충,0
2018.09.01,구례군,끝동매미충,0
2018.09.01,나주시,끝동매미충,0
2018.09.01,담양군,끝동매미충,0
2018.09.01,무안군,끝동매미충,0
2018.09.01,보성군,끝동매미충,0
2018.09.01,순천시,끝동매미충,0
2018.09.01,신안군,끝동매미충,0
2018.09.01,여수시,끝동매미충,0
2018.09.01,영광군,끝동매미충,0
2018.09.01,영암군,끝동매미충,0
2018.09.01,완도군,끝동매미충,0
2018.09.01,장성군,끝동매미충,0
2018.09.01,장흥군,끝동매미충,0
2018.09.01,진도군,끝동매미충,0
2018.09.01,함평군,끝동매미충,0
2018.09.01,해남군,끝동매미충,0
2018.09.01,화순군,끝동매미충,0
2018.09.16,강진군,끝동매미충,0
2018.09.16,고흥군,끝동매미충,0
2018.09.16,곡성군,끝동매미충,0
2018.09.16,광양시,끝동매미충,0
2018.09.16,구례군,끝동매미충,0
2018.09.16,나주시,끝동매미충,0
2018.09.16,담양군,끝동매미충,0
2018.09.16,무안군,끝동매미충,0
2018.09.16,보성군,끝동매미충,0
2018.09.16,순천시,끝동매미충,0
2018.09.16,신안군,끝동매미충,0
2018.09.16,여수시,끝동매미충,0
2018.09.16,영광군,끝동매미충,0
2018.09.16,영암군,끝동매미충,0
2018.09.16,완도군,끝동매미충,0
2018.09.16,장성군,끝동매미충,0
2018.09.16,장흥군,끝동매미충,0
2018.09.16,진도군,끝동매미충,0
2018.09.16,함평군,끝동매미충,0
2018.09.16,해남군,끝동매미충,0
2018.09.16,화순군,끝동매미충,0
2019.06.01,강진군,끝동매미충,0
2019.06.01,고흥군,끝동매미충,0
2019.06.01,곡성군,끝동매미충,0
2019.06.01,광양시,끝동매미충,0
2019.06.01,구례군,끝동매미충,0
2019.06.01,나주시,끝동매미충,0
2019.06.01,담양군,끝동매미충,0
2019.06.01,무안군,끝동매미충,0
2019.06.01,보성군,끝동매미충,0
2019.06.01,순천시,끝동매미충,0
2019.06.01,신안군,끝동매미충,0
2019.06.01,여수시,끝동매미충,0
2019.06.01,영광군,끝동매미충,0
2019.06.01,영암군,끝동매미충,0
2019.06.01,완도군,끝동매미충,0
2019.06.01,장성군,끝동매미충,0
2019.06.01,장흥군,끝동매미충,0
2019.06.01,진도군,끝동매미충,0
2019.06.01,함평군,끝동매미충,0
2019.06.01,해남군,끝동매미충,0
2019.06.01,화순군,끝동매미충,0
2019.06.16,강진군,끝동매미충,0
2019.06.16,고흥군,끝동매미충,0
2019.06.16,곡성군,끝동매미충,0
2019.06.16,광양시,끝동매미충,0
2019.06.16,구례군,끝동매미충,0
2019.06.16,나주시,끝동매미충,0
2019.06.16,담양군,끝동매미충,0
2019.06.16,무안군,끝동매미충,0
2019.06.16,보성군,끝동매미충,0
2019.06.16,순천시,끝동매미충,0
2019.06.16,신안군,끝동매미충,0
2019.06.16,여수시,끝동매미충,0
2019.06.16,영광군,끝동매미충,0
2019.06.16,영암군,끝동매미충,0
2019.06.16,완도군,끝동매미충,0
2019.06.16,장성군,끝동매미충,0
2019.06.16,장흥군,끝동매미충,0
2019.06.16,진도군,끝동매미충,0
2019.06.16,함평군,끝동매미충,0
2019.06.16,해남군,끝동매미충,0
2019.06.16,화순군,끝동매미충,0
2019.07.01,강진군,끝동매미충,0
2019.07.01,고흥군,끝동매미충,0
2019.07.01,곡성군,끝동매미충,0
2019.07.01,광양시,끝동매미충,0
2019.07.01,구례군,끝동매미충,0
2019.07.01,나주시,끝동매미충,0
2019.07.01,담양군,끝동매미충,0
2019.07.01,무안군,끝동매미충,0
2019.07.01,보성군,끝동매미충,0
2019.07.01,순천시,끝동매미충,0
2019.07.01,신안군,끝동매미충,0
2019.07.01,여수시,끝동매미충,0
2019.07.01,영광군,끝동매미충,0
2019.07.01,영암군,끝동매미충,0
2019.07.01,완도군,끝동매미충,0
2019.07.01,장성군,끝동매미충,0
2019.07.01,장흥군,끝동매미충,0
2019.07.01,진도군,끝동매미충,0
2019.07.01,함평군,끝동매미충,0
2019.07.01,해남군,끝동매미충,0
2019.07.01,화순군,끝동매미충,0
2019.07.16,강진군,끝동매미충,0
2019.07.16,고흥군,끝동매미충,0
2019.07.16,곡성군,끝동매미충,0
2019.07.16,광양시,끝동매미충,0
2019.07.16,구례군,끝동매미충,0
2019.07.16,나주시,끝동매미충,0
2019.07.16,담양군,끝동매미충,0
2019.07.16,무안군,끝동매미충,0
2019.07.16,보성군,끝동매미충,0
2019.07.16,순천시,끝동매미충,0
2019.07.16,신안군,끝동매미충,0
2019.07.16,여수시,끝동매미충,0
2019.07.16,영광군,끝동매미충,0
2019.07.16,영암군,끝동매미충,0
2019.07.16,완도군,끝동매미충,0
2019.07.16,장성군,끝동매미충,0
2019.07.16,장흥군,끝동매미충,0
2019.07.16,진도군,끝동매미충,0
2019.07.16,함평군,끝동매미충,0
2019.07.16,해남군,끝동매미충,0
2019.07.16,화순군,끝동매미충,0
2019.08.01,강진군,끝동매미충,0
2019.08.01,고흥군,끝동매미충,0
2019.08.01,곡성군,끝동매미충,0
2019.08.01,광양시,끝동매미충,0
2019.08.01,구례군,끝동매미충,0
2019.08.01,나주시,끝동매미충,0
2019.08.01,담양군,끝동매미충,0
2019.08.01,무안군,끝동매미충,0
2019.08.01,보성군,끝동매미충,0
2019.08.01,순천시,끝동매미충,0
2019.08.01,신안군,끝동매미충,1
2019.08.01,여수시,끝동매미충,0
2019.08.01,영광군,끝동매미충,0
2019.08.01,영암군,끝동매미충,0
2019.08.01,완도군,끝동매미충,0
2019.08.01,장성군,끝동매미충,0
2019.08.01,장흥군,끝동매미충,0
2019.08.01,진도군,끝동매미충,1
2019.08.01,함평군,끝동매미충,0
2019.08.01,해남군,끝동매미충,0
2019.08.01,화순군,끝동매미충,0
2019.08.16,강진군,끝동매미충,0
2019.08.16,고흥군,끝동매미충,0
2019.08.16,광양시,끝동매미충,0
2019.08.16,구례군,끝동매미충,0
2019.08.16,무안군,끝동매미충,0
2019.08.16,보성군,끝동매미충,0
2019.08.16,순천시,끝동매미충,0
2019.08.16,신안군,끝동매미충,0
2019.08.16,여수시,끝동매미충,0
2019.08.16,영광군,끝동매미충,0
2019.08.16,완도군,끝동매미충,0
2019.08.16,장흥군,끝동매미충,0
2019.08.16,진도군,끝동매미충,1
2019.08.16,함평군,끝동매미충,0
2019.08.16,해남군,끝동매미충,0
2019.08.16,화순군,끝동매미충,0
2019.09.01,강진군,끝동매미충,0
2019.09.01,고흥군,끝동매미충,0
2019.09.01,곡성군,끝동매미충,0
2019.09.01,광양시,끝동매미충,0
2019.09.01,구례군,끝동매미충,0
2019.09.01,나주시,끝동매미충,0
2019.09.01,담양군,끝동매미충,0
2019.09.01,무안군,끝동매미충,0
2019.09.01,보성군,끝동매미충,0
2019.09.01,순천시,끝동매미충,0
2019.09.01,신안군,끝동매미충,0
2019.09.01,여수시,끝동매미충,0
2019.09.01,영광군,끝동매미충,0
2019.09.01,영암군,끝동매미충,0
2019.09.01,완도군,끝동매미충,0
2019.09.01,장성군,끝동매미충,0
2019.09.01,장흥군,끝동매미충,0
2019.09.01,진도군,끝동매미충,0
2019.09.01,함평군,끝동매미충,0
2019.09.01,해남군,끝동매미충,0
2019.09.01,화순군,끝동매미충,0
2019.09.16,강진군,끝동매미충,0
2019.09.16,고흥군,끝동매미충,0
2019.09.16,곡성군,끝동매미충,0
2019.09.16,광양시,끝동매미충,0
2019.09.16,구례군,끝동매미충,0
2019.09.16,나주시,끝동매미충,0
2019.09.16,담양군,끝동매미충,0
2019.09.16,무안군,끝동매미충,0
2019.09.16,보성군,끝동매미충,0
2019.09.16,순천시,끝동매미충,0
2019.09.16,여수시,끝동매미충,0
2019.09.16,영광군,끝동매미충,0
2019.09.16,영암군,끝동매미충,0
2019.09.16,완도군,끝동매미충,0
2019.09.16,장성군,끝동매미충,0
2019.09.16,장흥군,끝동매미충,0
2019.09.16,진도군,끝동매미충,0
2019.09.16,함평군,끝동매미충,0
2019.09.16,해남군,끝동매미충,0
2019.09.16,화순군,끝동매미충,0
2020.06.01,강진군,끝동매미충,0
2020.06.01,고흥군,끝동매미충,0
2020.06.01,광양시,끝동매미충,0
2020.06.01,구례군,끝동매미충,0
2020.06.01,나주시,끝동매미충,0
2020.06.01,담양군,끝동매미충,0
2020.06.01,무안군,끝동매미충,0
2020.06.01,보성군,끝동매미충,0
2020.06.01,순천시,끝동매미충,0
2020.06.01,신안군,끝동매미충,0
2020.06.01,여수시,끝동매미충,0
2020.06.01,영광군,끝동매미충,0
2020.06.01,영암군,끝동매미충,0
2020.06.01,완도군,끝동매미충,0
2020.06.01,장성군,끝동매미충,0
2020.06.01,장흥군,끝동매미충,0
2020.06.01,진도군,끝동매미충,0
2020.06.01,함평군,끝동매미충,0
2020.06.01,해남군,끝동매미충,0
2020.06.01,화순군,끝동매미충,0
2020.06.16,강진군,끝동매미충,0
2020.06.16,고흥군,끝동매미충,0
2020.06.16,곡성군,끝동매미충,0
2020.06.16,광양시,끝동매미충,0
2020.06.16,구례군,끝동매미충,0
2020.06.16,나주시,끝동매미충,0
2020.06.16,담양군,끝동매미충,0
2020.06.16,무안군,끝동매미충,0
2020.06.16,보성군,끝동매미충,0
2020.06.16,순천시,끝동매미충,0
2020.06.16,신안군,끝동매미충,0
2020.06.16,여수시,끝동매미충,0
2020.06.16,영광군,끝동매미충,0
2020.06.16,영암군,끝동매미충,0
2020.06.16,완도군,끝동매미충,0
2020.06.16,장성군,끝동매미충,0
2020.06.16,장흥군,끝동매미충,0
2020.06.16,진도군,끝동매미충,0
2020.06.16,함평군,끝동매미충,0
2020.06.16,해남군,끝동매미충,0
2020.06.16,화순군,끝동매미충,0
2020.07.01,강진군,끝동매미충,0
2020.07.01,고흥군,끝동매미충,1
2020.07.01,곡성군,끝동매미충,0
2020.07.01,광양시,끝동매미충,0
2020.07.01,구례군,끝동매미충,0
2020.07.01,담양군,끝동매미충,0
2020.07.01,무안군,끝동매미충,0
2020.07.01,보성군,끝동매미충,0
2020.07.01,순천시,끝동매미충,0
2020.07.01,신안군,끝동매미충,0
2020.07.01,여수시,끝동매미충,0
2020.07.01,영광군,끝동매미충,0
2020.07.01,영암군,끝동매미충,0
2020.07.01,완도군,끝동매미충,0
2020.07.01,장성군,끝동매미충,0
2020.07.01,장흥군,끝동매미충,0
2020.07.01,진도군,끝동매미충,0
2020.07.01,함평군,끝동매미충,0
2020.07.01,해남군,끝동매미충,0
2020.07.01,화순군,끝동매미충,0
2020.07.16,강진군,끝동매미충,0
2020.07.16,고흥군,끝동매미충,0
2020.07.16,곡성군,끝동매미충,0
2020.07.16,광양시,끝동매미충,0
2020.07.16,구례군,끝동매미충,0
2020.07.16,나주시,끝동매미충,0
2020.07.16,담양군,끝동매미충,0
2020.07.16,무안군,끝동매미충,0
2020.07.16,보성군,끝동매미충,0
2020.07.16,순천시,끝동매미충,0
2020.07.16,신안군,끝동매미충,0
2020.07.16,여수시,끝동매미충,0
2020.07.16,영광군,끝동매미충,0
2020.07.16,영암군,끝동매미충,0
2020.07.16,완도군,끝동매미충,1
2020.07.16,장성군,끝동매미충,0
2020.07.16,장흥군,끝동매미충,0
2020.07.16,진도군,끝동매미충,0
2020.07.16,함평군,끝동매미충,0
2020.07.16,해남군,끝동매미충,0
2020.07.16,화순군,끝동매미충,0
2020.08.01,강진군,끝동매미충,0
2020.08.01,고흥군,끝동매미충,0
2020.08.01,곡성군,끝동매미충,0
2020.08.01,광양시,끝동매미충,0
2020.08.01,구례군,끝동매미충,0
2020.08.01,나주시,끝동매미충,0
2020.08.01,담양군,끝동매미충,0
2020.08.01,무안군,끝동매미충,0
2020.08.01,보성군,끝동매미충,0
2020.08.01,순천시,끝동매미충,0
2020.08.01,신안군,끝동매미충,0
2020.08.01,여수시,끝동매미충,0
2020.08.01,영광군,끝동매미충,0
2020.08.01,영암군,끝동매미충,0
2020.08.01,완도군,끝동매미충,0
2020.08.01,장성군,끝동매미충,0
2020.08.01,장흥군,끝동매미충,0
2020.08.01,진도군,끝동매미충,0
2020.08.01,함평군,끝동매미충,0
2020.08.01,해남군,끝동매미충,0
2020.08.01,화순군,끝동매미충,0
2020.08.16,강진군,끝동매미충,0
2020.08.16,고흥군,끝동매미충,0
2020.08.16,곡성군,끝동매미충,0
2020.08.16,광양시,끝동매미충,0
2020.08.16,구례군,끝동매미충,0
2020.08.16,나주시,끝동매미충,0
2020.08.16,담양군,끝동매미충,0
2020.08.16,무안군,끝동매미충,0
2020.08.16,보성군,끝동매미충,0
2020.08.16,순천시,끝동매미충,0
2020.08.16,신안군,끝동매미충,0
2020.08.16,여수시,끝동매미충,0
2020.08.16,영광군,끝동매미충,0
2020.08.16,영암군,끝동매미충,0
2020.08.16,완도군,끝동매미충,0
2020.08.16,장성군,끝동매미충,0
2020.08.16,장흥군,끝동매미충,0
2020.08.16,진도군,끝동매미충,0
2020.08.16,함평군,끝동매미충,0
2020.08.16,해남군,끝동매미충,0
2020.08.16,화순군,끝동매미충,0
2020.09.01,강진군,끝동매미충,0
2020.09.01,고흥군,끝동매미충,0
2020.09.01,곡성군,끝동매미충,0
2020.09.01,광양시,끝동매미충,0
2020.09.01,구례군,끝동매미충,0
2020.09.01,나주시,끝동매미충,0
2020.09.01,담양군,끝동매미충,0
2020.09.01,무안군,끝동매미충,0
2020.09.01,보성군,끝동매미충,0
2020.09.01,순천시,끝동매미충,0
2020.09.01,신안군,끝동매미충,0
2020.09.01,여수시,끝동매미충,0
2020.09.01,영광군,끝동매미충,0
2020.09.01,영암군,끝동매미충,0
2020.09.01,완도군,끝동매미충,0
2020.09.01,장성군,끝동매미충,0
2020.09.01,장흥군,끝동매미충,0
2020.09.01,진도군,끝동매미충,1
2020.09.01,함평군,끝동매미충,0
2020.09.01,해남군,끝동매미충,0
2020.09.01,화순군,끝동매미충,0
2020.09.16,강진군,끝동매미충,0
2020.09.16,고흥군,끝동매미충,0
2020.09.16,곡성군,끝동매미충,0
2020.09.16,광양시,끝동매미충,0
2020.09.16,구례군,끝동매미충,0
2020.09.16,나주시,끝동매미충,0
2020.09.16,담양군,끝동매미충,0
2020.09.16,무안군,끝동매미충,0
2020.09.16,보성군,끝동매미충,0
2020.09.16,순천시,끝동매미충,0
2020.09.16,신안군,끝동매미충,0
2020.09.16,여수시,끝동매미충,0
2020.09.16,영광군,끝동매미충,0
2020.09.16,영암군,끝동매미충,0
2020.09.16,완도군,끝동매미충,0
2020.09.16,장성군,끝동매미충,0
2020.09.16,장흥군,끝동매미충,0
2020.09.16,진도군,끝동매미충,0
2020.09.16,함평군,끝동매미충,0
2020.09.16,해남군,끝동매미충,0
2020.09.16,화순군,끝동매미충,0
2021.06.01,강진군,끝동매미충,0
2021.06.01,고흥군,끝동매미충,0
2021.06.01,곡성군,끝동매미충,0
2021.06.01,광양시,끝동매미충,0
2021.06.01,구례군,끝동매미충,0
2021.06.01,나주시,끝동매미충,0
2021.06.01,담양군,끝동매미충,0
2021.06.01,무안군,끝동매미충,0
2021.06.01,보성군,끝동매미충,0
2021.06.01,순천시,끝동매미충,0
2021.06.01,신안군,끝동매미충,0
2021.06.01,여수시,끝동매미충,0
2021.06.01,영암군,끝동매미충,0
2021.06.01,완도군,끝동매미충,0
2021.06.01,장성군,끝동매미충,0
2021.06.01,장흥군,끝동매미충,0
2021.06.01,진도군,끝동매미충,0
2021.06.01,함평군,끝동매미충,0
2021.06.01,해남군,끝동매미충,0
2021.06.01,화순군,끝동매미충,0
2021.06.16,강진군,끝동매미충,0
2021.06.16,고흥군,끝동매미충,0
2021.06.16,곡성군,끝동매미충,0
2021.06.16,광양시,끝동매미충,0
2021.06.16,구례군,끝동매미충,0
2021.06.16,나주시,끝동매미충,0
2021.06.16,담양군,끝동매미충,0
2021.06.16,무안군,끝동매미충,0
2021.06.16,보성군,끝동매미충,0
2021.06.16,순천시,끝동매미충,0
2021.06.16,신안군,끝동매미충,0
2021.06.16,여수시,끝동매미충,0
2021.06.16,영광군,끝동매미충,0
2021.06.16,영암군,끝동매미충,0
2021.06.16,완도군,끝동매미충,0
2021.06.16,장성군,끝동매미충,0
2021.06.16,장흥군,끝동매미충,0
2021.06.16,진도군,끝동매미충,0
2021.06.16,함평군,끝동매미충,0
2021.06.16,해남군,끝동매미충,0
2021.06.16,화순군,끝동매미충,0
2021.07.01,강진군,끝동매미충,0
2021.07.01,고흥군,끝동매미충,0
2021.07.01,곡성군,끝동매미충,0
2021.07.01,광양시,끝동매미충,0
2021.07.01,구례군,끝동매미충,0
2021.07.01,나주시,끝동매미충,0
2021.07.01,담양군,끝동매미충,0
2021.07.01,무안군,끝동매미충,0
2021.07.01,보성군,끝동매미충,0
2021.07.01,순천시,끝동매미충,0
2021.07.01,신안군,끝동매미충,0
2021.07.01,여수시,끝동매미충,0
2021.07.01,영광군,끝동매미충,0
2021.07.01,영암군,끝동매미충,0
2021.07.01,완도군,끝동매미충,0
2021.07.01,장성군,끝동매미충,1
2021.07.01,장흥군,끝동매미충,0
2021.07.01,진도군,끝동매미충,0
2021.07.01,함평군,끝동매미충,0
2021.07.01,해남군,끝동매미충,0
2021.07.01,화순군,끝동매미충,0
2021.07.16,강진군,끝동매미충,1
2021.07.16,고흥군,끝동매미충,0
2021.07.16,곡성군,끝동매미충,0
2021.07.16,광양시,끝동매미충,1
2021.07.16,구례군,끝동매미충,0
2021.07.16,나주시,끝동매미충,0
2021.07.16,담양군,끝동매미충,1
2021.07.16,무안군,끝동매미충,0
2021.07.16,보성군,끝동매미충,0
2021.07.16,순천시,끝동매미충,0
2021.07.16,신안군,끝동매미충,0
2021.07.16,여수시,끝동매미충,0
2021.07.16,영광군,끝동매미충,0
2021.07.16,영암군,끝동매미충,0
2021.07.16,완도군,끝동매미충,0
2021.07.16,장성군,끝동매미충,1
2021.07.16,장흥군,끝동매미충,1
2021.07.16,진도군,끝동매미충,1
2021.07.16,함평군,끝동매미충,0
2021.07.16,해남군,끝동매미충,0
2021.07.16,화순군,끝동매미충,0
2021.08.01,강진군,끝동매미충,1
2021.08.01,고흥군,끝동매미충,0
2021.08.01,곡성군,끝동매미충,1
2021.08.01,광양시,끝동매미충,0
2021.08.01,구례군,끝동매미충,0
2021.08.01,보성군,끝동매미충,0
2021.08.01,여수시,끝동매미충,0
2021.08.01,영암군,끝동매미충,0
2021.08.01,완도군,끝동매미충,0
2021.08.01,장성군,끝동매미충,0
2021.08.01,진도군,끝동매미충,1
2021.08.01,함평군,끝동매미충,0
2021.08.01,해남군,끝동매미충,0
2021.08.01,화순군,끝동매미충,0
2021.08.16,강진군,끝동매미충,0
2021.08.16,고흥군,끝동매미충,1
2021.08.16,곡성군,끝동매미충,0
2021.08.16,광양시,끝동매미충,0
2021.08.16,구례군,끝동매미충,0
2021.08.16,나주시,끝동매미충,0
2021.08.16,담양군,끝동매미충,0
2021.08.16,무안군,끝동매미충,0
2021.08.16,보성군,끝동매미충,0
2021.08.16,순천시,끝동매미충,1
2021.08.16,신안군,끝동매미충,0
2021.08.16,여수시,끝동매미충,0
2021.08.16,영광군,끝동매미충,0
2021.08.16,영암군,끝동매미충,0
2021.08.16,완도군,끝동매미충,0
2021.08.16,장성군,끝동매미충,0
2021.08.16,장흥군,끝동매미충,0
2021.08.16,진도군,끝동매미충,1
2021.08.16,함평군,끝동매미충,0
2021.08.16,해남군,끝동매미충,0
2021.08.16,화순군,끝동매미충,0
2021.09.01,강진군,끝동매미충,0
2021.09.01,고흥군,끝동매미충,0
2021.09.01,곡성군,끝동매미충,0
2021.09.01,광양시,끝동매미충,0
2021.09.01,구례군,끝동매미충,0
2021.09.01,담양군,끝동매미충,0
2021.09.01,무안군,끝동매미충,0
2021.09.01,보성군,끝동매미충,0
2021.09.01,순천시,끝동매미충,0
2021.09.01,신안군,끝동매미충,0
2021.09.01,여수시,끝동매미충,0
2021.09.01,영암군,끝동매미충,0
2021.09.01,완도군,끝동매미충,0
2021.09.01,장성군,끝동매미충,0
2021.09.01,장흥군,끝동매미충,0
2021.09.01,진도군,끝동매미충,1
2021.09.01,함평군,끝동매미충,0
2021.09.01,해남군,끝동매미충,0
2021.09.01,화순군,끝동매미충,0
2021.09.16,강진군,끝동매미충,1
2021.09.16,고흥군,끝동매미충,0
2021.09.16,곡성군,끝동매미충,0
2021.09.16,광양시,끝동매미충,0
2021.09.16,구례군,끝동매미충,0
2021.09.16,나주시,끝동매미충,0
2021.09.16,담양군,끝동매미충,0
2021.09.16,무안군,끝동매미충,0
2021.09.16,보성군,끝동매미충,0
2021.09.16,순천시,끝동매미충,0
2021.09.16,신안군,끝동매미충,0
2021.09.16,여수시,끝동매미충,0
2021.09.16,영광군,끝동매미충,0
2021.09.16,영암군,끝동매미충,0
2021.09.16,완도군,끝동매미충,0
2021.09.16,장성군,끝동매미충,0
2021.09.16,장흥군,끝동매미충,0
2021.09.16,진도군,끝동매미충,1
2021.09.16,함평군,끝동매미충,0
2021.09.16,해남군,끝동매미충,0
2021.09.16,화순군,끝동매미충,0
2022.06.01,강진군,끝동매미충,0
2022.06.01,고흥군,끝동매미충,0
2022.06.01,곡성군,끝동매미충,0
2022.06.01,광양시,끝동매미충,0
2022.06.01,구례군,끝동매미충,0
2022.06.01,나주시,끝동매미충,0
2022.06.01,담양군,끝동매미충,0
2022.06.01,무안군,끝동매미충,0
2022.06.01,보성군,끝동매미충,0
2022.06.01,순천시,끝동매미충,0
2022.06.01,신안군,끝동매미충,0
2022.06.01,여수시,끝동매미충,0
2022.06.01,영광군,끝동매미충,0
2022.06.01,영암군,끝동매미충,0
2022.06.01,완도군,끝동매미충,0
2022.06.01,장성군,끝동매미충,0
2022.06.01,장흥군,끝동매미충,0
2022.06.01,진도군,끝동매미충,1
2022.06.01,함평군,끝동매미충,0
2022.06.01,해남군,끝동매미충,0
2022.06.01,화순군,끝동매미충,0
2022.06.16,강진군,끝동매미충,0
2022.06.16,고흥군,끝동매미충,0
2022.06.16,곡성군,끝동매미충,0
2022.06.16,광양시,끝동매미충,0
2022.06.16,구례군,끝동매미충,0
2022.06.16,나주시,끝동매미충,0
2022.06.16,담양군,끝동매미충,0
2022.06.16,무안군,끝동매미충,0
2022.06.16,보성군,끝동매미충,0
2022.06.16,순천시,끝동매미충,0
2022.06.16,신안군,끝동매미충,0
2022.06.16,여수시,끝동매미충,0
2022.06.16,영광군,끝동매미충,0
2022.06.16,영암군,끝동매미충,0
2022.06.16,완도군,끝동매미충,0
2022.06.16,장성군,끝동매미충,0
2022.06.16,장흥군,끝동매미충,0
2022.06.16,진도군,끝동매미충,0
2022.06.16,함평군,끝동매미충,0
2022.06.16,해남군,끝동매미충,0
2022.06.16,화순군,끝동매미충,0
2022.07.01,강진군,끝동매미충,0
2022.07.01,고흥군,끝동매미충,0
2022.07.01,곡성군,끝동매미충,0
2022.07.01,광양시,끝동매미충,0
2022.07.01,구례군,끝동매미충,0
2022.07.01,나주시,끝동매미충,0
2022.07.01,담양군,끝동매미충,0
2022.07.01,무안군,끝동매미충,0
2022.07.01,보성군,끝동매미충,0
2022.07.01,순천시,끝동매미충,0
2022.07.01,신안군,끝동매미충,0
2022.07.01,여수시,끝동매미충,0
2022.07.01,영광군,끝동매미충,0
2022.07.01,영암군,끝동매미충,0
2022.07.01,완도군,끝동매미충,0
2022.07.01,장성군,끝동매미충,1
2022.07.01,장흥군,끝동매미충,0
2022.07.01,진도군,끝동매미충,0
2022.07.01,함평군,끝동매미충,0
2022.07.01,해남군,끝동매미충,0
2022.07.01,화순군,끝동매미충,0
2022.07.16,강진군,끝동매미충,0
2022.07.16,고흥군,끝동매미충,0
2022.07.16,곡성군,끝동매미충,0
2022.07.16,광양시,끝동매미충,0
2022.07.16,구례군,끝동매미충,0
2022.07.16,나주시,끝동매미충,0
2022.07.16,담양군,끝동매미충,1
2022.07.16,무안군,끝동매미충,0
2022.07.16,보성군,끝동매미충,0
2022.07.16,순천시,끝동매미충,0
2022.07.16,신안군,끝동매미충,0
2022.07.16,여수시,끝동매미충,0
2022.07.16,영광군,끝동매미충,0
2022.07.16,영암군,끝동매미충,0
2022.07.16,완도군,끝동매미충,0
2022.07.16,장성군,끝동매미충,1
2022.07.16,장흥군,끝동매미충,0
2022.07.16,진도군,끝동매미충,1
2022.07.16,함평군,끝동매미충,0
2022.07.16,해남군,끝동매미충,0
2022.07.16,화순군,끝동매미충,0
2022.08.01,강진군,끝동매미충,1
2022.08.01,고흥군,끝동매미충,0
2022.08.01,곡성군,끝동매미충,0
2022.08.01,광양시,끝동매미충,0
2022.08.01,구례군,끝동매미충,0
2022.08.01,나주시,끝동매미충,0
2022.08.01,담양군,끝동매미충,1
2022.08.01,무안군,끝동매미충,0
2022.08.01,보성군,끝동매미충,0
2022.08.01,순천시,끝동매미충,0
2022.08.01,신안군,끝동매미충,0
2022.08.01,여수시,끝동매미충,0
2022.08.01,영광군,끝동매미충,0
2022.08.01,영암군,끝동매미충,0
2022.08.01,완도군,끝동매미충,0
2022.08.01,장성군,끝동매미충,0
2022.08.01,장흥군,끝동매미충,0
2022.08.01,진도군,끝동매미충,1
2022.08.01,함평군,끝동매미충,0
2022.08.01,화순군,끝동매미충,0
2022.08.16,강진군,끝동매미충,1
2022.08.16,고흥군,끝동매미충,1
2022.08.16,광양시,끝동매미충,0
2022.08.16,구례군,끝동매미충,0
2022.08.16,담양군,끝동매미충,1
2022.08.16,무안군,끝동매미충,0
2022.08.16,보성군,끝동매미충,0
2022.08.16,순천시,끝동매미충,0
2022.08.16,여수시,끝동매미충,0
2022.08.16,영암군,끝동매미충,0
2022.08.16,완도군,끝동매미충,0
2022.08.16,장성군,끝동매미충,0
2022.08.16,장흥군,끝동매미충,0
2022.08.16,진도군,끝동매미충,1
2022.08.16,함평군,끝동매미충,0
2022.08.16,해남군,끝동매미충,0
2022.08.16,화순군,끝동매미충,0
2022.09.01,강진군,끝동매미충,1
2022.09.01,고흥군,끝동매미충,1
2022.09.01,곡성군,끝동매미충,0
2022.09.01,광양시,끝동매미충,0
2022.09.01,구례군,끝동매미충,0
2022.09.01,담양군,끝동매미충,1
2022.09.01,보성군,끝동매미충,0
2022.09.01,순천시,끝동매미충,0
2022.09.01,신안군,끝동매미충,0
2022.09.01,여수시,끝동매미충,0
2022.09.01,영암군,끝동매미충,0
2022.09.01,완도군,끝동매미충,0
2022.09.01,장성군,끝동매미충,0
2022.09.01,장흥군,끝동매미충,0
2022.09.01,진도군,끝동매미충,0
2022.09.01,해남군,끝동매미충,0
2022.09.01,화순군,끝동매미충,0
2022.09.16,강진군,끝동매미충,0
2022.09.16,고흥군,끝동매미충,0
2022.09.16,곡성군,끝동매미충,0
2022.09.16,광양시,끝동매미충,0
2022.09.16,구례군,끝동매미충,0
2022.09.16,나주시,끝동매미충,0
2022.09.16,담양군,끝동매미충,0
2022.09.16,무안군,끝동매미충,0
2022.09.16,보성군,끝동매미충,0
2022.09.16,순천시,끝동매미충,0
2022.09.16,신안군,끝동매미충,0
2022.09.16,여수시,끝동매미충,0
2022.09.16,영광군,끝동매미충,0
2022.09.16,완도군,끝동매미충,0
2022.09.16,장성군,끝동매미충,0
2022.09.16,장흥군,끝동매미충,0
2022.09.16,진도군,끝동매미충,0
2022.09.16,함평군,끝동매미충,0
2022.09.16,해남군,끝동매미충,0
2022.09.16,화순군,끝동매미충,0
2023.06.01,강진군,끝동매미충,0
2023.06.01,곡성군,끝동매미충,0
2023.06.01,광양시,끝동매미충,0
2023.06.01,구례군,끝동매미충,0
2023.06.01,나주시,끝동매미충,0
2023.06.01,담양군,끝동매미충,0
2023.06.01,무안군,끝동매미충,0
2023.06.01,보성군,끝동매미충,0
2023.06.01,순천시,끝동매미충,0
2023.06.01,신안군,끝동매미충,0
2023.06.01,여수시,끝동매미충,0
2023.06.01,영광군,끝동매미충,0
2023.06.01,영암군,끝동매미충,0
2023.06.01,완도군,끝동매미충,0
2023.06.01,장성군,끝동매미충,0
2023.06.01,장흥군,끝동매미충,0
2023.06.01,진도군,끝동매미충,0
2023.06.01,함평군,끝동매미충,0
2023.06.01,해남군,끝동매미충,0
2023.06.01,화순군,끝동매미충,0
2023.06.16,강진군,끝동매미충,0
2023.06.16,곡성군,끝동매미충,0
2023.06.16,광양시,끝동매미충,0
2023.06.16,구례군,끝동매미충,0
2023.06.16,나주시,끝동매미충,0
2023.06.16,담양군,끝동매미충,0
2023.06.16,무안군,끝동매미충,0
2023.06.16,보성군,끝동매미충,0
2023.06.16,순천시,끝동매미충,0
2023.06.16,신안군,끝동매미충,0
2023.06.16,여수시,끝동매미충,0
2023.06.16,영광군,끝동매미충,0
2023.06.16,영암군,끝동매미충,0
2023.06.16,완도군,끝동매미충,0
2023.06.16,장성군,끝동매미충,0
2023.06.16,장흥군,끝동매미충,0
2023.06.16,진도군,끝동매미충,0
2023.06.16,함평군,끝동매미충,0
2023.06.16,해남군,끝동매미충,0
2023.06.16,화순군,끝동매미충,0
2023.07.01,강진군,끝동매미충,0
2023.07.01,고흥군,끝동매미충,0
2023.07.01,곡성군,끝동매미충,0
2023.07.01,광양시,끝동매미충,1
2023.07.01,구례군,끝동매미충,0
2023.07.01,나주시,끝동매미충,0
2023.07.01,담양군,끝동매미충,0
2023.07.01,무안군,끝동매미충,0
2023.07.01,보성군,끝동매미충,0
2023.07.01,순천시,끝동매미충,0
2023.07.01,신안군,끝동매미충,0
2023.07.01,여수시,끝동매미충,0
2023.07.01,영광군,끝동매미충,0
2023.07.01,영암군,끝동매미충,1
2023.07.01,완도군,끝동매미충,0
2023.07.01,장성군,끝동매미충,1
2023.07.01,장흥군,끝동매미충,0
2023.07.01,진도군,끝동매미충,0
2023.07.01,함평군,끝동매미충,0
2023.07.01,해남군,끝동매미충,0
2023.07.01,화순군,끝동매미충,0
2023.07.16,강진군,끝동매미충,0
2023.07.16,고흥군,끝동매미충,0
2023.07.16,곡성군,끝동매미충,0
2023.07.16,광양시,끝동매미충,0
2023.07.16,구례군,끝동매미충,0
2023.07.16,나주시,끝동매미충,0
2023.07.16,담양군,끝동매미충,1
2023.07.16,무안군,끝동매미충,0
2023.07.16,보성군,끝동매미충,0
2023.07.16,순천시,끝동매미충,0
2023.07.16,신안군,끝동매미충,0
2023.07.16,여수시,끝동매미충,0
2023.07.16,영광군,끝동매미충,0
2023.07.16,영암군,끝동매미충,0
2023.07.16,완도군,끝동매미충,0
2023.07.16,장성군,끝동매미충,1
2023.07.16,장흥군,끝동매미충,0
2023.07.16,진도군,끝동매미충,1
2023.07.16,함평군,끝동매미충,0
2023.07.16,해남군,끝동매미충,0
2023.07.16,화순군,끝동매미충,0
2023.08.01,강진군,끝동매미충,0
2023.08.01,고흥군,끝동매미충,0
2023.08.01,곡성군,끝동매미충,0
2023.08.01,광양시,끝동매미충,0
2023.08.01,구례군,끝동매미충,0
2023.08.01,나주시,끝동매미충,0
2023.08.01,담양군,끝동매미충,0
2023.08.01,무안군,끝동매미충,0
2023.08.01,보성군,끝동매미충,0
2023.08.01,순천시,끝동매미충,0
2023.08.01,신안군,끝동매미충,0
2023.08.01,여수시,끝동매미충,0
2023.08.01,영광군,끝동매미충,0
2023.08.01,영암군,끝동매미충,0
2023.08.01,완도군,끝동매미충,0
2023.08.01,장성군,끝동매미충,1
2023.08.01,장흥군,끝동매미충,0
2023.08.01,진도군,끝동매미충,1
2023.08.01,함평군,끝동매미충,0
2023.08.01,해남군,끝동매미충,0
2023.08.01,화순군,끝동매미충,0
2023.08.16,강진군,끝동매미충,1
2023.08.16,고흥군,끝동매미충,0
2023.08.16,곡성군,끝동매미충,0
2023.08.16,광양시,끝동매미충,0
2023.08.16,구례군,끝동매미충,0
2023.08.16,나주시,끝동매미충,0
2023.08.16,담양군,끝동매미충,0
2023.08.16,무안군,끝동매미충,0
2023.08.16,보성군,끝동매미충,0
2023.08.16,순천시,끝동매미충,0
2023.08.16,신안군,끝동매미충,0
2023.08.16,여수시,끝동매미충,0
2023.08.16,영광군,끝동매미충,0
2023.08.16,영암군,끝동매미충,0
2023.08.16,완도군,끝동매미충,0
2023.08.16,장성군,끝동매미충,1
2023.08.16,장흥군,끝동매미충,0
2023.08.16,진도군,끝동매미충,1
2023.08.16,함평군,끝동매미충,0
2023.08.16,해남군,끝동매미충,0
2023.08.16,화순군,끝동매미충,1
2023.09.01,강진군,끝동매미충,0
2023.09.01,고흥군,끝동매미충,0
2023.09.01,곡성군,끝동매미충,0
2023.09.01,광양시,끝동매미충,0
2023.09.01,구례군,끝동매미충,0
2023.09.01,나주시,끝동매미충,0
2023.09.01,담양군,끝동매미충,0
2023.09.01,무안군,끝동매미충,0
2023.09.01,보성군,끝동매미충,0
2023.09.01,순천시,끝동매미충,0
2023.09.01,신안군,끝동매미충,0
2023.09.01,여수시,끝동매미충,0
2023.09.01,영광군,끝동매미충,0
2023.09.01,영암군,끝동매미충,0
2023.09.01,완도군,끝동매미충,0
2023.09.01,장성군,끝동매미충,0
2023.09.01,장흥군,끝동매미충,0
2023.09.01,진도군,끝동매미충,0
2023.09.01,함평군,끝동매미충,0
2023.09.01,해남군,끝동매미충,0
2023.09.01,화순군,끝동매미충,0
2023.09.16,강진군,끝동매미충,0
2023.09.16,고흥군,끝동매미충,0
2023.09.16,곡성군,끝동매미충,0
2023.09.16,광양시,끝동매미충,0
2023.09.16,구례군,끝동매미충,0
2023.09.16,나주시,끝동매미충,0
2023.09.16,담양군,끝동매미충,0
2023.09.16,무안군,끝동매미충,0
2023.09.16,보성군,끝동매미충,0
2023.09.16,순천시,끝동매미충,0
2023.09.16,신안군,끝동매미충,0
2023.09.16,여수시,끝동매미충,0
2023.09.16,영광군,끝동매미충,0
2023.09.16,영암군,끝동매미충,0
2023.09.16,완도군,끝동매미충,0
2023.09.16,장성군,끝동매미충,0
2023.09.16,장흥군,끝동매미충,0
2023.09.16,진도군,끝동매미충,0
2023.09.16,함평군,끝동매미충,0
2023.09.16,해남군,끝동매미충,0
2023.09.16,화순군,끝동매미충,0
2024.06.01,강진군,끝동매미충,0
2024.06.01,고흥군,끝동매미충,0
2024.06.01,광양시,끝동매미충,0
2024.06.01,구례군,끝동매미충,0
2024.06.01,나주시,끝동매미충,0
2024.06.01,무안군,끝동매미충,0
2024.06.01,보성군,끝동매미충,0
2024.06.01,순천시,끝동매미충,0
2024.06.01,신안군,끝동매미충,0
2024.06.01,여수시,끝동매미충,0
2024.06.01,영암군,끝동매미충,0
2024.06.01,완도군,끝동매미충,0
2024.06.01,장성군,끝동매미충,0
2024.06.01,장흥군,끝동매미충,0
2024.06.01,진도군,끝동매미충,0
2024.06.01,해남군,끝동매미충,0
2024.06.01,화순군,끝동매미충,0
2024.06.16,강진군,끝동매미충,0
2024.06.16,고흥군,끝동매미충,0
2024.06.16,광양시,끝동매미충,0
2024.06.16,구례군,끝동매미충,0
2024.06.16,나주시,끝동매미충,0
2024.06.16,담양군,끝동매미충,0
2024.06.16,무안군,끝동매미충,0
2024.06.16,보성군,끝동매미충,0
2024.06.16,순천시,끝동매미충,0
2024.06.16,신안군,끝동매미충,0
2024.06.16,여수시,끝동매미충,0
2024.06.16,영광군,끝동매미충,0
2024.06.16,영암군,끝동매미충,0
2024.06.16,완도군,끝동매미충,0
2024.06.16,장성군,끝동매미충,0
2024.06.16,장흥군,끝동매미충,0
2024.06.16,진도군,끝동매미충,1
2024.06.16,해남군,끝동매미충,0
2024.06.16,화순군,끝동매미충,0
2024.07.01,강진군,끝동매미충,0
2024.07.01,고흥군,끝동매미충,0
2024.07.01,곡성군,끝동매미충,0
2024.07.01,광양시,끝동매미충,0
2024.07.01,구례군,끝동매미충,0
2024.07.01,나주시,끝동매미충,0
2024.07.01,담양군,끝동매미충,0
2024.07.01,무안군,끝동매미충,0
2024.07.01,보성군,끝동매미충,0
2024.07.01,순천시,끝동매미충,0
2024.07.01,신안군,끝동매미충,0
2024.07.01,여수시,끝동매미충,0
2024.07.01,영광군,끝동매미충,0
2024.07.01,영암군,끝동매미충,0
2024.07.01,완도군,끝동매미충,0
2024.07.01,장성군,끝동매미충,0
2024.07.01,장흥군,끝동매미충,0
2024.07.01,진도군,끝동매미충,1
2024.07.01,함평군,끝동매미충,0
2024.07.01,해남군,끝동매미충,0
2024.07.01,화순군,끝동매미충,0
2024.07.16,강진군,끝동매미충,0
2024.07.16,고흥군,끝동매미충,0
2024.07.16,곡성군,끝동매미충,0
2024.07.16,광양시,끝동매미충,1
2024.07.16,구례군,끝동매미충,0
2024.07.16,나주시,끝동매미충,0
2024.07.16,담양군,끝동매미충,1
2024.07.16,무안군,끝동매미충,0
2024.07.16,보성군,끝동매미충,0
2024.07.16,순천시,끝동매미충,0
2024.07.16,신안군,끝동매미충,0
2024.07.16,여수시,끝동매미충,0
2024.07.16,영광군,끝동매미충,0
2024.07.16,영암군,끝동매미충,0
2024.07.16,완도군,끝동매미충,0
2024.07.16,장성군,끝동매미충,1
2024.07.16,장흥군,끝동매미충,0
2024.07.16,진도군,끝동매미충,1
2024.07.16,함평군,끝동매미충,0
2024.07.16,해남군,끝동매미충,0
2024.07.16,화순군,끝동매미충,0
2024.08.01,강진군,끝동매미충,0
2024.08.01,고흥군,끝동매미충,0
2024.08.01,곡성군,끝동매미충,0
2024.08.01,광양시,끝동매미충,0
2024.08.01,구례군,끝동매미충,0
2024.08.01,나주시,끝동매미충,0
2024.08.01,담양군,끝동매미충,0
2024.08.01,무안군,끝동매미충,0
2024.08.01,보성군,끝동매미충,0
2024.08.01,순천시,끝동매미충,0
2024.08.01,신안군,끝동매미충,0
2024.08.01,여수시,끝동매미충,0
2024.08.01,영광군,끝동매미충,0
2024.08.01,영암군,끝동매미충,0
2024.08.01,완도군,끝동매미충,0
2024.08.01,장성군,끝동매미충,1
2024.08.01,장흥군,끝동매미충,0
2024.08.01,진도군,끝동매미충,1
2024.08.01,함평군,끝동매미충,0
2024.08.01,해남군,끝동매미충,0
2024.08.01,화순군,끝동매미충,0
2024.08.16,강진군,끝동매미충,0
2024.08.16,고흥군,끝동매미충,0
2024.08.16,곡성군,끝동매미충,0
2024.08.16,광양시,끝동매미충,0
2024.08.16,구례군,끝동매미충,0
2024.08.16,나주시,끝동매미충,0
2024.08.16,담양군,끝동매미충,0
2024.08.16,무안군,끝동매미충,0
2024.08.16,보성군,끝동매미충,0
2024.08.16,순천시,끝동매미충,0
2024.08.16,신안군,끝동매미충,0
2024.08.16,여수시,끝동매미충,0
2024.08.16,영광군,끝동매미충,0
2024.08.16,영암군,끝동매미충,0
2024.08.16,완도군,끝동매미충,0
2024.08.16,장성군,끝동매미충,1
2024.08.16,장흥군,끝동매미충,0
2024.08.16,진도군,끝동매미충,1
2024.08.16,함평군,끝동매미충,0
2024.08.16,해남군,끝동매미충,0
2024.08.16,화순군,끝동매미충,0
2024.09.01,강진군,끝동매미충,0
2024.09.01,고흥군,끝동매미충,0
2024.09.01,곡성군,끝동매미충,0
2024.09.01,광양시,끝동매미충,0
2024.09.01,구례군,끝동매미충,0
2024.09.01,나주시,끝동매미충,0
2024.09.01,담양군,끝동매미충,0
2024.09.01,무안군,끝동매미충,0
2024.09.01,보성군,끝동매미충,0
2024.09.01,순천시,끝동매미충,0
2024.09.01,신안군,끝동매미충,0
2024.09.01,여수시,끝동매미충,0
2024.09.01,영광군,끝동매미충,0
2024.09.01,영암군,끝동매미충,0
2024.09.01,완도군,끝동매미충,0
2024.09.01,장성군,끝동매미충,0
2024.09.01,장흥군,끝동매미충,0
2024.09.01,진도군,끝동매미충,0
2024.09.01,함평군,끝동매미충,0
2024.09.01,해남군,끝동매미충,0
2024.09.01,화순군,끝동매미충,0
2024.09.16,강진군,끝동매미충,0
2024.09.16,고흥군,끝동매미충,0
2024.09.16,곡성군,끝동매미충,0
2024.09.16,광양시,끝동매미충,0
2024.09.16,구례군,끝동매미충,0
2024.09.16,나주시,끝동매미충,0
2024.09.16,담양군,끝동매미충,0
2024.09.16,무안군,끝동매미충,0
2024.09.16,보성군,끝동매미충,0
2024.09.16,순천시,끝동매미충,0
2024.09.16,신안군,끝동매미충,0
2024.09.16,여수시,끝동매미충,0
2024.09.16,영광군,끝동매미충,0
2024.09.16,영암군,끝동매미충,0
2024.09.16,완도군,끝동매미충,0
2024.09.16,장성군,끝동매미충,0
2024.09.16,장흥군,끝동매미충,0
2024.09.16,진도군,끝동매미충,0
2024.09.16,함평군,끝동매미충,0
2024.09.16,해남군,끝동매미충,0
2024.09.16,화순군,끝동매미충,0
2025.06.01,강진군,끝동매미충,0
2025.06.01,고흥군,끝동매미충,0
2025.06.01,곡성군,끝동매미충,0
2025.06.01,광양시,끝동매미충,0
2025.06.01,구례군,끝동매미충,0
2025.06.01,나주시,끝동매미충,0
2025.06.01,담양군,끝동매미충,0
2025.06.01,무안군,끝동매미충,0
2025.06.01,보성군,끝동매미충,0
2025.06.01,순천시,끝동매미충,0
2025.06.01,신안군,끝동매미충,0
2025.06.01,여수시,끝동매미충,0
2025.06.01,영광군,끝동매미충,0
2025.06.01,영암군,끝동매미충,0
2025.06.01,완도군,끝동매미충,0
2025.06.01,장성군,끝동매미충,0
2025.06.01,장흥군,끝동매미충,0
2025.06.01,진도군,끝동매미충,0
2025.06.01,함평군,끝동매미충,0
2025.06.01,해남군,끝동매미충,0
2025.06.01,화순군,끝동매미충,0
2025.06.16,강진군,끝동매미충,0
2025.06.16,고흥군,끝동매미충,0
2025.06.16,곡성군,끝동매미충,0
2025.06.16,광양시,끝동매미충,0
2025.06.16,구례군,끝동매미충,0
2025.06.16,나주시,끝동매미충,0
2025.06.16,담양군,끝동매미충,0
2025.06.16,무안군,끝동매미충,0
2025.06.16,보성군,끝동매미충,0
2025.06.16,순천시,끝동매미충,0
2025.06.16,신안군,끝동매미충,0
2025.06.16,여수시,끝동매미충,0
2025.06.16,영광군,끝동매미충,0
2025.06.16,영암군,끝동매미충,0
2025.06.16,완도군,끝동매미충,0
2025.06.16,장성군,끝동매미충,0
2025.06.16,장흥군,끝동매미충,0
2025.06.16,진도군,끝동매미충,0
2025.06.16,함평군,끝동매미충,0
2025.06.16,해남군,끝동매미충,0
2025.06.16,화순군,끝동매미충,0
2025.07.01,강진군,끝동매미충,0
2025.07.01,고흥군,끝동매미충,0
2025.07.01,곡성군,끝동매미충,0
2025.07.01,광양시,끝동매미충,0
2025.07.01,구례군,끝동매미충,0
2025.07.01,나주시,끝동매미충,0
2025.07.01,담양군,끝동매미충,0
2025.07.01,무안군,끝동매미충,0
2025.07.01,보성군,끝동매미충,0
2025.07.01,순천시,끝동매미충,0
2025.07.01,신안군,끝동매미충,0
2025.07.01,여수시,끝동매미충,0
2025.07.01,영광군,끝동매미충,0
2025.07.01,영암군,끝동매미충,1
2025.07.01,완도군,끝동매미충,0
2025.07.01,장성군,끝동매미충,0
2025.07.01,진도군,끝동매미충,0
2025.07.01,함평군,끝동매미충,0
2025.07.01,해남군,끝동매미충,0
2025.07.01,화순군,끝동매미충,0
2025.07.16,강진군,끝동매미충,0
2025.07.16,고흥군,끝동매미충,0
2025.07.16,곡성군,끝동매미충,0
2025.07.16,광양시,끝동매미충,1
2025.07.16,구례군,끝동매미충,0
2025.07.16,나주시,끝동매미충,0
2025.07.16,담양군,끝동매미충,0
2025.07.16,무안군,끝동매미충,0
2025.07.16,보성군,끝동매미충,0
2025.07.16,순천시,끝동매미충,0
2025.07.16,신안군,끝동매미충,0
2025.07.16,여수시,끝동매미충,1
2025.07.16,영광군,끝동매미충,0
2025.07.16,영암군,끝동매미충,0
2025.07.16,완도군,끝동매미충,0
2025.07.16,장성군,끝동매미충,0
2025.07.16,장흥군,끝동매미충,0
2025.07.16,진도군,끝동매미충,1
2025.07.16,함평군,끝동매미충,0
2025.07.16,해남군,끝동매미충,0
2025.07.16,화순군,끝동매미충,0
2025.08.01,강진군,끝동매미충,0
2025.08.01,고흥군,끝동매미충,0
2025.08.01,광양시,끝동매미충,0
2025.08.01,구례군,끝동매미충,0
2025.08.01,담양군,끝동매미충,0
2025.08.01,무안군,끝동매미충,0
2025.08.01,보성군,끝동매미충,0
2025.08.01,신안군,끝동매미충,0
2025.08.01,여수시,끝동매미충,1
2025.08.01,영광군,끝동매미충,0
2025.08.01,영암군,끝동매미충,0
2025.08.01,완도군,끝동매미충,0
2025.08.01,장성군,끝동매미충,0
2025.08.01,장흥군,끝동매미충,0
2025.08.01,진도군,끝동매미충,1
2025.08.01,함평군,끝동매미충,0
2025.08.01,해남군,끝동매미충,0
2025.08.01,화순군,끝동매미충,0
2025.08.16,강진군,끝동매미충,0
2025.08.16,고흥군,끝동매미충,1
2025.08.16,곡성군,끝동매미충,0
2025.08.16,광양시,끝동매미충,0
2025.08.16,구례군,끝동매미충,0
2025.08.16,나주시,끝동매미충,0
2025.08.16,담양군,끝동매미충,0
2025.08.16,무안군,끝동매미충,0
2025.08.16,보성군,끝동매미충,0
2025.08.16,순천시,끝동매미충,0
2025.08.16,신안군,끝동매미충,0
2025.08.16,여수시,끝동매미충,0
2025.08.16,영광군,끝동매미충,0
2025.08.16,영암군,끝동매미충,0
2025.08.16,완도군,끝동매미충,0
2025.08.16,장성군,끝동매미충,0
2025.08.16,장흥군,끝동매미충,0
2025.08.16,진도군,끝동매미충,0
2025.08.16,함평군,끝동매미충,0
2025.08.16,해남군,끝동매미충,0
2025.08.16,화순군,끝동매미충,0
2025.09.01,강진군,끝동매미충,0
2025.09.01,고흥군,끝동매미충,0
2025.09.01,곡성군,끝동매미충,0
2025.09.01,광양시,끝동매미충,0
2025.09.01,구례군,끝동매미충,0
2025.09.01,나주시,끝동매미충,0
2025.09.01,담양군,끝동매미충,0
2025.09.01,무안군,끝동매미충,0
2025.09.01,보성군,끝동매미충,0
2025.09.01,순천시,끝동매미충,0
2025.09.01,신안군,끝동매미충,0
2025.09.01,여수시,끝동매미충,1
2025.09.01,영광군,끝동매미충,0
2025.09.01,영암군,끝동매미충,0
2025.09.01,완도군,끝동매미충,0
2025.09.01,장성군,끝동매미충,0
2025.09.01,장흥군,끝동매미충,0
2025.09.01,진도군,끝동매미충,0
2025.09.01,함평군,끝동매미충,0
2025.09.01,해남군,끝동매미충,0
2025.09.01,화순군,끝동매미충,0
2025.09.16,강진군,끝동매미충,0
2025.09.16,고흥군,끝동매미충,0
2025.09.16,곡성군,끝동매미충,1
2025.09.16,광양시,끝동매미충,0
2025.09.16,구례군,끝동매미충,0
2025.09.16,나주시,끝동매미충,0
2025.09.16,담양군,끝동매미충,0
2025.09.16,무안군,끝동매미충,0
2025.09.16,보성군,끝동매미충,0
2025.09.16,순천시,끝동매미충,0
2025.09.16,신안군,끝동매미충,0
2025.09.16,여수시,끝동매미충,1
2025.09.16,영광군,끝동매미충,0
2025.09.16,영암군,끝동매미충,1
2025.09.16,완도군,끝동매미충,0
2025.09.16,장성군,끝동매미충,0
2025.09.16,장흥군,끝동매미충,0
2025.09.16,진도군,끝동매미충,1
2025.09.16,함평군,끝동매미충,0
2025.09.16,해남군,끝동매미충,0
2025.09.16,화순군,끝동매미충,0
2014.09.16,강진군,먹노린재,1
2014.09.16,고흥군,먹노린재,0
2014.09.16,곡성군,먹노린재,0
2014.09.16,광양시,먹노린재,0
2014.09.16,구례군,먹노린재,0
2014.09.16,나주시,먹노린재,0
2014.09.16,담양군,먹노린재,1
2014.09.16,무안군,먹노린재,0
2014.09.16,보성군,먹노린재,0
2014.09.16,순천시,먹노린재,1
2014.09.16,신안군,먹노린재,0
2014.09.16,여수시,먹노린재,0
2014.09.16,영광군,먹노린재,0
2014.09.16,영암군,먹노린재,1
2014.09.16,완도군,먹노린재,1
2014.09.16,장성군,먹노린재,0
2014.09.16,장흥군,먹노린재,1
2014.09.16,진도군,먹노린재,0
2014.09.16,함평군,먹노린재,0
2014.09.16,해남군,먹노린재,0
2014.09.16,화순군,먹노린재,1
2015.06.16,강진군,먹노린재,0
2015.06.16,고흥군,먹노린재,0
2015.06.16,곡성군,먹노린재,0
2015.06.16,광양시,먹노린재,0
2015.06.16,구례군,먹노린재,0
2015.06.16,나주시,먹노린재,0
2015.06.16,담양군,먹노린재,0
2015.06.16,무안군,먹노린재,0
2015.06.16,보성군,먹노린재,0
2015.06.16,순천시,먹노린재,0
2015.06.16,신안군,먹노린재,0
2015.06.16,여수시,먹노린재,0
2015.06.16,영광군,먹노린재,0
2015.06.16,영암군,먹노린재,0
2015.06.16,완도군,먹노린재,0
2015.06.16,장성군,먹노린재,0
2015.06.16,장흥군,먹노린재,1
2015.06.16,진도군,먹노린재,0
2015.06.16,함평군,먹노린재,0
2015.06.16,해남군,먹노린재,1
2015.06.16,화순군,먹노린재,0
2015.07.01,강진군,먹노린재,0
2015.07.01,고흥군,먹노린재,0
2015.07.01,곡성군,먹노린재,0
2015.07.01,광양시,먹노린재,0
2015.07.01,구례군,먹노린재,0
2015.07.01,나주시,먹노린재,0
2015.07.01,담양군,먹노린재,0
2015.07.01,무안군,먹노린재,0
2015.07.01,보성군,먹노린재,0
2015.07.01,순천시,먹노린재,1
2015.07.01,신안군,먹노린재,1
2015.07.01,여수시,먹노린재,0
2015.07.01,영광군,먹노린재,0
2015.07.01,영암군,먹노린재,1
2015.07.01,완도군,먹노린재,0
2015.07.01,장성군,먹노린재,0
2015.07.01,장흥군,먹노린재,1
2015.07.01,진도군,먹노린재,0
2015.07.01,함평군,먹노린재,0
2015.07.01,해남군,먹노린재,0
2015.07.01,화순군,먹노린재,0
2015.07.16,강진군,먹노린재,0
2015.07.16,고흥군,먹노린재,0
2015.07.16,곡성군,먹노린재,0
2015.07.16,광양시,먹노린재,0
2015.07.16,구례군,먹노린재,0
2015.07.16,나주시,먹노린재,0
2015.07.16,담양군,먹노린재,0
2015.07.16,무안군,먹노린재,0
2015.07.16,보성군,먹노린재,0
2015.07.16,순천시,먹노린재,1
2015.07.16,신안군,먹노린재,1
2015.07.16,여수시,먹노린재,1
2015.07.16,영광군,먹노린재,0
2015.07.16,영암군,먹노린재,1
2015.07.16,완도군,먹노린재,0
2015.07.16,장성군,먹노린재,0
2015.07.16,장흥군,먹노린재,1
2015.07.16,진도군,먹노린재,1
2015.07.16,함평군,먹노린재,0
2015.07.16,해남군,먹노린재,0
2015.07.16,화순군,먹노린재,1
2015.08.01,강진군,먹노린재,0
2015.08.01,고흥군,먹노린재,0
2015.08.01,곡성군,먹노린재,0
2015.08.01,광양시,먹노린재,0
2015.08.01,구례군,먹노린재,0
2015.08.01,나주시,먹노린재,0
2015.08.01,담양군,먹노린재,0
2015.08.01,무안군,먹노린재,0
2015.08.01,보성군,먹노린재,0
2015.08.01,순천시,먹노린재,1
2015.08.01,신안군,먹노린재,0
2015.08.01,여수시,먹노린재,0
2015.08.01,영광군,먹노린재,0
2015.08.01,영암군,먹노린재,1
2015.08.01,완도군,먹노린재,0
2015.08.01,장성군,먹노린재,0
2015.08.01,장흥군,먹노린재,1
2015.08.01,진도군,먹노린재,0
2015.08.01,함평군,먹노린재,0
2015.08.01,해남군,먹노린재,0
2015.08.01,화순군,먹노린재,0
2015.08.16,강진군,먹노린재,1
2015.08.16,고흥군,먹노린재,1
2015.08.16,곡성군,먹노린재,0
2015.08.16,광양시,먹노린재,0
2015.08.16,구례군,먹노린재,0
2015.08.16,나주시,먹노린재,0
2015.08.16,담양군,먹노린재,0
2015.08.16,무안군,먹노린재,1
2015.08.16,보성군,먹노린재,0
2015.08.16,순천시,먹노린재,1
2015.08.16,신안군,먹노린재,0
2015.08.16,여수시,먹노린재,0
2015.08.16,영광군,먹노린재,0
2015.08.16,영암군,먹노린재,1
2015.08.16,완도군,먹노린재,0
2015.08.16,장성군,먹노린재,0
2015.08.16,장흥군,먹노린재,1
2015.08.16,진도군,먹노린재,0
2015.08.16,함평군,먹노린재,0
2015.08.16,해남군,먹노린재,0
2015.08.16,화순군,먹노린재,1
2016.06.01,강진군,먹노린재,0
2016.06.01,고흥군,먹노린재,0
2016.06.01,곡성군,먹노린재,0
2016.06.01,광양시,먹노린재,0
2016.06.01,구례군,먹노린재,0
2016.06.01,나주시,먹노린재,0
2016.06.01,담양군,먹노린재,0
2016.06.01,무안군,먹노린재,0
2016.06.01,보성군,먹노린재,0
2016.06.01,순천시,먹노린재,0
2016.06.01,신안군,먹노린재,0
2016.06.01,여수시,먹노린재,0
2016.06.01,영광군,먹노린재,0
2016.06.01,영암군,먹노린재,0
2016.06.01,완도군,먹노린재,0
2016.06.01,장성군,먹노린재,0
2016.06.01,장흥군,먹노린재,1
2016.06.01,진도군,먹노린재,0
2016.06.01,함평군,먹노린재,0
2016.06.01,해남군,먹노린재,0
2016.06.01,화순군,먹노린재,0
2016.06.16,강진군,먹노린재,0
2016.06.16,고흥군,먹노린재,0
2016.06.16,곡성군,먹노린재,0
2016.06.16,광양시,먹노린재,0
2016.06.16,구례군,먹노린재,0
2016.06.16,나주시,먹노린재,0
2016.06.16,담양군,먹노린재,0
2016.06.16,무안군,먹노린재,0
2016.06.16,보성군,먹노린재,0
2016.06.16,순천시,먹노린재,0
2016.06.16,신안군,먹노린재,0
2016.06.16,여수시,먹노린재,0
2016.06.16,영광군,먹노린재,0
2016.06.16,영암군,먹노린재,1
2016.06.16,완도군,먹노린재,0
2016.06.16,장성군,먹노린재,0
2016.06.16,장흥군,먹노린재,0
2016.06.16,진도군,먹노린재,0
2016.06.16,함평군,먹노린재,0
2016.06.16,해남군,먹노린재,0
2016.06.16,화순군,먹노린재,0
2016.07.01,강진군,먹노린재,0
2016.07.01,고흥군,먹노린재,0
2016.07.01,곡성군,먹노린재,0
2016.07.01,광양시,먹노린재,0
2016.07.01,구례군,먹노린재,0
2016.07.01,나주시,먹노린재,0
2016.07.01,담양군,먹노린재,1
2016.07.01,무안군,먹노린재,0
2016.07.01,보성군,먹노린재,1
2016.07.01,순천시,먹노린재,0
2016.07.01,신안군,먹노린재,0
2016.07.01,여수시,먹노린재,1
2016.07.01,영광군,먹노린재,0
2016.07.01,영암군,먹노린재,1
2016.07.01,완도군,먹노린재,1
2016.07.01,장성군,먹노린재,1
2016.07.01,장흥군,먹노린재,1
2016.07.01,진도군,먹노린재,0
2016.07.01,함평군,먹노린재,0
2016.07.01,해남군,먹노린재,1
2016.07.01,화순군,먹노린재,0
2016.07.16,강진군,먹노린재,0
2016.07.16,고흥군,먹노린재,0
2016.07.16,곡성군,먹노린재,0
2016.07.16,광양시,먹노린재,0
2016.07.16,구례군,먹노린재,0
2016.07.16,나주시,먹노린재,0
2016.07.16,담양군,먹노린재,0
2016.07.16,무안군,먹노린재,0
2016.07.16,보성군,먹노린재,0
2016.07.16,순천시,먹노린재,0
2016.07.16,신안군,먹노린재,1
2016.07.16,여수시,먹노린재,1
2016.07.16,영광군,먹노린재,0
2016.07.16,영암군,먹노린재,1
2016.07.16,완도군,먹노린재,0
2016.07.16,장성군,먹노린재,1
2016.07.16,장흥군,먹노린재,1
2016.07.16,진도군,먹노린재,0
2016.07.16,함평군,먹노린재,0
2016.07.16,해남군,먹노린재,0
2016.07.16,화순군,먹노린재,1
2016.08.01,강진군,먹노린재,0
2016.08.01,고흥군,먹노린재,1
2016.08.01,곡성군,먹노린재,0
2016.08.01,광양시,먹노린재,0
2016.08.01,구례군,먹노린재,0
2016.08.01,나주시,먹노린재,0
2016.08.01,담양군,먹노린재,0
2016.08.01,무안군,먹노린재,0
2016.08.01,보성군,먹노린재,0
2016.08.01,순천시,먹노린재,1
2016.08.01,신안군,먹노린재,0
2016.08.01,여수시,먹노린재,1
2016.08.01,영광군,먹노린재,0
2016.08.01,영암군,먹노린재,0
2016.08.01,완도군,먹노린재,0
2016.08.01,장성군,먹노린재,0
2016.08.01,장흥군,먹노린재,1
2016.08.01,진도군,먹노린재,0
2016.08.01,함평군,먹노린재,0
2016.08.01,해남군,먹노린재,0
2016.08.01,화순군,먹노린재,0
2016.08.16,강진군,먹노린재,0
2016.08.16,고흥군,먹노린재,1
2016.08.16,곡성군,먹노린재,0
2016.08.16,광양시,먹노린재,0
2016.08.16,구례군,먹노린재,0
2016.08.16,나주시,먹노린재,0
2016.08.16,담양군,먹노린재,0
2016.08.16,무안군,먹노린재,0
2016.08.16,보성군,먹노린재,0
2016.08.16,순천시,먹노린재,0
2016.08.16,신안군,먹노린재,0
2016.08.16,여수시,먹노린재,1
2016.08.16,영광군,먹노린재,0
2016.08.16,영암군,먹노린재,0
2016.08.16,완도군,먹노린재,0
2016.08.16,장성군,먹노린재,0
2016.08.16,장흥군,먹노린재,0
2016.08.16,진도군,먹노린재,0
2016.08.16,함평군,먹노린재,0
2016.08.16,해남군,먹노린재,0
2016.08.16,화순군,먹노린재,1
2016.09.01,강진군,먹노린재,0
2016.09.01,고흥군,먹노린재,1
2016.09.01,곡성군,먹노린재,1
2016.09.01,광양시,먹노린재,0
2016.09.01,구례군,먹노린재,0
2016.09.01,나주시,먹노린재,0
2016.09.01,담양군,먹노린재,0
2016.09.01,무안군,먹노린재,0
2016.09.01,보성군,먹노린재,1
2016.09.01,순천시,먹노린재,0
2016.09.01,신안군,먹노린재,0
2016.09.01,여수시,먹노린재,0
2016.09.01,영광군,먹노린재,0
2016.09.01,영암군,먹노린재,1
2016.09.01,완도군,먹노린재,0
2016.09.01,장성군,먹노린재,0
2016.09.01,장흥군,먹노린재,1
2016.09.01,진도군,먹노린재,1
2016.09.01,함평군,먹노린재,1
2016.09.01,해남군,먹노린재,0
2016.09.01,화순군,먹노린재,1
2016.09.16,강진군,먹노린재,0
2016.09.16,고흥군,먹노린재,1
2016.09.16,곡성군,먹노린재,0
2016.09.16,광양시,먹노린재,0
2016.09.16,구례군,먹노린재,0
2016.09.16,나주시,먹노린재,0
2016.09.16,담양군,먹노린재,0
2016.09.16,무안군,먹노린재,0
2016.09.16,보성군,먹노린재,0
2016.09.16,순천시,먹노린재,0
2016.09.16,신안군,먹노린재,0
2016.09.16,여수시,먹노린재,1
2016.09.16,영광군,먹노린재,0
2016.09.16,영암군,먹노린재,1
2016.09.16,완도군,먹노린재,0
2016.09.16,장성군,먹노린재,1
2016.09.16,장흥군,먹노린재,1
2016.09.16,진도군,먹노린재,0
2016.09.16,함평군,먹노린재,0
2016.09.16,해남군,먹노린재,0
2016.09.16,화순군,먹노린재,1
2017.06.01,강진군,먹노린재,0
2017.06.01,고흥군,먹노린재,0
2017.06.01,곡성군,먹노린재,0
2017.06.01,광양시,먹노린재,0
2017.06.01,구례군,먹노린재,0
2017.06.01,나주시,먹노린재,0
2017.06.01,담양군,먹노린재,0
2017.06.01,무안군,먹노린재,0
2017.06.01,보성군,먹노린재,0
2017.06.01,순천시,먹노린재,0
2017.06.01,신안군,먹노린재,0
2017.06.01,여수시,먹노린재,0
2017.06.01,영광군,먹노린재,0
2017.06.01,영암군,먹노린재,0
2017.06.01,완도군,먹노린재,0
2017.06.01,장성군,먹노린재,0
2017.06.01,장흥군,먹노린재,0
2017.06.01,진도군,먹노린재,0
2017.06.01,함평군,먹노린재,0
2017.06.01,해남군,먹노린재,0
2017.06.01,화순군,먹노린재,0
2017.06.16,강진군,먹노린재,0
2017.06.16,고흥군,먹노린재,0
2017.06.16,곡성군,먹노린재,0
2017.06.16,광양시,먹노린재,0
2017.06.16,구례군,먹노린재,0
2017.06.16,나주시,먹노린재,0
2017.06.16,담양군,먹노린재,0
2017.06.16,무안군,먹노린재,0
2017.06.16,보성군,먹노린재,0
2017.06.16,순천시,먹노린재,0
2017.06.16,신안군,먹노린재,0
2017.06.16,여수시,먹노린재,1
2017.06.16,영광군,먹노린재,0
2017.06.16,영암군,먹노린재,0
2017.06.16,완도군,먹노린재,0
2017.06.16,장성군,먹노린재,0
2017.06.16,장흥군,먹노린재,0
2017.06.16,진도군,먹노린재,0
2017.06.16,함평군,먹노린재,0
2017.06.16,해남군,먹노린재,0
2017.06.16,화순군,먹노린재,0
2017.07.01,강진군,먹노린재,0
2017.07.01,고흥군,먹노린재,0
2017.07.01,곡성군,먹노린재,1
2017.07.01,광양시,먹노린재,0
2017.07.01,구례군,먹노린재,0
2017.07.01,나주시,먹노린재,1
2017.07.01,담양군,먹노린재,0
2017.07.01,무안군,먹노린재,0
2017.07.01,보성군,먹노린재,0
2017.07.01,순천시,먹노린재,1
2017.07.01,신안군,먹노린재,1
2017.07.01,여수시,먹노린재,1
2017.07.01,영광군,먹노린재,0
2017.07.01,영암군,먹노린재,0
2017.07.01,완도군,먹노린재,0
2017.07.01,장성군,먹노린재,1
2017.07.01,장흥군,먹노린재,1
2017.07.01,진도군,먹노린재,0
2017.07.01,함평군,먹노린재,0
2017.07.01,해남군,먹노린재,1
2017.07.01,화순군,먹노린재,0
2017.07.16,강진군,먹노린재,0
2017.07.16,고흥군,먹노린재,0
2017.07.16,곡성군,먹노린재,0
2017.07.16,광양시,먹노린재,0
2017.07.16,구례군,먹노린재,0
2017.07.16,나주시,먹노린재,0
2017.07.16,담양군,먹노린재,0
2017.07.16,무안군,먹노린재,0
2017.07.16,보성군,먹노린재,0
2017.07.16,순천시,먹노린재,1
2017.07.16,신안군,먹노린재,0
2017.07.16,여수시,먹노린재,1
2017.07.16,영광군,먹노린재,0
2017.07.16,영암군,먹노린재,0
2017.07.16,완도군,먹노린재,0
2017.07.16,장성군,먹노린재,1
2017.07.16,장흥군,먹노린재,1
2017.07.16,진도군,먹노린재,0
2017.07.16,함평군,먹노린재,0
2017.07.16,해남군,먹노린재,0
2017.07.16,화순군,먹노린재,0
2017.08.01,강진군,먹노린재,0
2017.08.01,고흥군,먹노린재,1
2017.08.01,곡성군,먹노린재,1
2017.08.01,광양시,먹노린재,0
2017.08.01,구례군,먹노린재,0
2017.08.01,나주시,먹노린재,0
2017.08.01,담양군,먹노린재,0
2017.08.01,무안군,먹노린재,0
2017.08.01,보성군,먹노린재,1
2017.08.01,순천시,먹노린재,0
2017.08.01,신안군,먹노린재,1
2017.08.01,여수시,먹노린재,0
2017.08.01,영광군,먹노린재,1
2017.08.01,영암군,먹노린재,0
2017.08.01,완도군,먹노린재,0
2017.08.01,장성군,먹노린재,0
2017.08.01,장흥군,먹노린재,1
2017.08.01,진도군,먹노린재,0
2017.08.01,함평군,먹노린재,0
2017.08.01,해남군,먹노린재,1
2017.08.01,화순군,먹노린재,0
2017.08.16,강진군,먹노린재,0
2017.08.16,고흥군,먹노린재,0
2017.08.16,곡성군,먹노린재,1
2017.08.16,광양시,먹노린재,0
2017.08.16,구례군,먹노린재,0
2017.08.16,나주시,먹노린재,0
2017.08.16,담양군,먹노린재,0
2017.08.16,무안군,먹노린재,0
2017.08.16,보성군,먹노린재,0
2017.08.16,순천시,먹노린재,0
2017.08.16,신안군,먹노린재,0
2017.08.16,여수시,먹노린재,0
2017.08.16,영광군,먹노린재,0
2017.08.16,영암군,먹노린재,1
2017.08.16,완도군,먹노린재,0
2017.08.16,장성군,먹노린재,1
2017.08.16,장흥군,먹노린재,1
2017.08.16,진도군,먹노린재,0
2017.08.16,함평군,먹노린재,1
2017.08.16,해남군,먹노린재,1
2017.08.16,화순군,먹노린재,0
2017.09.01,강진군,먹노린재,1
2017.09.01,고흥군,먹노린재,0
2017.09.01,곡성군,먹노린재,1
2017.09.01,광양시,먹노린재,0
2017.09.01,구례군,먹노린재,0
2017.09.01,나주시,먹노린재,0
2017.09.01,담양군,먹노린재,1
2017.09.01,무안군,먹노린재,0
2017.09.01,보성군,먹노린재,1
2017.09.01,순천시,먹노린재,1
2017.09.01,신안군,먹노린재,0
2017.09.01,여수시,먹노린재,1
2017.09.01,영광군,먹노린재,0
2017.09.01,영암군,먹노린재,1
2017.09.01,완도군,먹노린재,1
2017.09.01,장성군,먹노린재,1
2017.09.01,장흥군,먹노린재,1
2017.09.01,진도군,먹노린재,0
2017.09.01,함평군,먹노린재,1
2017.09.01,해남군,먹노린재,1
2017.09.01,화순군,먹노린재,0
2017.09.16,강진군,먹노린재,1
2017.09.16,고흥군,먹노린재,0
2017.09.16,곡성군,먹노린재,1
2017.09.16,광양시,먹노린재,0
2017.09.16,구례군,먹노린재,0
2017.09.16,나주시,먹노린재,0
2017.09.16,담양군,먹노린재,0
2017.09.16,무안군,먹노린재,0
2017.09.16,보성군,먹노린재,0
2017.09.16,순천시,먹노린재,1
2017.09.16,신안군,먹노린재,0
2017.09.16,여수시,먹노린재,1
2017.09.16,영광군,먹노린재,0
2017.09.16,영암군,먹노린재,1
2017.09.16,완도군,먹노린재,1
2017.09.16,장성군,먹노린재,1
2017.09.16,장흥군,먹노린재,1
2017.09.16,진도군,먹노린재,0
2017.09.16,함평군,먹노린재,1
2017.09.16,해남군,먹노린재,1
2017.09.16,화순군,먹노린재,1
2018.06.01,강진군,먹노린재,0
2018.06.01,고흥군,먹노린재,0
2018.06.01,곡성군,먹노린재,0
2018.06.01,광양시,먹노린재,0
2018.06.01,구례군,먹노린재,0
2018.06.01,나주시,먹노린재,0
2018.06.01,담양군,먹노린재,0
2018.06.01,무안군,먹노린재,0
2018.06.01,보성군,먹노린재,0
2018.06.01,순천시,먹노린재,0
2018.06.01,신안군,먹노린재,0
2018.06.01,여수시,먹노린재,0
2018.06.01,영광군,먹노린재,0
2018.06.01,영암군,먹노린재,0
2018.06.01,완도군,먹노린재,0
2018.06.01,장성군,먹노린재,0
2018.06.01,장흥군,먹노린재,0
2018.06.01,진도군,먹노린재,0
2018.06.01,함평군,먹노린재,0
2018.06.01,해남군,먹노린재,0
2018.06.01,화순군,먹노린재,0
2018.06.16,강진군,먹노린재,0
2018.06.16,고흥군,먹노린재,0
2018.06.16,곡성군,먹노린재,0
2018.06.16,광양시,먹노린재,0
2018.06.16,구례군,먹노린재,0
2018.06.16,나주시,먹노린재,0
2018.06.16,담양군,먹노린재,0
2018.06.16,무안군,먹노린재,0
2018.06.16,보성군,먹노린재,0
2018.06.16,순천시,먹노린재,0
2018.06.16,신안군,먹노린재,0
2018.06.16,여수시,먹노린재,1
2018.06.16,영광군,먹노린재,0
2018.06.16,영암군,먹노린재,0
2018.06.16,완도군,먹노린재,0
2018.06.16,장성군,먹노린재,0
2018.06.16,장흥군,먹노린재,0
2018.06.16,진도군,먹노린재,0
2018.06.16,함평군,먹노린재,0
2018.06.16,해남군,먹노린재,0
2018.06.16,화순군,먹노린재,0
2018.07.01,강진군,먹노린재,1
2018.07.01,고흥군,먹노린재,1
2018.07.01,광양시,먹노린재,0
2018.07.01,나주시,먹노린재,1
2018.07.01,순천시,먹노린재,1
2018.07.01,신안군,먹노린재,1
2018.07.01,여수시,먹노린재,1
2018.07.01,영광군,먹노린재,1
2018.07.01,영암군,먹노린재,0
2018.07.01,완도군,먹노린재,0
2018.07.01,진도군,먹노린재,1
2018.07.01,해남군,먹노린재,1
2018.07.01,화순군,먹노린재,0
2018.07.16,강진군,먹노린재,1
2018.07.16,고흥군,먹노린재,1
2018.07.16,곡성군,먹노린재,0
2018.07.16,광양시,먹노린재,0
2018.07.16,구례군,먹노린재,0
2018.07.16,나주시,먹노린재,0
2018.07.16,담양군,먹노린재,0
2018.07.16,무안군,먹노린재,0
2018.07.16,보성군,먹노린재,1
2018.07.16,순천시,먹노린재,1
2018.07.16,신안군,먹노린재,1
2018.07.16,여수시,먹노린재,1
2018.07.16,영광군,먹노린재,1
2018.07.16,영암군,먹노린재,0
2018.07.16,완도군,먹노린재,1
2018.07.16,장성군,먹노린재,1
2018.07.16,장흥군,먹노린재,1
2018.07.16,진도군,먹노린재,0
2018.07.16,함평군,먹노린재,1
2018.07.16,해남군,먹노린재,1
2018.07.16,화순군,먹노린재,1
2018.08.01,강진군,먹노린재,0
2018.08.01,고흥군,먹노린재,1
2018.08.01,곡성군,먹노린재,0
2018.08.01,광양시,먹노린재,0
2018.08.01,구례군,먹노린재,0
2018.08.01,나주시,먹노린재,0
2018.08.01,담양군,먹노린재,0
2018.08.01,무안군,먹노린재,0
2018.08.01,보성군,먹노린재,0
2018.08.01,순천시,먹노린재,1
2018.08.01,신안군,먹노린재,1
2018.08.01,여수시,먹노린재,1
2018.08.01,영광군,먹노린재,0
2018.08.01,영암군,먹노린재,0
2018.08.01,완도군,먹노린재,1
2018.08.01,장성군,먹노린재,1
2018.08.01,장흥군,먹노린재,1
2018.08.01,진도군,먹노린재,1
2018.08.01,함평군,먹노린재,1
2018.08.01,해남군,먹노린재,1
2018.08.01,화순군,먹노린재,1
2018.08.16,강진군,먹노린재,0
2018.08.16,고흥군,먹노린재,1
2018.08.16,곡성군,먹노린재,1
2018.08.16,광양시,먹노린재,1
2018.08.16,구례군,먹노린재,1
2018.08.16,나주시,먹노린재,0
2018.08.16,담양군,먹노린재,0
2018.08.16,무안군,먹노린재,0
2018.08.16,보성군,먹노린재,0
2018.08.16,순천시,먹노린재,1
2018.08.16,신안군,먹노린재,1
2018.08.16,여수시,먹노린재,1
2018.08.16,영광군,먹노린재,0
2018.08.16,영암군,먹노린재,0
2018.08.16,완도군,먹노린재,1
2018.08.16,장성군,먹노린재,1
2018.08.16,장흥군,먹노린재,1
2018.08.16,진도군,먹노린재,1
2018.08.16,함평군,먹노린재,1
2018.08.16,해남군,먹노린재,1
2018.08.16,화순군,먹노린재,1
2018.09.01,강진군,먹노린재,1
2018.09.01,고흥군,먹노린재,1
2018.09.01,곡성군,먹노린재,1
2018.09.01,광양시,먹노린재,1
2018.09.01,구례군,먹노린재,0
2018.09.01,나주시,먹노린재,0
2018.09.01,담양군,먹노린재,0
2018.09.01,무안군,먹노린재,0
2018.09.01,보성군,먹노린재,1
2018.09.01,순천시,먹노린재,1
2018.09.01,신안군,먹노린재,0
2018.09.01,여수시,먹노린재,1
2018.09.01,영광군,먹노린재,1
2018.09.01,영암군,먹노린재,0
2018.09.01,완도군,먹노린재,1
2018.09.01,장성군,먹노린재,0
2018.09.01,장흥군,먹노린재,1
2018.09.01,진도군,먹노린재,1
2018.09.01,함평군,먹노린재,1
2018.09.01,해남군,먹노린재,1
2018.09.01,화순군,먹노린재,1
2018.09.16,강진군,먹노린재,1
2018.09.16,고흥군,먹노린재,1
2018.09.16,곡성군,먹노린재,1
2018.09.16,광양시,먹노린재,1
2018.09.16,구례군,먹노린재,0
2018.09.16,나주시,먹노린재,0
2018.09.16,담양군,먹노린재,0
2018.09.16,무안군,먹노린재,0
2018.09.16,보성군,먹노린재,1
2018.09.16,순천시,먹노린재,0
2018.09.16,신안군,먹노린재,1
2018.09.16,여수시,먹노린재,1
2018.09.16,영광군,먹노린재,1
2018.09.16,영암군,먹노린재,0
2018.09.16,완도군,먹노린재,1
2018.09.16,장성군,먹노린재,0
2018.09.16,장흥군,먹노린재,1
2018.09.16,진도군,먹노린재,1
2018.09.16,함평군,먹노린재,1
2018.09.16,해남군,먹노린재,1
2018.09.16,화순군,먹노린재,1
2019.06.01,강진군,먹노린재,0
2019.06.01,고흥군,먹노린재,0
2019.06.01,곡성군,먹노린재,0
2019.06.01,광양시,먹노린재,0
2019.06.01,구례군,먹노린재,0
2019.06.01,나주시,먹노린재,0
2019.06.01,담양군,먹노린재,0
2019.06.01,무안군,먹노린재,0
2019.06.01,보성군,먹노린재,0
2019.06.01,순천시,먹노린재,0
2019.06.01,신안군,먹노린재,0
2019.06.01,여수시,먹노린재,0
2019.06.01,영광군,먹노린재,0
2019.06.01,영암군,먹노린재,0
2019.06.01,완도군,먹노린재,0
2019.06.01,장성군,먹노린재,0
2019.06.01,장흥군,먹노린재,0
2019.06.01,진도군,먹노린재,0
2019.06.01,함평군,먹노린재,0
2019.06.01,해남군,먹노린재,0
2019.06.01,화순군,먹노린재,0
2019.06.16,강진군,먹노린재,0
2019.06.16,고흥군,먹노린재,0
2019.06.16,곡성군,먹노린재,0
2019.06.16,광양시,먹노린재,0
2019.06.16,구례군,먹노린재,0
2019.06.16,나주시,먹노린재,0
2019.06.16,담양군,먹노린재,0
2019.06.16,무안군,먹노린재,0
2019.06.16,보성군,먹노린재,0
2019.06.16,순천시,먹노린재,1
2019.06.16,신안군,먹노린재,1
2019.06.16,여수시,먹노린재,0
2019.06.16,영광군,먹노린재,0
2019.06.16,영암군,먹노린재,0
2019.06.16,완도군,먹노린재,1
2019.06.16,장성군,먹노린재,0
2019.06.16,장흥군,먹노린재,0
2019.06.16,진도군,먹노린재,0
2019.06.16,함평군,먹노린재,0
2019.06.16,해남군,먹노린재,0
2019.06.16,화순군,먹노린재,0
2019.07.01,강진군,먹노린재,0
2019.07.01,고흥군,먹노린재,1
2019.07.01,곡성군,먹노린재,1
2019.07.01,광양시,먹노린재,1
2019.07.01,구례군,먹노린재,0
2019.07.01,나주시,먹노린재,0
2019.07.01,담양군,먹노린재,1
2019.07.01,무안군,먹노린재,1
2019.07.01,보성군,먹노린재,1
2019.07.01,순천시,먹노린재,1
2019.07.01,신안군,먹노린재,1
2019.07.01,여수시,먹노린재,1
2019.07.01,영광군,먹노린재,1
2019.07.01,영암군,먹노린재,1
2019.07.01,완도군,먹노린재,1
2019.07.01,장성군,먹노린재,0
2019.07.01,장흥군,먹노린재,1
2019.07.01,진도군,먹노린재,1
2019.07.01,함평군,먹노린재,1
2019.07.01,해남군,먹노린재,1
2019.07.01,화순군,먹노린재,0
2019.07.16,강진군,먹노린재,1
2019.07.16,고흥군,먹노린재,0
2019.07.16,곡성군,먹노린재,0
2019.07.16,광양시,먹노린재,1
2019.07.16,구례군,먹노린재,0
2019.07.16,나주시,먹노린재,1
2019.07.16,담양군,먹노린재,0
2019.07.16,무안군,먹노린재,1
2019.07.16,보성군,먹노린재,1
2019.07.16,순천시,먹노린재,1
2019.07.16,신안군,먹노린재,1
2019.07.16,여수시,먹노린재,1
2019.07.16,영광군,먹노린재,1
2019.07.16,영암군,먹노린재,1
2019.07.16,완도군,먹노린재,1
2019.07.16,장성군,먹노린재,1
2019.07.16,장흥군,먹노린재,1
2019.07.16,진도군,먹노린재,1
2019.07.16,함평군,먹노린재,1
2019.07.16,해남군,먹노린재,1
2019.07.16,화순군,먹노린재,1
2019.08.01,강진군,먹노린재,1
2019.08.01,고흥군,먹노린재,1
2019.08.01,곡성군,먹노린재,1
2019.08.01,광양시,먹노린재,0
2019.08.01,구례군,먹노린재,0
2019.08.01,나주시,먹노린재,0
2019.08.01,담양군,먹노린재,0
2019.08.01,무안군,먹노린재,1
2019.08.01,보성군,먹노린재,0
2019.08.01,순천시,먹노린재,0
2019.08.01,신안군,먹노린재,1
2019.08.01,여수시,먹노린재,1
2019.08.01,영광군,먹노린재,0
2019.08.01,영암군,먹노린재,1
2019.08.01,완도군,먹노린재,1
2019.08.01,장성군,먹노린재,1
2019.08.01,장흥군,먹노린재,0
2019.08.01,진도군,먹노린재,1
2019.08.01,함평군,먹노린재,1
2019.08.01,해남군,먹노린재,1
2019.08.01,화순군,먹노린재,0
2019.08.16,강진군,먹노린재,0
2019.08.16,고흥군,먹노린재,0
2019.08.16,광양시,먹노린재,0
2019.08.16,구례군,먹노린재,0
2019.08.16,무안군,먹노린재,1
2019.08.16,보성군,먹노린재,0
2019.08.16,순천시,먹노린재,0
2019.08.16,신안군,먹노린재,1
2019.08.16,여수시,먹노린재,1
2019.08.16,영광군,먹노린재,1
2019.08.16,완도군,먹노린재,1
2019.08.16,장흥군,먹노린재,0
2019.08.16,진도군,먹노린재,1
2019.08.16,함평군,먹노린재,1
2019.08.16,해남군,먹노린재,0
2019.08.16,화순군,먹노린재,1
2019.09.01,강진군,먹노린재,1
2019.09.01,고흥군,먹노린재,0
2019.09.01,곡성군,먹노린재,0
2019.09.01,광양시,먹노린재,0
2019.09.01,구례군,먹노린재,0
2019.09.01,나주시,먹노린재,0
2019.09.01,담양군,먹노린재,0
2019.09.01,무안군,먹노린재,1
2019.09.01,보성군,먹노린재,0
2019.09.01,순천시,먹노린재,1
2019.09.01,신안군,먹노린재,1
2019.09.01,여수시,먹노린재,1
2019.09.01,영광군,먹노린재,1
2019.09.01,영암군,먹노린재,1
2019.09.01,완도군,먹노린재,1
2019.09.01,장성군,먹노린재,1
2019.09.01,장흥군,먹노린재,0
2019.09.01,진도군,먹노린재,1
2019.09.01,함평군,먹노린재,1
2019.09.01,해남군,먹노린재,0
2019.09.01,화순군,먹노린재,0
2019.09.16,강진군,먹노린재,0
2019.09.16,고흥군,먹노린재,0
2019.09.16,곡성군,먹노린재,1
2019.09.16,광양시,먹노린재,0
2019.09.16,구례군,먹노린재,0
2019.09.16,나주시,먹노린재,0
2019.09.16,담양군,먹노린재,0
2019.09.16,무안군,먹노린재,1
2019.09.16,보성군,먹노린재,1
2019.09.16,순천시,먹노린재,1
2019.09.16,여수시,먹노린재,1
2019.09.16,영광군,먹노린재,1
2019.09.16,영암군,먹노린재,1
2019.09.16,완도군,먹노린재,1
2019.09.16,장성군,먹노린재,1
2019.09.16,장흥군,먹노린재,1
2019.09.16,진도군,먹노린재,1
2019.09.16,함평군,먹노린재,1
2019.09.16,해남군,먹노린재,0
2019.09.16,화순군,먹노린재,0
2020.06.01,강진군,먹노린재,0
2020.06.01,고흥군,먹노린재,0
2020.06.01,광양시,먹노린재,0
2020.06.01,구례군,먹노린재,0
2020.06.01,나주시,먹노린재,0
2020.06.01,담양군,먹노린재,0
2020.06.01,무안군,먹노린재,0
2020.06.01,보성군,먹노린재,0
2020.06.01,순천시,먹노린재,0
2020.06.01,신안군,먹노린재,0
2020.06.01,여수시,먹노린재,0
2020.06.01,영광군,먹노린재,0
2020.06.01,영암군,먹노린재,0
2020.06.01,완도군,먹노린재,0
2020.06.01,장성군,먹노린재,0
2020.06.01,장흥군,먹노린재,0
2020.06.01,진도군,먹노린재,0
2020.06.01,함평군,먹노린재,0
2020.06.01,해남군,먹노린재,0
2020.06.01,화순군,먹노린재,0
2020.06.16,강진군,먹노린재,0
2020.06.16,고흥군,먹노린재,1
2020.06.16,곡성군,먹노린재,1
2020.06.16,광양시,먹노린재,0
2020.06.16,구례군,먹노린재,0
2020.06.16,나주시,먹노린재,1
2020.06.16,담양군,먹노린재,0
2020.06.16,무안군,먹노린재,1
2020.06.16,보성군,먹노린재,0
2020.06.16,순천시,먹노린재,1
2020.06.16,신안군,먹노린재,0
2020.06.16,여수시,먹노린재,1
2020.06.16,영광군,먹노린재,1
2020.06.16,영암군,먹노린재,0
2020.06.16,완도군,먹노린재,0
2020.06.16,장성군,먹노린재,1
2020.06.16,장흥군,먹노린재,1
2020.06.16,진도군,먹노린재,1
2020.06.16,함평군,먹노린재,1
2020.06.16,해남군,먹노린재,1
2020.06.16,화순군,먹노린재,0
2020.07.01,강진군,먹노린재,1
2020.07.01,고흥군,먹노린재,1
2020.07.01,곡성군,먹노린재,1
2020.07.01,광양시,먹노린재,1
2020.07.01,구례군,먹노린재,0
2020.07.01,담양군,먹노린재,1
2020.07.01,무안군,먹노린재,1
2020.07.01,보성군,먹노린재,0
2020.07.01,순천시,먹노린재,1
2020.07.01,신안군,먹노린재,1
2020.07.01,여수시,먹노린재,1
2020.07.01,영광군,먹노린재,0
2020.07.01,영암군,먹노린재,0
2020.07.01,완도군,먹노린재,0
2020.07.01,장성군,먹노린재,1
2020.07.01,장흥군,먹노린재,1
2020.07.01,진도군,먹노린재,1
2020.07.01,함평군,먹노린재,1
2020.07.01,해남군,먹노린재,1
2020.07.01,화순군,먹노린재,0
2020.07.16,강진군,먹노린재,1
2020.07.16,고흥군,먹노린재,0
2020.07.16,곡성군,먹노린재,1
2020.07.16,광양시,먹노린재,0
2020.07.16,구례군,먹노린재,0
2020.07.16,나주시,먹노린재,1
2020.07.16,담양군,먹노린재,1
2020.07.16,무안군,먹노린재,1
2020.07.16,보성군,먹노린재,0
2020.07.16,순천시,먹노린재,0
2020.07.16,신안군,먹노린재,1
2020.07.16,여수시,먹노린재,1
2020.07.16,영광군,먹노린재,1
2020.07.16,영암군,먹노린재,0
2020.07.16,완도군,먹노린재,1
2020.07.16,장성군,먹노린재,1
2020.07.16,장흥군,먹노린재,1
2020.07.16,진도군,먹노린재,1
2020.07.16,함평군,먹노린재,1
2020.07.16,해남군,먹노린재,1
2020.07.16,화순군,먹노린재,0
2020.08.01,강진군,먹노린재,1
2020.08.01,고흥군,먹노린재,0
2020.08.01,곡성군,먹노린재,1
2020.08.01,광양시,먹노린재,1
2020.08.01,구례군,먹노린재,0
2020.08.01,나주시,먹노린재,1
2020.08.01,담양군,먹노린재,1
2020.08.01,무안군,먹노린재,1
2020.08.01,보성군,먹노린재,1
2020.08.01,순천시,먹노린재,1
2020.08.01,신안군,먹노린재,1
2020.08.01,여수시,먹노린재,1
2020.08.01,영광군,먹노린재,1
2020.08.01,영암군,먹노린재,0
2020.08.01,완도군,먹노린재,1
2020.08.01,장성군,먹노린재,1
2020.08.01,장흥군,먹노린재,1
2020.08.01,진도군,먹노린재,1
2020.08.01,함평군,먹노린재,1
2020.08.01,해남군,먹노린재,1
2020.08.01,화순군,먹노린재,1
2020.08.16,강진군,먹노린재,0
2020.08.16,고흥군,먹노린재,0
2020.08.16,곡성군,먹노린재,1
2020.08.16,광양시,먹노린재,1
2020.08.16,구례군,먹노린재,0
2020.08.16,나주시,먹노린재,0
2020.08.16,담양군,먹노린재,0
2020.08.16,무안군,먹노린재,1
2020.08.16,보성군,먹노린재,1
2020.08.16,순천시,먹노린재,1
2020.08.16,신안군,먹노린재,0
2020.08.16,여수시,먹노린재,1
2020.08.16,영광군,먹노린재,1
2020.08.16,영암군,먹노린재,0
2020.08.16,완도군,먹노린재,1
2020.08.16,장성군,먹노린재,0
2020.08.16,장흥군,먹노린재,0
2020.08.16,진도군,먹노린재,1
2020.08.16,함평군,먹노린재,1
2020.08.16,해남군,먹노린재,0
2020.08.16,화순군,먹노린재,1
2020.09.01,강진군,먹노린재,1
2020.09.01,고흥군,먹노린재,0
2020.09.01,곡성군,먹노린재,1
2020.09.01,광양시,먹노린재,1
2020.09.01,구례군,먹노린재,0
2020.09.01,나주시,먹노린재,0
2020.09.01,담양군,먹노린재,1
2020.09.01,무안군,먹노린재,0
2020.09.01,보성군,먹노린재,0
2020.09.01,순천시,먹노린재,1
2020.09.01,신안군,먹노린재,0
2020.09.01,여수시,먹노린재,1
2020.09.01,영광군,먹노린재,1
2020.09.01,영암군,먹노린재,0
2020.09.01,완도군,먹노린재,1
2020.09.01,장성군,먹노린재,0
2020.09.01,장흥군,먹노린재,0
2020.09.01,진도군,먹노린재,1
2020.09.01,함평군,먹노린재,1
2020.09.01,해남군,먹노린재,0
2020.09.01,화순군,먹노린재,1
2020.09.16,강진군,먹노린재,1
2020.09.16,고흥군,먹노린재,0
2020.09.16,곡성군,먹노린재,1
2020.09.16,광양시,먹노린재,0
2020.09.16,구례군,먹노린재,0
2020.09.16,나주시,먹노린재,1
2020.09.16,담양군,먹노린재,0
2020.09.16,무안군,먹노린재,1
2020.09.16,보성군,먹노린재,0
2020.09.16,순천시,먹노린재,0
2020.09.16,신안군,먹노린재,0
2020.09.16,여수시,먹노린재,1
2020.09.16,영광군,먹노린재,1
2020.09.16,영암군,먹노린재,0
2020.09.16,완도군,먹노린재,1
2020.09.16,장성군,먹노린재,0
2020.09.16,장흥군,먹노린재,0
2020.09.16,진도군,먹노린재,0
2020.09.16,함평군,먹노린재,1
2020.09.16,해남군,먹노린재,1
2020.09.16,화순군,먹노린재,1
2021.06.01,강진군,먹노린재,0
2021.06.01,고흥군,먹노린재,0
2021.06.01,곡성군,먹노린재,0
2021.06.01,광양시,먹노린재,0
2021.06.01,구례군,먹노린재,0
2021.06.01,나주시,먹노린재,0
2021.06.01,담양군,먹노린재,0
2021.06.01,무안군,먹노린재,0
2021.06.01,보성군,먹노린재,0
2021.06.01,순천시,먹노린재,0
2021.06.01,신안군,먹노린재,0
2021.06.01,여수시,먹노린재,0
2021.06.01,영암군,먹노린재,0
2021.06.01,완도군,먹노린재,0
2021.06.01,장성군,먹노린재,0
2021.06.01,장흥군,먹노린재,0
2021.06.01,진도군,먹노린재,0
2021.06.01,함평군,먹노린재,0
2021.06.01,해남군,먹노린재,0
2021.06.01,화순군,먹노린재,0
2021.06.16,강진군,먹노린재,0
2021.06.16,고흥군,먹노린재,0
2021.06.16,곡성군,먹노린재,0
2021.06.16,광양시,먹노린재,1
2021.06.16,구례군,먹노린재,0
2021.06.16,나주시,먹노린재,0
2021.06.16,담양군,먹노린재,0
2021.06.16,무안군,먹노린재,1
2021.06.16,보성군,먹노린재,0
2021.06.16,순천시,먹노린재,1
2021.06.16,신안군,먹노린재,0
2021.06.16,여수시,먹노린재,0
2021.06.16,영광군,먹노린재,1
2021.06.16,영암군,먹노린재,1
2021.06.16,완도군,먹노린재,0
2021.06.16,장성군,먹노린재,1
2021.06.16,장흥군,먹노린재,1
2021.06.16,진도군,먹노린재,0
2021.06.16,함평군,먹노린재,0
2021.06.16,해남군,먹노린재,0
2021.06.16,화순군,먹노린재,1
2021.07.01,강진군,먹노린재,0
2021.07.01,고흥군,먹노린재,1
2021.07.01,곡성군,먹노린재,1
2021.07.01,광양시,먹노린재,0
2021.07.01,구례군,먹노린재,0
2021.07.01,나주시,먹노린재,0
2021.07.01,담양군,먹노린재,0
2021.07.01,무안군,먹노린재,0
2021.07.01,보성군,먹노린재,0
2021.07.01,순천시,먹노린재,1
2021.07.01,신안군,먹노린재,0
2021.07.01,여수시,먹노린재,1
2021.07.01,영광군,먹노린재,1
2021.07.01,영암군,먹노린재,0
2021.07.01,완도군,먹노린재,0
2021.07.01,장성군,먹노린재,1
2021.07.01,장흥군,먹노린재,1
2021.07.01,진도군,먹노린재,1
2021.07.01,함평군,먹노린재,0
2021.07.01,해남군,먹노린재,1
2021.07.01,화순군,먹노린재,1
2021.07.16,강진군,먹노린재,1
2021.07.16,고흥군,먹노린재,0
2021.07.16,곡성군,먹노린재,1
2021.07.16,광양시,먹노린재,1
2021.07.16,구례군,먹노린재,0
2021.07.16,나주시,먹노린재,0
2021.07.16,담양군,먹노린재,0
2021.07.16,무안군,먹노린재,0
2021.07.16,보성군,먹노린재,0
2021.07.16,순천시,먹노린재,0
2021.07.16,신안군,먹노린재,0
2021.07.16,여수시,먹노린재,1
2021.07.16,영광군,먹노린재,1
2021.07.16,영암군,먹노린재,0
2021.07.16,완도군,먹노린재,1
2021.07.16,장성군,먹노린재,1
2021.07.16,장흥군,먹노린재,1
2021.07.16,진도군,먹노린재,1
2021.07.16,함평군,먹노린재,0
2021.07.16,해남군,먹노린재,0
2021.07.16,화순군,먹노린재,1
2021.08.01,강진군,먹노린재,1
2021.08.01,고흥군,먹노린재,0
2021.08.01,곡성군,먹노린재,1
2021.08.01,광양시,먹노린재,0
2021.08.01,구례군,먹노린재,0
2021.08.01,보성군,먹노린재,0
2021.08.01,여수시,먹노린재,0
2021.08.01,영암군,먹노린재,0
2021.08.01,완도군,먹노린재,1
2021.08.01,장성군,먹노린재,1
2021.08.01,진도군,먹노린재,0
2021.08.01,함평군,먹노린재,0
2021.08.01,해남군,먹노린재,0
2021.08.01,화순군,먹노린재,1
2021.08.16,강진군,먹노린재,0
2021.08.16,고흥군,먹노린재,0
2021.08.16,곡성군,먹노린재,1
2021.08.16,광양시,먹노린재,0
2021.08.16,구례군,먹노린재,0
2021.08.16,나주시,먹노린재,0
2021.08.16,담양군,먹노린재,0
2021.08.16,무안군,먹노린재,0
2021.08.16,보성군,먹노린재,0
2021.08.16,순천시,먹노린재,0
2021.08.16,신안군,먹노린재,0
2021.08.16,여수시,먹노린재,0
2021.08.16,영광군,먹노린재,1
2021.08.16,영암군,먹노린재,0
2021.08.16,완도군,먹노린재,1
2021.08.16,장성군,먹노린재,1
2021.08.16,장흥군,먹노린재,1
2021.08.16,진도군,먹노린재,1
2021.08.16,함평군,먹노린재,0
2021.08.16,해남군,먹노린재,0
2021.08.16,화순군,먹노린재,0
2021.09.01,강진군,먹노린재,0
2021.09.01,고흥군,먹노린재,0
2021.09.01,곡성군,먹노린재,1
2021.09.01,광양시,먹노린재,1
2021.09.01,구례군,먹노린재,0
2021.09.01,담양군,먹노린재,1
2021.09.01,무안군,먹노린재,0
2021.09.01,보성군,먹노린재,1
2021.09.01,순천시,먹노린재,0
2021.09.01,신안군,먹노린재,0
2021.09.01,여수시,먹노린재,1
2021.09.01,영암군,먹노린재,0
2021.09.01,완도군,먹노린재,1
2021.09.01,장성군,먹노린재,0
2021.09.01,장흥군,먹노린재,1
2021.09.01,진도군,먹노린재,1
2021.09.01,함평군,먹노린재,0
2021.09.01,해남군,먹노린재,0
2021.09.01,화순군,먹노린재,0
2021.09.16,강진군,먹노린재,0
2021.09.16,고흥군,먹노린재,0
2021.09.16,곡성군,먹노린재,1
2021.09.16,광양시,먹노린재,0
2021.09.16,구례군,먹노린재,0
2021.09.16,나주시,먹노린재,0
2021.09.16,담양군,먹노린재,0
2021.09.16,무안군,먹노린재,0
2021.09.16,보성군,먹노린재,0
2021.09.16,순천시,먹노린재,0
2021.09.16,신안군,먹노린재,0
2021.09.16,여수시,먹노린재,1
2021.09.16,영광군,먹노린재,1
2021.09.16,영암군,먹노린재,1
2021.09.16,완도군,먹노린재,0
2021.09.16,장성군,먹노린재,0
2021.09.16,장흥군,먹노린재,1
2021.09.16,진도군,먹노린재,0
2021.09.16,함평군,먹노린재,0
2021.09.16,해남군,먹노린재,0
2021.09.16,화순군,먹노린재,1
2022.06.01,강진군,먹노린재,0
2022.06.01,고흥군,먹노린재,0
2022.06.01,곡성군,먹노린재,0
2022.06.01,광양시,먹노린재,0
2022.06.01,구례군,먹노린재,0
2022.06.01,나주시,먹노린재,0
2022.06.01,담양군,먹노린재,0
2022.06.01,무안군,먹노린재,0
2022.06.01,보성군,먹노린재,0
2022.06.01,순천시,먹노린재,0
2022.06.01,신안군,먹노린재,0
2022.06.01,여수시,먹노린재,0
2022.06.01,영광군,먹노린재,0
2022.06.01,영암군,먹노린재,0
2022.06.01,완도군,먹노린재,0
2022.06.01,장성군,먹노린재,0
2022.06.01,장흥군,먹노린재,0
2022.06.01,진도군,먹노린재,0
2022.06.01,함평군,먹노린재,0
2022.06.01,해남군,먹노린재,0
2022.06.01,화순군,먹노린재,0
2022.06.16,강진군,먹노린재,0
2022.06.16,고흥군,먹노린재,0
2022.06.16,곡성군,먹노린재,0
2022.06.16,광양시,먹노린재,0
2022.06.16,구례군,먹노린재,0
2022.06.16,나주시,먹노린재,0
2022.06.16,담양군,먹노린재,0
2022.06.16,무안군,먹노린재,0
2022.06.16,보성군,먹노린재,0
2022.06.16,순천시,먹노린재,0
2022.06.16,신안군,먹노린재,0
2022.06.16,여수시,먹노린재,1
2022.06.16,영광군,먹노린재,0
2022.06.16,영암군,먹노린재,0
2022.06.16,완도군,먹노린재,0
2022.06.16,장성군,먹노린재,0
2022.06.16,장흥군,먹노린재,0
2022.06.16,진도군,먹노린재,0
2022.06.16,함평군,먹노린재,0
2022.06.16,해남군,먹노린재,0
2022.06.16,화순군,먹노린재,0
2022.07.01,강진군,먹노린재,0
2022.07.01,고흥군,먹노린재,0
2022.07.01,곡성군,먹노린재,0
2022.07.01,광양시,먹노린재,0
2022.07.01,구례군,먹노린재,0
2022.07.01,나주시,먹노린재,0
2022.07.01,담양군,먹노린재,0
2022.07.01,무안군,먹노린재,0
2022.07.01,보성군,먹노린재,0
2022.07.01,순천시,먹노린재,0
2022.07.01,신안군,먹노린재,0
2022.07.01,여수시,먹노린재,1
2022.07.01,영광군,먹노린재,0
2022.07.01,영암군,먹노린재,0
2022.07.01,완도군,먹노린재,0
2022.07.01,장성군,먹노린재,1
2022.07.01,장흥군,먹노린재,0
2022.07.01,진도군,먹노린재,0
2022.07.01,함평군,먹노린재,0
2022.07.01,해남군,먹노린재,1
2022.07.01,화순군,먹노린재,1
2022.07.16,강진군,먹노린재,0
2022.07.16,고흥군,먹노린재,0
2022.07.16,곡성군,먹노린재,0
2022.07.16,광양시,먹노린재,0
2022.07.16,구례군,먹노린재,0
2022.07.16,나주시,먹노린재,0
2022.07.16,담양군,먹노린재,0
2022.07.16,무안군,먹노린재,0
2022.07.16,보성군,먹노린재,0
2022.07.16,순천시,먹노린재,0
2022.07.16,신안군,먹노린재,0
2022.07.16,여수시,먹노린재,1
2022.07.16,영광군,먹노린재,0
2022.07.16,영암군,먹노린재,0
2022.07.16,완도군,먹노린재,0
2022.07.16,장성군,먹노린재,1
2022.07.16,장흥군,먹노린재,1
2022.07.16,진도군,먹노린재,0
2022.07.16,함평군,먹노린재,0
2022.07.16,해남군,먹노린재,0
2022.07.16,화순군,먹노린재,1
2022.08.01,강진군,먹노린재,1
2022.08.01,고흥군,먹노린재,0
2022.08.01,곡성군,먹노린재,0
2022.08.01,광양시,먹노린재,0
2022.08.01,구례군,먹노린재,0
2022.08.01,나주시,먹노린재,0
2022.08.01,담양군,먹노린재,0
2022.08.01,무안군,먹노린재,0
2022.08.01,보성군,먹노린재,1
2022.08.01,순천시,먹노린재,0
2022.08.01,신안군,먹노린재,0
2022.08.01,여수시,먹노린재,0
2022.08.01,영광군,먹노린재,1
2022.08.01,영암군,먹노린재,1
2022.08.01,완도군,먹노린재,0
2022.08.01,장성군,먹노린재,1
2022.08.01,장흥군,먹노린재,0
2022.08.01,진도군,먹노린재,0
2022.08.01,함평군,먹노린재,0
2022.08.01,화순군,먹노린재,1
2022.08.16,강진군,먹노린재,0
2022.08.16,고흥군,먹노린재,0
2022.08.16,광양시,먹노린재,0
2022.08.16,구례군,먹노린재,0
2022.08.16,담양군,먹노린재,0
2022.08.16,무안군,먹노린재,0
2022.08.16,보성군,먹노린재,0
2022.08.16,순천시,먹노린재,0
2022.08.16,여수시,먹노린재,0
2022.08.16,영암군,먹노린재,0
2022.08.16,완도군,먹노린재,0
2022.08.16,장성군,먹노린재,0
2022.08.16,장흥군,먹노린재,0
2022.08.16,진도군,먹노린재,1
2022.08.16,함평군,먹노린재,0
2022.08.16,해남군,먹노린재,0
2022.08.16,화순군,먹노린재,0
2022.09.01,강진군,먹노린재,0
2022.09.01,고흥군,먹노린재,0
2022.09.01,곡성군,먹노린재,0
2022.09.01,광양시,먹노린재,0
2022.09.01,구례군,먹노린재,0
2022.09.01,담양군,먹노린재,1
2022.09.01,보성군,먹노린재,0
2022.09.01,순천시,먹노린재,0
2022.09.01,신안군,먹노린재,0
2022.09.01,여수시,먹노린재,0
2022.09.01,영암군,먹노린재,1
2022.09.01,완도군,먹노린재,0
2022.09.01,장성군,먹노린재,0
2022.09.01,장흥군,먹노린재,0
2022.09.01,진도군,먹노린재,1
2022.09.01,해남군,먹노린재,0
2022.09.01,화순군,먹노린재,0
2022.09.16,강진군,먹노린재,0
2022.09.16,고흥군,먹노린재,0
2022.09.16,곡성군,먹노린재,0
2022.09.16,광양시,먹노린재,0
2022.09.16,구례군,먹노린재,0
2022.09.16,나주시,먹노린재,0
2022.09.16,담양군,먹노린재,0
2022.09.16,무안군,먹노린재,0
2022.09.16,보성군,먹노린재,0
2022.09.16,순천시,먹노린재,0
2022.09.16,신안군,먹노린재,0
2022.09.16,여수시,먹노린재,0
2022.09.16,영광군,먹노린재,0
2022.09.16,완도군,먹노린재,0
2022.09.16,장성군,먹노린재,0
2022.09.16,장흥군,먹노린재,0
2022.09.16,진도군,먹노린재,0
2022.09.16,함평군,먹노린재,0
2022.09.16,해남군,먹노린재,0
2022.09.16,화순군,먹노린재,0
2023.06.01,강진군,먹노린재,0
2023.06.01,곡성군,먹노린재,0
2023.06.01,광양시,먹노린재,0
2023.06.01,구례군,먹노린재,0
2023.06.01,나주시,먹노린재,0
2023.06.01,담양군,먹노린재,0
2023.06.01,무안군,먹노린재,0
2023.06.01,보성군,먹노린재,0
2023.06.01,순천시,먹노린재,0
2023.06.01,신안군,먹노린재,0
2023.06.01,여수시,먹노린재,0
2023.06.01,영광군,먹노린재,0
2023.06.01,영암군,먹노린재,0
2023.06.01,완도군,먹노린재,0
2023.06.01,장성군,먹노린재,0
2023.06.01,장흥군,먹노린재,0
2023.06.01,진도군,먹노린재,1
2023.06.01,함평군,먹노린재,0
2023.06.01,해남군,먹노린재,0
2023.06.01,화순군,먹노린재,0
2023.06.16,강진군,먹노린재,0
2023.06.16,곡성군,먹노린재,0
2023.06.16,광양시,먹노린재,0
2023.06.16,구례군,먹노린재,0
2023.06.16,나주시,먹노린재,0
2023.06.16,담양군,먹노린재,0
2023.06.16,무안군,먹노린재,0
2023.06.16,보성군,먹노린재,0
2023.06.16,순천시,먹노린재,0
2023.06.16,신안군,먹노린재,0
2023.06.16,여수시,먹노린재,0
2023.06.16,영광군,먹노린재,0
2023.06.16,영암군,먹노린재,1
2023.06.16,완도군,먹노린재,0
2023.06.16,장성군,먹노린재,0
2023.06.16,장흥군,먹노린재,0
2023.06.16,진도군,먹노린재,1
2023.06.16,함평군,먹노린재,0
2023.06.16,해남군,먹노린재,0
2023.06.16,화순군,먹노린재,0
2023.07.01,강진군,먹노린재,0
2023.07.01,고흥군,먹노린재,0
2023.07.01,곡성군,먹노린재,1
2023.07.01,광양시,먹노린재,0
2023.07.01,구례군,먹노린재,0
2023.07.01,나주시,먹노린재,0
2023.07.01,담양군,먹노린재,0
2023.07.01,무안군,먹노린재,0
2023.07.01,보성군,먹노린재,0
2023.07.01,순천시,먹노린재,0
2023.07.01,신안군,먹노린재,0
2023.07.01,여수시,먹노린재,1
2023.07.01,영광군,먹노린재,0
2023.07.01,영암군,먹노린재,1
2023.07.01,완도군,먹노린재,0
2023.07.01,장성군,먹노린재,1
2023.07.01,장흥군,먹노린재,0
2023.07.01,진도군,먹노린재,0
2023.07.01,함평군,먹노린재,0
2023.07.01,해남군,먹노린재,0
2023.07.01,화순군,먹노린재,1
2023.07.16,강진군,먹노린재,1
2023.07.16,고흥군,먹노린재,0
2023.07.16,곡성군,먹노린재,0
2023.07.16,광양시,먹노린재,0
2023.07.16,구례군,먹노린재,0
2023.07.16,나주시,먹노린재,0
2023.07.16,담양군,먹노린재,0
2023.07.16,무안군,먹노린재,0
2023.07.16,보성군,먹노린재,0
2023.07.16,순천시,먹노린재,0
2023.07.16,신안군,먹노린재,1
2023.07.16,여수시,먹노린재,1
2023.07.16,영광군,먹노린재,0
2023.07.16,영암군,먹노린재,0
2023.07.16,완도군,먹노린재,0
2023.07.16,장성군,먹노린재,1
2023.07.16,장흥군,먹노린재,1
2023.07.16,진도군,먹노린재,1
2023.07.16,함평군,먹노린재,0
2023.07.16,해남군,먹노린재,0
2023.07.16,화순군,먹노린재,1
2023.08.01,강진군,먹노린재,1
2023.08.01,고흥군,먹노린재,0
2023.08.01,곡성군,먹노린재,0
2023.08.01,광양시,먹노린재,0
2023.08.01,구례군,먹노린재,0
2023.08.01,나주시,먹노린재,0
2023.08.01,담양군,먹노린재,0
2023.08.01,무안군,먹노린재,0
2023.08.01,보성군,먹노린재,0
2023.08.01,순천시,먹노린재,0
2023.08.01,신안군,먹노린재,0
2023.08.01,여수시,먹노린재,1
2023.08.01,영광군,먹노린재,0
2023.08.01,영암군,먹노린재,1
2023.08.01,완도군,먹노린재,1
2023.08.01,장성군,먹노린재,0
2023.08.01,장흥군,먹노린재,1
2023.08.01,진도군,먹노린재,1
2023.08.01,함평군,먹노린재,1
2023.08.01,해남군,먹노린재,0
2023.08.01,화순군,먹노린재,1
2023.08.16,강진군,먹노린재,0
2023.08.16,고흥군,먹노린재,0
2023.08.16,곡성군,먹노린재,0
2023.08.16,광양시,먹노린재,0
2023.08.16,구례군,먹노린재,0
2023.08.16,나주시,먹노린재,0
2023.08.16,담양군,먹노린재,0
2023.08.16,무안군,먹노린재,0
2023.08.16,보성군,먹노린재,0
2023.08.16,순천시,먹노린재,0
2023.08.16,신안군,먹노린재,0
2023.08.16,여수시,먹노린재,1
2023.08.16,영광군,먹노린재,0
2023.08.16,영암군,먹노린재,1
2023.08.16,완도군,먹노린재,1
2023.08.16,장성군,먹노린재,0
2023.08.16,장흥군,먹노린재,0
2023.08.16,진도군,먹노린재,1
2023.08.16,함평군,먹노린재,1
2023.08.16,해남군,먹노린재,0
2023.08.16,화순군,먹노린재,0
2023.09.01,강진군,먹노린재,1
2023.09.01,고흥군,먹노린재,0
2023.09.01,곡성군,먹노린재,1
2023.09.01,광양시,먹노린재,0
2023.09.01,구례군,먹노린재,1
2023.09.01,나주시,먹노린재,0
2023.09.01,담양군,먹노린재,0
2023.09.01,무안군,먹노린재,0
2023.09.01,보성군,먹노린재,0
2023.09.01,순천시,먹노린재,0
2023.09.01,신안군,먹노린재,1
2023.09.01,여수시,먹노린재,1
2023.09.01,영광군,먹노린재,0
2023.09.01,영암군,먹노린재,1
2023.09.01,완도군,먹노린재,0
2023.09.01,장성군,먹노린재,1
2023.09.01,장흥군,먹노린재,1
2023.09.01,진도군,먹노린재,1
2023.09.01,함평군,먹노린재,0
2023.09.01,해남군,먹노린재,0
2023.09.01,화순군,먹노린재,0
2023.09.16,강진군,먹노린재,0
2023.09.16,고흥군,먹노린재,0
2023.09.16,곡성군,먹노린재,1
2023.09.16,광양시,먹노린재,0
2023.09.16,구례군,먹노린재,1
2023.09.16,나주시,먹노린재,0
2023.09.16,담양군,먹노린재,1
2023.09.16,무안군,먹노린재,0
2023.09.16,보성군,먹노린재,0
2023.09.16,순천시,먹노린재,0
2023.09.16,신안군,먹노린재,0
2023.09.16,여수시,먹노린재,1
2023.09.16,영광군,먹노린재,0
2023.09.16,영암군,먹노린재,1
2023.09.16,완도군,먹노린재,0
2023.09.16,장성군,먹노린재,0
2023.09.16,장흥군,먹노린재,0
2023.09.16,진도군,먹노린재,0
2023.09.16,함평군,먹노린재,0
2023.09.16,해남군,먹노린재,0
2023.09.16,화순군,먹노린재,0
2024.06.01,강진군,먹노린재,0
2024.06.01,고흥군,먹노린재,0
2024.06.01,광양시,먹노린재,0
2024.06.01,구례군,먹노린재,0
2024.06.01,나주시,먹노린재,0
2024.06.01,무안군,먹노린재,0
2024.06.01,보성군,먹노린재,0
2024.06.01,순천시,먹노린재,0
2024.06.01,신안군,먹노린재,0
2024.06.01,여수시,먹노린재,0
2024.06.01,영암군,먹노린재,0
2024.06.01,완도군,먹노린재,0
2024.06.01,장성군,먹노린재,0
2024.06.01,장흥군,먹노린재,0
2024.06.01,진도군,먹노린재,0
2024.06.01,해남군,먹노린재,0
2024.06.01,화순군,먹노린재,0
2024.06.16,강진군,먹노린재,0
2024.06.16,고흥군,먹노린재,0
2024.06.16,광양시,먹노린재,0
2024.06.16,구례군,먹노린재,0
2024.06.16,나주시,먹노린재,0
2024.06.16,담양군,먹노린재,0
2024.06.16,무안군,먹노린재,0
2024.06.16,보성군,먹노린재,0
2024.06.16,순천시,먹노린재,0
2024.06.16,신안군,먹노린재,0
2024.06.16,여수시,먹노린재,0
2024.06.16,영광군,먹노린재,0
2024.06.16,영암군,먹노린재,0
2024.06.16,완도군,먹노린재,0
2024.06.16,장성군,먹노린재,0
2024.06.16,장흥군,먹노린재,0
2024.06.16,진도군,먹노린재,1
2024.06.16,해남군,먹노린재,0
2024.06.16,화순군,먹노린재,0
2024.07.01,강진군,먹노린재,0
2024.07.01,고흥군,먹노린재,0
2024.07.01,곡성군,먹노린재,0
2024.07.01,광양시,먹노린재,1
2024.07.01,구례군,먹노린재,0
2024.07.01,나주시,먹노린재,0
2024.07.01,담양군,먹노린재,0
2024.07.01,무안군,먹노린재,0
2024.07.01,보성군,먹노린재,0
2024.07.01,순천시,먹노린재,0
2024.07.01,신안군,먹노린재,0
2024.07.01,여수시,먹노린재,0
2024.07.01,영광군,먹노린재,0
2024.07.01,영암군,먹노린재,1
2024.07.01,완도군,먹노린재,0
2024.07.01,장성군,먹노린재,0
2024.07.01,장흥군,먹노린재,0
2024.07.01,진도군,먹노린재,1
2024.07.01,함평군,먹노린재,0
2024.07.01,해남군,먹노린재,0
2024.07.01,화순군,먹노린재,1
2024.07.16,강진군,먹노린재,0
2024.07.16,고흥군,먹노린재,1
2024.07.16,곡성군,먹노린재,0
2024.07.16,광양시,먹노린재,0
2024.07.16,구례군,먹노린재,0
2024.07.16,나주시,먹노린재,0
2024.07.16,담양군,먹노린재,0
2024.07.16,무안군,먹노린재,0
2024.07.16,보성군,먹노린재,0
2024.07.16,순천시,먹노린재,0
2024.07.16,신안군,먹노린재,0
2024.07.16,여수시,먹노린재,0
2024.07.16,영광군,먹노린재,0
2024.07.16,영암군,먹노린재,1
2024.07.16,완도군,먹노린재,0
2024.07.16,장성군,먹노린재,1
2024.07.16,장흥군,먹노린재,1
2024.07.16,진도군,먹노린재,1
2024.07.16,함평군,먹노린재,0
2024.07.16,해남군,먹노린재,0
2024.07.16,화순군,먹노린재,1
2024.08.01,강진군,먹노린재,0
2024.08.01,고흥군,먹노린재,0
2024.08.01,곡성군,먹노린재,0
2024.08.01,광양시,먹노린재,0
2024.08.01,구례군,먹노린재,0
2024.08.01,나주시,먹노린재,0
2024.08.01,담양군,먹노린재,1
2024.08.01,무안군,먹노린재,0
2024.08.01,보성군,먹노린재,0
2024.08.01,순천시,먹노린재,0
2024.08.01,신안군,먹노린재,0
2024.08.01,여수시,먹노린재,0
2024.08.01,영광군,먹노린재,0
2024.08.01,영암군,먹노린재,1
2024.08.01,완도군,먹노린재,0
2024.08.01,장성군,먹노린재,0
2024.08.01,장흥군,먹노린재,1
2024.08.01,진도군,먹노린재,1
2024.08.01,함평군,먹노린재,1
2024.08.01,해남군,먹노린재,0
2024.08.01,화순군,먹노린재,0
2024.08.16,강진군,먹노린재,0
2024.08.16,고흥군,먹노린재,0
2024.08.16,곡성군,먹노린재,1
2024.08.16,광양시,먹노린재,0
2024.08.16,구례군,먹노린재,0
2024.08.16,나주시,먹노린재,0
2024.08.16,담양군,먹노린재,1
2024.08.16,무안군,먹노린재,0
2024.08.16,보성군,먹노린재,0
2024.08.16,순천시,먹노린재,0
2024.08.16,신안군,먹노린재,0
2024.08.16,여수시,먹노린재,0
2024.08.16,영광군,먹노린재,0
2024.08.16,영암군,먹노린재,1
2024.08.16,완도군,먹노린재,0
2024.08.16,장성군,먹노린재,0
2024.08.16,장흥군,먹노린재,1
2024.08.16,진도군,먹노린재,0
2024.08.16,함평군,먹노린재,1
2024.08.16,해남군,먹노린재,0
2024.08.16,화순군,먹노린재,0
2024.09.01,강진군,먹노린재,0
2024.09.01,고흥군,먹노린재,0
2024.09.01,곡성군,먹노린재,1
2024.09.01,광양시,먹노린재,0
2024.09.01,구례군,먹노린재,0
2024.09.01,나주시,먹노린재,0
2024.09.01,담양군,먹노린재,1
2024.09.01,무안군,먹노린재,0
2024.09.01,보성군,먹노린재,0
2024.09.01,순천시,먹노린재,0
2024.09.01,신안군,먹노린재,0
2024.09.01,여수시,먹노린재,1
2024.09.01,영광군,먹노린재,0
2024.09.01,영암군,먹노린재,1
2024.09.01,완도군,먹노린재,0
2024.09.01,장성군,먹노린재,0
2024.09.01,장흥군,먹노린재,0
2024.09.01,진도군,먹노린재,1
2024.09.01,함평군,먹노린재,1
2024.09.01,해남군,먹노린재,0
2024.09.01,화순군,먹노린재,0
2024.09.16,강진군,먹노린재,0
2024.09.16,고흥군,먹노린재,0
2024.09.16,곡성군,먹노린재,0
2024.09.16,광양시,먹노린재,0
2024.09.16,구례군,먹노린재,0
2024.09.16,나주시,먹노린재,0
2024.09.16,담양군,먹노린재,1
2024.09.16,무안군,먹노린재,0
2024.09.16,보성군,먹노린재,0
2024.09.16,순천시,먹노린재,0
2024.09.16,신안군,먹노린재,0
2024.09.16,여수시,먹노린재,0
2024.09.16,영광군,먹노린재,0
2024.09.16,영암군,먹노린재,1
2024.09.16,완도군,먹노린재,0
2024.09.16,장성군,먹노린재,1
2024.09.16,장흥군,먹노린재,0
2024.09.16,진도군,먹노린재,0
2024.09.16,함평군,먹노린재,0
2024.09.16,해남군,먹노린재,0
2024.09.16,화순군,먹노린재,0
2025.06.01,강진군,먹노린재,0
2025.06.01,고흥군,먹노린재,0
2025.06.01,곡성군,먹노린재,0
2025.06.01,광양시,먹노린재,0
2025.06.01,구례군,먹노린재,0
2025.06.01,나주시,먹노린재,0
2025.06.01,담양군,먹노린재,0
2025.06.01,무안군,먹노린재,0
2025.06.01,보성군,먹노린재,0
2025.06.01,순천시,먹노린재,0
2025.06.01,신안군,먹노린재,0
2025.06.01,여수시,먹노린재,0
2025.06.01,영광군,먹노린재,0
2025.06.01,영암군,먹노린재,0
2025.06.01,완도군,먹노린재,0
2025.06.01,장성군,먹노린재,0
2025.06.01,장흥군,먹노린재,0
2025.06.01,진도군,먹노린재,0
2025.06.01,함평군,먹노린재,0
2025.06.01,해남군,먹노린재,0
2025.06.01,화순군,먹노린재,0
2025.06.16,강진군,먹노린재,0
2025.06.16,고흥군,먹노린재,0
2025.06.16,곡성군,먹노린재,0
2025.06.16,광양시,먹노린재,0
2025.06.16,구례군,먹노린재,0
2025.06.16,나주시,먹노린재,0
2025.06.16,담양군,먹노린재,0
2025.06.16,무안군,먹노린재,0
2025.06.16,보성군,먹노린재,0
2025.06.16,순천시,먹노린재,1
2025.06.16,신안군,먹노린재,0
2025.06.16,여수시,먹노린재,0
2025.06.16,영광군,먹노린재,0
2025.06.16,영암군,먹노린재,0
2025.06.16,완도군,먹노린재,0
2025.06.16,장성군,먹노린재,0
2025.06.16,장흥군,먹노린재,0
2025.06.16,진도군,먹노린재,0
2025.06.16,함평군,먹노린재,0
2025.06.16,해남군,먹노린재,0
2025.06.16,화순군,먹노린재,1
2025.07.01,강진군,먹노린재,0
2025.07.01,고흥군,먹노린재,0
2025.07.01,곡성군,먹노린재,1
2025.07.01,광양시,먹노린재,0
2025.07.01,구례군,먹노린재,0
2025.07.01,나주시,먹노린재,0
2025.07.01,담양군,먹노린재,0
2025.07.01,무안군,먹노린재,0
2025.07.01,보성군,먹노린재,0
2025.07.01,순천시,먹노린재,0
2025.07.01,신안군,먹노린재,0
2025.07.01,여수시,먹노린재,1
2025.07.01,영광군,먹노린재,0
2025.07.01,영암군,먹노린재,1
2025.07.01,완도군,먹노린재,0
2025.07.01,장성군,먹노린재,0
2025.07.01,진도군,먹노린재,1
2025.07.01,함평군,먹노린재,0
2025.07.01,해남군,먹노린재,0
2025.07.01,화순군,먹노린재,1
2025.07.16,강진군,먹노린재,0
2025.07.16,고흥군,먹노린재,1
2025.07.16,곡성군,먹노린재,1
2025.07.16,광양시,먹노린재,0
2025.07.16,구례군,먹노린재,0
2025.07.16,나주시,먹노린재,0
2025.07.16,담양군,먹노린재,0
2025.07.16,무안군,먹노린재,0
2025.07.16,보성군,먹노린재,1
2025.07.16,순천시,먹노린재,1
2025.07.16,신안군,먹노린재,1
2025.07.16,여수시,먹노린재,0
2025.07.16,영광군,먹노린재,0
2025.07.16,영암군,먹노린재,1
2025.07.16,완도군,먹노린재,0
2025.07.16,장성군,먹노린재,0
2025.07.16,장흥군,먹노린재,0
2025.07.16,진도군,먹노린재,1
2025.07.16,함평군,먹노린재,0
2025.07.16,해남군,먹노린재,0
2025.07.16,화순군,먹노린재,1
2025.08.01,강진군,먹노린재,0
2025.08.01,고흥군,먹노린재,0
2025.08.01,광양시,먹노린재,0
2025.08.01,구례군,먹노린재,0
2025.08.01,담양군,먹노린재,1
2025.08.01,무안군,먹노린재,0
2025.08.01,보성군,먹노린재,0
2025.08.01,신안군,먹노린재,1
2025.08.01,여수시,먹노린재,0
2025.08.01,영광군,먹노린재,0
2025.08.01,영암군,먹노린재,1
2025.08.01,완도군,먹노린재,0
2025.08.01,장성군,먹노린재,0
2025.08.01,장흥군,먹노린재,0
2025.08.01,진도군,먹노린재,1
2025.08.01,함평군,먹노린재,0
2025.08.01,해남군,먹노린재,0
2025.08.01,화순군,먹노린재,1
2025.08.16,강진군,먹노린재,0
2025.08.16,고흥군,먹노린재,0
2025.08.16,곡성군,먹노린재,0
2025.08.16,광양시,먹노린재,0
2025.08.16,구례군,먹노린재,0
2025.08.16,나주시,먹노린재,0
2025.08.16,담양군,먹노린재,0
2025.08.16,무안군,먹노린재,0
2025.08.16,보성군,먹노린재,0
2025.08.16,순천시,먹노린재,1
2025.08.16,신안군,먹노린재,1
2025.08.16,여수시,먹노린재,1
2025.08.16,영광군,먹노린재,0
2025.08.16,영암군,먹노린재,1
2025.08.16,완도군,먹노린재,0
2025.08.16,장성군,먹노린재,0
2025.08.16,장흥군,먹노린재,0
2025.08.16,진도군,먹노린재,1
2025.08.16,함평군,먹노린재,0
2025.08.16,해남군,먹노린재,0
2025.08.16,화순군,먹노린재,0
2025.09.01,강진군,먹노린재,0
2025.09.01,고흥군,먹노린재,0
2025.09.01,곡성군,먹노린재,0
2025.09.01,광양시,먹노린재,0
2025.09.01,구례군,먹노린재,0
2025.09.01,나주시,먹노린재,0
2025.09.01,담양군,먹노린재,1
2025.09.01,무안군,먹노린재,0
2025.09.01,보성군,먹노린재,0
2025.09.01,순천시,먹노린재,1
2025.09.01,신안군,먹노린재,1
2025.09.01,여수시,먹노린재,0
2025.09.01,영광군,먹노린재,0
2025.09.01,영암군,먹노린재,1
2025.09.01,완도군,먹노린재,0
2025.09.01,장성군,먹노린재,0
2025.09.01,장흥군,먹노린재,0
2025.09.01,진도군,먹노린재,0
2025.09.01,함평군,먹노린재,0
2025.09.01,해남군,먹노린재,0
2025.09.01,화순군,먹노린재,0
2025.09.16,강진군,먹노린재,0
2025.09.16,고흥군,먹노린재,0
2025.09.16,곡성군,먹노린재,0
2025.09.16,광양시,먹노린재,0
2025.09.16,구례군,먹노린재,0
2025.09.16,나주시,먹노린재,0
2025.09.16,담양군,먹노린재,0
2025.09.16,무안군,먹노린재,0
2025.09.16,보성군,먹노린재,0
2025.09.16,순천시,먹노린재,1
2025.09.16,신안군,먹노린재,0
2025.09.16,여수시,먹노린재,0
2025.09.16,영광군,먹노린재,0
2025.09.16,영암군,먹노린재,1
2025.09.16,완도군,먹노린재,0
2025.09.16,장성군,먹노린재,0
2025.09.16,장흥군,먹노린재,0
2025.09.16,진도군,먹노린재,0
2025.09.16,함평군,먹노린재,0
2025.09.16,해남군,먹노린재,0
2025.09.16,화순군,먹노린재,0
2014.09.16,강진군,멸강나방,0
2014.09.16,고흥군,멸강나방,0
2014.09.16,곡성군,멸강나방,0
2014.09.16,광양시,멸강나방,0
2014.09.16,구례군,멸강나방,0
2014.09.16,나주시,멸강나방,0
2014.09.16,담양군,멸강나방,0
2014.09.16,무안군,멸강나방,0
2014.09.16,보성군,멸강나방,0
2014.09.16,순천시,멸강나방,0
2014.09.16,신안군,멸강나방,0
2014.09.16,여수시,멸강나방,0
2014.09.16,영광군,멸강나방,0
2014.09.16,영암군,멸강나방,0
2014.09.16,완도군,멸강나방,0
2014.09.16,장성군,멸강나방,0
2014.09.16,장흥군,멸강나방,0
2014.09.16,진도군,멸강나방,0
2014.09.16,함평군,멸강나방,0
2014.09.16,해남군,멸강나방,0
2014.09.16,화순군,멸강나방,0
2015.06.16,강진군,멸강나방,0
2015.06.16,고흥군,멸강나방,0
2015.06.16,곡성군,멸강나방,0
2015.06.16,광양시,멸강나방,0
2015.06.16,구례군,멸강나방,0
2015.06.16,나주시,멸강나방,0
2015.06.16,담양군,멸강나방,0
2015.06.16,무안군,멸강나방,0
2015.06.16,보성군,멸강나방,0
2015.06.16,순천시,멸강나방,0
2015.06.16,신안군,멸강나방,0
2015.06.16,여수시,멸강나방,0
2015.06.16,영광군,멸강나방,0
2015.06.16,영암군,멸강나방,0
2015.06.16,완도군,멸강나방,0
2015.06.16,장성군,멸강나방,0
2015.06.16,장흥군,멸강나방,0
2015.06.16,진도군,멸강나방,0
2015.06.16,함평군,멸강나방,0
2015.06.16,해남군,멸강나방,0
2015.06.16,화순군,멸강나방,0
2015.07.01,강진군,멸강나방,0
2015.07.01,고흥군,멸강나방,0
2015.07.01,곡성군,멸강나방,0
2015.07.01,광양시,멸강나방,0
2015.07.01,구례군,멸강나방,0
2015.07.01,나주시,멸강나방,0
2015.07.01,담양군,멸강나방,0
2015.07.01,무안군,멸강나방,0
2015.07.01,보성군,멸강나방,0
2015.07.01,순천시,멸강나방,0
2015.07.01,신안군,멸강나방,0
2015.07.01,여수시,멸강나방,0
2015.07.01,영광군,멸강나방,0
2015.07.01,영암군,멸강나방,0
2015.07.01,완도군,멸강나방,0
2015.07.01,장성군,멸강나방,0
2015.07.01,장흥군,멸강나방,0
2015.07.01,진도군,멸강나방,0
2015.07.01,함평군,멸강나방,0
2015.07.01,해남군,멸강나방,0
2015.07.01,화순군,멸강나방,0
2015.07.16,강진군,멸강나방,0
2015.07.16,고흥군,멸강나방,0
2015.07.16,곡성군,멸강나방,0
2015.07.16,광양시,멸강나방,0
2015.07.16,구례군,멸강나방,0
2015.07.16,나주시,멸강나방,0
2015.07.16,담양군,멸강나방,0
2015.07.16,무안군,멸강나방,0
2015.07.16,보성군,멸강나방,0
2015.07.16,순천시,멸강나방,0
2015.07.16,신안군,멸강나방,0
2015.07.16,여수시,멸강나방,0
2015.07.16,영광군,멸강나방,0
2015.07.16,영암군,멸강나방,1
2015.07.16,완도군,멸강나방,0
2015.07.16,장성군,멸강나방,0
2015.07.16,장흥군,멸강나방,0
2015.07.16,진도군,멸강나방,0
2015.07.16,함평군,멸강나방,0
2015.07.16,해남군,멸강나방,0
2015.07.16,화순군,멸강나방,0
2015.08.01,강진군,멸강나방,0
2015.08.01,고흥군,멸강나방,0
2015.08.01,곡성군,멸강나방,0
2015.08.01,광양시,멸강나방,0
2015.08.01,구례군,멸강나방,0
2015.08.01,나주시,멸강나방,0
2015.08.01,담양군,멸강나방,0
2015.08.01,무안군,멸강나방,0
2015.08.01,보성군,멸강나방,0
2015.08.01,순천시,멸강나방,0
2015.08.01,신안군,멸강나방,0
2015.08.01,여수시,멸강나방,0
2015.08.01,영광군,멸강나방,0
2015.08.01,영암군,멸강나방,0
2015.08.01,완도군,멸강나방,0
2015.08.01,장성군,멸강나방,0
2015.08.01,장흥군,멸강나방,0
2015.08.01,진도군,멸강나방,0
2015.08.01,함평군,멸강나방,0
2015.08.01,해남군,멸강나방,0
2015.08.01,화순군,멸강나방,0
2015.08.16,강진군,멸강나방,0
2015.08.16,고흥군,멸강나방,0
2015.08.16,곡성군,멸강나방,0
2015.08.16,광양시,멸강나방,0
2015.08.16,구례군,멸강나방,0
2015.08.16,나주시,멸강나방,0
2015.08.16,담양군,멸강나방,0
2015.08.16,무안군,멸강나방,0
2015.08.16,보성군,멸강나방,0
2015.08.16,순천시,멸강나방,0
2015.08.16,신안군,멸강나방,0
2015.08.16,여수시,멸강나방,0
2015.08.16,영광군,멸강나방,0
2015.08.16,영암군,멸강나방,0
2015.08.16,완도군,멸강나방,0
2015.08.16,장성군,멸강나방,0
2015.08.16,장흥군,멸강나방,0
2015.08.16,진도군,멸강나방,0
2015.08.16,함평군,멸강나방,0
2015.08.16,해남군,멸강나방,0
2015.08.16,화순군,멸강나방,0
2016.06.01,강진군,멸강나방,0
2016.06.01,고흥군,멸강나방,0
2016.06.01,곡성군,멸강나방,0
2016.06.01,광양시,멸강나방,0
2016.06.01,구례군,멸강나방,0
2016.06.01,나주시,멸강나방,0
2016.06.01,담양군,멸강나방,0
2016.06.01,무안군,멸강나방,0
2016.06.01,보성군,멸강나방,0
2016.06.01,순천시,멸강나방,0
2016.06.01,신안군,멸강나방,0
2016.06.01,여수시,멸강나방,0
2016.06.01,영광군,멸강나방,0
2016.06.01,영암군,멸강나방,0
2016.06.01,완도군,멸강나방,0
2016.06.01,장성군,멸강나방,0
2016.06.01,장흥군,멸강나방,0
2016.06.01,진도군,멸강나방,0
2016.06.01,함평군,멸강나방,0
2016.06.01,해남군,멸강나방,0
2016.06.01,화순군,멸강나방,0
2016.06.16,강진군,멸강나방,0
2016.06.16,고흥군,멸강나방,0
2016.06.16,곡성군,멸강나방,0
2016.06.16,광양시,멸강나방,0
2016.06.16,구례군,멸강나방,0
2016.06.16,나주시,멸강나방,0
2016.06.16,담양군,멸강나방,0
2016.06.16,무안군,멸강나방,0
2016.06.16,보성군,멸강나방,0
2016.06.16,순천시,멸강나방,0
2016.06.16,신안군,멸강나방,0
2016.06.16,여수시,멸강나방,0
2016.06.16,영광군,멸강나방,0
2016.06.16,영암군,멸강나방,0
2016.06.16,완도군,멸강나방,0
2016.06.16,장성군,멸강나방,0
2016.06.16,장흥군,멸강나방,0
2016.06.16,진도군,멸강나방,0
2016.06.16,함평군,멸강나방,0
2016.06.16,해남군,멸강나방,0
2016.06.16,화순군,멸강나방,0
2016.07.01,강진군,멸강나방,0
2016.07.01,고흥군,멸강나방,0
2016.07.01,곡성군,멸강나방,0
2016.07.01,광양시,멸강나방,0
2016.07.01,구례군,멸강나방,0
2016.07.01,나주시,멸강나방,0
2016.07.01,담양군,멸강나방,0
2016.07.01,무안군,멸강나방,0
2016.07.01,보성군,멸강나방,0
2016.07.01,순천시,멸강나방,0
2016.07.01,신안군,멸강나방,0
2016.07.01,여수시,멸강나방,0
2016.07.01,영광군,멸강나방,0
2016.07.01,영암군,멸강나방,0
2016.07.01,완도군,멸강나방,0
2016.07.01,장성군,멸강나방,0
2016.07.01,장흥군,멸강나방,0
2016.07.01,진도군,멸강나방,0
2016.07.01,함평군,멸강나방,0
2016.07.01,해남군,멸강나방,0
2016.07.01,화순군,멸강나방,0
2016.07.16,강진군,멸강나방,0
2016.07.16,고흥군,멸강나방,0
2016.07.16,곡성군,멸강나방,0
2016.07.16,광양시,멸강나방,1
2016.07.16,구례군,멸강나방,0
2016.07.16,나주시,멸강나방,0
2016.07.16,담양군,멸강나방,0
2016.07.16,무안군,멸강나방,0
2016.07.16,보성군,멸강나방,0
2016.07.16,순천시,멸강나방,0
2016.07.16,신안군,멸강나방,0
2016.07.16,여수시,멸강나방,0
2016.07.16,영광군,멸강나방,0
2016.07.16,영암군,멸강나방,0
2016.07.16,완도군,멸강나방,0
2016.07.16,장성군,멸강나방,0
2016.07.16,장흥군,멸강나방,0
2016.07.16,진도군,멸강나방,0
2016.07.16,함평군,멸강나방,0
2016.07.16,해남군,멸강나방,0
2016.07.16,화순군,멸강나방,0
2016.08.01,강진군,멸강나방,0
2016.08.01,고흥군,멸강나방,0
2016.08.01,곡성군,멸강나방,0
2016.08.01,광양시,멸강나방,0
2016.08.01,구례군,멸강나방,0
2016.08.01,나주시,멸강나방,0
2016.08.01,담양군,멸강나방,0
2016.08.01,무안군,멸강나방,0
2016.08.01,보성군,멸강나방,0
2016.08.01,순천시,멸강나방,0
2016.08.01,신안군,멸강나방,0
2016.08.01,여수시,멸강나방,0
2016.08.01,영광군,멸강나방,0
2016.08.01,영암군,멸강나방,0
2016.08.01,완도군,멸강나방,0
2016.08.01,장성군,멸강나방,0
2016.08.01,장흥군,멸강나방,0
2016.08.01,진도군,멸강나방,0
2016.08.01,함평군,멸강나방,0
2016.08.01,해남군,멸강나방,0
2016.08.01,화순군,멸강나방,0
2016.08.16,강진군,멸강나방,0
2016.08.16,고흥군,멸강나방,0
2016.08.16,곡성군,멸강나방,0
2016.08.16,광양시,멸강나방,0
2016.08.16,구례군,멸강나방,0
2016.08.16,나주시,멸강나방,0
2016.08.16,담양군,멸강나방,0
2016.08.16,무안군,멸강나방,0
2016.08.16,보성군,멸강나방,0
2016.08.16,순천시,멸강나방,0
2016.08.16,신안군,멸강나방,0
2016.08.16,여수시,멸강나방,0
2016.08.16,영광군,멸강나방,0
2016.08.16,영암군,멸강나방,0
2016.08.16,완도군,멸강나방,0
2016.08.16,장성군,멸강나방,0
2016.08.16,장흥군,멸강나방,0
2016.08.16,진도군,멸강나방,0
2016.08.16,함평군,멸강나방,0
2016.08.16,해남군,멸강나방,0
2016.08.16,화순군,멸강나방,0
2016.09.01,강진군,멸강나방,0
2016.09.01,고흥군,멸강나방,0
2016.09.01,곡성군,멸강나방,0
2016.09.01,광양시,멸강나방,0
2016.09.01,구례군,멸강나방,0
2016.09.01,나주시,멸강나방,0
2016.09.01,담양군,멸강나방,0
2016.09.01,무안군,멸강나방,0
2016.09.01,보성군,멸강나방,0
2016.09.01,순천시,멸강나방,0
2016.09.01,신안군,멸강나방,0
2016.09.01,여수시,멸강나방,0
2016.09.01,영광군,멸강나방,0
2016.09.01,영암군,멸강나방,0
2016.09.01,완도군,멸강나방,0
2016.09.01,장성군,멸강나방,0
2016.09.01,장흥군,멸강나방,0
2016.09.01,진도군,멸강나방,0
2016.09.01,함평군,멸강나방,0
2016.09.01,해남군,멸강나방,0
2016.09.01,화순군,멸강나방,0
2016.09.16,강진군,멸강나방,0
2016.09.16,고흥군,멸강나방,0
2016.09.16,곡성군,멸강나방,0
2016.09.16,광양시,멸강나방,0
2016.09.16,구례군,멸강나방,0
2016.09.16,나주시,멸강나방,0
2016.09.16,담양군,멸강나방,0
2016.09.16,무안군,멸강나방,0
2016.09.16,보성군,멸강나방,0
2016.09.16,순천시,멸강나방,0
2016.09.16,신안군,멸강나방,0
2016.09.16,여수시,멸강나방,0
2016.09.16,영광군,멸강나방,0
2016.09.16,영암군,멸강나방,0
2016.09.16,완도군,멸강나방,0
2016.09.16,장성군,멸강나방,0
2016.09.16,장흥군,멸강나방,0
2016.09.16,진도군,멸강나방,0
2016.09.16,함평군,멸강나방,0
2016.09.16,해남군,멸강나방,0
2016.09.16,화순군,멸강나방,0
2017.06.01,강진군,멸강나방,0
2017.06.01,고흥군,멸강나방,0
2017.06.01,곡성군,멸강나방,0
2017.06.01,광양시,멸강나방,0
2017.06.01,구례군,멸강나방,0
2017.06.01,나주시,멸강나방,0
2017.06.01,담양군,멸강나방,0
2017.06.01,무안군,멸강나방,0
2017.06.01,보성군,멸강나방,0
2017.06.01,순천시,멸강나방,0
2017.06.01,신안군,멸강나방,0
2017.06.01,여수시,멸강나방,0
2017.06.01,영광군,멸강나방,0
2017.06.01,영암군,멸강나방,0
2017.06.01,완도군,멸강나방,0
2017.06.01,장성군,멸강나방,0
2017.06.01,장흥군,멸강나방,0
2017.06.01,진도군,멸강나방,0
2017.06.01,함평군,멸강나방,0
2017.06.01,해남군,멸강나방,0
2017.06.01,화순군,멸강나방,0
2017.06.16,강진군,멸강나방,0
2017.06.16,고흥군,멸강나방,0
2017.06.16,곡성군,멸강나방,0
2017.06.16,광양시,멸강나방,0
2017.06.16,구례군,멸강나방,0
2017.06.16,나주시,멸강나방,1
2017.06.16,담양군,멸강나방,0
2017.06.16,무안군,멸강나방,0
2017.06.16,보성군,멸강나방,0
2017.06.16,순천시,멸강나방,0
2017.06.16,신안군,멸강나방,0
2017.06.16,여수시,멸강나방,0
2017.06.16,영광군,멸강나방,0
2017.06.16,영암군,멸강나방,0
2017.06.16,완도군,멸강나방,0
2017.06.16,장성군,멸강나방,0
2017.06.16,장흥군,멸강나방,0
2017.06.16,진도군,멸강나방,0
2017.06.16,함평군,멸강나방,0
2017.06.16,해남군,멸강나방,0
2017.06.16,화순군,멸강나방,0
2017.07.01,강진군,멸강나방,0
2017.07.01,고흥군,멸강나방,0
2017.07.01,곡성군,멸강나방,0
2017.07.01,광양시,멸강나방,0
2017.07.01,구례군,멸강나방,0
2017.07.01,나주시,멸강나방,0
2017.07.01,담양군,멸강나방,0
2017.07.01,무안군,멸강나방,0
2017.07.01,보성군,멸강나방,0
2017.07.01,순천시,멸강나방,0
2017.07.01,신안군,멸강나방,0
2017.07.01,여수시,멸강나방,0
2017.07.01,영광군,멸강나방,0
2017.07.01,영암군,멸강나방,0
2017.07.01,완도군,멸강나방,0
2017.07.01,장성군,멸강나방,0
2017.07.01,장흥군,멸강나방,0
2017.07.01,진도군,멸강나방,0
2017.07.01,함평군,멸강나방,0
2017.07.01,해남군,멸강나방,0
2017.07.01,화순군,멸강나방,0
2017.07.16,강진군,멸강나방,0
2017.07.16,고흥군,멸강나방,0
2017.07.16,곡성군,멸강나방,0
2017.07.16,광양시,멸강나방,0
2017.07.16,구례군,멸강나방,0
2017.07.16,나주시,멸강나방,0
2017.07.16,담양군,멸강나방,0
2017.07.16,무안군,멸강나방,0
2017.07.16,보성군,멸강나방,0
2017.07.16,순천시,멸강나방,0
2017.07.16,신안군,멸강나방,1
2017.07.16,여수시,멸강나방,0
2017.07.16,영광군,멸강나방,0
2017.07.16,영암군,멸강나방,0
2017.07.16,완도군,멸강나방,0
2017.07.16,장성군,멸강나방,0
2017.07.16,장흥군,멸강나방,0
2017.07.16,진도군,멸강나방,0
2017.07.16,함평군,멸강나방,0
2017.07.16,해남군,멸강나방,0
2017.07.16,화순군,멸강나방,0
2017.08.01,강진군,멸강나방,0
2017.08.01,고흥군,멸강나방,0
2017.08.01,곡성군,멸강나방,0
2017.08.01,광양시,멸강나방,0
2017.08.01,구례군,멸강나방,0
2017.08.01,나주시,멸강나방,0
2017.08.01,담양군,멸강나방,0
2017.08.01,무안군,멸강나방,0
2017.08.01,보성군,멸강나방,0
2017.08.01,순천시,멸강나방,0
2017.08.01,신안군,멸강나방,0
2017.08.01,여수시,멸강나방,0
2017.08.01,영광군,멸강나방,0
2017.08.01,영암군,멸강나방,0
2017.08.01,완도군,멸강나방,0
2017.08.01,장성군,멸강나방,0
2017.08.01,장흥군,멸강나방,0
2017.08.01,진도군,멸강나방,0
2017.08.01,함평군,멸강나방,0
2017.08.01,해남군,멸강나방,0
2017.08.01,화순군,멸강나방,0
2017.08.16,강진군,멸강나방,0
2017.08.16,고흥군,멸강나방,0
2017.08.16,곡성군,멸강나방,0
2017.08.16,광양시,멸강나방,0
2017.08.16,구례군,멸강나방,0
2017.08.16,나주시,멸강나방,0
2017.08.16,담양군,멸강나방,0
2017.08.16,무안군,멸강나방,0
2017.08.16,보성군,멸강나방,0
2017.08.16,순천시,멸강나방,0
2017.08.16,신안군,멸강나방,0
2017.08.16,여수시,멸강나방,0
2017.08.16,영광군,멸강나방,0
2017.08.16,영암군,멸강나방,0
2017.08.16,완도군,멸강나방,0
2017.08.16,장성군,멸강나방,0
2017.08.16,장흥군,멸강나방,0
2017.08.16,진도군,멸강나방,0
2017.08.16,함평군,멸강나방,0
2017.08.16,해남군,멸강나방,0
2017.08.16,화순군,멸강나방,0
2017.09.01,강진군,멸강나방,0
2017.09.01,고흥군,멸강나방,0
2017.09.01,곡성군,멸강나방,0
2017.09.01,광양시,멸강나방,0
2017.09.01,구례군,멸강나방,0
2017.09.01,나주시,멸강나방,0
2017.09.01,담양군,멸강나방,0
2017.09.01,무안군,멸강나방,0
2017.09.01,보성군,멸강나방,0
2017.09.01,순천시,멸강나방,0
2017.09.01,신안군,멸강나방,0
2017.09.01,여수시,멸강나방,0
2017.09.01,영광군,멸강나방,0
2017.09.01,영암군,멸강나방,0
2017.09.01,완도군,멸강나방,0
2017.09.01,장성군,멸강나방,0
2017.09.01,장흥군,멸강나방,0
2017.09.01,진도군,멸강나방,0
2017.09.01,함평군,멸강나방,0
2017.09.01,해남군,멸강나방,0
2017.09.01,화순군,멸강나방,0
2017.09.16,강진군,멸강나방,0
2017.09.16,고흥군,멸강나방,0
2017.09.16,곡성군,멸강나방,0
2017.09.16,광양시,멸강나방,0
2017.09.16,구례군,멸강나방,0
2017.09.16,나주시,멸강나방,0
2017.09.16,담양군,멸강나방,0
2017.09.16,무안군,멸강나방,0
2017.09.16,보성군,멸강나방,0
2017.09.16,순천시,멸강나방,0
2017.09.16,신안군,멸강나방,0
2017.09.16,여수시,멸강나방,0
2017.09.16,영광군,멸강나방,0
2017.09.16,영암군,멸강나방,0
2017.09.16,완도군,멸강나방,0
2017.09.16,장성군,멸강나방,0
2017.09.16,장흥군,멸강나방,0
2017.09.16,진도군,멸강나방,0
2017.09.16,함평군,멸강나방,0
2017.09.16,해남군,멸강나방,0
2017.09.16,화순군,멸강나방,0
2018.06.01,강진군,멸강나방,0
2018.06.01,고흥군,멸강나방,0
2018.06.01,곡성군,멸강나방,0
2018.06.01,광양시,멸강나방,0
2018.06.01,구례군,멸강나방,0
2018.06.01,나주시,멸강나방,0
2018.06.01,담양군,멸강나방,0
2018.06.01,무안군,멸강나방,0
2018.06.01,보성군,멸강나방,0
2018.06.01,순천시,멸강나방,0
2018.06.01,신안군,멸강나방,0
2018.06.01,여수시,멸강나방,0
2018.06.01,영광군,멸강나방,0
2018.06.01,영암군,멸강나방,0
2018.06.01,완도군,멸강나방,0
2018.06.01,장성군,멸강나방,0
2018.06.01,장흥군,멸강나방,0
2018.06.01,진도군,멸강나방,0
2018.06.01,함평군,멸강나방,0
2018.06.01,해남군,멸강나방,0
2018.06.01,화순군,멸강나방,0
2018.06.16,강진군,멸강나방,0
2018.06.16,고흥군,멸강나방,0
2018.06.16,곡성군,멸강나방,0
2018.06.16,광양시,멸강나방,0
2018.06.16,구례군,멸강나방,0
2018.06.16,나주시,멸강나방,0
2018.06.16,담양군,멸강나방,0
2018.06.16,무안군,멸강나방,0
2018.06.16,보성군,멸강나방,0
2018.06.16,순천시,멸강나방,0
2018.06.16,신안군,멸강나방,0
2018.06.16,여수시,멸강나방,0
2018.06.16,영광군,멸강나방,0
2018.06.16,영암군,멸강나방,0
2018.06.16,완도군,멸강나방,0
2018.06.16,장성군,멸강나방,0
2018.06.16,장흥군,멸강나방,0
2018.06.16,진도군,멸강나방,0
2018.06.16,함평군,멸강나방,0
2018.06.16,해남군,멸강나방,0
2018.06.16,화순군,멸강나방,0
2018.07.01,강진군,멸강나방,0
2018.07.01,고흥군,멸강나방,0
2018.07.01,광양시,멸강나방,0
2018.07.01,나주시,멸강나방,0
2018.07.01,순천시,멸강나방,0
2018.07.01,신안군,멸강나방,0
2018.07.01,여수시,멸강나방,0
2018.07.01,영광군,멸강나방,0
2018.07.01,영암군,멸강나방,0
2018.07.01,완도군,멸강나방,0
2018.07.01,진도군,멸강나방,0
2018.07.01,해남군,멸강나방,0
2018.07.01,화순군,멸강나방,0
2018.07.16,강진군,멸강나방,0
2018.07.16,고흥군,멸강나방,0
2018.07.16,곡성군,멸강나방,0
2018.07.16,광양시,멸강나방,0
2018.07.16,구례군,멸강나방,0
2018.07.16,나주시,멸강나방,0
2018.07.16,담양군,멸강나방,0
2018.07.16,무안군,멸강나방,0
2018.07.16,보성군,멸강나방,0
2018.07.16,순천시,멸강나방,0
2018.07.16,신안군,멸강나방,0
2018.07.16,여수시,멸강나방,0
2018.07.16,영광군,멸강나방,0
2018.07.16,영암군,멸강나방,0
2018.07.16,완도군,멸강나방,0
2018.07.16,장성군,멸강나방,0
2018.07.16,장흥군,멸강나방,0
2018.07.16,진도군,멸강나방,0
2018.07.16,함평군,멸강나방,0
2018.07.16,해남군,멸강나방,0
2018.07.16,화순군,멸강나방,0
2018.08.01,강진군,멸강나방,0
2018.08.01,고흥군,멸강나방,0
2018.08.01,곡성군,멸강나방,0
2018.08.01,광양시,멸강나방,0
2018.08.01,구례군,멸강나방,0
2018.08.01,나주시,멸강나방,0
2018.08.01,담양군,멸강나방,0
2018.08.01,무안군,멸강나방,0
2018.08.01,보성군,멸강나방,0
2018.08.01,순천시,멸강나방,0
2018.08.01,신안군,멸강나방,0
2018.08.01,여수시,멸강나방,0
2018.08.01,영광군,멸강나방,0
2018.08.01,영암군,멸강나방,0
2018.08.01,완도군,멸강나방,0
2018.08.01,장성군,멸강나방,0
2018.08.01,장흥군,멸강나방,0
2018.08.01,진도군,멸강나방,0
2018.08.01,함평군,멸강나방,0
2018.08.01,해남군,멸강나방,0
2018.08.01,화순군,멸강나방,0
2018.08.16,강진군,멸강나방,0
2018.08.16,고흥군,멸강나방,0
2018.08.16,곡성군,멸강나방,0
2018.08.16,광양시,멸강나방,0
2018.08.16,구례군,멸강나방,0
2018.08.16,나주시,멸강나방,0
2018.08.16,담양군,멸강나방,0
2018.08.16,무안군,멸강나방,0
2018.08.16,보성군,멸강나방,0
2018.08.16,순천시,멸강나방,0
2018.08.16,신안군,멸강나방,0
2018.08.16,여수시,멸강나방,0
2018.08.16,영광군,멸강나방,0
2018.08.16,영암군,멸강나방,0
2018.08.16,완도군,멸강나방,0
2018.08.16,장성군,멸강나방,0
2018.08.16,장흥군,멸강나방,0
2018.08.16,진도군,멸강나방,0
2018.08.16,함평군,멸강나방,0
2018.08.16,해남군,멸강나방,0
2018.08.16,화순군,멸강나방,0
2018.09.01,강진군,멸강나방,0
2018.09.01,고흥군,멸강나방,0
2018.09.01,곡성군,멸강나방,0
2018.09.01,광양시,멸강나방,0
2018.09.01,구례군,멸강나방,0
2018.09.01,나주시,멸강나방,0
2018.09.01,담양군,멸강나방,0
2018.09.01,무안군,멸강나방,0
2018.09.01,보성군,멸강나방,0
2018.09.01,순천시,멸강나방,0
2018.09.01,신안군,멸강나방,0
2018.09.01,여수시,멸강나방,0
2018.09.01,영광군,멸강나방,0
2018.09.01,영암군,멸강나방,0
2018.09.01,완도군,멸강나방,0
2018.09.01,장성군,멸강나방,0
2018.09.01,장흥군,멸강나방,0
2018.09.01,진도군,멸강나방,0
2018.09.01,함평군,멸강나방,0
2018.09.01,해남군,멸강나방,0
2018.09.01,화순군,멸강나방,0
2018.09.16,강진군,멸강나방,0
2018.09.16,고흥군,멸강나방,0
2018.09.16,곡성군,멸강나방,0
2018.09.16,광양시,멸강나방,0
2018.09.16,구례군,멸강나방,0
2018.09.16,나주시,멸강나방,0
2018.09.16,담양군,멸강나방,0
2018.09.16,무안군,멸강나방,0
2018.09.16,보성군,멸강나방,0
2018.09.16,순천시,멸강나방,0
2018.09.16,신안군,멸강나방,0
2018.09.16,여수시,멸강나방,0
2018.09.16,영광군,멸강나방,0
2018.09.16,영암군,멸강나방,0
2018.09.16,완도군,멸강나방,0
2018.09.16,장성군,멸강나방,0
2018.09.16,장흥군,멸강나방,0
2018.09.16,진도군,멸강나방,0
2018.09.16,함평군,멸강나방,0
2018.09.16,해남군,멸강나방,0
2018.09.16,화순군,멸강나방,0
2019.06.01,강진군,멸강나방,0
2019.06.01,고흥군,멸강나방,0
2019.06.01,곡성군,멸강나방,0
2019.06.01,광양시,멸강나방,0
2019.06.01,구례군,멸강나방,0
2019.06.01,나주시,멸강나방,0
2019.06.01,담양군,멸강나방,0
2019.06.01,무안군,멸강나방,0
2019.06.01,보성군,멸강나방,0
2019.06.01,순천시,멸강나방,0
2019.06.01,신안군,멸강나방,0
2019.06.01,여수시,멸강나방,0
2019.06.01,영광군,멸강나방,0
2019.06.01,영암군,멸강나방,0
2019.06.01,완도군,멸강나방,0
2019.06.01,장성군,멸강나방,0
2019.06.01,장흥군,멸강나방,0
2019.06.01,진도군,멸강나방,0
2019.06.01,함평군,멸강나방,0
2019.06.01,해남군,멸강나방,0
2019.06.01,화순군,멸강나방,0
2019.06.16,강진군,멸강나방,0
2019.06.16,고흥군,멸강나방,0
2019.06.16,곡성군,멸강나방,0
2019.06.16,광양시,멸강나방,0
2019.06.16,구례군,멸강나방,0
2019.06.16,나주시,멸강나방,0
2019.06.16,담양군,멸강나방,0
2019.06.16,무안군,멸강나방,0
2019.06.16,보성군,멸강나방,0
2019.06.16,순천시,멸강나방,0
2019.06.16,신안군,멸강나방,0
2019.06.16,여수시,멸강나방,0
2019.06.16,영광군,멸강나방,0
2019.06.16,영암군,멸강나방,0
2019.06.16,완도군,멸강나방,0
2019.06.16,장성군,멸강나방,0
2019.06.16,장흥군,멸강나방,0
2019.06.16,진도군,멸강나방,0
2019.06.16,함평군,멸강나방,0
2019.06.16,해남군,멸강나방,0
2019.06.16,화순군,멸강나방,0
2019.07.01,강진군,멸강나방,0
2019.07.01,고흥군,멸강나방,0
2019.07.01,곡성군,멸강나방,0
2019.07.01,광양시,멸강나방,0
2019.07.01,구례군,멸강나방,0
2019.07.01,나주시,멸강나방,0
2019.07.01,담양군,멸강나방,0
2019.07.01,무안군,멸강나방,0
2019.07.01,보성군,멸강나방,0
2019.07.01,순천시,멸강나방,0
2019.07.01,신안군,멸강나방,0
2019.07.01,여수시,멸강나방,0
2019.07.01,영광군,멸강나방,0
2019.07.01,영암군,멸강나방,0
2019.07.01,완도군,멸강나방,0
2019.07.01,장성군,멸강나방,0
2019.07.01,장흥군,멸강나방,0
2019.07.01,진도군,멸강나방,0
2019.07.01,함평군,멸강나방,0
2019.07.01,해남군,멸강나방,0
2019.07.01,화순군,멸강나방,0
2019.07.16,강진군,멸강나방,0
2019.07.16,고흥군,멸강나방,0
2019.07.16,곡성군,멸강나방,0
2019.07.16,광양시,멸강나방,0
2019.07.16,구례군,멸강나방,0
2019.07.16,나주시,멸강나방,0
2019.07.16,담양군,멸강나방,0
2019.07.16,무안군,멸강나방,0
2019.07.16,보성군,멸강나방,0
2019.07.16,순천시,멸강나방,0
2019.07.16,신안군,멸강나방,0
2019.07.16,여수시,멸강나방,0
2019.07.16,영광군,멸강나방,0
2019.07.16,영암군,멸강나방,0
2019.07.16,완도군,멸강나방,0
2019.07.16,장성군,멸강나방,0
2019.07.16,장흥군,멸강나방,0
2019.07.16,진도군,멸강나방,0
2019.07.16,함평군,멸강나방,0
2019.07.16,해남군,멸강나방,0
2019.07.16,화순군,멸강나방,0
2019.08.01,강진군,멸강나방,0
2019.08.01,고흥군,멸강나방,0
2019.08.01,곡성군,멸강나방,0
2019.08.01,광양시,멸강나방,0
2019.08.01,구례군,멸강나방,0
2019.08.01,나주시,멸강나방,0
2019.08.01,담양군,멸강나방,0
2019.08.01,무안군,멸강나방,0
2019.08.01,보성군,멸강나방,0
2019.08.01,순천시,멸강나방,0
2019.08.01,신안군,멸강나방,0
2019.08.01,여수시,멸강나방,0
2019.08.01,영광군,멸강나방,0
2019.08.01,영암군,멸강나방,0
2019.08.01,완도군,멸강나방,0
2019.08.01,장성군,멸강나방,0
2019.08.01,장흥군,멸강나방,0
2019.08.01,진도군,멸강나방,0
2019.08.01,함평군,멸강나방,0
2019.08.01,해남군,멸강나방,0
2019.08.01,화순군,멸강나방,0
2019.08.16,강진군,멸강나방,0
2019.08.16,고흥군,멸강나방,0
2019.08.16,광양시,멸강나방,0
2019.08.16,구례군,멸강나방,0
2019.08.16,무안군,멸강나방,0
2019.08.16,보성군,멸강나방,0
2019.08.16,순천시,멸강나방,0
2019.08.16,신안군,멸강나방,0
2019.08.16,여수시,멸강나방,1
2019.08.16,영광군,멸강나방,0
2019.08.16,완도군,멸강나방,0
2019.08.16,장흥군,멸강나방,0
2019.08.16,진도군,멸강나방,0
2019.08.16,함평군,멸강나방,0
2019.08.16,해남군,멸강나방,0
2019.08.16,화순군,멸강나방,0
2019.09.01,강진군,멸강나방,0
2019.09.01,고흥군,멸강나방,0
2019.09.01,곡성군,멸강나방,0
2019.09.01,광양시,멸강나방,0
2019.09.01,구례군,멸강나방,0
2019.09.01,나주시,멸강나방,0
2019.09.01,담양군,멸강나방,0
2019.09.01,무안군,멸강나방,0
2019.09.01,보성군,멸강나방,0
2019.09.01,순천시,멸강나방,0
2019.09.01,신안군,멸강나방,0
2019.09.01,여수시,멸강나방,0
2019.09.01,영광군,멸강나방,0
2019.09.01,영암군,멸강나방,0
2019.09.01,완도군,멸강나방,0
2019.09.01,장성군,멸강나방,0
2019.09.01,장흥군,멸강나방,0
2019.09.01,진도군,멸강나방,1
2019.09.01,함평군,멸강나방,0
2019.09.01,해남군,멸강나방,0
2019.09.01,화순군,멸강나방,0
2019.09.16,강진군,멸강나방,0
2019.09.16,고흥군,멸강나방,0
2019.09.16,곡성군,멸강나방,0
2019.09.16,광양시,멸강나방,0
2019.09.16,구례군,멸강나방,0
2019.09.16,나주시,멸강나방,0
2019.09.16,담양군,멸강나방,0
2019.09.16,무안군,멸강나방,0
2019.09.16,보성군,멸강나방,0
2019.09.16,순천시,멸강나방,0
2019.09.16,여수시,멸강나방,0
2019.09.16,영광군,멸강나방,0
2019.09.16,영암군,멸강나방,0
2019.09.16,완도군,멸강나방,0
2019.09.16,장성군,멸강나방,0
2019.09.16,장흥군,멸강나방,0
2019.09.16,진도군,멸강나방,0
2019.09.16,함평군,멸강나방,0
2019.09.16,해남군,멸강나방,0
2019.09.16,화순군,멸강나방,0
2020.06.01,강진군,멸강나방,0
2020.06.01,고흥군,멸강나방,0
2020.06.01,광양시,멸강나방,0
2020.06.01,구례군,멸강나방,0
2020.06.01,나주시,멸강나방,0
2020.06.01,담양군,멸강나방,0
2020.06.01,무안군,멸강나방,0
2020.06.01,보성군,멸강나방,0
2020.06.01,순천시,멸강나방,0
2020.06.01,신안군,멸강나방,0
2020.06.01,여수시,멸강나방,0
2020.06.01,영광군,멸강나방,0
2020.06.01,영암군,멸강나방,0
2020.06.01,완도군,멸강나방,0
2020.06.01,장성군,멸강나방,0
2020.06.01,장흥군,멸강나방,0
2020.06.01,진도군,멸강나방,0
2020.06.01,함평군,멸강나방,0
2020.06.01,해남군,멸강나방,0
2020.06.01,화순군,멸강나방,0
2020.06.16,강진군,멸강나방,0
2020.06.16,고흥군,멸강나방,0
2020.06.16,곡성군,멸강나방,0
2020.06.16,광양시,멸강나방,0
2020.06.16,구례군,멸강나방,0
2020.06.16,나주시,멸강나방,0
2020.06.16,담양군,멸강나방,0
2020.06.16,무안군,멸강나방,0
2020.06.16,보성군,멸강나방,0
2020.06.16,순천시,멸강나방,0
2020.06.16,신안군,멸강나방,0
2020.06.16,여수시,멸강나방,0
2020.06.16,영광군,멸강나방,0
2020.06.16,영암군,멸강나방,0
2020.06.16,완도군,멸강나방,0
2020.06.16,장성군,멸강나방,0
2020.06.16,장흥군,멸강나방,0
2020.06.16,진도군,멸강나방,0
2020.06.16,함평군,멸강나방,0
2020.06.16,해남군,멸강나방,0
2020.06.16,화순군,멸강나방,0
2020.07.01,강진군,멸강나방,0
2020.07.01,고흥군,멸강나방,0
2020.07.01,곡성군,멸강나방,0
2020.07.01,광양시,멸강나방,0
2020.07.01,구례군,멸강나방,0
2020.07.01,담양군,멸강나방,0
2020.07.01,무안군,멸강나방,0
2020.07.01,보성군,멸강나방,0
2020.07.01,순천시,멸강나방,0
2020.07.01,신안군,멸강나방,0
2020.07.01,여수시,멸강나방,0
2020.07.01,영광군,멸강나방,0
2020.07.01,영암군,멸강나방,0
2020.07.01,완도군,멸강나방,0
2020.07.01,장성군,멸강나방,0
2020.07.01,장흥군,멸강나방,0
2020.07.01,진도군,멸강나방,0
2020.07.01,함평군,멸강나방,0
2020.07.01,해남군,멸강나방,0
2020.07.01,화순군,멸강나방,0
2020.07.16,강진군,멸강나방,0
2020.07.16,고흥군,멸강나방,0
2020.07.16,곡성군,멸강나방,0
2020.07.16,광양시,멸강나방,0
2020.07.16,구례군,멸강나방,0
2020.07.16,나주시,멸강나방,0
2020.07.16,담양군,멸강나방,0
2020.07.16,무안군,멸강나방,0
2020.07.16,보성군,멸강나방,0
2020.07.16,순천시,멸강나방,0
2020.07.16,신안군,멸강나방,0
2020.07.16,여수시,멸강나방,0
2020.07.16,영광군,멸강나방,0
2020.07.16,영암군,멸강나방,0
2020.07.16,완도군,멸강나방,0
2020.07.16,장성군,멸강나방,0
2020.07.16,장흥군,멸강나방,0
2020.07.16,진도군,멸강나방,0
2020.07.16,함평군,멸강나방,0
2020.07.16,해남군,멸강나방,1
2020.07.16,화순군,멸강나방,0
2020.08.01,강진군,멸강나방,0
2020.08.01,고흥군,멸강나방,0
2020.08.01,곡성군,멸강나방,0
2020.08.01,광양시,멸강나방,0
2020.08.01,구례군,멸강나방,0
2020.08.01,나주시,멸강나방,0
2020.08.01,담양군,멸강나방,0
2020.08.01,무안군,멸강나방,0
2020.08.01,보성군,멸강나방,0
2020.08.01,순천시,멸강나방,0
2020.08.01,신안군,멸강나방,0
2020.08.01,여수시,멸강나방,0
2020.08.01,영광군,멸강나방,0
2020.08.01,영암군,멸강나방,0
2020.08.01,완도군,멸강나방,0
2020.08.01,장성군,멸강나방,0
2020.08.01,장흥군,멸강나방,0
2020.08.01,진도군,멸강나방,0
2020.08.01,함평군,멸강나방,0
2020.08.01,해남군,멸강나방,0
2020.08.01,화순군,멸강나방,0
2020.08.16,강진군,멸강나방,0
2020.08.16,고흥군,멸강나방,0
2020.08.16,곡성군,멸강나방,0
2020.08.16,광양시,멸강나방,0
2020.08.16,구례군,멸강나방,0
2020.08.16,나주시,멸강나방,0
2020.08.16,담양군,멸강나방,0
2020.08.16,무안군,멸강나방,0
2020.08.16,보성군,멸강나방,0
2020.08.16,순천시,멸강나방,0
2020.08.16,신안군,멸강나방,0
2020.08.16,여수시,멸강나방,0
2020.08.16,영광군,멸강나방,0
2020.08.16,영암군,멸강나방,0
2020.08.16,완도군,멸강나방,0
2020.08.16,장성군,멸강나방,0
2020.08.16,장흥군,멸강나방,0
2020.08.16,진도군,멸강나방,0
2020.08.16,함평군,멸강나방,0
2020.08.16,해남군,멸강나방,0
2020.08.16,화순군,멸강나방,0
2020.09.01,강진군,멸강나방,0
2020.09.01,고흥군,멸강나방,0
2020.09.01,곡성군,멸강나방,0
2020.09.01,광양시,멸강나방,0
2020.09.01,구례군,멸강나방,0
2020.09.01,나주시,멸강나방,0
2020.09.01,담양군,멸강나방,0
2020.09.01,무안군,멸강나방,0
2020.09.01,보성군,멸강나방,0
2020.09.01,순천시,멸강나방,0
2020.09.01,신안군,멸강나방,0
2020.09.01,여수시,멸강나방,0
2020.09.01,영광군,멸강나방,0
2020.09.01,영암군,멸강나방,0
2020.09.01,완도군,멸강나방,0
2020.09.01,장성군,멸강나방,0
2020.09.01,장흥군,멸강나방,0
2020.09.01,진도군,멸강나방,0
2020.09.01,함평군,멸강나방,0
2020.09.01,해남군,멸강나방,0
2020.09.01,화순군,멸강나방,0
2020.09.16,강진군,멸강나방,0
2020.09.16,고흥군,멸강나방,0
2020.09.16,곡성군,멸강나방,0
2020.09.16,광양시,멸강나방,0
2020.09.16,구례군,멸강나방,0
2020.09.16,나주시,멸강나방,0
2020.09.16,담양군,멸강나방,0
2020.09.16,무안군,멸강나방,0
2020.09.16,보성군,멸강나방,0
2020.09.16,순천시,멸강나방,0
2020.09.16,신안군,멸강나방,0
2020.09.16,여수시,멸강나방,0
2020.09.16,영광군,멸강나방,0
2020.09.16,영암군,멸강나방,0
2020.09.16,완도군,멸강나방,0
2020.09.16,장성군,멸강나방,0
2020.09.16,장흥군,멸강나방,0
2020.09.16,진도군,멸강나방,0
2020.09.16,함평군,멸강나방,0
2020.09.16,해남군,멸강나방,0
2020.09.16,화순군,멸강나방,0
2021.06.01,강진군,멸강나방,0
2021.06.01,고흥군,멸강나방,0
2021.06.01,곡성군,멸강나방,0
2021.06.01,광양시,멸강나방,0
2021.06.01,구례군,멸강나방,0
2021.06.01,나주시,멸강나방,0
2021.06.01,담양군,멸강나방,0
2021.06.01,무안군,멸강나방,0
2021.06.01,보성군,멸강나방,0
2021.06.01,순천시,멸강나방,0
2021.06.01,신안군,멸강나방,0
2021.06.01,여수시,멸강나방,0
2021.06.01,영암군,멸강나방,0
2021.06.01,완도군,멸강나방,0
2021.06.01,장성군,멸강나방,0
2021.06.01,장흥군,멸강나방,0
2021.06.01,진도군,멸강나방,0
2021.06.01,함평군,멸강나방,0
2021.06.01,해남군,멸강나방,0
2021.06.01,화순군,멸강나방,0
2021.06.16,강진군,멸강나방,0
2021.06.16,고흥군,멸강나방,0
2021.06.16,곡성군,멸강나방,0
2021.06.16,광양시,멸강나방,0
2021.06.16,구례군,멸강나방,0
2021.06.16,나주시,멸강나방,0
2021.06.16,담양군,멸강나방,0
2021.06.16,무안군,멸강나방,0
2021.06.16,보성군,멸강나방,0
2021.06.16,순천시,멸강나방,0
2021.06.16,신안군,멸강나방,0
2021.06.16,여수시,멸강나방,0
2021.06.16,영광군,멸강나방,0
2021.06.16,영암군,멸강나방,0
2021.06.16,완도군,멸강나방,0
2021.06.16,장성군,멸강나방,0
2021.06.16,장흥군,멸강나방,0
2021.06.16,진도군,멸강나방,0
2021.06.16,함평군,멸강나방,0
2021.06.16,해남군,멸강나방,0
2021.06.16,화순군,멸강나방,0
2021.07.01,강진군,멸강나방,0
2021.07.01,고흥군,멸강나방,0
2021.07.01,곡성군,멸강나방,0
2021.07.01,광양시,멸강나방,0
2021.07.01,구례군,멸강나방,0
2021.07.01,나주시,멸강나방,0
2021.07.01,담양군,멸강나방,0
2021.07.01,무안군,멸강나방,0
2021.07.01,보성군,멸강나방,0
2021.07.01,순천시,멸강나방,0
2021.07.01,신안군,멸강나방,0
2021.07.01,여수시,멸강나방,0
2021.07.01,영광군,멸강나방,0
2021.07.01,영암군,멸강나방,0
2021.07.01,완도군,멸강나방,0
2021.07.01,장성군,멸강나방,0
2021.07.01,장흥군,멸강나방,0
2021.07.01,진도군,멸강나방,0
2021.07.01,함평군,멸강나방,0
2021.07.01,해남군,멸강나방,0
2021.07.01,화순군,멸강나방,0
2021.07.16,강진군,멸강나방,0
2021.07.16,고흥군,멸강나방,0
2021.07.16,곡성군,멸강나방,0
2021.07.16,광양시,멸강나방,0
2021.07.16,구례군,멸강나방,0
2021.07.16,나주시,멸강나방,0
2021.07.16,담양군,멸강나방,0
2021.07.16,무안군,멸강나방,0
2021.07.16,보성군,멸강나방,0
2021.07.16,순천시,멸강나방,0
2021.07.16,신안군,멸강나방,0
2021.07.16,여수시,멸강나방,0
2021.07.16,영광군,멸강나방,0
2021.07.16,영암군,멸강나방,0
2021.07.16,완도군,멸강나방,0
2021.07.16,장성군,멸강나방,0
2021.07.16,장흥군,멸강나방,0
2021.07.16,진도군,멸강나방,0
2021.07.16,함평군,멸강나방,0
2021.07.16,해남군,멸강나방,0
2021.07.16,화순군,멸강나방,0
2021.08.01,강진군,멸강나방,0
2021.08.01,고흥군,멸강나방,0
2021.08.01,곡성군,멸강나방,0
2021.08.01,광양시,멸강나방,0
2021.08.01,구례군,멸강나방,0
2021.08.01,보성군,멸강나방,0
2021.08.01,여수시,멸강나방,0
2021.08.01,영암군,멸강나방,0
2021.08.01,완도군,멸강나방,0
2021.08.01,장성군,멸강나방,0
2021.08.01,진도군,멸강나방,0
2021.08.01,함평군,멸강나방,0
2021.08.01,해남군,멸강나방,0
2021.08.01,화순군,멸강나방,0
2021.08.16,강진군,멸강나방,0
2021.08.16,고흥군,멸강나방,0
2021.08.16,곡성군,멸강나방,0
2021.08.16,광양시,멸강나방,0
2021.08.16,구례군,멸강나방,0
2021.08.16,나주시,멸강나방,0
2021.08.16,담양군,멸강나방,0
2021.08.16,무안군,멸강나방,0
2021.08.16,보성군,멸강나방,0
2021.08.16,순천시,멸강나방,0
2021.08.16,신안군,멸강나방,0
2021.08.16,여수시,멸강나방,0
2021.08.16,영광군,멸강나방,0
2021.08.16,영암군,멸강나방,0
2021.08.16,완도군,멸강나방,0
2021.08.16,장성군,멸강나방,0
2021.08.16,장흥군,멸강나방,0
2021.08.16,진도군,멸강나방,0
2021.08.16,함평군,멸강나방,0
2021.08.16,해남군,멸강나방,0
2021.08.16,화순군,멸강나방,0
2021.09.01,강진군,멸강나방,0
2021.09.01,고흥군,멸강나방,0
2021.09.01,곡성군,멸강나방,0
2021.09.01,광양시,멸강나방,0
2021.09.01,구례군,멸강나방,0
2021.09.01,담양군,멸강나방,0
2021.09.01,무안군,멸강나방,0
2021.09.01,보성군,멸강나방,0
2021.09.01,순천시,멸강나방,0
2021.09.01,신안군,멸강나방,0
2021.09.01,여수시,멸강나방,0
2021.09.01,영암군,멸강나방,0
2021.09.01,완도군,멸강나방,0
2021.09.01,장성군,멸강나방,0
2021.09.01,장흥군,멸강나방,0
2021.09.01,진도군,멸강나방,0
2021.09.01,함평군,멸강나방,0
2021.09.01,해남군,멸강나방,0
2021.09.01,화순군,멸강나방,0
2021.09.16,강진군,멸강나방,0
2021.09.16,고흥군,멸강나방,0
2021.09.16,곡성군,멸강나방,0
2021.09.16,광양시,멸강나방,0
2021.09.16,구례군,멸강나방,0
2021.09.16,나주시,멸강나방,0
2021.09.16,담양군,멸강나방,0
2021.09.16,무안군,멸강나방,0
2021.09.16,보성군,멸강나방,0
2021.09.16,순천시,멸강나방,0
2021.09.16,신안군,멸강나방,0
2021.09.16,여수시,멸강나방,0
2021.09.16,영광군,멸강나방,0
2021.09.16,영암군,멸강나방,0
2021.09.16,완도군,멸강나방,0
2021.09.16,장성군,멸강나방,0
2021.09.16,장흥군,멸강나방,0
2021.09.16,진도군,멸강나방,0
2021.09.16,함평군,멸강나방,0
2021.09.16,해남군,멸강나방,0
2021.09.16,화순군,멸강나방,0
2022.06.01,강진군,멸강나방,0
2022.06.01,고흥군,멸강나방,0
2022.06.01,곡성군,멸강나방,0
2022.06.01,광양시,멸강나방,0
2022.06.01,구례군,멸강나방,0
2022.06.01,나주시,멸강나방,0
2022.06.01,담양군,멸강나방,0
2022.06.01,무안군,멸강나방,0
2022.06.01,보성군,멸강나방,0
2022.06.01,순천시,멸강나방,0
2022.06.01,신안군,멸강나방,0
2022.06.01,여수시,멸강나방,0
2022.06.01,영광군,멸강나방,0
2022.06.01,영암군,멸강나방,0
2022.06.01,완도군,멸강나방,0
2022.06.01,장성군,멸강나방,0
2022.06.01,장흥군,멸강나방,0
2022.06.01,진도군,멸강나방,0
2022.06.01,함평군,멸강나방,0
2022.06.01,해남군,멸강나방,0
2022.06.01,화순군,멸강나방,0
2022.06.16,강진군,멸강나방,0
2022.06.16,고흥군,멸강나방,0
2022.06.16,곡성군,멸강나방,0
2022.06.16,광양시,멸강나방,0
2022.06.16,구례군,멸강나방,0
2022.06.16,나주시,멸강나방,0
2022.06.16,담양군,멸강나방,0
2022.06.16,무안군,멸강나방,0
2022.06.16,보성군,멸강나방,0
2022.06.16,순천시,멸강나방,0
2022.06.16,신안군,멸강나방,0
2022.06.16,여수시,멸강나방,0
2022.06.16,영광군,멸강나방,0
2022.06.16,영암군,멸강나방,0
2022.06.16,완도군,멸강나방,0
2022.06.16,장성군,멸강나방,0
2022.06.16,장흥군,멸강나방,0
2022.06.16,진도군,멸강나방,0
2022.06.16,함평군,멸강나방,0
2022.06.16,해남군,멸강나방,0
2022.06.16,화순군,멸강나방,0
2022.07.01,강진군,멸강나방,0
2022.07.01,고흥군,멸강나방,0
2022.07.01,곡성군,멸강나방,0
2022.07.01,광양시,멸강나방,0
2022.07.01,구례군,멸강나방,0
2022.07.01,나주시,멸강나방,0
2022.07.01,담양군,멸강나방,0
2022.07.01,무안군,멸강나방,0
2022.07.01,보성군,멸강나방,0
2022.07.01,순천시,멸강나방,0
2022.07.01,신안군,멸강나방,0
2022.07.01,여수시,멸강나방,0
2022.07.01,영광군,멸강나방,0
2022.07.01,영암군,멸강나방,0
2022.07.01,완도군,멸강나방,0
2022.07.01,장성군,멸강나방,0
2022.07.01,장흥군,멸강나방,0
2022.07.01,진도군,멸강나방,0
2022.07.01,함평군,멸강나방,0
2022.07.01,해남군,멸강나방,0
2022.07.01,화순군,멸강나방,0
2022.07.16,강진군,멸강나방,0
2022.07.16,고흥군,멸강나방,0
2022.07.16,곡성군,멸강나방,0
2022.07.16,광양시,멸강나방,0
2022.07.16,구례군,멸강나방,0
2022.07.16,나주시,멸강나방,0
2022.07.16,담양군,멸강나방,0
2022.07.16,무안군,멸강나방,0
2022.07.16,보성군,멸강나방,0
2022.07.16,순천시,멸강나방,0
2022.07.16,신안군,멸강나방,0
2022.07.16,여수시,멸강나방,0
2022.07.16,영광군,멸강나방,0
2022.07.16,영암군,멸강나방,0
2022.07.16,완도군,멸강나방,0
2022.07.16,장성군,멸강나방,0
2022.07.16,장흥군,멸강나방,0
2022.07.16,진도군,멸강나방,0
2022.07.16,함평군,멸강나방,0
2022.07.16,해남군,멸강나방,0
2022.07.16,화순군,멸강나방,0
2022.08.01,강진군,멸강나방,0
2022.08.01,고흥군,멸강나방,0
2022.08.01,곡성군,멸강나방,0
2022.08.01,광양시,멸강나방,0
2022.08.01,구례군,멸강나방,0
2022.08.01,나주시,멸강나방,0
2022.08.01,담양군,멸강나방,0
2022.08.01,무안군,멸강나방,0
2022.08.01,보성군,멸강나방,0
2022.08.01,순천시,멸강나방,0
2022.08.01,신안군,멸강나방,0
2022.08.01,여수시,멸강나방,0
2022.08.01,영광군,멸강나방,0
2022.08.01,영암군,멸강나방,0
2022.08.01,완도군,멸강나방,0
2022.08.01,장성군,멸강나방,0
2022.08.01,장흥군,멸강나방,0
2022.08.01,진도군,멸강나방,0
2022.08.01,함평군,멸강나방,0
2022.08.01,화순군,멸강나방,0
2022.08.16,강진군,멸강나방,0
2022.08.16,고흥군,멸강나방,0
2022.08.16,광양시,멸강나방,0
2022.08.16,구례군,멸강나방,0
2022.08.16,담양군,멸강나방,1
2022.08.16,무안군,멸강나방,0
2022.08.16,보성군,멸강나방,0
2022.08.16,순천시,멸강나방,0
2022.08.16,여수시,멸강나방,0
2022.08.16,영암군,멸강나방,0
2022.08.16,완도군,멸강나방,0
2022.08.16,장성군,멸강나방,0
2022.08.16,장흥군,멸강나방,0
2022.08.16,진도군,멸강나방,0
2022.08.16,함평군,멸강나방,0
2022.08.16,해남군,멸강나방,0
2022.08.16,화순군,멸강나방,0
2022.09.01,강진군,멸강나방,0
2022.09.01,고흥군,멸강나방,0
2022.09.01,곡성군,멸강나방,0
2022.09.01,광양시,멸강나방,0
2022.09.01,구례군,멸강나방,0
2022.09.01,담양군,멸강나방,0
2022.09.01,보성군,멸강나방,0
2022.09.01,순천시,멸강나방,0
2022.09.01,신안군,멸강나방,0
2022.09.01,여수시,멸강나방,0
2022.09.01,영암군,멸강나방,0
2022.09.01,완도군,멸강나방,0
2022.09.01,장성군,멸강나방,0
2022.09.01,장흥군,멸강나방,0
2022.09.01,진도군,멸강나방,0
2022.09.01,해남군,멸강나방,0
2022.09.01,화순군,멸강나방,0
2022.09.16,강진군,멸강나방,0
2022.09.16,고흥군,멸강나방,0
2022.09.16,곡성군,멸강나방,0
2022.09.16,광양시,멸강나방,0
2022.09.16,구례군,멸강나방,0
2022.09.16,나주시,멸강나방,0
2022.09.16,담양군,멸강나방,0
2022.09.16,무안군,멸강나방,0
2022.09.16,보성군,멸강나방,0
2022.09.16,순천시,멸강나방,0
2022.09.16,신안군,멸강나방,0
2022.09.16,여수시,멸강나방,0
2022.09.16,영광군,멸강나방,0
2022.09.16,완도군,멸강나방,0
2022.09.16,장성군,멸강나방,0
2022.09.16,장흥군,멸강나방,0
2022.09.16,진도군,멸강나방,0
2022.09.16,함평군,멸강나방,0
2022.09.16,해남군,멸강나방,0
2022.09.16,화순군,멸강나방,0
2023.06.01,강진군,멸강나방,0
2023.06.01,곡성군,멸강나방,0
2023.06.01,광양시,멸강나방,0
2023.06.01,구례군,멸강나방,0
2023.06.01,나주시,멸강나방,0
2023.06.01,담양군,멸강나방,0
2023.06.01,무안군,멸강나방,0
2023.06.01,보성군,멸강나방,0
2023.06.01,순천시,멸강나방,0
2023.06.01,신안군,멸강나방,0
2023.06.01,여수시,멸강나방,0
2023.06.01,영광군,멸강나방,0
2023.06.01,영암군,멸강나방,0
2023.06.01,완도군,멸강나방,0
2023.06.01,장성군,멸강나방,0
2023.06.01,장흥군,멸강나방,0
2023.06.01,진도군,멸강나방,0
2023.06.01,함평군,멸강나방,0
2023.06.01,해남군,멸강나방,0
2023.06.01,화순군,멸강나방,0
2023.06.16,강진군,멸강나방,0
2023.06.16,곡성군,멸강나방,0
2023.06.16,광양시,멸강나방,0
2023.06.16,구례군,멸강나방,0
2023.06.16,나주시,멸강나방,0
2023.06.16,담양군,멸강나방,0
2023.06.16,무안군,멸강나방,0
2023.06.16,보성군,멸강나방,0
2023.06.16,순천시,멸강나방,0
2023.06.16,신안군,멸강나방,0
2023.06.16,여수시,멸강나방,0
2023.06.16,영광군,멸강나방,0
2023.06.16,영암군,멸강나방,0
2023.06.16,완도군,멸강나방,0
2023.06.16,장성군,멸강나방,0
2023.06.16,장흥군,멸강나방,0
2023.06.16,진도군,멸강나방,0
2023.06.16,함평군,멸강나방,0
2023.06.16,해남군,멸강나방,0
2023.06.16,화순군,멸강나방,0
2023.07.01,강진군,멸강나방,0
2023.07.01,고흥군,멸강나방,0
2023.07.01,곡성군,멸강나방,0
2023.07.01,광양시,멸강나방,0
2023.07.01,구례군,멸강나방,0
2023.07.01,나주시,멸강나방,0
2023.07.01,담양군,멸강나방,0
2023.07.01,무안군,멸강나방,0
2023.07.01,보성군,멸강나방,0
2023.07.01,순천시,멸강나방,0
2023.07.01,신안군,멸강나방,0
2023.07.01,여수시,멸강나방,0
2023.07.01,영광군,멸강나방,0
2023.07.01,영암군,멸강나방,0
2023.07.01,완도군,멸강나방,0
2023.07.01,장성군,멸강나방,0
2023.07.01,장흥군,멸강나방,0
2023.07.01,진도군,멸강나방,0
2023.07.01,함평군,멸강나방,0
2023.07.01,해남군,멸강나방,0
2023.07.01,화순군,멸강나방,0
2023.07.16,강진군,멸강나방,0
2023.07.16,고흥군,멸강나방,0
2023.07.16,곡성군,멸강나방,0
2023.07.16,광양시,멸강나방,0
2023.07.16,구례군,멸강나방,0
2023.07.16,나주시,멸강나방,0
2023.07.16,담양군,멸강나방,0
2023.07.16,무안군,멸강나방,0
2023.07.16,보성군,멸강나방,0
2023.07.16,순천시,멸강나방,0
2023.07.16,신안군,멸강나방,0
2023.07.16,여수시,멸강나방,0
2023.07.16,영광군,멸강나방,0
2023.07.16,영암군,멸강나방,0
2023.07.16,완도군,멸강나방,0
2023.07.16,장성군,멸강나방,0
2023.07.16,장흥군,멸강나방,0
2023.07.16,진도군,멸강나방,0
2023.07.16,함평군,멸강나방,0
2023.07.16,해남군,멸강나방,0
2023.07.16,화순군,멸강나방,0
2023.08.01,강진군,멸강나방,0
2023.08.01,고흥군,멸강나방,0
2023.08.01,곡성군,멸강나방,0
2023.08.01,광양시,멸강나방,0
2023.08.01,구례군,멸강나방,0
2023.08.01,나주시,멸강나방,0
2023.08.01,담양군,멸강나방,0
2023.08.01,무안군,멸강나방,0
2023.08.01,보성군,멸강나방,0
2023.08.01,순천시,멸강나방,0
2023.08.01,신안군,멸강나방,0
2023.08.01,여수시,멸강나방,0
2023.08.01,영광군,멸강나방,0
2023.08.01,영암군,멸강나방,0
2023.08.01,완도군,멸강나방,0
2023.08.01,장성군,멸강나방,0
2023.08.01,장흥군,멸강나방,0
2023.08.01,진도군,멸강나방,0
2023.08.01,함평군,멸강나방,0
2023.08.01,해남군,멸강나방,0
2023.08.01,화순군,멸강나방,0
2023.08.16,강진군,멸강나방,0
2023.08.16,고흥군,멸강나방,0
2023.08.16,곡성군,멸강나방,0
2023.08.16,광양시,멸강나방,0
2023.08.16,구례군,멸강나방,0
2023.08.16,나주시,멸강나방,0
2023.08.16,담양군,멸강나방,0
2023.08.16,무안군,멸강나방,1
2023.08.16,보성군,멸강나방,0
2023.08.16,순천시,멸강나방,0
2023.08.16,신안군,멸강나방,0
2023.08.16,여수시,멸강나방,0
2023.08.16,영광군,멸강나방,0
2023.08.16,영암군,멸강나방,0
2023.08.16,완도군,멸강나방,0
2023.08.16,장성군,멸강나방,0
2023.08.16,장흥군,멸강나방,0
2023.08.16,진도군,멸강나방,0
2023.08.16,함평군,멸강나방,0
2023.08.16,해남군,멸강나방,0
2023.08.16,화순군,멸강나방,0
2023.09.01,강진군,멸강나방,0
2023.09.01,고흥군,멸강나방,0
2023.09.01,곡성군,멸강나방,0
2023.09.01,광양시,멸강나방,0
2023.09.01,구례군,멸강나방,0
2023.09.01,나주시,멸강나방,0
2023.09.01,담양군,멸강나방,0
2023.09.01,무안군,멸강나방,0
2023.09.01,보성군,멸강나방,0
2023.09.01,순천시,멸강나방,0
2023.09.01,신안군,멸강나방,0
2023.09.01,여수시,멸강나방,0
2023.09.01,영광군,멸강나방,0
2023.09.01,영암군,멸강나방,0
2023.09.01,완도군,멸강나방,0
2023.09.01,장성군,멸강나방,0
2023.09.01,장흥군,멸강나방,0
2023.09.01,진도군,멸강나방,0
2023.09.01,함평군,멸강나방,0
2023.09.01,해남군,멸강나방,0
2023.09.01,화순군,멸강나방,0
2023.09.16,강진군,멸강나방,0
2023.09.16,고흥군,멸강나방,0
2023.09.16,곡성군,멸강나방,0
2023.09.16,광양시,멸강나방,0
2023.09.16,구례군,멸강나방,0
2023.09.16,나주시,멸강나방,1
2023.09.16,담양군,멸강나방,1
2023.09.16,무안군,멸강나방,0
2023.09.16,보성군,멸강나방,0
2023.09.16,순천시,멸강나방,0
2023.09.16,신안군,멸강나방,0
2023.09.16,여수시,멸강나방,0
2023.09.16,영광군,멸강나방,0
2023.09.16,영암군,멸강나방,0
2023.09.16,완도군,멸강나방,0
2023.09.16,장성군,멸강나방,0
2023.09.16,장흥군,멸강나방,0
2023.09.16,진도군,멸강나방,0
2023.09.16,함평군,멸강나방,0
2023.09.16,해남군,멸강나방,0
2023.09.16,화순군,멸강나방,0
2024.06.01,강진군,멸강나방,0
2024.06.01,고흥군,멸강나방,0
2024.06.01,광양시,멸강나방,0
2024.06.01,구례군,멸강나방,0
2024.06.01,나주시,멸강나방,0
2024.06.01,무안군,멸강나방,0
2024.06.01,보성군,멸강나방,0
2024.06.01,순천시,멸강나방,0
2024.06.01,신안군,멸강나방,0
2024.06.01,여수시,멸강나방,0
2024.06.01,영암군,멸강나방,0
2024.06.01,완도군,멸강나방,0
2024.06.01,장성군,멸강나방,0
2024.06.01,장흥군,멸강나방,0
2024.06.01,진도군,멸강나방,0
2024.06.01,해남군,멸강나방,0
2024.06.01,화순군,멸강나방,0
2024.06.16,강진군,멸강나방,0
2024.06.16,고흥군,멸강나방,0
2024.06.16,광양시,멸강나방,0
2024.06.16,구례군,멸강나방,0
2024.06.16,나주시,멸강나방,0
2024.06.16,담양군,멸강나방,0
2024.06.16,무안군,멸강나방,0
2024.06.16,보성군,멸강나방,0
2024.06.16,순천시,멸강나방,0
2024.06.16,신안군,멸강나방,0
2024.06.16,여수시,멸강나방,0
2024.06.16,영광군,멸강나방,0
2024.06.16,영암군,멸강나방,0
2024.06.16,완도군,멸강나방,0
2024.06.16,장성군,멸강나방,0
2024.06.16,장흥군,멸강나방,0
2024.06.16,진도군,멸강나방,0
2024.06.16,해남군,멸강나방,0
2024.06.16,화순군,멸강나방,0
2024.07.01,강진군,멸강나방,0
2024.07.01,고흥군,멸강나방,0
2024.07.01,곡성군,멸강나방,0
2024.07.01,광양시,멸강나방,0
2024.07.01,구례군,멸강나방,0
2024.07.01,나주시,멸강나방,0
2024.07.01,담양군,멸강나방,0
2024.07.01,무안군,멸강나방,0
2024.07.01,보성군,멸강나방,0
2024.07.01,순천시,멸강나방,0
2024.07.01,신안군,멸강나방,0
2024.07.01,여수시,멸강나방,0
2024.07.01,영광군,멸강나방,0
2024.07.01,영암군,멸강나방,0
2024.07.01,완도군,멸강나방,0
2024.07.01,장성군,멸강나방,0
2024.07.01,장흥군,멸강나방,0
2024.07.01,진도군,멸강나방,0
2024.07.01,함평군,멸강나방,0
2024.07.01,해남군,멸강나방,0
2024.07.01,화순군,멸강나방,0
2024.07.16,강진군,멸강나방,0
2024.07.16,고흥군,멸강나방,0
2024.07.16,곡성군,멸강나방,0
2024.07.16,광양시,멸강나방,0
2024.07.16,구례군,멸강나방,0
2024.07.16,나주시,멸강나방,0
2024.07.16,담양군,멸강나방,0
2024.07.16,무안군,멸강나방,0
2024.07.16,보성군,멸강나방,0
2024.07.16,순천시,멸강나방,0
2024.07.16,신안군,멸강나방,0
2024.07.16,여수시,멸강나방,0
2024.07.16,영광군,멸강나방,0
2024.07.16,영암군,멸강나방,1
2024.07.16,완도군,멸강나방,0
2024.07.16,장성군,멸강나방,0
2024.07.16,장흥군,멸강나방,0
2024.07.16,진도군,멸강나방,0
2024.07.16,함평군,멸강나방,0
2024.07.16,해남군,멸강나방,0
2024.07.16,화순군,멸강나방,0
2024.08.01,강진군,멸강나방,0
2024.08.01,고흥군,멸강나방,0
2024.08.01,곡성군,멸강나방,0
2024.08.01,광양시,멸강나방,0
2024.08.01,구례군,멸강나방,0
2024.08.01,나주시,멸강나방,0
2024.08.01,담양군,멸강나방,0
2024.08.01,무안군,멸강나방,0
2024.08.01,보성군,멸강나방,0
2024.08.01,순천시,멸강나방,0
2024.08.01,신안군,멸강나방,0
2024.08.01,여수시,멸강나방,0
2024.08.01,영광군,멸강나방,0
2024.08.01,영암군,멸강나방,0
2024.08.01,완도군,멸강나방,0
2024.08.01,장성군,멸강나방,0
2024.08.01,장흥군,멸강나방,0
2024.08.01,진도군,멸강나방,0
2024.08.01,함평군,멸강나방,0
2024.08.01,해남군,멸강나방,0
2024.08.01,화순군,멸강나방,0
2024.08.16,강진군,멸강나방,0
2024.08.16,고흥군,멸강나방,0
2024.08.16,곡성군,멸강나방,0
2024.08.16,광양시,멸강나방,0
2024.08.16,구례군,멸강나방,0
2024.08.16,나주시,멸강나방,0
2024.08.16,담양군,멸강나방,0
2024.08.16,무안군,멸강나방,0
2024.08.16,보성군,멸강나방,0
2024.08.16,순천시,멸강나방,0
2024.08.16,신안군,멸강나방,0
2024.08.16,여수시,멸강나방,0
2024.08.16,영광군,멸강나방,0
2024.08.16,영암군,멸강나방,0
2024.08.16,완도군,멸강나방,0
2024.08.16,장성군,멸강나방,0
2024.08.16,장흥군,멸강나방,0
2024.08.16,진도군,멸강나방,0
2024.08.16,함평군,멸강나방,0
2024.08.16,해남군,멸강나방,0
2024.08.16,화순군,멸강나방,0
2024.09.01,강진군,멸강나방,0
2024.09.01,고흥군,멸강나방,0
2024.09.01,곡성군,멸강나방,0
2024.09.01,광양시,멸강나방,0
2024.09.01,구례군,멸강나방,0
2024.09.01,나주시,멸강나방,0
2024.09.01,담양군,멸강나방,0
2024.09.01,무안군,멸강나방,0
2024.09.01,보성군,멸강나방,0
2024.09.01,순천시,멸강나방,0
2024.09.01,신안군,멸강나방,0
2024.09.01,여수시,멸강나방,0
2024.09.01,영광군,멸강나방,0
2024.09.01,영암군,멸강나방,0
2024.09.01,완도군,멸강나방,0
2024.09.01,장성군,멸강나방,0
2024.09.01,장흥군,멸강나방,0
2024.09.01,진도군,멸강나방,0
2024.09.01,함평군,멸강나방,0
2024.09.01,해남군,멸강나방,0
2024.09.01,화순군,멸강나방,0
2024.09.16,강진군,멸강나방,0
2024.09.16,고흥군,멸강나방,0
2024.09.16,곡성군,멸강나방,0
2024.09.16,광양시,멸강나방,0
2024.09.16,구례군,멸강나방,0
2024.09.16,나주시,멸강나방,0
2024.09.16,담양군,멸강나방,0
2024.09.16,무안군,멸강나방,0
2024.09.16,보성군,멸강나방,1
2024.09.16,순천시,멸강나방,0
2024.09.16,신안군,멸강나방,0
2024.09.16,여수시,멸강나방,0
2024.09.16,영광군,멸강나방,0
2024.09.16,영암군,멸강나방,0
2024.09.16,완도군,멸강나방,0
2024.09.16,장성군,멸강나방,0
2024.09.16,장흥군,멸강나방,0
2024.09.16,진도군,멸강나방,0
2024.09.16,함평군,멸강나방,0
2024.09.16,해남군,멸강나방,0
2024.09.16,화순군,멸강나방,0
2025.06.01,강진군,멸강나방,0
2025.06.01,고흥군,멸강나방,0
2025.06.01,곡성군,멸강나방,0
2025.06.01,광양시,멸강나방,0
2025.06.01,구례군,멸강나방,0
2025.06.01,나주시,멸강나방,0
2025.06.01,담양군,멸강나방,0
2025.06.01,무안군,멸강나방,0
2025.06.01,보성군,멸강나방,0
2025.06.01,순천시,멸강나방,0
2025.06.01,신안군,멸강나방,0
2025.06.01,여수시,멸강나방,0
2025.06.01,영광군,멸강나방,0
2025.06.01,영암군,멸강나방,0
2025.06.01,완도군,멸강나방,0
2025.06.01,장성군,멸강나방,0
2025.06.01,장흥군,멸강나방,0
2025.06.01,진도군,멸강나방,0
2025.06.01,함평군,멸강나방,0
2025.06.01,해남군,멸강나방,0
2025.06.01,화순군,멸강나방,0
2025.06.16,강진군,멸강나방,0
2025.06.16,고흥군,멸강나방,0
2025.06.16,곡성군,멸강나방,0
2025.06.16,광양시,멸강나방,0
2025.06.16,구례군,멸강나방,0
2025.06.16,나주시,멸강나방,0
2025.06.16,담양군,멸강나방,0
2025.06.16,무안군,멸강나방,0
2025.06.16,보성군,멸강나방,0
2025.06.16,순천시,멸강나방,0
2025.06.16,신안군,멸강나방,0
2025.06.16,여수시,멸강나방,0
2025.06.16,영광군,멸강나방,0
2025.06.16,영암군,멸강나방,0
2025.06.16,완도군,멸강나방,0
2025.06.16,장성군,멸강나방,0
2025.06.16,장흥군,멸강나방,0
2025.06.16,진도군,멸강나방,0
2025.06.16,함평군,멸강나방,0
2025.06.16,해남군,멸강나방,0
2025.06.16,화순군,멸강나방,0
2025.07.01,강진군,멸강나방,0
2025.07.01,고흥군,멸강나방,0
2025.07.01,곡성군,멸강나방,0
2025.07.01,광양시,멸강나방,0
2025.07.01,구례군,멸강나방,0
2025.07.01,나주시,멸강나방,0
2025.07.01,담양군,멸강나방,0
2025.07.01,무안군,멸강나방,0
2025.07.01,보성군,멸강나방,0
2025.07.01,순천시,멸강나방,0
2025.07.01,신안군,멸강나방,0
2025.07.01,여수시,멸강나방,0
2025.07.01,영광군,멸강나방,0
2025.07.01,영암군,멸강나방,0
2025.07.01,완도군,멸강나방,0
2025.07.01,장성군,멸강나방,0
2025.07.01,진도군,멸강나방,0
2025.07.01,함평군,멸강나방,0
2025.07.01,해남군,멸강나방,0
2025.07.01,화순군,멸강나방,0
2025.07.16,강진군,멸강나방,0
2025.07.16,고흥군,멸강나방,0
2025.07.16,곡성군,멸강나방,0
2025.07.16,광양시,멸강나방,0
2025.07.16,구례군,멸강나방,0
2025.07.16,나주시,멸강나방,0
2025.07.16,담양군,멸강나방,0
2025.07.16,무안군,멸강나방,0
2025.07.16,보성군,멸강나방,0
2025.07.16,순천시,멸강나방,0
2025.07.16,신안군,멸강나방,0
2025.07.16,여수시,멸강나방,0
2025.07.16,영광군,멸강나방,0
2025.07.16,영암군,멸강나방,0
2025.07.16,완도군,멸강나방,0
2025.07.16,장성군,멸강나방,0
2025.07.16,장흥군,멸강나방,0
2025.07.16,진도군,멸강나방,0
2025.07.16,함평군,멸강나방,0
2025.07.16,해남군,멸강나방,0
2025.07.16,화순군,멸강나방,0
2025.08.01,강진군,멸강나방,0
2025.08.01,고흥군,멸강나방,0
2025.08.01,광양시,멸강나방,0
2025.08.01,구례군,멸강나방,0
2025.08.01,담양군,멸강나방,0
2025.08.01,무안군,멸강나방,0
2025.08.01,보성군,멸강나방,0
2025.08.01,신안군,멸강나방,0
2025.08.01,여수시,멸강나방,0
2025.08.01,영광군,멸강나방,0
2025.08.01,영암군,멸강나방,0
2025.08.01,완도군,멸강나방,0
2025.08.01,장성군,멸강나방,0
2025.08.01,장흥군,멸강나방,0
2025.08.01,진도군,멸강나방,0
2025.08.01,함평군,멸강나방,0
2025.08.01,해남군,멸강나방,0
2025.08.01,화순군,멸강나방,0
2025.08.16,강진군,멸강나방,0
2025.08.16,고흥군,멸강나방,0
2025.08.16,곡성군,멸강나방,0
2025.08.16,광양시,멸강나방,0
2025.08.16,구례군,멸강나방,0
2025.08.16,나주시,멸강나방,0
2025.08.16,담양군,멸강나방,0
2025.08.16,무안군,멸강나방,0
2025.08.16,보성군,멸강나방,0
2025.08.16,순천시,멸강나방,0
2025.08.16,신안군,멸강나방,0
2025.08.16,여수시,멸강나방,0
2025.08.16,영광군,멸강나방,0
2025.08.16,영암군,멸강나방,0
2025.08.16,완도군,멸강나방,0
2025.08.16,장성군,멸강나방,0
2025.08.16,장흥군,멸강나방,0
2025.08.16,진도군,멸강나방,0
2025.08.16,함평군,멸강나방,0
2025.08.16,해남군,멸강나방,0
2025.08.16,화순군,멸강나방,0
2025.09.01,강진군,멸강나방,0
2025.09.01,고흥군,멸강나방,0
2025.09.01,곡성군,멸강나방,0
2025.09.01,광양시,멸강나방,0
2025.09.01,구례군,멸강나방,0
2025.09.01,나주시,멸강나방,0
2025.09.01,담양군,멸강나방,0
2025.09.01,무안군,멸강나방,0
2025.09.01,보성군,멸강나방,0
2025.09.01,순천시,멸강나방,0
2025.09.01,신안군,멸강나방,0
2025.09.01,여수시,멸강나방,0
2025.09.01,영광군,멸강나방,0
2025.09.01,영암군,멸강나방,0
2025.09.01,완도군,멸강나방,0
2025.09.01,장성군,멸강나방,0
2025.09.01,장흥군,멸강나방,0
2025.09.01,진도군,멸강나방,0
2025.09.01,함평군,멸강나방,0
2025.09.01,해남군,멸강나방,0
2025.09.01,화순군,멸강나방,0
2025.09.16,강진군,멸강나방,0
2025.09.16,고흥군,멸강나방,0
2025.09.16,곡성군,멸강나방,0
2025.09.16,광양시,멸강나방,0
2025.09.16,구례군,멸강나방,0
2025.09.16,나주시,멸강나방,0
2025.09.16,담양군,멸강나방,0
2025.09.16,무안군,멸강나방,0
2025.09.16,보성군,멸강나방,0
2025.09.16,순천시,멸강나방,0
2025.09.16,신안군,멸강나방,0
2025.09.16,여수시,멸강나방,0
2025.09.16,영광군,멸강나방,0
2025.09.16,영암군,멸강나방,0
2025.09.16,완도군,멸강나방,0
2025.09.16,장성군,멸강나방,0
2025.09.16,장흥군,멸강나방,0
2025.09.16,진도군,멸강나방,0
2025.09.16,함평군,멸강나방,0
2025.09.16,해남군,멸강나방,0
2025.09.16,화순군,멸강나방,0
2014.09.16,강진군,벼검은줄오갈병,0
2014.09.16,고흥군,벼검은줄오갈병,0
2014.09.16,곡성군,벼검은줄오갈병,0
2014.09.16,광양시,벼검은줄오갈병,0
2014.09.16,구례군,벼검은줄오갈병,0
2014.09.16,나주시,벼검은줄오갈병,0
2014.09.16,담양군,벼검은줄오갈병,0
2014.09.16,무안군,벼검은줄오갈병,0
2014.09.16,보성군,벼검은줄오갈병,0
2014.09.16,순천시,벼검은줄오갈병,0
2014.09.16,신안군,벼검은줄오갈병,0
2014.09.16,여수시,벼검은줄오갈병,0
2014.09.16,영광군,벼검은줄오갈병,0
2014.09.16,영암군,벼검은줄오갈병,0
2014.09.16,완도군,벼검은줄오갈병,0
2014.09.16,장성군,벼검은줄오갈병,0
2014.09.16,장흥군,벼검은줄오갈병,0
2014.09.16,진도군,벼검은줄오갈병,0
2014.09.16,함평군,벼검은줄오갈병,0
2014.09.16,해남군,벼검은줄오갈병,0
2014.09.16,화순군,벼검은줄오갈병,0
2015.06.16,강진군,벼검은줄오갈병,0
2015.06.16,고흥군,벼검은줄오갈병,0
2015.06.16,곡성군,벼검은줄오갈병,0
2015.06.16,광양시,벼검은줄오갈병,0
2015.06.16,구례군,벼검은줄오갈병,0
2015.06.16,나주시,벼검은줄오갈병,0
2015.06.16,담양군,벼검은줄오갈병,0
2015.06.16,무안군,벼검은줄오갈병,0
2015.06.16,보성군,벼검은줄오갈병,0
2015.06.16,순천시,벼검은줄오갈병,0
2015.06.16,신안군,벼검은줄오갈병,0
2015.06.16,여수시,벼검은줄오갈병,0
2015.06.16,영광군,벼검은줄오갈병,0
2015.06.16,영암군,벼검은줄오갈병,0
2015.06.16,완도군,벼검은줄오갈병,0
2015.06.16,장성군,벼검은줄오갈병,0
2015.06.16,장흥군,벼검은줄오갈병,0
2015.06.16,진도군,벼검은줄오갈병,0
2015.06.16,함평군,벼검은줄오갈병,0
2015.06.16,해남군,벼검은줄오갈병,0
2015.06.16,화순군,벼검은줄오갈병,0
2015.07.01,강진군,벼검은줄오갈병,0
2015.07.01,고흥군,벼검은줄오갈병,0
2015.07.01,곡성군,벼검은줄오갈병,0
2015.07.01,광양시,벼검은줄오갈병,0
2015.07.01,구례군,벼검은줄오갈병,0
2015.07.01,나주시,벼검은줄오갈병,0
2015.07.01,담양군,벼검은줄오갈병,0
2015.07.01,무안군,벼검은줄오갈병,0
2015.07.01,보성군,벼검은줄오갈병,0
2015.07.01,순천시,벼검은줄오갈병,0
2015.07.01,신안군,벼검은줄오갈병,0
2015.07.01,여수시,벼검은줄오갈병,0
2015.07.01,영광군,벼검은줄오갈병,0
2015.07.01,영암군,벼검은줄오갈병,0
2015.07.01,완도군,벼검은줄오갈병,0
2015.07.01,장성군,벼검은줄오갈병,0
2015.07.01,장흥군,벼검은줄오갈병,0
2015.07.01,진도군,벼검은줄오갈병,0
2015.07.01,함평군,벼검은줄오갈병,0
2015.07.01,해남군,벼검은줄오갈병,0
2015.07.01,화순군,벼검은줄오갈병,0
2015.07.16,강진군,벼검은줄오갈병,0
2015.07.16,고흥군,벼검은줄오갈병,0
2015.07.16,곡성군,벼검은줄오갈병,0
2015.07.16,광양시,벼검은줄오갈병,0
2015.07.16,구례군,벼검은줄오갈병,0
2015.07.16,나주시,벼검은줄오갈병,0
2015.07.16,담양군,벼검은줄오갈병,0
2015.07.16,무안군,벼검은줄오갈병,0
2015.07.16,보성군,벼검은줄오갈병,0
2015.07.16,순천시,벼검은줄오갈병,0
2015.07.16,신안군,벼검은줄오갈병,0
2015.07.16,여수시,벼검은줄오갈병,0
2015.07.16,영광군,벼검은줄오갈병,0
2015.07.16,영암군,벼검은줄오갈병,0
2015.07.16,완도군,벼검은줄오갈병,0
2015.07.16,장성군,벼검은줄오갈병,0
2015.07.16,장흥군,벼검은줄오갈병,0
2015.07.16,진도군,벼검은줄오갈병,0
2015.07.16,함평군,벼검은줄오갈병,0
2015.07.16,해남군,벼검은줄오갈병,0
2015.07.16,화순군,벼검은줄오갈병,0
2015.08.01,강진군,벼검은줄오갈병,0
2015.08.01,고흥군,벼검은줄오갈병,0
2015.08.01,곡성군,벼검은줄오갈병,0
2015.08.01,광양시,벼검은줄오갈병,0
2015.08.01,구례군,벼검은줄오갈병,0
2015.08.01,나주시,벼검은줄오갈병,0
2015.08.01,담양군,벼검은줄오갈병,0
2015.08.01,무안군,벼검은줄오갈병,0
2015.08.01,보성군,벼검은줄오갈병,0
2015.08.01,순천시,벼검은줄오갈병,0
2015.08.01,신안군,벼검은줄오갈병,0
2015.08.01,여수시,벼검은줄오갈병,0
2015.08.01,영광군,벼검은줄오갈병,0
2015.08.01,영암군,벼검은줄오갈병,0
2015.08.01,완도군,벼검은줄오갈병,0
2015.08.01,장성군,벼검은줄오갈병,0
2015.08.01,장흥군,벼검은줄오갈병,0
2015.08.01,진도군,벼검은줄오갈병,0
2015.08.01,함평군,벼검은줄오갈병,0
2015.08.01,해남군,벼검은줄오갈병,0
2015.08.01,화순군,벼검은줄오갈병,0
2015.08.16,강진군,벼검은줄오갈병,0
2015.08.16,고흥군,벼검은줄오갈병,0
2015.08.16,곡성군,벼검은줄오갈병,0
2015.08.16,광양시,벼검은줄오갈병,0
2015.08.16,구례군,벼검은줄오갈병,0
2015.08.16,나주시,벼검은줄오갈병,0
2015.08.16,담양군,벼검은줄오갈병,0
2015.08.16,무안군,벼검은줄오갈병,0
2015.08.16,보성군,벼검은줄오갈병,0
2015.08.16,순천시,벼검은줄오갈병,0
2015.08.16,신안군,벼검은줄오갈병,0
2015.08.16,여수시,벼검은줄오갈병,0
2015.08.16,영광군,벼검은줄오갈병,0
2015.08.16,영암군,벼검은줄오갈병,0
2015.08.16,완도군,벼검은줄오갈병,0
2015.08.16,장성군,벼검은줄오갈병,0
2015.08.16,장흥군,벼검은줄오갈병,0
2015.08.16,진도군,벼검은줄오갈병,0
2015.08.16,함평군,벼검은줄오갈병,0
2015.08.16,해남군,벼검은줄오갈병,0
2015.08.16,화순군,벼검은줄오갈병,0
2016.06.01,강진군,벼검은줄오갈병,0
2016.06.01,고흥군,벼검은줄오갈병,0
2016.06.01,곡성군,벼검은줄오갈병,0
2016.06.01,광양시,벼검은줄오갈병,0
2016.06.01,구례군,벼검은줄오갈병,0
2016.06.01,나주시,벼검은줄오갈병,0
2016.06.01,담양군,벼검은줄오갈병,0
2016.06.01,무안군,벼검은줄오갈병,0
2016.06.01,보성군,벼검은줄오갈병,0
2016.06.01,순천시,벼검은줄오갈병,0
2016.06.01,신안군,벼검은줄오갈병,0
2016.06.01,여수시,벼검은줄오갈병,0
2016.06.01,영광군,벼검은줄오갈병,0
2016.06.01,영암군,벼검은줄오갈병,0
2016.06.01,완도군,벼검은줄오갈병,0
2016.06.01,장성군,벼검은줄오갈병,0
2016.06.01,장흥군,벼검은줄오갈병,0
2016.06.01,진도군,벼검은줄오갈병,0
2016.06.01,함평군,벼검은줄오갈병,0
2016.06.01,해남군,벼검은줄오갈병,0
2016.06.01,화순군,벼검은줄오갈병,0
2016.06.16,강진군,벼검은줄오갈병,0
2016.06.16,고흥군,벼검은줄오갈병,0
2016.06.16,곡성군,벼검은줄오갈병,0
2016.06.16,광양시,벼검은줄오갈병,0
2016.06.16,구례군,벼검은줄오갈병,0
2016.06.16,나주시,벼검은줄오갈병,0
2016.06.16,담양군,벼검은줄오갈병,0
2016.06.16,무안군,벼검은줄오갈병,0
2016.06.16,보성군,벼검은줄오갈병,0
2016.06.16,순천시,벼검은줄오갈병,0
2016.06.16,신안군,벼검은줄오갈병,0
2016.06.16,여수시,벼검은줄오갈병,0
2016.06.16,영광군,벼검은줄오갈병,0
2016.06.16,영암군,벼검은줄오갈병,0
2016.06.16,완도군,벼검은줄오갈병,0
2016.06.16,장성군,벼검은줄오갈병,0
2016.06.16,장흥군,벼검은줄오갈병,0
2016.06.16,진도군,벼검은줄오갈병,0
2016.06.16,함평군,벼검은줄오갈병,0
2016.06.16,해남군,벼검은줄오갈병,0
2016.06.16,화순군,벼검은줄오갈병,0
2016.07.01,강진군,벼검은줄오갈병,0
2016.07.01,고흥군,벼검은줄오갈병,0
2016.07.01,곡성군,벼검은줄오갈병,0
2016.07.01,광양시,벼검은줄오갈병,0
2016.07.01,구례군,벼검은줄오갈병,0
2016.07.01,나주시,벼검은줄오갈병,0
2016.07.01,담양군,벼검은줄오갈병,0
2016.07.01,무안군,벼검은줄오갈병,0
2016.07.01,보성군,벼검은줄오갈병,0
2016.07.01,순천시,벼검은줄오갈병,0
2016.07.01,신안군,벼검은줄오갈병,0
2016.07.01,여수시,벼검은줄오갈병,0
2016.07.01,영광군,벼검은줄오갈병,0
2016.07.01,영암군,벼검은줄오갈병,0
2016.07.01,완도군,벼검은줄오갈병,0
2016.07.01,장성군,벼검은줄오갈병,0
2016.07.01,장흥군,벼검은줄오갈병,0
2016.07.01,진도군,벼검은줄오갈병,0
2016.07.01,함평군,벼검은줄오갈병,0
2016.07.01,해남군,벼검은줄오갈병,0
2016.07.01,화순군,벼검은줄오갈병,0
2016.07.16,강진군,벼검은줄오갈병,0
2016.07.16,고흥군,벼검은줄오갈병,0
2016.07.16,곡성군,벼검은줄오갈병,0
2016.07.16,광양시,벼검은줄오갈병,0
2016.07.16,구례군,벼검은줄오갈병,0
2016.07.16,나주시,벼검은줄오갈병,0
2016.07.16,담양군,벼검은줄오갈병,0
2016.07.16,무안군,벼검은줄오갈병,0
2016.07.16,보성군,벼검은줄오갈병,0
2016.07.16,순천시,벼검은줄오갈병,0
2016.07.16,신안군,벼검은줄오갈병,0
2016.07.16,여수시,벼검은줄오갈병,0
2016.07.16,영광군,벼검은줄오갈병,0
2016.07.16,영암군,벼검은줄오갈병,0
2016.07.16,완도군,벼검은줄오갈병,0
2016.07.16,장성군,벼검은줄오갈병,0
2016.07.16,장흥군,벼검은줄오갈병,0
2016.07.16,진도군,벼검은줄오갈병,0
2016.07.16,함평군,벼검은줄오갈병,0
2016.07.16,해남군,벼검은줄오갈병,0
2016.07.16,화순군,벼검은줄오갈병,0
2016.08.01,강진군,벼검은줄오갈병,0
2016.08.01,고흥군,벼검은줄오갈병,0
2016.08.01,곡성군,벼검은줄오갈병,0
2016.08.01,광양시,벼검은줄오갈병,0
2016.08.01,구례군,벼검은줄오갈병,0
2016.08.01,나주시,벼검은줄오갈병,0
2016.08.01,담양군,벼검은줄오갈병,0
2016.08.01,무안군,벼검은줄오갈병,0
2016.08.01,보성군,벼검은줄오갈병,0
2016.08.01,순천시,벼검은줄오갈병,0
2016.08.01,신안군,벼검은줄오갈병,0
2016.08.01,여수시,벼검은줄오갈병,0
2016.08.01,영광군,벼검은줄오갈병,0
2016.08.01,영암군,벼검은줄오갈병,0
2016.08.01,완도군,벼검은줄오갈병,0
2016.08.01,장성군,벼검은줄오갈병,0
2016.08.01,장흥군,벼검은줄오갈병,0
2016.08.01,진도군,벼검은줄오갈병,0
2016.08.01,함평군,벼검은줄오갈병,0
2016.08.01,해남군,벼검은줄오갈병,0
2016.08.01,화순군,벼검은줄오갈병,0
2016.08.16,강진군,벼검은줄오갈병,0
2016.08.16,고흥군,벼검은줄오갈병,0
2016.08.16,곡성군,벼검은줄오갈병,0
2016.08.16,광양시,벼검은줄오갈병,0
2016.08.16,구례군,벼검은줄오갈병,0
2016.08.16,나주시,벼검은줄오갈병,0
2016.08.16,담양군,벼검은줄오갈병,0
2016.08.16,무안군,벼검은줄오갈병,0
2016.08.16,보성군,벼검은줄오갈병,0
2016.08.16,순천시,벼검은줄오갈병,0
2016.08.16,신안군,벼검은줄오갈병,0
2016.08.16,여수시,벼검은줄오갈병,0
2016.08.16,영광군,벼검은줄오갈병,0
2016.08.16,영암군,벼검은줄오갈병,0
2016.08.16,완도군,벼검은줄오갈병,0
2016.08.16,장성군,벼검은줄오갈병,0
2016.08.16,장흥군,벼검은줄오갈병,0
2016.08.16,진도군,벼검은줄오갈병,0
2016.08.16,함평군,벼검은줄오갈병,0
2016.08.16,해남군,벼검은줄오갈병,0
2016.08.16,화순군,벼검은줄오갈병,0
2016.09.01,강진군,벼검은줄오갈병,0
2016.09.01,고흥군,벼검은줄오갈병,0
2016.09.01,곡성군,벼검은줄오갈병,0
2016.09.01,광양시,벼검은줄오갈병,0
2016.09.01,구례군,벼검은줄오갈병,0
2016.09.01,나주시,벼검은줄오갈병,0
2016.09.01,담양군,벼검은줄오갈병,0
2016.09.01,무안군,벼검은줄오갈병,0
2016.09.01,보성군,벼검은줄오갈병,0
2016.09.01,순천시,벼검은줄오갈병,0
2016.09.01,신안군,벼검은줄오갈병,0
2016.09.01,여수시,벼검은줄오갈병,0
2016.09.01,영광군,벼검은줄오갈병,0
2016.09.01,영암군,벼검은줄오갈병,0
2016.09.01,완도군,벼검은줄오갈병,0
2016.09.01,장성군,벼검은줄오갈병,0
2016.09.01,장흥군,벼검은줄오갈병,0
2016.09.01,진도군,벼검은줄오갈병,0
2016.09.01,함평군,벼검은줄오갈병,0
2016.09.01,해남군,벼검은줄오갈병,0
2016.09.01,화순군,벼검은줄오갈병,0
2016.09.16,강진군,벼검은줄오갈병,0
2016.09.16,고흥군,벼검은줄오갈병,0
2016.09.16,곡성군,벼검은줄오갈병,0
2016.09.16,광양시,벼검은줄오갈병,0
2016.09.16,구례군,벼검은줄오갈병,0
2016.09.16,나주시,벼검은줄오갈병,0
2016.09.16,담양군,벼검은줄오갈병,0
2016.09.16,무안군,벼검은줄오갈병,0
2016.09.16,보성군,벼검은줄오갈병,0
2016.09.16,순천시,벼검은줄오갈병,0
2016.09.16,신안군,벼검은줄오갈병,0
2016.09.16,여수시,벼검은줄오갈병,0
2016.09.16,영광군,벼검은줄오갈병,0
2016.09.16,영암군,벼검은줄오갈병,0
2016.09.16,완도군,벼검은줄오갈병,0
2016.09.16,장성군,벼검은줄오갈병,0
2016.09.16,장흥군,벼검은줄오갈병,0
2016.09.16,진도군,벼검은줄오갈병,0
2016.09.16,함평군,벼검은줄오갈병,0
2016.09.16,해남군,벼검은줄오갈병,0
2016.09.16,화순군,벼검은줄오갈병,0
2017.06.01,강진군,벼검은줄오갈병,0
2017.06.01,고흥군,벼검은줄오갈병,0
2017.06.01,곡성군,벼검은줄오갈병,0
2017.06.01,광양시,벼검은줄오갈병,0
2017.06.01,구례군,벼검은줄오갈병,0
2017.06.01,나주시,벼검은줄오갈병,0
2017.06.01,담양군,벼검은줄오갈병,0
2017.06.01,무안군,벼검은줄오갈병,0
2017.06.01,보성군,벼검은줄오갈병,0
2017.06.01,순천시,벼검은줄오갈병,0
2017.06.01,신안군,벼검은줄오갈병,0
2017.06.01,여수시,벼검은줄오갈병,0
2017.06.01,영광군,벼검은줄오갈병,0
2017.06.01,영암군,벼검은줄오갈병,0
2017.06.01,완도군,벼검은줄오갈병,0
2017.06.01,장성군,벼검은줄오갈병,0
2017.06.01,장흥군,벼검은줄오갈병,0
2017.06.01,진도군,벼검은줄오갈병,0
2017.06.01,함평군,벼검은줄오갈병,0
2017.06.01,해남군,벼검은줄오갈병,0
2017.06.01,화순군,벼검은줄오갈병,0
2017.06.16,강진군,벼검은줄오갈병,0
2017.06.16,고흥군,벼검은줄오갈병,0
2017.06.16,곡성군,벼검은줄오갈병,0
2017.06.16,광양시,벼검은줄오갈병,0
2017.06.16,구례군,벼검은줄오갈병,0
2017.06.16,나주시,벼검은줄오갈병,0
2017.06.16,담양군,벼검은줄오갈병,0
2017.06.16,무안군,벼검은줄오갈병,0
2017.06.16,보성군,벼검은줄오갈병,0
2017.06.16,순천시,벼검은줄오갈병,0
2017.06.16,신안군,벼검은줄오갈병,0
2017.06.16,여수시,벼검은줄오갈병,0
2017.06.16,영광군,벼검은줄오갈병,0
2017.06.16,영암군,벼검은줄오갈병,0
2017.06.16,완도군,벼검은줄오갈병,0
2017.06.16,장성군,벼검은줄오갈병,0
2017.06.16,장흥군,벼검은줄오갈병,0
2017.06.16,진도군,벼검은줄오갈병,0
2017.06.16,함평군,벼검은줄오갈병,0
2017.06.16,해남군,벼검은줄오갈병,0
2017.06.16,화순군,벼검은줄오갈병,0
2017.07.01,강진군,벼검은줄오갈병,0
2017.07.01,고흥군,벼검은줄오갈병,0
2017.07.01,곡성군,벼검은줄오갈병,0
2017.07.01,광양시,벼검은줄오갈병,0
2017.07.01,구례군,벼검은줄오갈병,0
2017.07.01,나주시,벼검은줄오갈병,0
2017.07.01,담양군,벼검은줄오갈병,0
2017.07.01,무안군,벼검은줄오갈병,0
2017.07.01,보성군,벼검은줄오갈병,0
2017.07.01,순천시,벼검은줄오갈병,0
2017.07.01,신안군,벼검은줄오갈병,0
2017.07.01,여수시,벼검은줄오갈병,0
2017.07.01,영광군,벼검은줄오갈병,0
2017.07.01,영암군,벼검은줄오갈병,0
2017.07.01,완도군,벼검은줄오갈병,0
2017.07.01,장성군,벼검은줄오갈병,0
2017.07.01,장흥군,벼검은줄오갈병,0
2017.07.01,진도군,벼검은줄오갈병,0
2017.07.01,함평군,벼검은줄오갈병,0
2017.07.01,해남군,벼검은줄오갈병,0
2017.07.01,화순군,벼검은줄오갈병,0
2017.07.16,강진군,벼검은줄오갈병,0
2017.07.16,고흥군,벼검은줄오갈병,0
2017.07.16,곡성군,벼검은줄오갈병,0
2017.07.16,광양시,벼검은줄오갈병,0
2017.07.16,구례군,벼검은줄오갈병,0
2017.07.16,나주시,벼검은줄오갈병,0
2017.07.16,담양군,벼검은줄오갈병,0
2017.07.16,무안군,벼검은줄오갈병,0
2017.07.16,보성군,벼검은줄오갈병,0
2017.07.16,순천시,벼검은줄오갈병,0
2017.07.16,신안군,벼검은줄오갈병,0
2017.07.16,여수시,벼검은줄오갈병,0
2017.07.16,영광군,벼검은줄오갈병,0
2017.07.16,영암군,벼검은줄오갈병,0
2017.07.16,완도군,벼검은줄오갈병,0
2017.07.16,장성군,벼검은줄오갈병,0
2017.07.16,장흥군,벼검은줄오갈병,0
2017.07.16,진도군,벼검은줄오갈병,0
2017.07.16,함평군,벼검은줄오갈병,0
2017.07.16,해남군,벼검은줄오갈병,0
2017.07.16,화순군,벼검은줄오갈병,0
2017.08.01,강진군,벼검은줄오갈병,0
2017.08.01,고흥군,벼검은줄오갈병,0
2017.08.01,곡성군,벼검은줄오갈병,0
2017.08.01,광양시,벼검은줄오갈병,0
2017.08.01,구례군,벼검은줄오갈병,0
2017.08.01,나주시,벼검은줄오갈병,0
2017.08.01,담양군,벼검은줄오갈병,0
2017.08.01,무안군,벼검은줄오갈병,0
2017.08.01,보성군,벼검은줄오갈병,0
2017.08.01,순천시,벼검은줄오갈병,0
2017.08.01,신안군,벼검은줄오갈병,0
2017.08.01,여수시,벼검은줄오갈병,0
2017.08.01,영광군,벼검은줄오갈병,0
2017.08.01,영암군,벼검은줄오갈병,0
2017.08.01,완도군,벼검은줄오갈병,0
2017.08.01,장성군,벼검은줄오갈병,0
2017.08.01,장흥군,벼검은줄오갈병,0
2017.08.01,진도군,벼검은줄오갈병,0
2017.08.01,함평군,벼검은줄오갈병,0
2017.08.01,해남군,벼검은줄오갈병,0
2017.08.01,화순군,벼검은줄오갈병,0
2017.08.16,강진군,벼검은줄오갈병,0
2017.08.16,고흥군,벼검은줄오갈병,0
2017.08.16,곡성군,벼검은줄오갈병,0
2017.08.16,광양시,벼검은줄오갈병,0
2017.08.16,구례군,벼검은줄오갈병,0
2017.08.16,나주시,벼검은줄오갈병,0
2017.08.16,담양군,벼검은줄오갈병,0
2017.08.16,무안군,벼검은줄오갈병,0
2017.08.16,보성군,벼검은줄오갈병,0
2017.08.16,순천시,벼검은줄오갈병,0
2017.08.16,신안군,벼검은줄오갈병,0
2017.08.16,여수시,벼검은줄오갈병,0
2017.08.16,영광군,벼검은줄오갈병,0
2017.08.16,영암군,벼검은줄오갈병,0
2017.08.16,완도군,벼검은줄오갈병,0
2017.08.16,장성군,벼검은줄오갈병,0
2017.08.16,장흥군,벼검은줄오갈병,0
2017.08.16,진도군,벼검은줄오갈병,0
2017.08.16,함평군,벼검은줄오갈병,0
2017.08.16,해남군,벼검은줄오갈병,0
2017.08.16,화순군,벼검은줄오갈병,0
2017.09.01,강진군,벼검은줄오갈병,0
2017.09.01,고흥군,벼검은줄오갈병,0
2017.09.01,곡성군,벼검은줄오갈병,0
2017.09.01,광양시,벼검은줄오갈병,0
2017.09.01,구례군,벼검은줄오갈병,0
2017.09.01,나주시,벼검은줄오갈병,0
2017.09.01,담양군,벼검은줄오갈병,0
2017.09.01,무안군,벼검은줄오갈병,0
2017.09.01,보성군,벼검은줄오갈병,0
2017.09.01,순천시,벼검은줄오갈병,0
2017.09.01,신안군,벼검은줄오갈병,0
2017.09.01,여수시,벼검은줄오갈병,0
2017.09.01,영광군,벼검은줄오갈병,0
2017.09.01,영암군,벼검은줄오갈병,0
2017.09.01,완도군,벼검은줄오갈병,0
2017.09.01,장성군,벼검은줄오갈병,0
2017.09.01,장흥군,벼검은줄오갈병,0
2017.09.01,진도군,벼검은줄오갈병,0
2017.09.01,함평군,벼검은줄오갈병,0
2017.09.01,해남군,벼검은줄오갈병,0
2017.09.01,화순군,벼검은줄오갈병,0
2017.09.16,강진군,벼검은줄오갈병,0
2017.09.16,고흥군,벼검은줄오갈병,0
2017.09.16,곡성군,벼검은줄오갈병,0
2017.09.16,광양시,벼검은줄오갈병,0
2017.09.16,구례군,벼검은줄오갈병,0
2017.09.16,나주시,벼검은줄오갈병,0
2017.09.16,담양군,벼검은줄오갈병,0
2017.09.16,무안군,벼검은줄오갈병,0
2017.09.16,보성군,벼검은줄오갈병,0
2017.09.16,순천시,벼검은줄오갈병,0
2017.09.16,신안군,벼검은줄오갈병,0
2017.09.16,여수시,벼검은줄오갈병,0
2017.09.16,영광군,벼검은줄오갈병,0
2017.09.16,영암군,벼검은줄오갈병,0
2017.09.16,완도군,벼검은줄오갈병,0
2017.09.16,장성군,벼검은줄오갈병,0
2017.09.16,장흥군,벼검은줄오갈병,0
2017.09.16,진도군,벼검은줄오갈병,0
2017.09.16,함평군,벼검은줄오갈병,0
2017.09.16,해남군,벼검은줄오갈병,0
2017.09.16,화순군,벼검은줄오갈병,0
2018.06.01,강진군,벼검은줄오갈병,0
2018.06.01,고흥군,벼검은줄오갈병,0
2018.06.01,곡성군,벼검은줄오갈병,0
2018.06.01,광양시,벼검은줄오갈병,0
2018.06.01,구례군,벼검은줄오갈병,0
2018.06.01,나주시,벼검은줄오갈병,0
2018.06.01,담양군,벼검은줄오갈병,0
2018.06.01,무안군,벼검은줄오갈병,0
2018.06.01,보성군,벼검은줄오갈병,0
2018.06.01,순천시,벼검은줄오갈병,0
2018.06.01,신안군,벼검은줄오갈병,0
2018.06.01,여수시,벼검은줄오갈병,0
2018.06.01,영광군,벼검은줄오갈병,0
2018.06.01,영암군,벼검은줄오갈병,0
2018.06.01,완도군,벼검은줄오갈병,0
2018.06.01,장성군,벼검은줄오갈병,0
2018.06.01,장흥군,벼검은줄오갈병,0
2018.06.01,진도군,벼검은줄오갈병,0
2018.06.01,함평군,벼검은줄오갈병,0
2018.06.01,해남군,벼검은줄오갈병,0
2018.06.01,화순군,벼검은줄오갈병,0
2018.06.16,강진군,벼검은줄오갈병,0
2018.06.16,고흥군,벼검은줄오갈병,0
2018.06.16,곡성군,벼검은줄오갈병,0
2018.06.16,광양시,벼검은줄오갈병,0
2018.06.16,구례군,벼검은줄오갈병,0
2018.06.16,나주시,벼검은줄오갈병,0
2018.06.16,담양군,벼검은줄오갈병,0
2018.06.16,무안군,벼검은줄오갈병,0
2018.06.16,보성군,벼검은줄오갈병,0
2018.06.16,순천시,벼검은줄오갈병,0
2018.06.16,신안군,벼검은줄오갈병,0
2018.06.16,여수시,벼검은줄오갈병,0
2018.06.16,영광군,벼검은줄오갈병,0
2018.06.16,영암군,벼검은줄오갈병,0
2018.06.16,완도군,벼검은줄오갈병,0
2018.06.16,장성군,벼검은줄오갈병,0
2018.06.16,장흥군,벼검은줄오갈병,0
2018.06.16,진도군,벼검은줄오갈병,0
2018.06.16,함평군,벼검은줄오갈병,0
2018.06.16,해남군,벼검은줄오갈병,0
2018.06.16,화순군,벼검은줄오갈병,0
2018.07.01,강진군,벼검은줄오갈병,0
2018.07.01,고흥군,벼검은줄오갈병,0
2018.07.01,광양시,벼검은줄오갈병,0
2018.07.01,나주시,벼검은줄오갈병,0
2018.07.01,순천시,벼검은줄오갈병,0
2018.07.01,신안군,벼검은줄오갈병,0
2018.07.01,여수시,벼검은줄오갈병,0
2018.07.01,영광군,벼검은줄오갈병,0
2018.07.01,영암군,벼검은줄오갈병,0
2018.07.01,완도군,벼검은줄오갈병,0
2018.07.01,진도군,벼검은줄오갈병,0
2018.07.01,해남군,벼검은줄오갈병,0
2018.07.01,화순군,벼검은줄오갈병,0
2018.07.16,강진군,벼검은줄오갈병,0
2018.07.16,고흥군,벼검은줄오갈병,0
2018.07.16,곡성군,벼검은줄오갈병,0
2018.07.16,광양시,벼검은줄오갈병,0
2018.07.16,구례군,벼검은줄오갈병,0
2018.07.16,나주시,벼검은줄오갈병,0
2018.07.16,담양군,벼검은줄오갈병,0
2018.07.16,무안군,벼검은줄오갈병,0
2018.07.16,보성군,벼검은줄오갈병,0
2018.07.16,순천시,벼검은줄오갈병,0
2018.07.16,신안군,벼검은줄오갈병,0
2018.07.16,여수시,벼검은줄오갈병,0
2018.07.16,영광군,벼검은줄오갈병,0
2018.07.16,영암군,벼검은줄오갈병,0
2018.07.16,완도군,벼검은줄오갈병,0
2018.07.16,장성군,벼검은줄오갈병,0
2018.07.16,장흥군,벼검은줄오갈병,0
2018.07.16,진도군,벼검은줄오갈병,0
2018.07.16,함평군,벼검은줄오갈병,0
2018.07.16,해남군,벼검은줄오갈병,0
2018.07.16,화순군,벼검은줄오갈병,0
2018.08.01,강진군,벼검은줄오갈병,0
2018.08.01,고흥군,벼검은줄오갈병,0
2018.08.01,곡성군,벼검은줄오갈병,0
2018.08.01,광양시,벼검은줄오갈병,0
2018.08.01,구례군,벼검은줄오갈병,0
2018.08.01,나주시,벼검은줄오갈병,0
2018.08.01,담양군,벼검은줄오갈병,0
2018.08.01,무안군,벼검은줄오갈병,0
2018.08.01,보성군,벼검은줄오갈병,0
2018.08.01,순천시,벼검은줄오갈병,0
2018.08.01,신안군,벼검은줄오갈병,0
2018.08.01,여수시,벼검은줄오갈병,0
2018.08.01,영광군,벼검은줄오갈병,0
2018.08.01,영암군,벼검은줄오갈병,0
2018.08.01,완도군,벼검은줄오갈병,0
2018.08.01,장성군,벼검은줄오갈병,0
2018.08.01,장흥군,벼검은줄오갈병,0
2018.08.01,진도군,벼검은줄오갈병,0
2018.08.01,함평군,벼검은줄오갈병,0
2018.08.01,해남군,벼검은줄오갈병,0
2018.08.01,화순군,벼검은줄오갈병,0
2018.08.16,강진군,벼검은줄오갈병,0
2018.08.16,고흥군,벼검은줄오갈병,0
2018.08.16,곡성군,벼검은줄오갈병,0
2018.08.16,광양시,벼검은줄오갈병,0
2018.08.16,구례군,벼검은줄오갈병,0
2018.08.16,나주시,벼검은줄오갈병,0
2018.08.16,담양군,벼검은줄오갈병,0
2018.08.16,무안군,벼검은줄오갈병,0
2018.08.16,보성군,벼검은줄오갈병,0
2018.08.16,순천시,벼검은줄오갈병,0
2018.08.16,신안군,벼검은줄오갈병,0
2018.08.16,여수시,벼검은줄오갈병,0
2018.08.16,영광군,벼검은줄오갈병,0
2018.08.16,영암군,벼검은줄오갈병,0
2018.08.16,완도군,벼검은줄오갈병,0
2018.08.16,장성군,벼검은줄오갈병,0
2018.08.16,장흥군,벼검은줄오갈병,0
2018.08.16,진도군,벼검은줄오갈병,0
2018.08.16,함평군,벼검은줄오갈병,0
2018.08.16,해남군,벼검은줄오갈병,0
2018.08.16,화순군,벼검은줄오갈병,0
2018.09.01,강진군,벼검은줄오갈병,0
2018.09.01,고흥군,벼검은줄오갈병,0
2018.09.01,곡성군,벼검은줄오갈병,0
2018.09.01,광양시,벼검은줄오갈병,0
2018.09.01,구례군,벼검은줄오갈병,0
2018.09.01,나주시,벼검은줄오갈병,0
2018.09.01,담양군,벼검은줄오갈병,0
2018.09.01,무안군,벼검은줄오갈병,0
2018.09.01,보성군,벼검은줄오갈병,0
2018.09.01,순천시,벼검은줄오갈병,0
2018.09.01,신안군,벼검은줄오갈병,0
2018.09.01,여수시,벼검은줄오갈병,0
2018.09.01,영광군,벼검은줄오갈병,0
2018.09.01,영암군,벼검은줄오갈병,0
2018.09.01,완도군,벼검은줄오갈병,0
2018.09.01,장성군,벼검은줄오갈병,0
2018.09.01,장흥군,벼검은줄오갈병,0
2018.09.01,진도군,벼검은줄오갈병,0
2018.09.01,함평군,벼검은줄오갈병,0
2018.09.01,해남군,벼검은줄오갈병,0
2018.09.01,화순군,벼검은줄오갈병,0
2018.09.16,강진군,벼검은줄오갈병,0
2018.09.16,고흥군,벼검은줄오갈병,0
2018.09.16,곡성군,벼검은줄오갈병,0
2018.09.16,광양시,벼검은줄오갈병,0
2018.09.16,구례군,벼검은줄오갈병,0
2018.09.16,나주시,벼검은줄오갈병,0
2018.09.16,담양군,벼검은줄오갈병,0
2018.09.16,무안군,벼검은줄오갈병,0
2018.09.16,보성군,벼검은줄오갈병,0
2018.09.16,순천시,벼검은줄오갈병,0
2018.09.16,신안군,벼검은줄오갈병,0
2018.09.16,여수시,벼검은줄오갈병,0
2018.09.16,영광군,벼검은줄오갈병,0
2018.09.16,영암군,벼검은줄오갈병,0
2018.09.16,완도군,벼검은줄오갈병,0
2018.09.16,장성군,벼검은줄오갈병,0
2018.09.16,장흥군,벼검은줄오갈병,0
2018.09.16,진도군,벼검은줄오갈병,0
2018.09.16,함평군,벼검은줄오갈병,0
2018.09.16,해남군,벼검은줄오갈병,0
2018.09.16,화순군,벼검은줄오갈병,0
2019.06.01,강진군,벼검은줄오갈병,0
2019.06.01,고흥군,벼검은줄오갈병,0
2019.06.01,곡성군,벼검은줄오갈병,0
2019.06.01,광양시,벼검은줄오갈병,0
2019.06.01,구례군,벼검은줄오갈병,0
2019.06.01,나주시,벼검은줄오갈병,0
2019.06.01,담양군,벼검은줄오갈병,0
2019.06.01,무안군,벼검은줄오갈병,0
2019.06.01,보성군,벼검은줄오갈병,0
2019.06.01,순천시,벼검은줄오갈병,0
2019.06.01,신안군,벼검은줄오갈병,0
2019.06.01,여수시,벼검은줄오갈병,0
2019.06.01,영광군,벼검은줄오갈병,0
2019.06.01,영암군,벼검은줄오갈병,0
2019.06.01,완도군,벼검은줄오갈병,0
2019.06.01,장성군,벼검은줄오갈병,0
2019.06.01,장흥군,벼검은줄오갈병,0
2019.06.01,진도군,벼검은줄오갈병,0
2019.06.01,함평군,벼검은줄오갈병,0
2019.06.01,해남군,벼검은줄오갈병,0
2019.06.01,화순군,벼검은줄오갈병,0
2019.06.16,강진군,벼검은줄오갈병,0
2019.06.16,고흥군,벼검은줄오갈병,0
2019.06.16,곡성군,벼검은줄오갈병,0
2019.06.16,광양시,벼검은줄오갈병,0
2019.06.16,구례군,벼검은줄오갈병,0
2019.06.16,나주시,벼검은줄오갈병,0
2019.06.16,담양군,벼검은줄오갈병,0
2019.06.16,무안군,벼검은줄오갈병,0
2019.06.16,보성군,벼검은줄오갈병,0
2019.06.16,순천시,벼검은줄오갈병,0
2019.06.16,신안군,벼검은줄오갈병,0
2019.06.16,여수시,벼검은줄오갈병,0
2019.06.16,영광군,벼검은줄오갈병,0
2019.06.16,영암군,벼검은줄오갈병,0
2019.06.16,완도군,벼검은줄오갈병,0
2019.06.16,장성군,벼검은줄오갈병,0
2019.06.16,장흥군,벼검은줄오갈병,0
2019.06.16,진도군,벼검은줄오갈병,0
2019.06.16,함평군,벼검은줄오갈병,0
2019.06.16,해남군,벼검은줄오갈병,0
2019.06.16,화순군,벼검은줄오갈병,0
2019.07.01,강진군,벼검은줄오갈병,0
2019.07.01,고흥군,벼검은줄오갈병,0
2019.07.01,곡성군,벼검은줄오갈병,0
2019.07.01,광양시,벼검은줄오갈병,0
2019.07.01,구례군,벼검은줄오갈병,0
2019.07.01,나주시,벼검은줄오갈병,0
2019.07.01,담양군,벼검은줄오갈병,0
2019.07.01,무안군,벼검은줄오갈병,0
2019.07.01,보성군,벼검은줄오갈병,0
2019.07.01,순천시,벼검은줄오갈병,0
2019.07.01,신안군,벼검은줄오갈병,0
2019.07.01,여수시,벼검은줄오갈병,0
2019.07.01,영광군,벼검은줄오갈병,0
2019.07.01,영암군,벼검은줄오갈병,0
2019.07.01,완도군,벼검은줄오갈병,0
2019.07.01,장성군,벼검은줄오갈병,0
2019.07.01,장흥군,벼검은줄오갈병,0
2019.07.01,진도군,벼검은줄오갈병,0
2019.07.01,함평군,벼검은줄오갈병,0
2019.07.01,해남군,벼검은줄오갈병,0
2019.07.01,화순군,벼검은줄오갈병,0
2019.07.16,강진군,벼검은줄오갈병,0
2019.07.16,고흥군,벼검은줄오갈병,0
2019.07.16,곡성군,벼검은줄오갈병,0
2019.07.16,광양시,벼검은줄오갈병,0
2019.07.16,구례군,벼검은줄오갈병,0
2019.07.16,나주시,벼검은줄오갈병,0
2019.07.16,담양군,벼검은줄오갈병,0
2019.07.16,무안군,벼검은줄오갈병,0
2019.07.16,보성군,벼검은줄오갈병,0
2019.07.16,순천시,벼검은줄오갈병,0
2019.07.16,신안군,벼검은줄오갈병,0
2019.07.16,여수시,벼검은줄오갈병,0
2019.07.16,영광군,벼검은줄오갈병,0
2019.07.16,영암군,벼검은줄오갈병,0
2019.07.16,완도군,벼검은줄오갈병,0
2019.07.16,장성군,벼검은줄오갈병,0
2019.07.16,장흥군,벼검은줄오갈병,0
2019.07.16,진도군,벼검은줄오갈병,0
2019.07.16,함평군,벼검은줄오갈병,0
2019.07.16,해남군,벼검은줄오갈병,0
2019.07.16,화순군,벼검은줄오갈병,0
2019.08.01,강진군,벼검은줄오갈병,0
2019.08.01,고흥군,벼검은줄오갈병,0
2019.08.01,곡성군,벼검은줄오갈병,0
2019.08.01,광양시,벼검은줄오갈병,0
2019.08.01,구례군,벼검은줄오갈병,0
2019.08.01,나주시,벼검은줄오갈병,0
2019.08.01,담양군,벼검은줄오갈병,0
2019.08.01,무안군,벼검은줄오갈병,0
2019.08.01,보성군,벼검은줄오갈병,0
2019.08.01,순천시,벼검은줄오갈병,0
2019.08.01,신안군,벼검은줄오갈병,0
2019.08.01,여수시,벼검은줄오갈병,0
2019.08.01,영광군,벼검은줄오갈병,0
2019.08.01,영암군,벼검은줄오갈병,0
2019.08.01,완도군,벼검은줄오갈병,0
2019.08.01,장성군,벼검은줄오갈병,0
2019.08.01,장흥군,벼검은줄오갈병,0
2019.08.01,진도군,벼검은줄오갈병,0
2019.08.01,함평군,벼검은줄오갈병,0
2019.08.01,해남군,벼검은줄오갈병,0
2019.08.01,화순군,벼검은줄오갈병,0
2019.08.16,강진군,벼검은줄오갈병,0
2019.08.16,고흥군,벼검은줄오갈병,0
2019.08.16,광양시,벼검은줄오갈병,0
2019.08.16,구례군,벼검은줄오갈병,0
2019.08.16,무안군,벼검은줄오갈병,0
2019.08.16,보성군,벼검은줄오갈병,0
2019.08.16,순천시,벼검은줄오갈병,0
2019.08.16,신안군,벼검은줄오갈병,0
2019.08.16,여수시,벼검은줄오갈병,0
2019.08.16,영광군,벼검은줄오갈병,0
2019.08.16,완도군,벼검은줄오갈병,0
2019.08.16,장흥군,벼검은줄오갈병,0
2019.08.16,진도군,벼검은줄오갈병,0
2019.08.16,함평군,벼검은줄오갈병,0
2019.08.16,해남군,벼검은줄오갈병,0
2019.08.16,화순군,벼검은줄오갈병,0
2019.09.01,강진군,벼검은줄오갈병,0
2019.09.01,고흥군,벼검은줄오갈병,0
2019.09.01,곡성군,벼검은줄오갈병,0
2019.09.01,광양시,벼검은줄오갈병,0
2019.09.01,구례군,벼검은줄오갈병,0
2019.09.01,나주시,벼검은줄오갈병,0
2019.09.01,담양군,벼검은줄오갈병,0
2019.09.01,무안군,벼검은줄오갈병,0
2019.09.01,보성군,벼검은줄오갈병,0
2019.09.01,순천시,벼검은줄오갈병,0
2019.09.01,신안군,벼검은줄오갈병,0
2019.09.01,여수시,벼검은줄오갈병,0
2019.09.01,영광군,벼검은줄오갈병,0
2019.09.01,영암군,벼검은줄오갈병,0
2019.09.01,완도군,벼검은줄오갈병,0
2019.09.01,장성군,벼검은줄오갈병,0
2019.09.01,장흥군,벼검은줄오갈병,0
2019.09.01,진도군,벼검은줄오갈병,0
2019.09.01,함평군,벼검은줄오갈병,0
2019.09.01,해남군,벼검은줄오갈병,0
2019.09.01,화순군,벼검은줄오갈병,0
2019.09.16,강진군,벼검은줄오갈병,0
2019.09.16,고흥군,벼검은줄오갈병,0
2019.09.16,곡성군,벼검은줄오갈병,0
2019.09.16,광양시,벼검은줄오갈병,0
2019.09.16,구례군,벼검은줄오갈병,0
2019.09.16,나주시,벼검은줄오갈병,0
2019.09.16,담양군,벼검은줄오갈병,0
2019.09.16,무안군,벼검은줄오갈병,0
2019.09.16,보성군,벼검은줄오갈병,0
2019.09.16,순천시,벼검은줄오갈병,0
2019.09.16,여수시,벼검은줄오갈병,0
2019.09.16,영광군,벼검은줄오갈병,0
2019.09.16,영암군,벼검은줄오갈병,0
2019.09.16,완도군,벼검은줄오갈병,0
2019.09.16,장성군,벼검은줄오갈병,0
2019.09.16,장흥군,벼검은줄오갈병,0
2019.09.16,진도군,벼검은줄오갈병,0
2019.09.16,함평군,벼검은줄오갈병,0
2019.09.16,해남군,벼검은줄오갈병,0
2019.09.16,화순군,벼검은줄오갈병,0
2020.06.01,강진군,벼검은줄오갈병,0
2020.06.01,고흥군,벼검은줄오갈병,0
2020.06.01,광양시,벼검은줄오갈병,0
2020.06.01,구례군,벼검은줄오갈병,0
2020.06.01,나주시,벼검은줄오갈병,0
2020.06.01,담양군,벼검은줄오갈병,0
2020.06.01,무안군,벼검은줄오갈병,0
2020.06.01,보성군,벼검은줄오갈병,0
2020.06.01,순천시,벼검은줄오갈병,0
2020.06.01,신안군,벼검은줄오갈병,0
2020.06.01,여수시,벼검은줄오갈병,0
2020.06.01,영광군,벼검은줄오갈병,0
2020.06.01,영암군,벼검은줄오갈병,0
2020.06.01,완도군,벼검은줄오갈병,0
2020.06.01,장성군,벼검은줄오갈병,0
2020.06.01,장흥군,벼검은줄오갈병,0
2020.06.01,진도군,벼검은줄오갈병,0
2020.06.01,함평군,벼검은줄오갈병,0
2020.06.01,해남군,벼검은줄오갈병,0
2020.06.01,화순군,벼검은줄오갈병,0
2020.06.16,강진군,벼검은줄오갈병,0
2020.06.16,고흥군,벼검은줄오갈병,0
2020.06.16,곡성군,벼검은줄오갈병,0
2020.06.16,광양시,벼검은줄오갈병,0
2020.06.16,구례군,벼검은줄오갈병,0
2020.06.16,나주시,벼검은줄오갈병,0
2020.06.16,담양군,벼검은줄오갈병,0
2020.06.16,무안군,벼검은줄오갈병,0
2020.06.16,보성군,벼검은줄오갈병,0
2020.06.16,순천시,벼검은줄오갈병,0
2020.06.16,신안군,벼검은줄오갈병,0
2020.06.16,여수시,벼검은줄오갈병,0
2020.06.16,영광군,벼검은줄오갈병,0
2020.06.16,영암군,벼검은줄오갈병,0
2020.06.16,완도군,벼검은줄오갈병,0
2020.06.16,장성군,벼검은줄오갈병,0
2020.06.16,장흥군,벼검은줄오갈병,0
2020.06.16,진도군,벼검은줄오갈병,0
2020.06.16,함평군,벼검은줄오갈병,0
2020.06.16,해남군,벼검은줄오갈병,0
2020.06.16,화순군,벼검은줄오갈병,0
2020.07.01,강진군,벼검은줄오갈병,0
2020.07.01,고흥군,벼검은줄오갈병,0
2020.07.01,곡성군,벼검은줄오갈병,0
2020.07.01,광양시,벼검은줄오갈병,0
2020.07.01,구례군,벼검은줄오갈병,0
2020.07.01,담양군,벼검은줄오갈병,0
2020.07.01,무안군,벼검은줄오갈병,0
2020.07.01,보성군,벼검은줄오갈병,0
2020.07.01,순천시,벼검은줄오갈병,0
2020.07.01,신안군,벼검은줄오갈병,0
2020.07.01,여수시,벼검은줄오갈병,0
2020.07.01,영광군,벼검은줄오갈병,0
2020.07.01,영암군,벼검은줄오갈병,0
2020.07.01,완도군,벼검은줄오갈병,0
2020.07.01,장성군,벼검은줄오갈병,0
2020.07.01,장흥군,벼검은줄오갈병,0
2020.07.01,진도군,벼검은줄오갈병,0
2020.07.01,함평군,벼검은줄오갈병,0
2020.07.01,해남군,벼검은줄오갈병,0
2020.07.01,화순군,벼검은줄오갈병,0
2020.07.16,강진군,벼검은줄오갈병,0
2020.07.16,고흥군,벼검은줄오갈병,0
2020.07.16,곡성군,벼검은줄오갈병,0
2020.07.16,광양시,벼검은줄오갈병,0
2020.07.16,구례군,벼검은줄오갈병,0
2020.07.16,나주시,벼검은줄오갈병,0
2020.07.16,담양군,벼검은줄오갈병,0
2020.07.16,무안군,벼검은줄오갈병,0
2020.07.16,보성군,벼검은줄오갈병,0
2020.07.16,순천시,벼검은줄오갈병,0
2020.07.16,신안군,벼검은줄오갈병,0
2020.07.16,여수시,벼검은줄오갈병,0
2020.07.16,영광군,벼검은줄오갈병,0
2020.07.16,영암군,벼검은줄오갈병,0
2020.07.16,완도군,벼검은줄오갈병,0
2020.07.16,장성군,벼검은줄오갈병,0
2020.07.16,장흥군,벼검은줄오갈병,0
2020.07.16,진도군,벼검은줄오갈병,0
2020.07.16,함평군,벼검은줄오갈병,0
2020.07.16,해남군,벼검은줄오갈병,0
2020.07.16,화순군,벼검은줄오갈병,0
2020.08.01,강진군,벼검은줄오갈병,0
2020.08.01,고흥군,벼검은줄오갈병,0
2020.08.01,곡성군,벼검은줄오갈병,0
2020.08.01,광양시,벼검은줄오갈병,0
2020.08.01,구례군,벼검은줄오갈병,0
2020.08.01,나주시,벼검은줄오갈병,0
2020.08.01,담양군,벼검은줄오갈병,0
2020.08.01,무안군,벼검은줄오갈병,0
2020.08.01,보성군,벼검은줄오갈병,0
2020.08.01,순천시,벼검은줄오갈병,0
2020.08.01,신안군,벼검은줄오갈병,0
2020.08.01,여수시,벼검은줄오갈병,0
2020.08.01,영광군,벼검은줄오갈병,0
2020.08.01,영암군,벼검은줄오갈병,0
2020.08.01,완도군,벼검은줄오갈병,0
2020.08.01,장성군,벼검은줄오갈병,0
2020.08.01,장흥군,벼검은줄오갈병,0
2020.08.01,진도군,벼검은줄오갈병,0
2020.08.01,함평군,벼검은줄오갈병,0
2020.08.01,해남군,벼검은줄오갈병,0
2020.08.01,화순군,벼검은줄오갈병,0
2020.08.16,강진군,벼검은줄오갈병,0
2020.08.16,고흥군,벼검은줄오갈병,0
2020.08.16,곡성군,벼검은줄오갈병,0
2020.08.16,광양시,벼검은줄오갈병,0
2020.08.16,구례군,벼검은줄오갈병,0
2020.08.16,나주시,벼검은줄오갈병,0
2020.08.16,담양군,벼검은줄오갈병,0
2020.08.16,무안군,벼검은줄오갈병,0
2020.08.16,보성군,벼검은줄오갈병,0
2020.08.16,순천시,벼검은줄오갈병,0
2020.08.16,신안군,벼검은줄오갈병,0
2020.08.16,여수시,벼검은줄오갈병,0
2020.08.16,영광군,벼검은줄오갈병,0
2020.08.16,영암군,벼검은줄오갈병,0
2020.08.16,완도군,벼검은줄오갈병,0
2020.08.16,장성군,벼검은줄오갈병,0
2020.08.16,장흥군,벼검은줄오갈병,0
2020.08.16,진도군,벼검은줄오갈병,0
2020.08.16,함평군,벼검은줄오갈병,0
2020.08.16,해남군,벼검은줄오갈병,0
2020.08.16,화순군,벼검은줄오갈병,0
2020.09.01,강진군,벼검은줄오갈병,0
2020.09.01,고흥군,벼검은줄오갈병,0
2020.09.01,곡성군,벼검은줄오갈병,0
2020.09.01,광양시,벼검은줄오갈병,0
2020.09.01,구례군,벼검은줄오갈병,0
2020.09.01,나주시,벼검은줄오갈병,0
2020.09.01,담양군,벼검은줄오갈병,0
2020.09.01,무안군,벼검은줄오갈병,0
2020.09.01,보성군,벼검은줄오갈병,0
2020.09.01,순천시,벼검은줄오갈병,0
2020.09.01,신안군,벼검은줄오갈병,0
2020.09.01,여수시,벼검은줄오갈병,0
2020.09.01,영광군,벼검은줄오갈병,0
2020.09.01,영암군,벼검은줄오갈병,0
2020.09.01,완도군,벼검은줄오갈병,0
2020.09.01,장성군,벼검은줄오갈병,0
2020.09.01,장흥군,벼검은줄오갈병,0
2020.09.01,진도군,벼검은줄오갈병,0
2020.09.01,함평군,벼검은줄오갈병,0
2020.09.01,해남군,벼검은줄오갈병,0
2020.09.01,화순군,벼검은줄오갈병,0
2020.09.16,강진군,벼검은줄오갈병,0
2020.09.16,고흥군,벼검은줄오갈병,0
2020.09.16,곡성군,벼검은줄오갈병,0
2020.09.16,광양시,벼검은줄오갈병,0
2020.09.16,구례군,벼검은줄오갈병,0
2020.09.16,나주시,벼검은줄오갈병,0
2020.09.16,담양군,벼검은줄오갈병,0
2020.09.16,무안군,벼검은줄오갈병,0
2020.09.16,보성군,벼검은줄오갈병,0
2020.09.16,순천시,벼검은줄오갈병,0
2020.09.16,신안군,벼검은줄오갈병,0
2020.09.16,여수시,벼검은줄오갈병,0
2020.09.16,영광군,벼검은줄오갈병,0
2020.09.16,영암군,벼검은줄오갈병,0
2020.09.16,완도군,벼검은줄오갈병,0
2020.09.16,장성군,벼검은줄오갈병,0
2020.09.16,장흥군,벼검은줄오갈병,0
2020.09.16,진도군,벼검은줄오갈병,0
2020.09.16,함평군,벼검은줄오갈병,0
2020.09.16,해남군,벼검은줄오갈병,0
2020.09.16,화순군,벼검은줄오갈병,0
2021.06.01,강진군,벼검은줄오갈병,0
2021.06.01,고흥군,벼검은줄오갈병,0
2021.06.01,곡성군,벼검은줄오갈병,0
2021.06.01,광양시,벼검은줄오갈병,0
2021.06.01,구례군,벼검은줄오갈병,0
2021.06.01,나주시,벼검은줄오갈병,0
2021.06.01,담양군,벼검은줄오갈병,0
2021.06.01,무안군,벼검은줄오갈병,0
2021.06.01,보성군,벼검은줄오갈병,0
2021.06.01,순천시,벼검은줄오갈병,0
2021.06.01,신안군,벼검은줄오갈병,0
2021.06.01,여수시,벼검은줄오갈병,0
2021.06.01,영암군,벼검은줄오갈병,0
2021.06.01,완도군,벼검은줄오갈병,0
2021.06.01,장성군,벼검은줄오갈병,0
2021.06.01,장흥군,벼검은줄오갈병,0
2021.06.01,진도군,벼검은줄오갈병,0
2021.06.01,함평군,벼검은줄오갈병,0
2021.06.01,해남군,벼검은줄오갈병,0
2021.06.01,화순군,벼검은줄오갈병,0
2021.06.16,강진군,벼검은줄오갈병,0
2021.06.16,고흥군,벼검은줄오갈병,0
2021.06.16,곡성군,벼검은줄오갈병,0
2021.06.16,광양시,벼검은줄오갈병,0
2021.06.16,구례군,벼검은줄오갈병,0
2021.06.16,나주시,벼검은줄오갈병,0
2021.06.16,담양군,벼검은줄오갈병,0
2021.06.16,무안군,벼검은줄오갈병,0
2021.06.16,보성군,벼검은줄오갈병,0
2021.06.16,순천시,벼검은줄오갈병,0
2021.06.16,신안군,벼검은줄오갈병,0
2021.06.16,여수시,벼검은줄오갈병,0
2021.06.16,영광군,벼검은줄오갈병,0
2021.06.16,영암군,벼검은줄오갈병,0
2021.06.16,완도군,벼검은줄오갈병,0
2021.06.16,장성군,벼검은줄오갈병,0
2021.06.16,장흥군,벼검은줄오갈병,0
2021.06.16,진도군,벼검은줄오갈병,0
2021.06.16,함평군,벼검은줄오갈병,0
2021.06.16,해남군,벼검은줄오갈병,0
2021.06.16,화순군,벼검은줄오갈병,0
2021.07.01,강진군,벼검은줄오갈병,0
2021.07.01,고흥군,벼검은줄오갈병,0
2021.07.01,곡성군,벼검은줄오갈병,0
2021.07.01,광양시,벼검은줄오갈병,0
2021.07.01,구례군,벼검은줄오갈병,0
2021.07.01,나주시,벼검은줄오갈병,0
2021.07.01,담양군,벼검은줄오갈병,0
2021.07.01,무안군,벼검은줄오갈병,0
2021.07.01,보성군,벼검은줄오갈병,0
2021.07.01,순천시,벼검은줄오갈병,0
2021.07.01,신안군,벼검은줄오갈병,0
2021.07.01,여수시,벼검은줄오갈병,0
2021.07.01,영광군,벼검은줄오갈병,0
2021.07.01,영암군,벼검은줄오갈병,0
2021.07.01,완도군,벼검은줄오갈병,0
2021.07.01,장성군,벼검은줄오갈병,0
2021.07.01,장흥군,벼검은줄오갈병,0
2021.07.01,진도군,벼검은줄오갈병,0
2021.07.01,함평군,벼검은줄오갈병,0
2021.07.01,해남군,벼검은줄오갈병,0
2021.07.01,화순군,벼검은줄오갈병,0
2021.07.16,강진군,벼검은줄오갈병,0
2021.07.16,고흥군,벼검은줄오갈병,0
2021.07.16,곡성군,벼검은줄오갈병,0
2021.07.16,광양시,벼검은줄오갈병,0
2021.07.16,구례군,벼검은줄오갈병,0
2021.07.16,나주시,벼검은줄오갈병,0
2021.07.16,담양군,벼검은줄오갈병,0
2021.07.16,무안군,벼검은줄오갈병,0
2021.07.16,보성군,벼검은줄오갈병,0
2021.07.16,순천시,벼검은줄오갈병,0
2021.07.16,신안군,벼검은줄오갈병,0
2021.07.16,여수시,벼검은줄오갈병,0
2021.07.16,영광군,벼검은줄오갈병,0
2021.07.16,영암군,벼검은줄오갈병,0
2021.07.16,완도군,벼검은줄오갈병,0
2021.07.16,장성군,벼검은줄오갈병,0
2021.07.16,장흥군,벼검은줄오갈병,0
2021.07.16,진도군,벼검은줄오갈병,0
2021.07.16,함평군,벼검은줄오갈병,0
2021.07.16,해남군,벼검은줄오갈병,0
2021.07.16,화순군,벼검은줄오갈병,0
2021.08.01,강진군,벼검은줄오갈병,0
2021.08.01,고흥군,벼검은줄오갈병,0
2021.08.01,곡성군,벼검은줄오갈병,0
2021.08.01,광양시,벼검은줄오갈병,0
2021.08.01,구례군,벼검은줄오갈병,0
2021.08.01,보성군,벼검은줄오갈병,0
2021.08.01,여수시,벼검은줄오갈병,0
2021.08.01,영암군,벼검은줄오갈병,0
2021.08.01,완도군,벼검은줄오갈병,0
2021.08.01,장성군,벼검은줄오갈병,0
2021.08.01,진도군,벼검은줄오갈병,0
2021.08.01,함평군,벼검은줄오갈병,0
2021.08.01,해남군,벼검은줄오갈병,0
2021.08.01,화순군,벼검은줄오갈병,0
2021.08.16,강진군,벼검은줄오갈병,0
2021.08.16,고흥군,벼검은줄오갈병,0
2021.08.16,곡성군,벼검은줄오갈병,0
2021.08.16,광양시,벼검은줄오갈병,0
2021.08.16,구례군,벼검은줄오갈병,0
2021.08.16,나주시,벼검은줄오갈병,0
2021.08.16,담양군,벼검은줄오갈병,0
2021.08.16,무안군,벼검은줄오갈병,0
2021.08.16,보성군,벼검은줄오갈병,0
2021.08.16,순천시,벼검은줄오갈병,0
2021.08.16,신안군,벼검은줄오갈병,0
2021.08.16,여수시,벼검은줄오갈병,0
2021.08.16,영광군,벼검은줄오갈병,0
2021.08.16,영암군,벼검은줄오갈병,0
2021.08.16,완도군,벼검은줄오갈병,0
2021.08.16,장성군,벼검은줄오갈병,0
2021.08.16,장흥군,벼검은줄오갈병,0
2021.08.16,진도군,벼검은줄오갈병,0
2021.08.16,함평군,벼검은줄오갈병,0
2021.08.16,해남군,벼검은줄오갈병,0
2021.08.16,화순군,벼검은줄오갈병,0
2021.09.01,강진군,벼검은줄오갈병,0
2021.09.01,고흥군,벼검은줄오갈병,0
2021.09.01,곡성군,벼검은줄오갈병,0
2021.09.01,광양시,벼검은줄오갈병,0
2021.09.01,구례군,벼검은줄오갈병,0
2021.09.01,담양군,벼검은줄오갈병,0
2021.09.01,무안군,벼검은줄오갈병,0
2021.09.01,보성군,벼검은줄오갈병,0
2021.09.01,순천시,벼검은줄오갈병,0
2021.09.01,신안군,벼검은줄오갈병,0
2021.09.01,여수시,벼검은줄오갈병,0
2021.09.01,영암군,벼검은줄오갈병,0
2021.09.01,완도군,벼검은줄오갈병,0
2021.09.01,장성군,벼검은줄오갈병,0
2021.09.01,장흥군,벼검은줄오갈병,0
2021.09.01,진도군,벼검은줄오갈병,0
2021.09.01,함평군,벼검은줄오갈병,0
2021.09.01,해남군,벼검은줄오갈병,0
2021.09.01,화순군,벼검은줄오갈병,0
2021.09.16,강진군,벼검은줄오갈병,0
2021.09.16,고흥군,벼검은줄오갈병,0
2021.09.16,곡성군,벼검은줄오갈병,0
2021.09.16,광양시,벼검은줄오갈병,0
2021.09.16,구례군,벼검은줄오갈병,0
2021.09.16,나주시,벼검은줄오갈병,0
2021.09.16,담양군,벼검은줄오갈병,0
2021.09.16,무안군,벼검은줄오갈병,0
2021.09.16,보성군,벼검은줄오갈병,0
2021.09.16,순천시,벼검은줄오갈병,0
2021.09.16,신안군,벼검은줄오갈병,0
2021.09.16,여수시,벼검은줄오갈병,0
2021.09.16,영광군,벼검은줄오갈병,0
2021.09.16,영암군,벼검은줄오갈병,0
2021.09.16,완도군,벼검은줄오갈병,0
2021.09.16,장성군,벼검은줄오갈병,0
2021.09.16,장흥군,벼검은줄오갈병,0
2021.09.16,진도군,벼검은줄오갈병,0
2021.09.16,함평군,벼검은줄오갈병,0
2021.09.16,해남군,벼검은줄오갈병,0
2021.09.16,화순군,벼검은줄오갈병,0
2022.06.01,강진군,벼검은줄오갈병,0
2022.06.01,고흥군,벼검은줄오갈병,0
2022.06.01,곡성군,벼검은줄오갈병,0
2022.06.01,광양시,벼검은줄오갈병,0
2022.06.01,구례군,벼검은줄오갈병,0
2022.06.01,나주시,벼검은줄오갈병,0
2022.06.01,담양군,벼검은줄오갈병,0
2022.06.01,무안군,벼검은줄오갈병,0
2022.06.01,보성군,벼검은줄오갈병,0
2022.06.01,순천시,벼검은줄오갈병,0
2022.06.01,신안군,벼검은줄오갈병,0
2022.06.01,여수시,벼검은줄오갈병,0
2022.06.01,영광군,벼검은줄오갈병,0
2022.06.01,영암군,벼검은줄오갈병,0
2022.06.01,완도군,벼검은줄오갈병,0
2022.06.01,장성군,벼검은줄오갈병,0
2022.06.01,장흥군,벼검은줄오갈병,0
2022.06.01,진도군,벼검은줄오갈병,0
2022.06.01,함평군,벼검은줄오갈병,0
2022.06.01,해남군,벼검은줄오갈병,0
2022.06.01,화순군,벼검은줄오갈병,0
2022.06.16,강진군,벼검은줄오갈병,0
2022.06.16,고흥군,벼검은줄오갈병,0
2022.06.16,곡성군,벼검은줄오갈병,0
2022.06.16,광양시,벼검은줄오갈병,0
2022.06.16,구례군,벼검은줄오갈병,0
2022.06.16,나주시,벼검은줄오갈병,0
2022.06.16,담양군,벼검은줄오갈병,0
2022.06.16,무안군,벼검은줄오갈병,0
2022.06.16,보성군,벼검은줄오갈병,0
2022.06.16,순천시,벼검은줄오갈병,0
2022.06.16,신안군,벼검은줄오갈병,0
2022.06.16,여수시,벼검은줄오갈병,0
2022.06.16,영광군,벼검은줄오갈병,0
2022.06.16,영암군,벼검은줄오갈병,0
2022.06.16,완도군,벼검은줄오갈병,0
2022.06.16,장성군,벼검은줄오갈병,0
2022.06.16,장흥군,벼검은줄오갈병,0
2022.06.16,진도군,벼검은줄오갈병,0
2022.06.16,함평군,벼검은줄오갈병,0
2022.06.16,해남군,벼검은줄오갈병,0
2022.06.16,화순군,벼검은줄오갈병,0
2022.07.01,강진군,벼검은줄오갈병,0
2022.07.01,고흥군,벼검은줄오갈병,0
2022.07.01,곡성군,벼검은줄오갈병,0
2022.07.01,광양시,벼검은줄오갈병,0
2022.07.01,구례군,벼검은줄오갈병,0
2022.07.01,나주시,벼검은줄오갈병,0
2022.07.01,담양군,벼검은줄오갈병,0
2022.07.01,무안군,벼검은줄오갈병,0
2022.07.01,보성군,벼검은줄오갈병,0
2022.07.01,순천시,벼검은줄오갈병,0
2022.07.01,신안군,벼검은줄오갈병,0
2022.07.01,여수시,벼검은줄오갈병,0
2022.07.01,영광군,벼검은줄오갈병,0
2022.07.01,영암군,벼검은줄오갈병,0
2022.07.01,완도군,벼검은줄오갈병,0
2022.07.01,장성군,벼검은줄오갈병,0
2022.07.01,장흥군,벼검은줄오갈병,0
2022.07.01,진도군,벼검은줄오갈병,0
2022.07.01,함평군,벼검은줄오갈병,0
2022.07.01,해남군,벼검은줄오갈병,0
2022.07.01,화순군,벼검은줄오갈병,0
2022.07.16,강진군,벼검은줄오갈병,0
2022.07.16,고흥군,벼검은줄오갈병,0
2022.07.16,곡성군,벼검은줄오갈병,0
2022.07.16,광양시,벼검은줄오갈병,0
2022.07.16,구례군,벼검은줄오갈병,0
2022.07.16,나주시,벼검은줄오갈병,0
2022.07.16,담양군,벼검은줄오갈병,0
2022.07.16,무안군,벼검은줄오갈병,0
2022.07.16,보성군,벼검은줄오갈병,0
2022.07.16,순천시,벼검은줄오갈병,0
2022.07.16,신안군,벼검은줄오갈병,0
2022.07.16,여수시,벼검은줄오갈병,0
2022.07.16,영광군,벼검은줄오갈병,0
2022.07.16,영암군,벼검은줄오갈병,0
2022.07.16,완도군,벼검은줄오갈병,0
2022.07.16,장성군,벼검은줄오갈병,0
2022.07.16,장흥군,벼검은줄오갈병,0
2022.07.16,진도군,벼검은줄오갈병,0
2022.07.16,함평군,벼검은줄오갈병,0
2022.07.16,해남군,벼검은줄오갈병,0
2022.07.16,화순군,벼검은줄오갈병,0
2022.08.01,강진군,벼검은줄오갈병,0
2022.08.01,고흥군,벼검은줄오갈병,0
2022.08.01,곡성군,벼검은줄오갈병,0
2022.08.01,광양시,벼검은줄오갈병,0
2022.08.01,구례군,벼검은줄오갈병,0
2022.08.01,나주시,벼검은줄오갈병,0
2022.08.01,담양군,벼검은줄오갈병,0
2022.08.01,무안군,벼검은줄오갈병,0
2022.08.01,보성군,벼검은줄오갈병,0
2022.08.01,순천시,벼검은줄오갈병,0
2022.08.01,신안군,벼검은줄오갈병,0
2022.08.01,여수시,벼검은줄오갈병,0
2022.08.01,영광군,벼검은줄오갈병,0
2022.08.01,영암군,벼검은줄오갈병,0
2022.08.01,완도군,벼검은줄오갈병,0
2022.08.01,장성군,벼검은줄오갈병,0
2022.08.01,장흥군,벼검은줄오갈병,0
2022.08.01,진도군,벼검은줄오갈병,0
2022.08.01,함평군,벼검은줄오갈병,0
2022.08.01,화순군,벼검은줄오갈병,0
2022.08.16,강진군,벼검은줄오갈병,0
2022.08.16,고흥군,벼검은줄오갈병,0
2022.08.16,광양시,벼검은줄오갈병,0
2022.08.16,구례군,벼검은줄오갈병,0
2022.08.16,담양군,벼검은줄오갈병,0
2022.08.16,무안군,벼검은줄오갈병,0
2022.08.16,보성군,벼검은줄오갈병,0
2022.08.16,순천시,벼검은줄오갈병,0
2022.08.16,여수시,벼검은줄오갈병,0
2022.08.16,영암군,벼검은줄오갈병,0
2022.08.16,완도군,벼검은줄오갈병,0
2022.08.16,장성군,벼검은줄오갈병,0
2022.08.16,장흥군,벼검은줄오갈병,0
2022.08.16,진도군,벼검은줄오갈병,0
2022.08.16,함평군,벼검은줄오갈병,0
2022.08.16,해남군,벼검은줄오갈병,0
2022.08.16,화순군,벼검은줄오갈병,0
2022.09.01,강진군,벼검은줄오갈병,0
2022.09.01,고흥군,벼검은줄오갈병,0
2022.09.01,곡성군,벼검은줄오갈병,0
2022.09.01,광양시,벼검은줄오갈병,0
2022.09.01,구례군,벼검은줄오갈병,0
2022.09.01,담양군,벼검은줄오갈병,0
2022.09.01,보성군,벼검은줄오갈병,0
2022.09.01,순천시,벼검은줄오갈병,0
2022.09.01,신안군,벼검은줄오갈병,0
2022.09.01,여수시,벼검은줄오갈병,0
2022.09.01,영암군,벼검은줄오갈병,0
2022.09.01,완도군,벼검은줄오갈병,0
2022.09.01,장성군,벼검은줄오갈병,0
2022.09.01,장흥군,벼검은줄오갈병,0
2022.09.01,진도군,벼검은줄오갈병,0
2022.09.01,해남군,벼검은줄오갈병,0
2022.09.01,화순군,벼검은줄오갈병,0
2022.09.16,강진군,벼검은줄오갈병,0
2022.09.16,고흥군,벼검은줄오갈병,0
2022.09.16,곡성군,벼검은줄오갈병,0
2022.09.16,광양시,벼검은줄오갈병,0
2022.09.16,구례군,벼검은줄오갈병,0
2022.09.16,나주시,벼검은줄오갈병,0
2022.09.16,담양군,벼검은줄오갈병,0
2022.09.16,무안군,벼검은줄오갈병,0
2022.09.16,보성군,벼검은줄오갈병,0
2022.09.16,순천시,벼검은줄오갈병,0
2022.09.16,신안군,벼검은줄오갈병,0
2022.09.16,여수시,벼검은줄오갈병,0
2022.09.16,영광군,벼검은줄오갈병,0
2022.09.16,완도군,벼검은줄오갈병,0
2022.09.16,장성군,벼검은줄오갈병,0
2022.09.16,장흥군,벼검은줄오갈병,0
2022.09.16,진도군,벼검은줄오갈병,0
2022.09.16,함평군,벼검은줄오갈병,0
2022.09.16,해남군,벼검은줄오갈병,0
2022.09.16,화순군,벼검은줄오갈병,0
2023.06.01,강진군,벼검은줄오갈병,0
2023.06.01,곡성군,벼검은줄오갈병,0
2023.06.01,광양시,벼검은줄오갈병,0
2023.06.01,구례군,벼검은줄오갈병,0
2023.06.01,나주시,벼검은줄오갈병,0
2023.06.01,담양군,벼검은줄오갈병,0
2023.06.01,무안군,벼검은줄오갈병,0
2023.06.01,보성군,벼검은줄오갈병,0
2023.06.01,순천시,벼검은줄오갈병,0
2023.06.01,신안군,벼검은줄오갈병,0
2023.06.01,여수시,벼검은줄오갈병,0
2023.06.01,영광군,벼검은줄오갈병,0
2023.06.01,영암군,벼검은줄오갈병,0
2023.06.01,완도군,벼검은줄오갈병,0
2023.06.01,장성군,벼검은줄오갈병,0
2023.06.01,장흥군,벼검은줄오갈병,0
2023.06.01,진도군,벼검은줄오갈병,0
2023.06.01,함평군,벼검은줄오갈병,0
2023.06.01,해남군,벼검은줄오갈병,0
2023.06.01,화순군,벼검은줄오갈병,0
2023.06.16,강진군,벼검은줄오갈병,0
2023.06.16,곡성군,벼검은줄오갈병,0
2023.06.16,광양시,벼검은줄오갈병,0
2023.06.16,구례군,벼검은줄오갈병,0
2023.06.16,나주시,벼검은줄오갈병,0
2023.06.16,담양군,벼검은줄오갈병,0
2023.06.16,무안군,벼검은줄오갈병,0
2023.06.16,보성군,벼검은줄오갈병,0
2023.06.16,순천시,벼검은줄오갈병,0
2023.06.16,신안군,벼검은줄오갈병,0
2023.06.16,여수시,벼검은줄오갈병,0
2023.06.16,영광군,벼검은줄오갈병,0
2023.06.16,영암군,벼검은줄오갈병,0
2023.06.16,완도군,벼검은줄오갈병,0
2023.06.16,장성군,벼검은줄오갈병,0
2023.06.16,장흥군,벼검은줄오갈병,0
2023.06.16,진도군,벼검은줄오갈병,0
2023.06.16,함평군,벼검은줄오갈병,0
2023.06.16,해남군,벼검은줄오갈병,0
2023.06.16,화순군,벼검은줄오갈병,0
2023.07.01,강진군,벼검은줄오갈병,0
2023.07.01,고흥군,벼검은줄오갈병,0
2023.07.01,곡성군,벼검은줄오갈병,0
2023.07.01,광양시,벼검은줄오갈병,0
2023.07.01,구례군,벼검은줄오갈병,0
2023.07.01,나주시,벼검은줄오갈병,0
2023.07.01,담양군,벼검은줄오갈병,0
2023.07.01,무안군,벼검은줄오갈병,0
2023.07.01,보성군,벼검은줄오갈병,0
2023.07.01,순천시,벼검은줄오갈병,0
2023.07.01,신안군,벼검은줄오갈병,0
2023.07.01,여수시,벼검은줄오갈병,0
2023.07.01,영광군,벼검은줄오갈병,0
2023.07.01,영암군,벼검은줄오갈병,0
2023.07.01,완도군,벼검은줄오갈병,0
2023.07.01,장성군,벼검은줄오갈병,0
2023.07.01,장흥군,벼검은줄오갈병,0
2023.07.01,진도군,벼검은줄오갈병,0
2023.07.01,함평군,벼검은줄오갈병,0
2023.07.01,해남군,벼검은줄오갈병,0
2023.07.01,화순군,벼검은줄오갈병,0
2023.07.16,강진군,벼검은줄오갈병,0
2023.07.16,고흥군,벼검은줄오갈병,0
2023.07.16,곡성군,벼검은줄오갈병,0
2023.07.16,광양시,벼검은줄오갈병,0
2023.07.16,구례군,벼검은줄오갈병,0
2023.07.16,나주시,벼검은줄오갈병,0
2023.07.16,담양군,벼검은줄오갈병,0
2023.07.16,무안군,벼검은줄오갈병,0
2023.07.16,보성군,벼검은줄오갈병,0
2023.07.16,순천시,벼검은줄오갈병,0
2023.07.16,신안군,벼검은줄오갈병,0
2023.07.16,여수시,벼검은줄오갈병,0
2023.07.16,영광군,벼검은줄오갈병,0
2023.07.16,영암군,벼검은줄오갈병,0
2023.07.16,완도군,벼검은줄오갈병,0
2023.07.16,장성군,벼검은줄오갈병,0
2023.07.16,장흥군,벼검은줄오갈병,0
2023.07.16,진도군,벼검은줄오갈병,0
2023.07.16,함평군,벼검은줄오갈병,0
2023.07.16,해남군,벼검은줄오갈병,0
2023.07.16,화순군,벼검은줄오갈병,0
2023.08.01,강진군,벼검은줄오갈병,0
2023.08.01,고흥군,벼검은줄오갈병,0
2023.08.01,곡성군,벼검은줄오갈병,0
2023.08.01,광양시,벼검은줄오갈병,0
2023.08.01,구례군,벼검은줄오갈병,0
2023.08.01,나주시,벼검은줄오갈병,0
2023.08.01,담양군,벼검은줄오갈병,0
2023.08.01,무안군,벼검은줄오갈병,0
2023.08.01,보성군,벼검은줄오갈병,0
2023.08.01,순천시,벼검은줄오갈병,0
2023.08.01,신안군,벼검은줄오갈병,0
2023.08.01,여수시,벼검은줄오갈병,0
2023.08.01,영광군,벼검은줄오갈병,0
2023.08.01,영암군,벼검은줄오갈병,0
2023.08.01,완도군,벼검은줄오갈병,0
2023.08.01,장성군,벼검은줄오갈병,0
2023.08.01,장흥군,벼검은줄오갈병,0
2023.08.01,진도군,벼검은줄오갈병,0
2023.08.01,함평군,벼검은줄오갈병,0
2023.08.01,해남군,벼검은줄오갈병,0
2023.08.01,화순군,벼검은줄오갈병,0
2023.08.16,강진군,벼검은줄오갈병,0
2023.08.16,고흥군,벼검은줄오갈병,0
2023.08.16,곡성군,벼검은줄오갈병,0
2023.08.16,광양시,벼검은줄오갈병,0
2023.08.16,구례군,벼검은줄오갈병,0
2023.08.16,나주시,벼검은줄오갈병,0
2023.08.16,담양군,벼검은줄오갈병,0
2023.08.16,무안군,벼검은줄오갈병,0
2023.08.16,보성군,벼검은줄오갈병,0
2023.08.16,순천시,벼검은줄오갈병,0
2023.08.16,신안군,벼검은줄오갈병,0
2023.08.16,여수시,벼검은줄오갈병,0
2023.08.16,영광군,벼검은줄오갈병,0
2023.08.16,영암군,벼검은줄오갈병,0
2023.08.16,완도군,벼검은줄오갈병,0
2023.08.16,장성군,벼검은줄오갈병,0
2023.08.16,장흥군,벼검은줄오갈병,0
2023.08.16,진도군,벼검은줄오갈병,0
2023.08.16,함평군,벼검은줄오갈병,0
2023.08.16,해남군,벼검은줄오갈병,0
2023.08.16,화순군,벼검은줄오갈병,0
2023.09.01,강진군,벼검은줄오갈병,0
2023.09.01,고흥군,벼검은줄오갈병,0
2023.09.01,곡성군,벼검은줄오갈병,0
2023.09.01,광양시,벼검은줄오갈병,0
2023.09.01,구례군,벼검은줄오갈병,0
2023.09.01,나주시,벼검은줄오갈병,0
2023.09.01,담양군,벼검은줄오갈병,0
2023.09.01,무안군,벼검은줄오갈병,0
2023.09.01,보성군,벼검은줄오갈병,0
2023.09.01,순천시,벼검은줄오갈병,0
2023.09.01,신안군,벼검은줄오갈병,0
2023.09.01,여수시,벼검은줄오갈병,0
2023.09.01,영광군,벼검은줄오갈병,0
2023.09.01,영암군,벼검은줄오갈병,0
2023.09.01,완도군,벼검은줄오갈병,0
2023.09.01,장성군,벼검은줄오갈병,0
2023.09.01,장흥군,벼검은줄오갈병,0
2023.09.01,진도군,벼검은줄오갈병,0
2023.09.01,함평군,벼검은줄오갈병,0
2023.09.01,해남군,벼검은줄오갈병,0
2023.09.01,화순군,벼검은줄오갈병,0
2023.09.16,강진군,벼검은줄오갈병,0
2023.09.16,고흥군,벼검은줄오갈병,0
2023.09.16,곡성군,벼검은줄오갈병,0
2023.09.16,광양시,벼검은줄오갈병,0
2023.09.16,구례군,벼검은줄오갈병,0
2023.09.16,나주시,벼검은줄오갈병,0
2023.09.16,담양군,벼검은줄오갈병,0
2023.09.16,무안군,벼검은줄오갈병,0
2023.09.16,보성군,벼검은줄오갈병,0
2023.09.16,순천시,벼검은줄오갈병,0
2023.09.16,신안군,벼검은줄오갈병,0
2023.09.16,여수시,벼검은줄오갈병,0
2023.09.16,영광군,벼검은줄오갈병,0
2023.09.16,영암군,벼검은줄오갈병,0
2023.09.16,완도군,벼검은줄오갈병,0
2023.09.16,장성군,벼검은줄오갈병,0
2023.09.16,장흥군,벼검은줄오갈병,0
2023.09.16,진도군,벼검은줄오갈병,0
2023.09.16,함평군,벼검은줄오갈병,0
2023.09.16,해남군,벼검은줄오갈병,0
2023.09.16,화순군,벼검은줄오갈병,0
2024.06.01,강진군,벼검은줄오갈병,0
2024.06.01,고흥군,벼검은줄오갈병,0
2024.06.01,광양시,벼검은줄오갈병,0
2024.06.01,구례군,벼검은줄오갈병,0
2024.06.01,나주시,벼검은줄오갈병,0
2024.06.01,무안군,벼검은줄오갈병,0
2024.06.01,보성군,벼검은줄오갈병,0
2024.06.01,순천시,벼검은줄오갈병,0
2024.06.01,신안군,벼검은줄오갈병,0
2024.06.01,여수시,벼검은줄오갈병,0
2024.06.01,영암군,벼검은줄오갈병,0
2024.06.01,완도군,벼검은줄오갈병,0
2024.06.01,장성군,벼검은줄오갈병,0
2024.06.01,장흥군,벼검은줄오갈병,0
2024.06.01,진도군,벼검은줄오갈병,0
2024.06.01,해남군,벼검은줄오갈병,0
2024.06.01,화순군,벼검은줄오갈병,0
2024.06.16,강진군,벼검은줄오갈병,0
2024.06.16,고흥군,벼검은줄오갈병,0
2024.06.16,광양시,벼검은줄오갈병,0
2024.06.16,구례군,벼검은줄오갈병,0
2024.06.16,나주시,벼검은줄오갈병,0
2024.06.16,담양군,벼검은줄오갈병,0
2024.06.16,무안군,벼검은줄오갈병,0
2024.06.16,보성군,벼검은줄오갈병,0
2024.06.16,순천시,벼검은줄오갈병,0
2024.06.16,신안군,벼검은줄오갈병,0
2024.06.16,여수시,벼검은줄오갈병,0
2024.06.16,영광군,벼검은줄오갈병,0
2024.06.16,영암군,벼검은줄오갈병,0
2024.06.16,완도군,벼검은줄오갈병,0
2024.06.16,장성군,벼검은줄오갈병,0
2024.06.16,장흥군,벼검은줄오갈병,0
2024.06.16,진도군,벼검은줄오갈병,0
2024.06.16,해남군,벼검은줄오갈병,0
2024.06.16,화순군,벼검은줄오갈병,0
2024.07.01,강진군,벼검은줄오갈병,0
2024.07.01,고흥군,벼검은줄오갈병,0
2024.07.01,곡성군,벼검은줄오갈병,0
2024.07.01,광양시,벼검은줄오갈병,0
2024.07.01,구례군,벼검은줄오갈병,0
2024.07.01,나주시,벼검은줄오갈병,0
2024.07.01,담양군,벼검은줄오갈병,0
2024.07.01,무안군,벼검은줄오갈병,0
2024.07.01,보성군,벼검은줄오갈병,0
2024.07.01,순천시,벼검은줄오갈병,0
2024.07.01,신안군,벼검은줄오갈병,0
2024.07.01,여수시,벼검은줄오갈병,0
2024.07.01,영광군,벼검은줄오갈병,0
2024.07.01,영암군,벼검은줄오갈병,0
2024.07.01,완도군,벼검은줄오갈병,0
2024.07.01,장성군,벼검은줄오갈병,0
2024.07.01,장흥군,벼검은줄오갈병,0
2024.07.01,진도군,벼검은줄오갈병,0
2024.07.01,함평군,벼검은줄오갈병,0
2024.07.01,해남군,벼검은줄오갈병,0
2024.07.01,화순군,벼검은줄오갈병,0
2024.07.16,강진군,벼검은줄오갈병,0
2024.07.16,고흥군,벼검은줄오갈병,0
2024.07.16,곡성군,벼검은줄오갈병,0
2024.07.16,광양시,벼검은줄오갈병,0
2024.07.16,구례군,벼검은줄오갈병,0
2024.07.16,나주시,벼검은줄오갈병,0
2024.07.16,담양군,벼검은줄오갈병,0
2024.07.16,무안군,벼검은줄오갈병,0
2024.07.16,보성군,벼검은줄오갈병,0
2024.07.16,순천시,벼검은줄오갈병,0
2024.07.16,신안군,벼검은줄오갈병,0
2024.07.16,여수시,벼검은줄오갈병,0
2024.07.16,영광군,벼검은줄오갈병,0
2024.07.16,영암군,벼검은줄오갈병,0
2024.07.16,완도군,벼검은줄오갈병,0
2024.07.16,장성군,벼검은줄오갈병,0
2024.07.16,장흥군,벼검은줄오갈병,0
2024.07.16,진도군,벼검은줄오갈병,0
2024.07.16,함평군,벼검은줄오갈병,0
2024.07.16,해남군,벼검은줄오갈병,0
2024.07.16,화순군,벼검은줄오갈병,0
2024.08.01,강진군,벼검은줄오갈병,0
2024.08.01,고흥군,벼검은줄오갈병,0
2024.08.01,곡성군,벼검은줄오갈병,0
2024.08.01,광양시,벼검은줄오갈병,0
2024.08.01,구례군,벼검은줄오갈병,0
2024.08.01,나주시,벼검은줄오갈병,0
2024.08.01,담양군,벼검은줄오갈병,0
2024.08.01,무안군,벼검은줄오갈병,0
2024.08.01,보성군,벼검은줄오갈병,0
2024.08.01,순천시,벼검은줄오갈병,0
2024.08.01,신안군,벼검은줄오갈병,0
2024.08.01,여수시,벼검은줄오갈병,0
2024.08.01,영광군,벼검은줄오갈병,0
2024.08.01,영암군,벼검은줄오갈병,0
2024.08.01,완도군,벼검은줄오갈병,0
2024.08.01,장성군,벼검은줄오갈병,0
2024.08.01,장흥군,벼검은줄오갈병,0
2024.08.01,진도군,벼검은줄오갈병,0
2024.08.01,함평군,벼검은줄오갈병,0
2024.08.01,해남군,벼검은줄오갈병,0
2024.08.01,화순군,벼검은줄오갈병,0
2024.08.16,강진군,벼검은줄오갈병,0
2024.08.16,고흥군,벼검은줄오갈병,0
2024.08.16,곡성군,벼검은줄오갈병,0
2024.08.16,광양시,벼검은줄오갈병,0
2024.08.16,구례군,벼검은줄오갈병,0
2024.08.16,나주시,벼검은줄오갈병,0
2024.08.16,담양군,벼검은줄오갈병,0
2024.08.16,무안군,벼검은줄오갈병,0
2024.08.16,보성군,벼검은줄오갈병,0
2024.08.16,순천시,벼검은줄오갈병,0
2024.08.16,신안군,벼검은줄오갈병,0
2024.08.16,여수시,벼검은줄오갈병,0
2024.08.16,영광군,벼검은줄오갈병,0
2024.08.16,영암군,벼검은줄오갈병,0
2024.08.16,완도군,벼검은줄오갈병,0
2024.08.16,장성군,벼검은줄오갈병,0
2024.08.16,장흥군,벼검은줄오갈병,0
2024.08.16,진도군,벼검은줄오갈병,0
2024.08.16,함평군,벼검은줄오갈병,0
2024.08.16,해남군,벼검은줄오갈병,0
2024.08.16,화순군,벼검은줄오갈병,0
2024.09.01,강진군,벼검은줄오갈병,0
2024.09.01,고흥군,벼검은줄오갈병,0
2024.09.01,곡성군,벼검은줄오갈병,0
2024.09.01,광양시,벼검은줄오갈병,0
2024.09.01,구례군,벼검은줄오갈병,0
2024.09.01,나주시,벼검은줄오갈병,0
2024.09.01,담양군,벼검은줄오갈병,0
2024.09.01,무안군,벼검은줄오갈병,0
2024.09.01,보성군,벼검은줄오갈병,0
2024.09.01,순천시,벼검은줄오갈병,0
2024.09.01,신안군,벼검은줄오갈병,0
2024.09.01,여수시,벼검은줄오갈병,0
2024.09.01,영광군,벼검은줄오갈병,0
2024.09.01,영암군,벼검은줄오갈병,0
2024.09.01,완도군,벼검은줄오갈병,0
2024.09.01,장성군,벼검은줄오갈병,0
2024.09.01,장흥군,벼검은줄오갈병,0
2024.09.01,진도군,벼검은줄오갈병,0
2024.09.01,함평군,벼검은줄오갈병,0
2024.09.01,해남군,벼검은줄오갈병,0
2024.09.01,화순군,벼검은줄오갈병,0
2024.09.16,강진군,벼검은줄오갈병,0
2024.09.16,고흥군,벼검은줄오갈병,0
2024.09.16,곡성군,벼검은줄오갈병,0
2024.09.16,광양시,벼검은줄오갈병,0
2024.09.16,구례군,벼검은줄오갈병,0
2024.09.16,나주시,벼검은줄오갈병,0
2024.09.16,담양군,벼검은줄오갈병,0
2024.09.16,무안군,벼검은줄오갈병,0
2024.09.16,보성군,벼검은줄오갈병,0
2024.09.16,순천시,벼검은줄오갈병,0
2024.09.16,신안군,벼검은줄오갈병,0
2024.09.16,여수시,벼검은줄오갈병,0
2024.09.16,영광군,벼검은줄오갈병,0
2024.09.16,영암군,벼검은줄오갈병,0
2024.09.16,완도군,벼검은줄오갈병,0
2024.09.16,장성군,벼검은줄오갈병,0
2024.09.16,장흥군,벼검은줄오갈병,0
2024.09.16,진도군,벼검은줄오갈병,0
2024.09.16,함평군,벼검은줄오갈병,0
2024.09.16,해남군,벼검은줄오갈병,0
2024.09.16,화순군,벼검은줄오갈병,0
2025.06.01,강진군,벼검은줄오갈병,0
2025.06.01,고흥군,벼검은줄오갈병,0
2025.06.01,곡성군,벼검은줄오갈병,0
2025.06.01,광양시,벼검은줄오갈병,0
2025.06.01,구례군,벼검은줄오갈병,0
2025.06.01,나주시,벼검은줄오갈병,0
2025.06.01,담양군,벼검은줄오갈병,0
2025.06.01,무안군,벼검은줄오갈병,0
2025.06.01,보성군,벼검은줄오갈병,0
2025.06.01,순천시,벼검은줄오갈병,0
2025.06.01,신안군,벼검은줄오갈병,0
2025.06.01,여수시,벼검은줄오갈병,0
2025.06.01,영광군,벼검은줄오갈병,0
2025.06.01,영암군,벼검은줄오갈병,0
2025.06.01,완도군,벼검은줄오갈병,0
2025.06.01,장성군,벼검은줄오갈병,0
2025.06.01,장흥군,벼검은줄오갈병,0
2025.06.01,진도군,벼검은줄오갈병,0
2025.06.01,함평군,벼검은줄오갈병,0
2025.06.01,해남군,벼검은줄오갈병,0
2025.06.01,화순군,벼검은줄오갈병,0
2025.06.16,강진군,벼검은줄오갈병,0
2025.06.16,고흥군,벼검은줄오갈병,0
2025.06.16,곡성군,벼검은줄오갈병,0
2025.06.16,광양시,벼검은줄오갈병,0
2025.06.16,구례군,벼검은줄오갈병,0
2025.06.16,나주시,벼검은줄오갈병,0
2025.06.16,담양군,벼검은줄오갈병,0
2025.06.16,무안군,벼검은줄오갈병,0
2025.06.16,보성군,벼검은줄오갈병,0
2025.06.16,순천시,벼검은줄오갈병,0
2025.06.16,신안군,벼검은줄오갈병,0
2025.06.16,여수시,벼검은줄오갈병,0
2025.06.16,영광군,벼검은줄오갈병,0
2025.06.16,영암군,벼검은줄오갈병,0
2025.06.16,완도군,벼검은줄오갈병,0
2025.06.16,장성군,벼검은줄오갈병,0
2025.06.16,장흥군,벼검은줄오갈병,0
2025.06.16,진도군,벼검은줄오갈병,0
2025.06.16,함평군,벼검은줄오갈병,0
2025.06.16,해남군,벼검은줄오갈병,0
2025.06.16,화순군,벼검은줄오갈병,0
2025.07.01,강진군,벼검은줄오갈병,0
2025.07.01,고흥군,벼검은줄오갈병,0
2025.07.01,곡성군,벼검은줄오갈병,0
2025.07.01,광양시,벼검은줄오갈병,0
2025.07.01,구례군,벼검은줄오갈병,0
2025.07.01,나주시,벼검은줄오갈병,0
2025.07.01,담양군,벼검은줄오갈병,0
2025.07.01,무안군,벼검은줄오갈병,0
2025.07.01,보성군,벼검은줄오갈병,0
2025.07.01,순천시,벼검은줄오갈병,0
2025.07.01,신안군,벼검은줄오갈병,0
2025.07.01,여수시,벼검은줄오갈병,0
2025.07.01,영광군,벼검은줄오갈병,0
2025.07.01,영암군,벼검은줄오갈병,0
2025.07.01,완도군,벼검은줄오갈병,0
2025.07.01,장성군,벼검은줄오갈병,0
2025.07.01,진도군,벼검은줄오갈병,0
2025.07.01,함평군,벼검은줄오갈병,0
2025.07.01,해남군,벼검은줄오갈병,0
2025.07.01,화순군,벼검은줄오갈병,0
2025.07.16,강진군,벼검은줄오갈병,0
2025.07.16,고흥군,벼검은줄오갈병,0
2025.07.16,곡성군,벼검은줄오갈병,0
2025.07.16,광양시,벼검은줄오갈병,0
2025.07.16,구례군,벼검은줄오갈병,0
2025.07.16,나주시,벼검은줄오갈병,0
2025.07.16,담양군,벼검은줄오갈병,0
2025.07.16,무안군,벼검은줄오갈병,0
2025.07.16,보성군,벼검은줄오갈병,0
2025.07.16,순천시,벼검은줄오갈병,0
2025.07.16,신안군,벼검은줄오갈병,0
2025.07.16,여수시,벼검은줄오갈병,0
2025.07.16,영광군,벼검은줄오갈병,0
2025.07.16,영암군,벼검은줄오갈병,0
2025.07.16,완도군,벼검은줄오갈병,0
2025.07.16,장성군,벼검은줄오갈병,0
2025.07.16,장흥군,벼검은줄오갈병,0
2025.07.16,진도군,벼검은줄오갈병,0
2025.07.16,함평군,벼검은줄오갈병,0
2025.07.16,해남군,벼검은줄오갈병,0
2025.07.16,화순군,벼검은줄오갈병,0
2025.08.01,강진군,벼검은줄오갈병,0
2025.08.01,고흥군,벼검은줄오갈병,0
2025.08.01,광양시,벼검은줄오갈병,0
2025.08.01,구례군,벼검은줄오갈병,0
2025.08.01,담양군,벼검은줄오갈병,0
2025.08.01,무안군,벼검은줄오갈병,0
2025.08.01,보성군,벼검은줄오갈병,0
2025.08.01,신안군,벼검은줄오갈병,0
2025.08.01,여수시,벼검은줄오갈병,0
2025.08.01,영광군,벼검은줄오갈병,0
2025.08.01,영암군,벼검은줄오갈병,0
2025.08.01,완도군,벼검은줄오갈병,0
2025.08.01,장성군,벼검은줄오갈병,0
2025.08.01,장흥군,벼검은줄오갈병,0
2025.08.01,진도군,벼검은줄오갈병,0
2025.08.01,함평군,벼검은줄오갈병,0
2025.08.01,해남군,벼검은줄오갈병,0
2025.08.01,화순군,벼검은줄오갈병,0
2025.08.16,강진군,벼검은줄오갈병,0
2025.08.16,고흥군,벼검은줄오갈병,0
2025.08.16,곡성군,벼검은줄오갈병,0
2025.08.16,광양시,벼검은줄오갈병,0
2025.08.16,구례군,벼검은줄오갈병,0
2025.08.16,나주시,벼검은줄오갈병,0
2025.08.16,담양군,벼검은줄오갈병,0
2025.08.16,무안군,벼검은줄오갈병,0
2025.08.16,보성군,벼검은줄오갈병,0
2025.08.16,순천시,벼검은줄오갈병,0
2025.08.16,신안군,벼검은줄오갈병,0
2025.08.16,여수시,벼검은줄오갈병,0
2025.08.16,영광군,벼검은줄오갈병,0
2025.08.16,영암군,벼검은줄오갈병,0
2025.08.16,완도군,벼검은줄오갈병,0
2025.08.16,장성군,벼검은줄오갈병,0
2025.08.16,장흥군,벼검은줄오갈병,0
2025.08.16,진도군,벼검은줄오갈병,0
2025.08.16,함평군,벼검은줄오갈병,0
2025.08.16,해남군,벼검은줄오갈병,0
2025.08.16,화순군,벼검은줄오갈병,0
2025.09.01,강진군,벼검은줄오갈병,0
2025.09.01,고흥군,벼검은줄오갈병,0
2025.09.01,곡성군,벼검은줄오갈병,0
2025.09.01,광양시,벼검은줄오갈병,0
2025.09.01,구례군,벼검은줄오갈병,0
2025.09.01,나주시,벼검은줄오갈병,0
2025.09.01,담양군,벼검은줄오갈병,0
2025.09.01,무안군,벼검은줄오갈병,0
2025.09.01,보성군,벼검은줄오갈병,0
2025.09.01,순천시,벼검은줄오갈병,0
2025.09.01,신안군,벼검은줄오갈병,0
2025.09.01,여수시,벼검은줄오갈병,0
2025.09.01,영광군,벼검은줄오갈병,0
2025.09.01,영암군,벼검은줄오갈병,0
2025.09.01,완도군,벼검은줄오갈병,0
2025.09.01,장성군,벼검은줄오갈병,0
2025.09.01,장흥군,벼검은줄오갈병,0
2025.09.01,진도군,벼검은줄오갈병,0
2025.09.01,함평군,벼검은줄오갈병,0
2025.09.01,해남군,벼검은줄오갈병,0
2025.09.01,화순군,벼검은줄오갈병,0
2025.09.16,강진군,벼검은줄오갈병,0
2025.09.16,고흥군,벼검은줄오갈병,0
2025.09.16,곡성군,벼검은줄오갈병,0
2025.09.16,광양시,벼검은줄오갈병,0
2025.09.16,구례군,벼검은줄오갈병,0
2025.09.16,나주시,벼검은줄오갈병,0
2025.09.16,담양군,벼검은줄오갈병,0
2025.09.16,무안군,벼검은줄오갈병,0
2025.09.16,보성군,벼검은줄오갈병,0
2025.09.16,순천시,벼검은줄오갈병,0
2025.09.16,신안군,벼검은줄오갈병,0
2025.09.16,여수시,벼검은줄오갈병,0
2025.09.16,영광군,벼검은줄오갈병,0
2025.09.16,영암군,벼검은줄오갈병,0
2025.09.16,완도군,벼검은줄오갈병,0
2025.09.16,장성군,벼검은줄오갈병,0
2025.09.16,장흥군,벼검은줄오갈병,0
2025.09.16,진도군,벼검은줄오갈병,0
2025.09.16,함평군,벼검은줄오갈병,0
2025.09.16,해남군,벼검은줄오갈병,0
2025.09.16,화순군,벼검은줄오갈병,0
2014.09.16,강진군,벼멸구,0
2014.09.16,고흥군,벼멸구,1
2014.09.16,곡성군,벼멸구,0
2014.09.16,광양시,벼멸구,0
2014.09.16,구례군,벼멸구,0
2014.09.16,나주시,벼멸구,0
2014.09.16,담양군,벼멸구,0
2014.09.16,무안군,벼멸구,0
2014.09.16,보성군,벼멸구,0
2014.09.16,순천시,벼멸구,0
2014.09.16,신안군,벼멸구,1
2014.09.16,여수시,벼멸구,0
2014.09.16,영광군,벼멸구,0
2014.09.16,영암군,벼멸구,0
2014.09.16,완도군,벼멸구,0
2014.09.16,장성군,벼멸구,0
2014.09.16,장흥군,벼멸구,0
2014.09.16,진도군,벼멸구,0
2014.09.16,함평군,벼멸구,0
2014.09.16,해남군,벼멸구,0
2014.09.16,화순군,벼멸구,0
2015.06.16,강진군,벼멸구,0
2015.06.16,고흥군,벼멸구,0
2015.06.16,곡성군,벼멸구,0
2015.06.16,광양시,벼멸구,0
2015.06.16,구례군,벼멸구,0
2015.06.16,나주시,벼멸구,0
2015.06.16,담양군,벼멸구,0
2015.06.16,무안군,벼멸구,0
2015.06.16,보성군,벼멸구,0
2015.06.16,순천시,벼멸구,0
2015.06.16,신안군,벼멸구,0
2015.06.16,여수시,벼멸구,0
2015.06.16,영광군,벼멸구,0
2015.06.16,영암군,벼멸구,0
2015.06.16,완도군,벼멸구,0
2015.06.16,장성군,벼멸구,0
2015.06.16,장흥군,벼멸구,0
2015.06.16,진도군,벼멸구,0
2015.06.16,함평군,벼멸구,0
2015.06.16,해남군,벼멸구,0
2015.06.16,화순군,벼멸구,0
2015.07.01,강진군,벼멸구,0
2015.07.01,고흥군,벼멸구,0
2015.07.01,곡성군,벼멸구,0
2015.07.01,광양시,벼멸구,0
2015.07.01,구례군,벼멸구,0
2015.07.01,나주시,벼멸구,0
2015.07.01,담양군,벼멸구,0
2015.07.01,무안군,벼멸구,0
2015.07.01,보성군,벼멸구,0
2015.07.01,순천시,벼멸구,0
2015.07.01,신안군,벼멸구,0
2015.07.01,여수시,벼멸구,0
2015.07.01,영광군,벼멸구,0
2015.07.01,영암군,벼멸구,0
2015.07.01,완도군,벼멸구,0
2015.07.01,장성군,벼멸구,0
2015.07.01,장흥군,벼멸구,0
2015.07.01,진도군,벼멸구,0
2015.07.01,함평군,벼멸구,0
2015.07.01,해남군,벼멸구,0
2015.07.01,화순군,벼멸구,0
2015.07.16,강진군,벼멸구,0
2015.07.16,고흥군,벼멸구,0
2015.07.16,곡성군,벼멸구,0
2015.07.16,광양시,벼멸구,0
2015.07.16,구례군,벼멸구,0
2015.07.16,나주시,벼멸구,0
2015.07.16,담양군,벼멸구,0
2015.07.16,무안군,벼멸구,0
2015.07.16,보성군,벼멸구,0
2015.07.16,순천시,벼멸구,0
2015.07.16,신안군,벼멸구,1
2015.07.16,여수시,벼멸구,0
2015.07.16,영광군,벼멸구,0
2015.07.16,영암군,벼멸구,0
2015.07.16,완도군,벼멸구,0
2015.07.16,장성군,벼멸구,0
2015.07.16,장흥군,벼멸구,0
2015.07.16,진도군,벼멸구,0
2015.07.16,함평군,벼멸구,0
2015.07.16,해남군,벼멸구,0
2015.07.16,화순군,벼멸구,0
2015.08.01,강진군,벼멸구,0
2015.08.01,고흥군,벼멸구,0
2015.08.01,곡성군,벼멸구,0
2015.08.01,광양시,벼멸구,0
2015.08.01,구례군,벼멸구,0
2015.08.01,나주시,벼멸구,0
2015.08.01,담양군,벼멸구,0
2015.08.01,무안군,벼멸구,0
2015.08.01,보성군,벼멸구,0
2015.08.01,순천시,벼멸구,0
2015.08.01,신안군,벼멸구,1
2015.08.01,여수시,벼멸구,0
2015.08.01,영광군,벼멸구,0
2015.08.01,영암군,벼멸구,0
2015.08.01,완도군,벼멸구,0
2015.08.01,장성군,벼멸구,1
2015.08.01,장흥군,벼멸구,0
2015.08.01,진도군,벼멸구,1
2015.08.01,함평군,벼멸구,0
2015.08.01,해남군,벼멸구,0
2015.08.01,화순군,벼멸구,0
2015.08.16,강진군,벼멸구,0
2015.08.16,고흥군,벼멸구,0
2015.08.16,곡성군,벼멸구,0
2015.08.16,광양시,벼멸구,0
2015.08.16,구례군,벼멸구,0
2015.08.16,나주시,벼멸구,0
2015.08.16,담양군,벼멸구,0
2015.08.16,무안군,벼멸구,0
2015.08.16,보성군,벼멸구,0
2015.08.16,순천시,벼멸구,0
2015.08.16,신안군,벼멸구,1
2015.08.16,여수시,벼멸구,0
2015.08.16,영광군,벼멸구,0
2015.08.16,영암군,벼멸구,0
2015.08.16,완도군,벼멸구,0
2015.08.16,장성군,벼멸구,0
2015.08.16,장흥군,벼멸구,0
2015.08.16,진도군,벼멸구,1
2015.08.16,함평군,벼멸구,0
2015.08.16,해남군,벼멸구,0
2015.08.16,화순군,벼멸구,0
2016.06.01,강진군,벼멸구,0
2016.06.01,고흥군,벼멸구,0
2016.06.01,곡성군,벼멸구,0
2016.06.01,광양시,벼멸구,0
2016.06.01,구례군,벼멸구,0
2016.06.01,나주시,벼멸구,0
2016.06.01,담양군,벼멸구,0
2016.06.01,무안군,벼멸구,0
2016.06.01,보성군,벼멸구,0
2016.06.01,순천시,벼멸구,0
2016.06.01,신안군,벼멸구,0
2016.06.01,여수시,벼멸구,0
2016.06.01,영광군,벼멸구,0
2016.06.01,영암군,벼멸구,0
2016.06.01,완도군,벼멸구,0
2016.06.01,장성군,벼멸구,0
2016.06.01,장흥군,벼멸구,0
2016.06.01,진도군,벼멸구,0
2016.06.01,함평군,벼멸구,0
2016.06.01,해남군,벼멸구,0
2016.06.01,화순군,벼멸구,0
2016.06.16,강진군,벼멸구,0
2016.06.16,고흥군,벼멸구,0
2016.06.16,곡성군,벼멸구,0
2016.06.16,광양시,벼멸구,0
2016.06.16,구례군,벼멸구,0
2016.06.16,나주시,벼멸구,0
2016.06.16,담양군,벼멸구,0
2016.06.16,무안군,벼멸구,0
2016.06.16,보성군,벼멸구,0
2016.06.16,순천시,벼멸구,0
2016.06.16,신안군,벼멸구,0
2016.06.16,여수시,벼멸구,0
2016.06.16,영광군,벼멸구,0
2016.06.16,영암군,벼멸구,0
2016.06.16,완도군,벼멸구,0
2016.06.16,장성군,벼멸구,0
2016.06.16,장흥군,벼멸구,0
2016.06.16,진도군,벼멸구,0
2016.06.16,함평군,벼멸구,0
2016.06.16,해남군,벼멸구,0
2016.06.16,화순군,벼멸구,0
2016.07.01,강진군,벼멸구,0
2016.07.01,고흥군,벼멸구,0
2016.07.01,곡성군,벼멸구,0
2016.07.01,광양시,벼멸구,0
2016.07.01,구례군,벼멸구,0
2016.07.01,나주시,벼멸구,0
2016.07.01,담양군,벼멸구,0
2016.07.01,무안군,벼멸구,0
2016.07.01,보성군,벼멸구,0
2016.07.01,순천시,벼멸구,0
2016.07.01,신안군,벼멸구,0
2016.07.01,여수시,벼멸구,0
2016.07.01,영광군,벼멸구,0
2016.07.01,영암군,벼멸구,0
2016.07.01,완도군,벼멸구,0
2016.07.01,장성군,벼멸구,0
2016.07.01,장흥군,벼멸구,0
2016.07.01,진도군,벼멸구,0
2016.07.01,함평군,벼멸구,0
2016.07.01,해남군,벼멸구,0
2016.07.01,화순군,벼멸구,0
2016.07.16,강진군,벼멸구,0
2016.07.16,고흥군,벼멸구,0
2016.07.16,곡성군,벼멸구,0
2016.07.16,광양시,벼멸구,0
2016.07.16,구례군,벼멸구,0
2016.07.16,나주시,벼멸구,0
2016.07.16,담양군,벼멸구,0
2016.07.16,무안군,벼멸구,0
2016.07.16,보성군,벼멸구,0
2016.07.16,순천시,벼멸구,0
2016.07.16,신안군,벼멸구,0
2016.07.16,여수시,벼멸구,0
2016.07.16,영광군,벼멸구,0
2016.07.16,영암군,벼멸구,0
2016.07.16,완도군,벼멸구,0
2016.07.16,장성군,벼멸구,0
2016.07.16,장흥군,벼멸구,0
2016.07.16,진도군,벼멸구,0
2016.07.16,함평군,벼멸구,0
2016.07.16,해남군,벼멸구,0
2016.07.16,화순군,벼멸구,0
2016.08.01,강진군,벼멸구,0
2016.08.01,고흥군,벼멸구,0
2016.08.01,곡성군,벼멸구,0
2016.08.01,광양시,벼멸구,0
2016.08.01,구례군,벼멸구,0
2016.08.01,나주시,벼멸구,0
2016.08.01,담양군,벼멸구,0
2016.08.01,무안군,벼멸구,0
2016.08.01,보성군,벼멸구,0
2016.08.01,순천시,벼멸구,0
2016.08.01,신안군,벼멸구,0
2016.08.01,여수시,벼멸구,0
2016.08.01,영광군,벼멸구,0
2016.08.01,영암군,벼멸구,0
2016.08.01,완도군,벼멸구,0
2016.08.01,장성군,벼멸구,0
2016.08.01,장흥군,벼멸구,1
2016.08.01,진도군,벼멸구,0
2016.08.01,함평군,벼멸구,0
2016.08.01,해남군,벼멸구,0
2016.08.01,화순군,벼멸구,0
2016.08.16,강진군,벼멸구,0
2016.08.16,고흥군,벼멸구,0
2016.08.16,곡성군,벼멸구,0
2016.08.16,광양시,벼멸구,0
2016.08.16,구례군,벼멸구,0
2016.08.16,나주시,벼멸구,0
2016.08.16,담양군,벼멸구,0
2016.08.16,무안군,벼멸구,0
2016.08.16,보성군,벼멸구,0
2016.08.16,순천시,벼멸구,0
2016.08.16,신안군,벼멸구,0
2016.08.16,여수시,벼멸구,0
2016.08.16,영광군,벼멸구,0
2016.08.16,영암군,벼멸구,0
2016.08.16,완도군,벼멸구,0
2016.08.16,장성군,벼멸구,0
2016.08.16,장흥군,벼멸구,0
2016.08.16,진도군,벼멸구,1
2016.08.16,함평군,벼멸구,0
2016.08.16,해남군,벼멸구,0
2016.08.16,화순군,벼멸구,0
2016.09.01,강진군,벼멸구,0
2016.09.01,고흥군,벼멸구,0
2016.09.01,곡성군,벼멸구,0
2016.09.01,광양시,벼멸구,0
2016.09.01,구례군,벼멸구,0
2016.09.01,나주시,벼멸구,0
2016.09.01,담양군,벼멸구,0
2016.09.01,무안군,벼멸구,0
2016.09.01,보성군,벼멸구,1
2016.09.01,순천시,벼멸구,1
2016.09.01,신안군,벼멸구,0
2016.09.01,여수시,벼멸구,0
2016.09.01,영광군,벼멸구,0
2016.09.01,영암군,벼멸구,0
2016.09.01,완도군,벼멸구,0
2016.09.01,장성군,벼멸구,0
2016.09.01,장흥군,벼멸구,0
2016.09.01,진도군,벼멸구,1
2016.09.01,함평군,벼멸구,0
2016.09.01,해남군,벼멸구,0
2016.09.01,화순군,벼멸구,0
2016.09.16,강진군,벼멸구,0
2016.09.16,고흥군,벼멸구,0
2016.09.16,곡성군,벼멸구,0
2016.09.16,광양시,벼멸구,0
2016.09.16,구례군,벼멸구,0
2016.09.16,나주시,벼멸구,0
2016.09.16,담양군,벼멸구,0
2016.09.16,무안군,벼멸구,0
2016.09.16,보성군,벼멸구,0
2016.09.16,순천시,벼멸구,0
2016.09.16,신안군,벼멸구,0
2016.09.16,여수시,벼멸구,0
2016.09.16,영광군,벼멸구,0
2016.09.16,영암군,벼멸구,0
2016.09.16,완도군,벼멸구,0
2016.09.16,장성군,벼멸구,0
2016.09.16,장흥군,벼멸구,0
2016.09.16,진도군,벼멸구,1
2016.09.16,함평군,벼멸구,0
2016.09.16,해남군,벼멸구,0
2016.09.16,화순군,벼멸구,0
2017.06.01,강진군,벼멸구,0
2017.06.01,고흥군,벼멸구,0
2017.06.01,곡성군,벼멸구,0
2017.06.01,광양시,벼멸구,0
2017.06.01,구례군,벼멸구,0
2017.06.01,나주시,벼멸구,0
2017.06.01,담양군,벼멸구,0
2017.06.01,무안군,벼멸구,0
2017.06.01,보성군,벼멸구,0
2017.06.01,순천시,벼멸구,0
2017.06.01,신안군,벼멸구,0
2017.06.01,여수시,벼멸구,0
2017.06.01,영광군,벼멸구,0
2017.06.01,영암군,벼멸구,0
2017.06.01,완도군,벼멸구,0
2017.06.01,장성군,벼멸구,0
2017.06.01,장흥군,벼멸구,0
2017.06.01,진도군,벼멸구,0
2017.06.01,함평군,벼멸구,0
2017.06.01,해남군,벼멸구,0
2017.06.01,화순군,벼멸구,0
2017.06.16,강진군,벼멸구,0
2017.06.16,고흥군,벼멸구,0
2017.06.16,곡성군,벼멸구,0
2017.06.16,광양시,벼멸구,0
2017.06.16,구례군,벼멸구,0
2017.06.16,나주시,벼멸구,0
2017.06.16,담양군,벼멸구,0
2017.06.16,무안군,벼멸구,0
2017.06.16,보성군,벼멸구,0
2017.06.16,순천시,벼멸구,0
2017.06.16,신안군,벼멸구,0
2017.06.16,여수시,벼멸구,0
2017.06.16,영광군,벼멸구,0
2017.06.16,영암군,벼멸구,0
2017.06.16,완도군,벼멸구,0
2017.06.16,장성군,벼멸구,0
2017.06.16,장흥군,벼멸구,0
2017.06.16,진도군,벼멸구,0
2017.06.16,함평군,벼멸구,0
2017.06.16,해남군,벼멸구,0
2017.06.16,화순군,벼멸구,0
2017.07.01,강진군,벼멸구,0
2017.07.01,고흥군,벼멸구,0
2017.07.01,곡성군,벼멸구,0
2017.07.01,광양시,벼멸구,0
2017.07.01,구례군,벼멸구,0
2017.07.01,나주시,벼멸구,0
2017.07.01,담양군,벼멸구,0
2017.07.01,무안군,벼멸구,0
2017.07.01,보성군,벼멸구,0
2017.07.01,순천시,벼멸구,0
2017.07.01,신안군,벼멸구,0
2017.07.01,여수시,벼멸구,0
2017.07.01,영광군,벼멸구,0
2017.07.01,영암군,벼멸구,0
2017.07.01,완도군,벼멸구,0
2017.07.01,장성군,벼멸구,0
2017.07.01,장흥군,벼멸구,0
2017.07.01,진도군,벼멸구,0
2017.07.01,함평군,벼멸구,0
2017.07.01,해남군,벼멸구,0
2017.07.01,화순군,벼멸구,0
2017.07.16,강진군,벼멸구,0
2017.07.16,고흥군,벼멸구,0
2017.07.16,곡성군,벼멸구,0
2017.07.16,광양시,벼멸구,0
2017.07.16,구례군,벼멸구,0
2017.07.16,나주시,벼멸구,0
2017.07.16,담양군,벼멸구,0
2017.07.16,무안군,벼멸구,0
2017.07.16,보성군,벼멸구,0
2017.07.16,순천시,벼멸구,0
2017.07.16,신안군,벼멸구,0
2017.07.16,여수시,벼멸구,0
2017.07.16,영광군,벼멸구,0
2017.07.16,영암군,벼멸구,0
2017.07.16,완도군,벼멸구,0
2017.07.16,장성군,벼멸구,0
2017.07.16,장흥군,벼멸구,0
2017.07.16,진도군,벼멸구,0
2017.07.16,함평군,벼멸구,0
2017.07.16,해남군,벼멸구,0
2017.07.16,화순군,벼멸구,0
2017.08.01,강진군,벼멸구,0
2017.08.01,고흥군,벼멸구,0
2017.08.01,곡성군,벼멸구,0
2017.08.01,광양시,벼멸구,0
2017.08.01,구례군,벼멸구,0
2017.08.01,나주시,벼멸구,0
2017.08.01,담양군,벼멸구,0
2017.08.01,무안군,벼멸구,0
2017.08.01,보성군,벼멸구,0
2017.08.01,순천시,벼멸구,0
2017.08.01,신안군,벼멸구,0
2017.08.01,여수시,벼멸구,0
2017.08.01,영광군,벼멸구,0
2017.08.01,영암군,벼멸구,0
2017.08.01,완도군,벼멸구,0
2017.08.01,장성군,벼멸구,0
2017.08.01,장흥군,벼멸구,1
2017.08.01,진도군,벼멸구,0
2017.08.01,함평군,벼멸구,0
2017.08.01,해남군,벼멸구,0
2017.08.01,화순군,벼멸구,0
2017.08.16,강진군,벼멸구,0
2017.08.16,고흥군,벼멸구,1
2017.08.16,곡성군,벼멸구,0
2017.08.16,광양시,벼멸구,0
2017.08.16,구례군,벼멸구,1
2017.08.16,나주시,벼멸구,0
2017.08.16,담양군,벼멸구,0
2017.08.16,무안군,벼멸구,0
2017.08.16,보성군,벼멸구,0
2017.08.16,순천시,벼멸구,0
2017.08.16,신안군,벼멸구,0
2017.08.16,여수시,벼멸구,0
2017.08.16,영광군,벼멸구,0
2017.08.16,영암군,벼멸구,0
2017.08.16,완도군,벼멸구,0
2017.08.16,장성군,벼멸구,0
2017.08.16,장흥군,벼멸구,1
2017.08.16,진도군,벼멸구,0
2017.08.16,함평군,벼멸구,0
2017.08.16,해남군,벼멸구,0
2017.08.16,화순군,벼멸구,0
2017.09.01,강진군,벼멸구,1
2017.09.01,고흥군,벼멸구,0
2017.09.01,곡성군,벼멸구,0
2017.09.01,광양시,벼멸구,0
2017.09.01,구례군,벼멸구,1
2017.09.01,나주시,벼멸구,0
2017.09.01,담양군,벼멸구,1
2017.09.01,무안군,벼멸구,0
2017.09.01,보성군,벼멸구,1
2017.09.01,순천시,벼멸구,1
2017.09.01,신안군,벼멸구,1
2017.09.01,여수시,벼멸구,0
2017.09.01,영광군,벼멸구,0
2017.09.01,영암군,벼멸구,0
2017.09.01,완도군,벼멸구,0
2017.09.01,장성군,벼멸구,0
2017.09.01,장흥군,벼멸구,1
2017.09.01,진도군,벼멸구,1
2017.09.01,함평군,벼멸구,1
2017.09.01,해남군,벼멸구,0
2017.09.01,화순군,벼멸구,1
2017.09.16,강진군,벼멸구,1
2017.09.16,고흥군,벼멸구,0
2017.09.16,곡성군,벼멸구,0
2017.09.16,광양시,벼멸구,0
2017.09.16,구례군,벼멸구,1
2017.09.16,나주시,벼멸구,0
2017.09.16,담양군,벼멸구,0
2017.09.16,무안군,벼멸구,1
2017.09.16,보성군,벼멸구,1
2017.09.16,순천시,벼멸구,1
2017.09.16,신안군,벼멸구,0
2017.09.16,여수시,벼멸구,0
2017.09.16,영광군,벼멸구,1
2017.09.16,영암군,벼멸구,0
2017.09.16,완도군,벼멸구,0
2017.09.16,장성군,벼멸구,0
2017.09.16,장흥군,벼멸구,1
2017.09.16,진도군,벼멸구,1
2017.09.16,함평군,벼멸구,1
2017.09.16,해남군,벼멸구,1
2017.09.16,화순군,벼멸구,1
2018.06.01,강진군,벼멸구,0
2018.06.01,고흥군,벼멸구,0
2018.06.01,곡성군,벼멸구,0
2018.06.01,광양시,벼멸구,0
2018.06.01,구례군,벼멸구,0
2018.06.01,나주시,벼멸구,0
2018.06.01,담양군,벼멸구,0
2018.06.01,무안군,벼멸구,0
2018.06.01,보성군,벼멸구,0
2018.06.01,순천시,벼멸구,0
2018.06.01,신안군,벼멸구,0
2018.06.01,여수시,벼멸구,0
2018.06.01,영광군,벼멸구,0
2018.06.01,영암군,벼멸구,0
2018.06.01,완도군,벼멸구,0
2018.06.01,장성군,벼멸구,0
2018.06.01,장흥군,벼멸구,0
2018.06.01,진도군,벼멸구,0
2018.06.01,함평군,벼멸구,0
2018.06.01,해남군,벼멸구,0
2018.06.01,화순군,벼멸구,0
2018.06.16,강진군,벼멸구,0
2018.06.16,고흥군,벼멸구,0
2018.06.16,곡성군,벼멸구,0
2018.06.16,광양시,벼멸구,0
2018.06.16,구례군,벼멸구,0
2018.06.16,나주시,벼멸구,0
2018.06.16,담양군,벼멸구,0
2018.06.16,무안군,벼멸구,0
2018.06.16,보성군,벼멸구,0
2018.06.16,순천시,벼멸구,0
2018.06.16,신안군,벼멸구,0
2018.06.16,여수시,벼멸구,0
2018.06.16,영광군,벼멸구,0
2018.06.16,영암군,벼멸구,0
2018.06.16,완도군,벼멸구,0
2018.06.16,장성군,벼멸구,0
2018.06.16,장흥군,벼멸구,0
2018.06.16,진도군,벼멸구,0
2018.06.16,함평군,벼멸구,0
2018.06.16,해남군,벼멸구,0
2018.06.16,화순군,벼멸구,0
2018.07.01,강진군,벼멸구,0
2018.07.01,고흥군,벼멸구,0
2018.07.01,광양시,벼멸구,0
2018.07.01,나주시,벼멸구,0
2018.07.01,순천시,벼멸구,0
2018.07.01,신안군,벼멸구,0
2018.07.01,여수시,벼멸구,0
2018.07.01,영광군,벼멸구,0
2018.07.01,영암군,벼멸구,0
2018.07.01,완도군,벼멸구,0
2018.07.01,진도군,벼멸구,0
2018.07.01,해남군,벼멸구,0
2018.07.01,화순군,벼멸구,0
2018.07.16,강진군,벼멸구,0
2018.07.16,고흥군,벼멸구,0
2018.07.16,곡성군,벼멸구,0
2018.07.16,광양시,벼멸구,0
2018.07.16,구례군,벼멸구,0
2018.07.16,나주시,벼멸구,0
2018.07.16,담양군,벼멸구,0
2018.07.16,무안군,벼멸구,0
2018.07.16,보성군,벼멸구,0
2018.07.16,순천시,벼멸구,0
2018.07.16,신안군,벼멸구,0
2018.07.16,여수시,벼멸구,0
2018.07.16,영광군,벼멸구,0
2018.07.16,영암군,벼멸구,0
2018.07.16,완도군,벼멸구,0
2018.07.16,장성군,벼멸구,0
2018.07.16,장흥군,벼멸구,0
2018.07.16,진도군,벼멸구,0
2018.07.16,함평군,벼멸구,0
2018.07.16,해남군,벼멸구,0
2018.07.16,화순군,벼멸구,0
2018.08.01,강진군,벼멸구,0
2018.08.01,고흥군,벼멸구,0
2018.08.01,곡성군,벼멸구,0
2018.08.01,광양시,벼멸구,0
2018.08.01,구례군,벼멸구,1
2018.08.01,나주시,벼멸구,0
2018.08.01,담양군,벼멸구,0
2018.08.01,무안군,벼멸구,0
2018.08.01,보성군,벼멸구,0
2018.08.01,순천시,벼멸구,0
2018.08.01,신안군,벼멸구,0
2018.08.01,여수시,벼멸구,0
2018.08.01,영광군,벼멸구,0
2018.08.01,영암군,벼멸구,0
2018.08.01,완도군,벼멸구,0
2018.08.01,장성군,벼멸구,0
2018.08.01,장흥군,벼멸구,0
2018.08.01,진도군,벼멸구,0
2018.08.01,함평군,벼멸구,0
2018.08.01,해남군,벼멸구,0
2018.08.01,화순군,벼멸구,0
2018.08.16,강진군,벼멸구,0
2018.08.16,고흥군,벼멸구,0
2018.08.16,곡성군,벼멸구,0
2018.08.16,광양시,벼멸구,0
2018.08.16,구례군,벼멸구,1
2018.08.16,나주시,벼멸구,0
2018.08.16,담양군,벼멸구,0
2018.08.16,무안군,벼멸구,0
2018.08.16,보성군,벼멸구,0
2018.08.16,순천시,벼멸구,0
2018.08.16,신안군,벼멸구,0
2018.08.16,여수시,벼멸구,0
2018.08.16,영광군,벼멸구,0
2018.08.16,영암군,벼멸구,0
2018.08.16,완도군,벼멸구,0
2018.08.16,장성군,벼멸구,0
2018.08.16,장흥군,벼멸구,0
2018.08.16,진도군,벼멸구,1
2018.08.16,함평군,벼멸구,0
2018.08.16,해남군,벼멸구,1
2018.08.16,화순군,벼멸구,0
2018.09.01,강진군,벼멸구,0
2018.09.01,고흥군,벼멸구,0
2018.09.01,곡성군,벼멸구,0
2018.09.01,광양시,벼멸구,0
2018.09.01,구례군,벼멸구,1
2018.09.01,나주시,벼멸구,0
2018.09.01,담양군,벼멸구,0
2018.09.01,무안군,벼멸구,0
2018.09.01,보성군,벼멸구,0
2018.09.01,순천시,벼멸구,0
2018.09.01,신안군,벼멸구,0
2018.09.01,여수시,벼멸구,0
2018.09.01,영광군,벼멸구,0
2018.09.01,영암군,벼멸구,0
2018.09.01,완도군,벼멸구,0
2018.09.01,장성군,벼멸구,1
2018.09.01,장흥군,벼멸구,0
2018.09.01,진도군,벼멸구,0
2018.09.01,함평군,벼멸구,0
2018.09.01,해남군,벼멸구,1
2018.09.01,화순군,벼멸구,1
2018.09.16,강진군,벼멸구,0
2018.09.16,고흥군,벼멸구,0
2018.09.16,곡성군,벼멸구,0
2018.09.16,광양시,벼멸구,0
2018.09.16,구례군,벼멸구,1
2018.09.16,나주시,벼멸구,0
2018.09.16,담양군,벼멸구,0
2018.09.16,무안군,벼멸구,0
2018.09.16,보성군,벼멸구,0
2018.09.16,순천시,벼멸구,0
2018.09.16,신안군,벼멸구,0
2018.09.16,여수시,벼멸구,0
2018.09.16,영광군,벼멸구,0
2018.09.16,영암군,벼멸구,0
2018.09.16,완도군,벼멸구,0
2018.09.16,장성군,벼멸구,1
2018.09.16,장흥군,벼멸구,0
2018.09.16,진도군,벼멸구,0
2018.09.16,함평군,벼멸구,0
2018.09.16,해남군,벼멸구,1
2018.09.16,화순군,벼멸구,1
2019.06.01,강진군,벼멸구,0
2019.06.01,고흥군,벼멸구,0
2019.06.01,곡성군,벼멸구,0
2019.06.01,광양시,벼멸구,0
2019.06.01,구례군,벼멸구,0
2019.06.01,나주시,벼멸구,0
2019.06.01,담양군,벼멸구,0
2019.06.01,무안군,벼멸구,0
2019.06.01,보성군,벼멸구,0
2019.06.01,순천시,벼멸구,0
2019.06.01,신안군,벼멸구,0
2019.06.01,여수시,벼멸구,0
2019.06.01,영광군,벼멸구,0
2019.06.01,영암군,벼멸구,0
2019.06.01,완도군,벼멸구,0
2019.06.01,장성군,벼멸구,0
2019.06.01,장흥군,벼멸구,0
2019.06.01,진도군,벼멸구,0
2019.06.01,함평군,벼멸구,0
2019.06.01,해남군,벼멸구,0
2019.06.01,화순군,벼멸구,0
2019.06.16,강진군,벼멸구,0
2019.06.16,고흥군,벼멸구,0
2019.06.16,곡성군,벼멸구,0
2019.06.16,광양시,벼멸구,0
2019.06.16,구례군,벼멸구,0
2019.06.16,나주시,벼멸구,0
2019.06.16,담양군,벼멸구,0
2019.06.16,무안군,벼멸구,0
2019.06.16,보성군,벼멸구,0
2019.06.16,순천시,벼멸구,0
2019.06.16,신안군,벼멸구,0
2019.06.16,여수시,벼멸구,0
2019.06.16,영광군,벼멸구,0
2019.06.16,영암군,벼멸구,0
2019.06.16,완도군,벼멸구,0
2019.06.16,장성군,벼멸구,0
2019.06.16,장흥군,벼멸구,0
2019.06.16,진도군,벼멸구,0
2019.06.16,함평군,벼멸구,0
2019.06.16,해남군,벼멸구,0
2019.06.16,화순군,벼멸구,0
2019.07.01,강진군,벼멸구,0
2019.07.01,고흥군,벼멸구,0
2019.07.01,곡성군,벼멸구,0
2019.07.01,광양시,벼멸구,0
2019.07.01,구례군,벼멸구,0
2019.07.01,나주시,벼멸구,0
2019.07.01,담양군,벼멸구,0
2019.07.01,무안군,벼멸구,0
2019.07.01,보성군,벼멸구,0
2019.07.01,순천시,벼멸구,0
2019.07.01,신안군,벼멸구,0
2019.07.01,여수시,벼멸구,0
2019.07.01,영광군,벼멸구,0
2019.07.01,영암군,벼멸구,0
2019.07.01,완도군,벼멸구,0
2019.07.01,장성군,벼멸구,0
2019.07.01,장흥군,벼멸구,0
2019.07.01,진도군,벼멸구,0
2019.07.01,함평군,벼멸구,0
2019.07.01,해남군,벼멸구,0
2019.07.01,화순군,벼멸구,0
2019.07.16,강진군,벼멸구,0
2019.07.16,고흥군,벼멸구,0
2019.07.16,곡성군,벼멸구,0
2019.07.16,광양시,벼멸구,0
2019.07.16,구례군,벼멸구,0
2019.07.16,나주시,벼멸구,0
2019.07.16,담양군,벼멸구,0
2019.07.16,무안군,벼멸구,0
2019.07.16,보성군,벼멸구,0
2019.07.16,순천시,벼멸구,0
2019.07.16,신안군,벼멸구,0
2019.07.16,여수시,벼멸구,0
2019.07.16,영광군,벼멸구,0
2019.07.16,영암군,벼멸구,0
2019.07.16,완도군,벼멸구,0
2019.07.16,장성군,벼멸구,0
2019.07.16,장흥군,벼멸구,0
2019.07.16,진도군,벼멸구,0
2019.07.16,함평군,벼멸구,0
2019.07.16,해남군,벼멸구,0
2019.07.16,화순군,벼멸구,0
2019.08.01,강진군,벼멸구,0
2019.08.01,고흥군,벼멸구,0
2019.08.01,곡성군,벼멸구,0
2019.08.01,광양시,벼멸구,0
2019.08.01,구례군,벼멸구,0
2019.08.01,나주시,벼멸구,0
2019.08.01,담양군,벼멸구,0
2019.08.01,무안군,벼멸구,0
2019.08.01,보성군,벼멸구,0
2019.08.01,순천시,벼멸구,1
2019.08.01,신안군,벼멸구,0
2019.08.01,여수시,벼멸구,0
2019.08.01,영광군,벼멸구,0
2019.08.01,영암군,벼멸구,1
2019.08.01,완도군,벼멸구,1
2019.08.01,장성군,벼멸구,0
2019.08.01,장흥군,벼멸구,0
2019.08.01,진도군,벼멸구,0
2019.08.01,함평군,벼멸구,0
2019.08.01,해남군,벼멸구,0
2019.08.01,화순군,벼멸구,0
2019.08.16,강진군,벼멸구,0
2019.08.16,고흥군,벼멸구,0
2019.08.16,광양시,벼멸구,0
2019.08.16,구례군,벼멸구,0
2019.08.16,무안군,벼멸구,0
2019.08.16,보성군,벼멸구,0
2019.08.16,순천시,벼멸구,1
2019.08.16,신안군,벼멸구,0
2019.08.16,여수시,벼멸구,0
2019.08.16,영광군,벼멸구,0
2019.08.16,완도군,벼멸구,1
2019.08.16,장흥군,벼멸구,0
2019.08.16,진도군,벼멸구,1
2019.08.16,함평군,벼멸구,0
2019.08.16,해남군,벼멸구,0
2019.08.16,화순군,벼멸구,0
2019.09.01,강진군,벼멸구,0
2019.09.01,고흥군,벼멸구,0
2019.09.01,곡성군,벼멸구,0
2019.09.01,광양시,벼멸구,0
2019.09.01,구례군,벼멸구,0
2019.09.01,나주시,벼멸구,0
2019.09.01,담양군,벼멸구,0
2019.09.01,무안군,벼멸구,0
2019.09.01,보성군,벼멸구,0
2019.09.01,순천시,벼멸구,1
2019.09.01,신안군,벼멸구,0
2019.09.01,여수시,벼멸구,0
2019.09.01,영광군,벼멸구,0
2019.09.01,영암군,벼멸구,0
2019.09.01,완도군,벼멸구,1
2019.09.01,장성군,벼멸구,0
2019.09.01,장흥군,벼멸구,0
2019.09.01,진도군,벼멸구,1
2019.09.01,함평군,벼멸구,0
2019.09.01,해남군,벼멸구,0
2019.09.01,화순군,벼멸구,0
2019.09.16,강진군,벼멸구,1
2019.09.16,고흥군,벼멸구,0
2019.09.16,곡성군,벼멸구,0
2019.09.16,광양시,벼멸구,0
2019.09.16,구례군,벼멸구,0
2019.09.16,나주시,벼멸구,0
2019.09.16,담양군,벼멸구,0
2019.09.16,무안군,벼멸구,0
2019.09.16,보성군,벼멸구,0
2019.09.16,순천시,벼멸구,1
2019.09.16,여수시,벼멸구,0
2019.09.16,영광군,벼멸구,0
2019.09.16,영암군,벼멸구,1
2019.09.16,완도군,벼멸구,1
2019.09.16,장성군,벼멸구,0
2019.09.16,장흥군,벼멸구,0
2019.09.16,진도군,벼멸구,1
2019.09.16,함평군,벼멸구,0
2019.09.16,해남군,벼멸구,0
2019.09.16,화순군,벼멸구,0
2020.06.01,강진군,벼멸구,0
2020.06.01,고흥군,벼멸구,0
2020.06.01,광양시,벼멸구,0
2020.06.01,구례군,벼멸구,0
2020.06.01,나주시,벼멸구,0
2020.06.01,담양군,벼멸구,0
2020.06.01,무안군,벼멸구,0
2020.06.01,보성군,벼멸구,0
2020.06.01,순천시,벼멸구,0
2020.06.01,신안군,벼멸구,0
2020.06.01,여수시,벼멸구,0
2020.06.01,영광군,벼멸구,0
2020.06.01,영암군,벼멸구,0
2020.06.01,완도군,벼멸구,0
2020.06.01,장성군,벼멸구,0
2020.06.01,장흥군,벼멸구,0
2020.06.01,진도군,벼멸구,0
2020.06.01,함평군,벼멸구,0
2020.06.01,해남군,벼멸구,0
2020.06.01,화순군,벼멸구,0
2020.06.16,강진군,벼멸구,0
2020.06.16,고흥군,벼멸구,0
2020.06.16,곡성군,벼멸구,0
2020.06.16,광양시,벼멸구,0
2020.06.16,구례군,벼멸구,0
2020.06.16,나주시,벼멸구,0
2020.06.16,담양군,벼멸구,0
2020.06.16,무안군,벼멸구,0
2020.06.16,보성군,벼멸구,0
2020.06.16,순천시,벼멸구,0
2020.06.16,신안군,벼멸구,0
2020.06.16,여수시,벼멸구,0
2020.06.16,영광군,벼멸구,0
2020.06.16,영암군,벼멸구,0
2020.06.16,완도군,벼멸구,0
2020.06.16,장성군,벼멸구,0
2020.06.16,장흥군,벼멸구,0
2020.06.16,진도군,벼멸구,0
2020.06.16,함평군,벼멸구,0
2020.06.16,해남군,벼멸구,0
2020.06.16,화순군,벼멸구,0
2020.07.01,강진군,벼멸구,0
2020.07.01,고흥군,벼멸구,0
2020.07.01,곡성군,벼멸구,0
2020.07.01,광양시,벼멸구,0
2020.07.01,구례군,벼멸구,0
2020.07.01,담양군,벼멸구,0
2020.07.01,무안군,벼멸구,0
2020.07.01,보성군,벼멸구,0
2020.07.01,순천시,벼멸구,0
2020.07.01,신안군,벼멸구,0
2020.07.01,여수시,벼멸구,0
2020.07.01,영광군,벼멸구,0
2020.07.01,영암군,벼멸구,0
2020.07.01,완도군,벼멸구,0
2020.07.01,장성군,벼멸구,0
2020.07.01,장흥군,벼멸구,0
2020.07.01,진도군,벼멸구,0
2020.07.01,함평군,벼멸구,0
2020.07.01,해남군,벼멸구,0
2020.07.01,화순군,벼멸구,0
2020.07.16,강진군,벼멸구,0
2020.07.16,고흥군,벼멸구,0
2020.07.16,곡성군,벼멸구,0
2020.07.16,광양시,벼멸구,0
2020.07.16,구례군,벼멸구,0
2020.07.16,나주시,벼멸구,0
2020.07.16,담양군,벼멸구,0
2020.07.16,무안군,벼멸구,0
2020.07.16,보성군,벼멸구,0
2020.07.16,순천시,벼멸구,0
2020.07.16,신안군,벼멸구,0
2020.07.16,여수시,벼멸구,0
2020.07.16,영광군,벼멸구,0
2020.07.16,영암군,벼멸구,0
2020.07.16,완도군,벼멸구,1
2020.07.16,장성군,벼멸구,0
2020.07.16,장흥군,벼멸구,0
2020.07.16,진도군,벼멸구,0
2020.07.16,함평군,벼멸구,0
2020.07.16,해남군,벼멸구,0
2020.07.16,화순군,벼멸구,0
2020.08.01,강진군,벼멸구,0
2020.08.01,고흥군,벼멸구,1
2020.08.01,곡성군,벼멸구,0
2020.08.01,광양시,벼멸구,0
2020.08.01,구례군,벼멸구,0
2020.08.01,나주시,벼멸구,0
2020.08.01,담양군,벼멸구,0
2020.08.01,무안군,벼멸구,0
2020.08.01,보성군,벼멸구,0
2020.08.01,순천시,벼멸구,0
2020.08.01,신안군,벼멸구,0
2020.08.01,여수시,벼멸구,0
2020.08.01,영광군,벼멸구,0
2020.08.01,영암군,벼멸구,0
2020.08.01,완도군,벼멸구,1
2020.08.01,장성군,벼멸구,0
2020.08.01,장흥군,벼멸구,0
2020.08.01,진도군,벼멸구,1
2020.08.01,함평군,벼멸구,0
2020.08.01,해남군,벼멸구,0
2020.08.01,화순군,벼멸구,0
2020.08.16,강진군,벼멸구,0
2020.08.16,고흥군,벼멸구,1
2020.08.16,곡성군,벼멸구,0
2020.08.16,광양시,벼멸구,0
2020.08.16,구례군,벼멸구,0
2020.08.16,나주시,벼멸구,0
2020.08.16,담양군,벼멸구,0
2020.08.16,무안군,벼멸구,0
2020.08.16,보성군,벼멸구,0
2020.08.16,순천시,벼멸구,0
2020.08.16,신안군,벼멸구,0
2020.08.16,여수시,벼멸구,0
2020.08.16,영광군,벼멸구,0
2020.08.16,영암군,벼멸구,1
2020.08.16,완도군,벼멸구,1
2020.08.16,장성군,벼멸구,0
2020.08.16,장흥군,벼멸구,1
2020.08.16,진도군,벼멸구,1
2020.08.16,함평군,벼멸구,0
2020.08.16,해남군,벼멸구,0
2020.08.16,화순군,벼멸구,0
2020.09.01,강진군,벼멸구,1
2020.09.01,고흥군,벼멸구,1
2020.09.01,곡성군,벼멸구,1
2020.09.01,광양시,벼멸구,0
2020.09.01,구례군,벼멸구,0
2020.09.01,나주시,벼멸구,1
2020.09.01,담양군,벼멸구,0
2020.09.01,무안군,벼멸구,0
2020.09.01,보성군,벼멸구,1
2020.09.01,순천시,벼멸구,1
2020.09.01,신안군,벼멸구,0
2020.09.01,여수시,벼멸구,1
2020.09.01,영광군,벼멸구,0
2020.09.01,영암군,벼멸구,1
2020.09.01,완도군,벼멸구,1
2020.09.01,장성군,벼멸구,0
2020.09.01,장흥군,벼멸구,1
2020.09.01,진도군,벼멸구,1
2020.09.01,함평군,벼멸구,0
2020.09.01,해남군,벼멸구,1
2020.09.01,화순군,벼멸구,0
2020.09.16,강진군,벼멸구,1
2020.09.16,고흥군,벼멸구,1
2020.09.16,곡성군,벼멸구,1
2020.09.16,광양시,벼멸구,1
2020.09.16,구례군,벼멸구,1
2020.09.16,나주시,벼멸구,1
2020.09.16,담양군,벼멸구,1
2020.09.16,무안군,벼멸구,1
2020.09.16,보성군,벼멸구,1
2020.09.16,순천시,벼멸구,1
2020.09.16,신안군,벼멸구,1
2020.09.16,여수시,벼멸구,1
2020.09.16,영광군,벼멸구,1
2020.09.16,영암군,벼멸구,1
2020.09.16,완도군,벼멸구,1
2020.09.16,장성군,벼멸구,0
2020.09.16,장흥군,벼멸구,1
2020.09.16,진도군,벼멸구,1
2020.09.16,함평군,벼멸구,1
2020.09.16,해남군,벼멸구,1
2020.09.16,화순군,벼멸구,1
2021.06.01,강진군,벼멸구,0
2021.06.01,고흥군,벼멸구,0
2021.06.01,곡성군,벼멸구,0
2021.06.01,광양시,벼멸구,0
2021.06.01,구례군,벼멸구,0
2021.06.01,나주시,벼멸구,0
2021.06.01,담양군,벼멸구,0
2021.06.01,무안군,벼멸구,0
2021.06.01,보성군,벼멸구,0
2021.06.01,순천시,벼멸구,0
2021.06.01,신안군,벼멸구,0
2021.06.01,여수시,벼멸구,0
2021.06.01,영암군,벼멸구,0
2021.06.01,완도군,벼멸구,0
2021.06.01,장성군,벼멸구,0
2021.06.01,장흥군,벼멸구,0
2021.06.01,진도군,벼멸구,0
2021.06.01,함평군,벼멸구,0
2021.06.01,해남군,벼멸구,0
2021.06.01,화순군,벼멸구,0
2021.06.16,강진군,벼멸구,0
2021.06.16,고흥군,벼멸구,0
2021.06.16,곡성군,벼멸구,0
2021.06.16,광양시,벼멸구,0
2021.06.16,구례군,벼멸구,0
2021.06.16,나주시,벼멸구,0
2021.06.16,담양군,벼멸구,0
2021.06.16,무안군,벼멸구,0
2021.06.16,보성군,벼멸구,0
2021.06.16,순천시,벼멸구,0
2021.06.16,신안군,벼멸구,0
2021.06.16,여수시,벼멸구,0
2021.06.16,영광군,벼멸구,0
2021.06.16,영암군,벼멸구,0
2021.06.16,완도군,벼멸구,0
2021.06.16,장성군,벼멸구,0
2021.06.16,장흥군,벼멸구,0
2021.06.16,진도군,벼멸구,0
2021.06.16,함평군,벼멸구,0
2021.06.16,해남군,벼멸구,0
2021.06.16,화순군,벼멸구,0
2021.07.01,강진군,벼멸구,0
2021.07.01,고흥군,벼멸구,0
2021.07.01,곡성군,벼멸구,0
2021.07.01,광양시,벼멸구,0
2021.07.01,구례군,벼멸구,0
2021.07.01,나주시,벼멸구,0
2021.07.01,담양군,벼멸구,0
2021.07.01,무안군,벼멸구,0
2021.07.01,보성군,벼멸구,0
2021.07.01,순천시,벼멸구,0
2021.07.01,신안군,벼멸구,0
2021.07.01,여수시,벼멸구,0
2021.07.01,영광군,벼멸구,0
2021.07.01,영암군,벼멸구,0
2021.07.01,완도군,벼멸구,0
2021.07.01,장성군,벼멸구,0
2021.07.01,장흥군,벼멸구,0
2021.07.01,진도군,벼멸구,0
2021.07.01,함평군,벼멸구,0
2021.07.01,해남군,벼멸구,0
2021.07.01,화순군,벼멸구,0
2021.07.16,강진군,벼멸구,0
2021.07.16,고흥군,벼멸구,0
2021.07.16,곡성군,벼멸구,0
2021.07.16,광양시,벼멸구,0
2021.07.16,구례군,벼멸구,0
2021.07.16,나주시,벼멸구,0
2021.07.16,담양군,벼멸구,0
2021.07.16,무안군,벼멸구,0
2021.07.16,보성군,벼멸구,0
2021.07.16,순천시,벼멸구,0
2021.07.16,신안군,벼멸구,0
2021.07.16,여수시,벼멸구,0
2021.07.16,영광군,벼멸구,0
2021.07.16,영암군,벼멸구,0
2021.07.16,완도군,벼멸구,0
2021.07.16,장성군,벼멸구,0
2021.07.16,장흥군,벼멸구,0
2021.07.16,진도군,벼멸구,0
2021.07.16,함평군,벼멸구,0
2021.07.16,해남군,벼멸구,0
2021.07.16,화순군,벼멸구,1
2021.08.01,강진군,벼멸구,0
2021.08.01,고흥군,벼멸구,1
2021.08.01,곡성군,벼멸구,0
2021.08.01,광양시,벼멸구,0
2021.08.01,구례군,벼멸구,0
2021.08.01,보성군,벼멸구,0
2021.08.01,여수시,벼멸구,0
2021.08.01,영암군,벼멸구,0
2021.08.01,완도군,벼멸구,0
2021.08.01,장성군,벼멸구,0
2021.08.01,진도군,벼멸구,0
2021.08.01,함평군,벼멸구,0
2021.08.01,해남군,벼멸구,0
2021.08.01,화순군,벼멸구,0
2021.08.16,강진군,벼멸구,0
2021.08.16,고흥군,벼멸구,0
2021.08.16,곡성군,벼멸구,0
2021.08.16,광양시,벼멸구,1
2021.08.16,구례군,벼멸구,0
2021.08.16,나주시,벼멸구,0
2021.08.16,담양군,벼멸구,0
2021.08.16,무안군,벼멸구,0
2021.08.16,보성군,벼멸구,0
2021.08.16,순천시,벼멸구,0
2021.08.16,신안군,벼멸구,0
2021.08.16,여수시,벼멸구,0
2021.08.16,영광군,벼멸구,0
2021.08.16,영암군,벼멸구,0
2021.08.16,완도군,벼멸구,1
2021.08.16,장성군,벼멸구,0
2021.08.16,장흥군,벼멸구,0
2021.08.16,진도군,벼멸구,0
2021.08.16,함평군,벼멸구,0
2021.08.16,해남군,벼멸구,0
2021.08.16,화순군,벼멸구,1
2021.09.01,강진군,벼멸구,0
2021.09.01,고흥군,벼멸구,0
2021.09.01,곡성군,벼멸구,0
2021.09.01,광양시,벼멸구,1
2021.09.01,구례군,벼멸구,0
2021.09.01,담양군,벼멸구,1
2021.09.01,무안군,벼멸구,0
2021.09.01,보성군,벼멸구,1
2021.09.01,순천시,벼멸구,0
2021.09.01,신안군,벼멸구,0
2021.09.01,여수시,벼멸구,0
2021.09.01,영암군,벼멸구,0
2021.09.01,완도군,벼멸구,1
2021.09.01,장성군,벼멸구,0
2021.09.01,장흥군,벼멸구,0
2021.09.01,진도군,벼멸구,1
2021.09.01,함평군,벼멸구,0
2021.09.01,해남군,벼멸구,0
2021.09.01,화순군,벼멸구,0
2021.09.16,강진군,벼멸구,0
2021.09.16,고흥군,벼멸구,0
2021.09.16,곡성군,벼멸구,0
2021.09.16,광양시,벼멸구,0
2021.09.16,구례군,벼멸구,0
2021.09.16,나주시,벼멸구,0
2021.09.16,담양군,벼멸구,0
2021.09.16,무안군,벼멸구,0
2021.09.16,보성군,벼멸구,1
2021.09.16,순천시,벼멸구,0
2021.09.16,신안군,벼멸구,0
2021.09.16,여수시,벼멸구,0
2021.09.16,영광군,벼멸구,0
2021.09.16,영암군,벼멸구,1
2021.09.16,완도군,벼멸구,0
2021.09.16,장성군,벼멸구,0
2021.09.16,장흥군,벼멸구,0
2021.09.16,진도군,벼멸구,1
2021.09.16,함평군,벼멸구,0
2021.09.16,해남군,벼멸구,0
2021.09.16,화순군,벼멸구,0
2022.06.01,강진군,벼멸구,0
2022.06.01,고흥군,벼멸구,0
2022.06.01,곡성군,벼멸구,0
2022.06.01,광양시,벼멸구,0
2022.06.01,구례군,벼멸구,0
2022.06.01,나주시,벼멸구,0
2022.06.01,담양군,벼멸구,0
2022.06.01,무안군,벼멸구,0
2022.06.01,보성군,벼멸구,0
2022.06.01,순천시,벼멸구,0
2022.06.01,신안군,벼멸구,0
2022.06.01,여수시,벼멸구,0
2022.06.01,영광군,벼멸구,0
2022.06.01,영암군,벼멸구,0
2022.06.01,완도군,벼멸구,0
2022.06.01,장성군,벼멸구,0
2022.06.01,장흥군,벼멸구,0
2022.06.01,진도군,벼멸구,0
2022.06.01,함평군,벼멸구,0
2022.06.01,해남군,벼멸구,0
2022.06.01,화순군,벼멸구,0
2022.06.16,강진군,벼멸구,0
2022.06.16,고흥군,벼멸구,0
2022.06.16,곡성군,벼멸구,0
2022.06.16,광양시,벼멸구,0
2022.06.16,구례군,벼멸구,0
2022.06.16,나주시,벼멸구,0
2022.06.16,담양군,벼멸구,0
2022.06.16,무안군,벼멸구,0
2022.06.16,보성군,벼멸구,0
2022.06.16,순천시,벼멸구,0
2022.06.16,신안군,벼멸구,0
2022.06.16,여수시,벼멸구,0
2022.06.16,영광군,벼멸구,0
2022.06.16,영암군,벼멸구,0
2022.06.16,완도군,벼멸구,0
2022.06.16,장성군,벼멸구,0
2022.06.16,장흥군,벼멸구,0
2022.06.16,진도군,벼멸구,0
2022.06.16,함평군,벼멸구,0
2022.06.16,해남군,벼멸구,0
2022.06.16,화순군,벼멸구,0
2022.07.01,강진군,벼멸구,0
2022.07.01,고흥군,벼멸구,0
2022.07.01,곡성군,벼멸구,0
2022.07.01,광양시,벼멸구,0
2022.07.01,구례군,벼멸구,0
2022.07.01,나주시,벼멸구,0
2022.07.01,담양군,벼멸구,0
2022.07.01,무안군,벼멸구,0
2022.07.01,보성군,벼멸구,0
2022.07.01,순천시,벼멸구,0
2022.07.01,신안군,벼멸구,0
2022.07.01,여수시,벼멸구,0
2022.07.01,영광군,벼멸구,0
2022.07.01,영암군,벼멸구,0
2022.07.01,완도군,벼멸구,0
2022.07.01,장성군,벼멸구,0
2022.07.01,장흥군,벼멸구,0
2022.07.01,진도군,벼멸구,0
2022.07.01,함평군,벼멸구,0
2022.07.01,해남군,벼멸구,0
2022.07.01,화순군,벼멸구,0
2022.07.16,강진군,벼멸구,0
2022.07.16,고흥군,벼멸구,0
2022.07.16,곡성군,벼멸구,0
2022.07.16,광양시,벼멸구,0
2022.07.16,구례군,벼멸구,0
2022.07.16,나주시,벼멸구,0
2022.07.16,담양군,벼멸구,0
2022.07.16,무안군,벼멸구,0
2022.07.16,보성군,벼멸구,0
2022.07.16,순천시,벼멸구,0
2022.07.16,신안군,벼멸구,0
2022.07.16,여수시,벼멸구,0
2022.07.16,영광군,벼멸구,0
2022.07.16,영암군,벼멸구,0
2022.07.16,완도군,벼멸구,0
2022.07.16,장성군,벼멸구,0
2022.07.16,장흥군,벼멸구,0
2022.07.16,진도군,벼멸구,0
2022.07.16,함평군,벼멸구,0
2022.07.16,해남군,벼멸구,0
2022.07.16,화순군,벼멸구,0
2022.08.01,강진군,벼멸구,0
2022.08.01,고흥군,벼멸구,0
2022.08.01,곡성군,벼멸구,0
2022.08.01,광양시,벼멸구,0
2022.08.01,구례군,벼멸구,0
2022.08.01,나주시,벼멸구,0
2022.08.01,담양군,벼멸구,0
2022.08.01,무안군,벼멸구,0
2022.08.01,보성군,벼멸구,1
2022.08.01,순천시,벼멸구,0
2022.08.01,신안군,벼멸구,0
2022.08.01,여수시,벼멸구,0
2022.08.01,영광군,벼멸구,0
2022.08.01,영암군,벼멸구,0
2022.08.01,완도군,벼멸구,0
2022.08.01,장성군,벼멸구,0
2022.08.01,장흥군,벼멸구,0
2022.08.01,진도군,벼멸구,1
2022.08.01,함평군,벼멸구,0
2022.08.01,화순군,벼멸구,0
2022.08.16,강진군,벼멸구,0
2022.08.16,고흥군,벼멸구,0
2022.08.16,광양시,벼멸구,0
2022.08.16,구례군,벼멸구,0
2022.08.16,담양군,벼멸구,0
2022.08.16,무안군,벼멸구,0
2022.08.16,보성군,벼멸구,0
2022.08.16,순천시,벼멸구,0
2022.08.16,여수시,벼멸구,0
2022.08.16,영암군,벼멸구,1
2022.08.16,완도군,벼멸구,0
2022.08.16,장성군,벼멸구,0
2022.08.16,장흥군,벼멸구,0
2022.08.16,진도군,벼멸구,1
2022.08.16,함평군,벼멸구,0
2022.08.16,해남군,벼멸구,0
2022.08.16,화순군,벼멸구,0
2022.09.01,강진군,벼멸구,0
2022.09.01,고흥군,벼멸구,0
2022.09.01,곡성군,벼멸구,0
2022.09.01,광양시,벼멸구,0
2022.09.01,구례군,벼멸구,0
2022.09.01,담양군,벼멸구,1
2022.09.01,보성군,벼멸구,1
2022.09.01,순천시,벼멸구,0
2022.09.01,신안군,벼멸구,0
2022.09.01,여수시,벼멸구,1
2022.09.01,영암군,벼멸구,1
2022.09.01,완도군,벼멸구,0
2022.09.01,장성군,벼멸구,0
2022.09.01,장흥군,벼멸구,0
2022.09.01,진도군,벼멸구,1
2022.09.01,해남군,벼멸구,0
2022.09.01,화순군,벼멸구,0
2022.09.16,강진군,벼멸구,0
2022.09.16,고흥군,벼멸구,1
2022.09.16,곡성군,벼멸구,0
2022.09.16,광양시,벼멸구,0
2022.09.16,구례군,벼멸구,0
2022.09.16,나주시,벼멸구,0
2022.09.16,담양군,벼멸구,0
2022.09.16,무안군,벼멸구,0
2022.09.16,보성군,벼멸구,1
2022.09.16,순천시,벼멸구,0
2022.09.16,신안군,벼멸구,0
2022.09.16,여수시,벼멸구,0
2022.09.16,영광군,벼멸구,0
2022.09.16,완도군,벼멸구,0
2022.09.16,장성군,벼멸구,0
2022.09.16,장흥군,벼멸구,0
2022.09.16,진도군,벼멸구,1
2022.09.16,함평군,벼멸구,0
2022.09.16,해남군,벼멸구,1
2022.09.16,화순군,벼멸구,0
2023.06.01,강진군,벼멸구,0
2023.06.01,곡성군,벼멸구,0
2023.06.01,광양시,벼멸구,0
2023.06.01,구례군,벼멸구,0
2023.06.01,나주시,벼멸구,0
2023.06.01,담양군,벼멸구,0
2023.06.01,무안군,벼멸구,0
2023.06.01,보성군,벼멸구,0
2023.06.01,순천시,벼멸구,0
2023.06.01,신안군,벼멸구,0
2023.06.01,여수시,벼멸구,0
2023.06.01,영광군,벼멸구,0
2023.06.01,영암군,벼멸구,0
2023.06.01,완도군,벼멸구,0
2023.06.01,장성군,벼멸구,0
2023.06.01,장흥군,벼멸구,0
2023.06.01,진도군,벼멸구,0
2023.06.01,함평군,벼멸구,0
2023.06.01,해남군,벼멸구,0
2023.06.01,화순군,벼멸구,0
2023.06.16,강진군,벼멸구,0
2023.06.16,곡성군,벼멸구,0
2023.06.16,광양시,벼멸구,0
2023.06.16,구례군,벼멸구,0
2023.06.16,나주시,벼멸구,0
2023.06.16,담양군,벼멸구,0
2023.06.16,무안군,벼멸구,0
2023.06.16,보성군,벼멸구,0
2023.06.16,순천시,벼멸구,0
2023.06.16,신안군,벼멸구,0
2023.06.16,여수시,벼멸구,0
2023.06.16,영광군,벼멸구,0
2023.06.16,영암군,벼멸구,0
2023.06.16,완도군,벼멸구,0
2023.06.16,장성군,벼멸구,0
2023.06.16,장흥군,벼멸구,0
2023.06.16,진도군,벼멸구,0
2023.06.16,함평군,벼멸구,0
2023.06.16,해남군,벼멸구,0
2023.06.16,화순군,벼멸구,0
2023.07.01,강진군,벼멸구,0
2023.07.01,고흥군,벼멸구,0
2023.07.01,곡성군,벼멸구,0
2023.07.01,광양시,벼멸구,0
2023.07.01,구례군,벼멸구,0
2023.07.01,나주시,벼멸구,0
2023.07.01,담양군,벼멸구,0
2023.07.01,무안군,벼멸구,0
2023.07.01,보성군,벼멸구,0
2023.07.01,순천시,벼멸구,0
2023.07.01,신안군,벼멸구,0
2023.07.01,여수시,벼멸구,0
2023.07.01,영광군,벼멸구,0
2023.07.01,영암군,벼멸구,0
2023.07.01,완도군,벼멸구,1
2023.07.01,장성군,벼멸구,0
2023.07.01,장흥군,벼멸구,0
2023.07.01,진도군,벼멸구,0
2023.07.01,함평군,벼멸구,0
2023.07.01,해남군,벼멸구,0
2023.07.01,화순군,벼멸구,0
2023.07.16,강진군,벼멸구,0
2023.07.16,고흥군,벼멸구,0
2023.07.16,곡성군,벼멸구,0
2023.07.16,광양시,벼멸구,0
2023.07.16,구례군,벼멸구,0
2023.07.16,나주시,벼멸구,0
2023.07.16,담양군,벼멸구,1
2023.07.16,무안군,벼멸구,0
2023.07.16,보성군,벼멸구,0
2023.07.16,순천시,벼멸구,0
2023.07.16,신안군,벼멸구,0
2023.07.16,여수시,벼멸구,0
2023.07.16,영광군,벼멸구,0
2023.07.16,영암군,벼멸구,0
2023.07.16,완도군,벼멸구,1
2023.07.16,장성군,벼멸구,0
2023.07.16,장흥군,벼멸구,0
2023.07.16,진도군,벼멸구,0
2023.07.16,함평군,벼멸구,0
2023.07.16,해남군,벼멸구,0
2023.07.16,화순군,벼멸구,0
2023.08.01,강진군,벼멸구,0
2023.08.01,고흥군,벼멸구,0
2023.08.01,곡성군,벼멸구,0
2023.08.01,광양시,벼멸구,0
2023.08.01,구례군,벼멸구,0
2023.08.01,나주시,벼멸구,0
2023.08.01,담양군,벼멸구,0
2023.08.01,무안군,벼멸구,0
2023.08.01,보성군,벼멸구,0
2023.08.01,순천시,벼멸구,0
2023.08.01,신안군,벼멸구,0
2023.08.01,여수시,벼멸구,0
2023.08.01,영광군,벼멸구,0
2023.08.01,영암군,벼멸구,1
2023.08.01,완도군,벼멸구,1
2023.08.01,장성군,벼멸구,0
2023.08.01,장흥군,벼멸구,0
2023.08.01,진도군,벼멸구,1
2023.08.01,함평군,벼멸구,0
2023.08.01,해남군,벼멸구,0
2023.08.01,화순군,벼멸구,0
2023.08.16,강진군,벼멸구,0
2023.08.16,고흥군,벼멸구,0
2023.08.16,곡성군,벼멸구,0
2023.08.16,광양시,벼멸구,0
2023.08.16,구례군,벼멸구,0
2023.08.16,나주시,벼멸구,0
2023.08.16,담양군,벼멸구,0
2023.08.16,무안군,벼멸구,0
2023.08.16,보성군,벼멸구,0
2023.08.16,순천시,벼멸구,0
2023.08.16,신안군,벼멸구,0
2023.08.16,여수시,벼멸구,0
2023.08.16,영광군,벼멸구,0
2023.08.16,영암군,벼멸구,1
2023.08.16,완도군,벼멸구,1
2023.08.16,장성군,벼멸구,0
2023.08.16,장흥군,벼멸구,0
2023.08.16,진도군,벼멸구,1
2023.08.16,함평군,벼멸구,0
2023.08.16,해남군,벼멸구,0
2023.08.16,화순군,벼멸구,1
2023.09.01,강진군,벼멸구,0
2023.09.01,고흥군,벼멸구,1
2023.09.01,곡성군,벼멸구,0
2023.09.01,광양시,벼멸구,0
2023.09.01,구례군,벼멸구,0
2023.09.01,나주시,벼멸구,0
2023.09.01,담양군,벼멸구,0
2023.09.01,무안군,벼멸구,0
2023.09.01,보성군,벼멸구,0
2023.09.01,순천시,벼멸구,0
2023.09.01,신안군,벼멸구,0
2023.09.01,여수시,벼멸구,0
2023.09.01,영광군,벼멸구,1
2023.09.01,영암군,벼멸구,1
2023.09.01,완도군,벼멸구,0
2023.09.01,장성군,벼멸구,0
2023.09.01,장흥군,벼멸구,0
2023.09.01,진도군,벼멸구,1
2023.09.01,함평군,벼멸구,0
2023.09.01,해남군,벼멸구,0
2023.09.01,화순군,벼멸구,0
2023.09.16,강진군,벼멸구,0
2023.09.16,고흥군,벼멸구,1
2023.09.16,곡성군,벼멸구,0
2023.09.16,광양시,벼멸구,0
2023.09.16,구례군,벼멸구,0
2023.09.16,나주시,벼멸구,0
2023.09.16,담양군,벼멸구,1
2023.09.16,무안군,벼멸구,0
2023.09.16,보성군,벼멸구,0
2023.09.16,순천시,벼멸구,0
2023.09.16,신안군,벼멸구,0
2023.09.16,여수시,벼멸구,0
2023.09.16,영광군,벼멸구,0
2023.09.16,영암군,벼멸구,1
2023.09.16,완도군,벼멸구,0
2023.09.16,장성군,벼멸구,0
2023.09.16,장흥군,벼멸구,0
2023.09.16,진도군,벼멸구,1
2023.09.16,함평군,벼멸구,0
2023.09.16,해남군,벼멸구,1
2023.09.16,화순군,벼멸구,0
2024.06.01,강진군,벼멸구,0
2024.06.01,고흥군,벼멸구,0
2024.06.01,광양시,벼멸구,0
2024.06.01,구례군,벼멸구,0
2024.06.01,나주시,벼멸구,0
2024.06.01,무안군,벼멸구,0
2024.06.01,보성군,벼멸구,0
2024.06.01,순천시,벼멸구,0
2024.06.01,신안군,벼멸구,0
2024.06.01,여수시,벼멸구,0
2024.06.01,영암군,벼멸구,0
2024.06.01,완도군,벼멸구,0
2024.06.01,장성군,벼멸구,0
2024.06.01,장흥군,벼멸구,0
2024.06.01,진도군,벼멸구,0
2024.06.01,해남군,벼멸구,0
2024.06.01,화순군,벼멸구,0
2024.06.16,강진군,벼멸구,0
2024.06.16,고흥군,벼멸구,0
2024.06.16,광양시,벼멸구,0
2024.06.16,구례군,벼멸구,0
2024.06.16,나주시,벼멸구,0
2024.06.16,담양군,벼멸구,0
2024.06.16,무안군,벼멸구,0
2024.06.16,보성군,벼멸구,0
2024.06.16,순천시,벼멸구,0
2024.06.16,신안군,벼멸구,0
2024.06.16,여수시,벼멸구,0
2024.06.16,영광군,벼멸구,0
2024.06.16,영암군,벼멸구,0
2024.06.16,완도군,벼멸구,0
2024.06.16,장성군,벼멸구,0
2024.06.16,장흥군,벼멸구,0
2024.06.16,진도군,벼멸구,0
2024.06.16,해남군,벼멸구,0
2024.06.16,화순군,벼멸구,0
2024.07.01,강진군,벼멸구,0
2024.07.01,고흥군,벼멸구,0
2024.07.01,곡성군,벼멸구,0
2024.07.01,광양시,벼멸구,0
2024.07.01,구례군,벼멸구,0
2024.07.01,나주시,벼멸구,0
2024.07.01,담양군,벼멸구,0
2024.07.01,무안군,벼멸구,0
2024.07.01,보성군,벼멸구,0
2024.07.01,순천시,벼멸구,0
2024.07.01,신안군,벼멸구,0
2024.07.01,여수시,벼멸구,0
2024.07.01,영광군,벼멸구,0
2024.07.01,영암군,벼멸구,0
2024.07.01,완도군,벼멸구,0
2024.07.01,장성군,벼멸구,0
2024.07.01,장흥군,벼멸구,0
2024.07.01,진도군,벼멸구,0
2024.07.01,함평군,벼멸구,0
2024.07.01,해남군,벼멸구,0
2024.07.01,화순군,벼멸구,0
2024.07.16,강진군,벼멸구,0
2024.07.16,고흥군,벼멸구,0
2024.07.16,곡성군,벼멸구,0
2024.07.16,광양시,벼멸구,0
2024.07.16,구례군,벼멸구,0
2024.07.16,나주시,벼멸구,0
2024.07.16,담양군,벼멸구,1
2024.07.16,무안군,벼멸구,0
2024.07.16,보성군,벼멸구,0
2024.07.16,순천시,벼멸구,0
2024.07.16,신안군,벼멸구,0
2024.07.16,여수시,벼멸구,0
2024.07.16,영광군,벼멸구,0
2024.07.16,영암군,벼멸구,0
2024.07.16,완도군,벼멸구,0
2024.07.16,장성군,벼멸구,0
2024.07.16,장흥군,벼멸구,0
2024.07.16,진도군,벼멸구,0
2024.07.16,함평군,벼멸구,0
2024.07.16,해남군,벼멸구,0
2024.07.16,화순군,벼멸구,0
2024.08.01,강진군,벼멸구,0
2024.08.01,고흥군,벼멸구,0
2024.08.01,곡성군,벼멸구,0
2024.08.01,광양시,벼멸구,0
2024.08.01,구례군,벼멸구,0
2024.08.01,나주시,벼멸구,0
2024.08.01,담양군,벼멸구,0
2024.08.01,무안군,벼멸구,0
2024.08.01,보성군,벼멸구,1
2024.08.01,순천시,벼멸구,0
2024.08.01,신안군,벼멸구,0
2024.08.01,여수시,벼멸구,0
2024.08.01,영광군,벼멸구,0
2024.08.01,영암군,벼멸구,0
2024.08.01,완도군,벼멸구,0
2024.08.01,장성군,벼멸구,0
2024.08.01,장흥군,벼멸구,0
2024.08.01,진도군,벼멸구,1
2024.08.01,함평군,벼멸구,0
2024.08.01,해남군,벼멸구,0
2024.08.01,화순군,벼멸구,0
2024.08.16,강진군,벼멸구,0
2024.08.16,고흥군,벼멸구,0
2024.08.16,곡성군,벼멸구,0
2024.08.16,광양시,벼멸구,0
2024.08.16,구례군,벼멸구,0
2024.08.16,나주시,벼멸구,0
2024.08.16,담양군,벼멸구,0
2024.08.16,무안군,벼멸구,0
2024.08.16,보성군,벼멸구,1
2024.08.16,순천시,벼멸구,0
2024.08.16,신안군,벼멸구,0
2024.08.16,여수시,벼멸구,0
2024.08.16,영광군,벼멸구,0
2024.08.16,영암군,벼멸구,1
2024.08.16,완도군,벼멸구,0
2024.08.16,장성군,벼멸구,0
2024.08.16,장흥군,벼멸구,1
2024.08.16,진도군,벼멸구,1
2024.08.16,함평군,벼멸구,0
2024.08.16,해남군,벼멸구,0
2024.08.16,화순군,벼멸구,0
2024.09.01,강진군,벼멸구,0
2024.09.01,고흥군,벼멸구,1
2024.09.01,곡성군,벼멸구,0
2024.09.01,광양시,벼멸구,0
2024.09.01,구례군,벼멸구,0
2024.09.01,나주시,벼멸구,0
2024.09.01,담양군,벼멸구,0
2024.09.01,무안군,벼멸구,0
2024.09.01,보성군,벼멸구,1
2024.09.01,순천시,벼멸구,0
2024.09.01,신안군,벼멸구,0
2024.09.01,여수시,벼멸구,0
2024.09.01,영광군,벼멸구,0
2024.09.01,영암군,벼멸구,1
2024.09.01,완도군,벼멸구,0
2024.09.01,장성군,벼멸구,1
2024.09.01,장흥군,벼멸구,1
2024.09.01,진도군,벼멸구,1
2024.09.01,함평군,벼멸구,1
2024.09.01,해남군,벼멸구,1
2024.09.01,화순군,벼멸구,0
2024.09.16,강진군,벼멸구,1
2024.09.16,고흥군,벼멸구,1
2024.09.16,곡성군,벼멸구,0
2024.09.16,광양시,벼멸구,0
2024.09.16,구례군,벼멸구,0
2024.09.16,나주시,벼멸구,0
2024.09.16,담양군,벼멸구,0
2024.09.16,무안군,벼멸구,0
2024.09.16,보성군,벼멸구,1
2024.09.16,순천시,벼멸구,1
2024.09.16,신안군,벼멸구,0
2024.09.16,여수시,벼멸구,0
2024.09.16,영광군,벼멸구,0
2024.09.16,영암군,벼멸구,1
2024.09.16,완도군,벼멸구,0
2024.09.16,장성군,벼멸구,1
2024.09.16,장흥군,벼멸구,1
2024.09.16,진도군,벼멸구,1
2024.09.16,함평군,벼멸구,1
2024.09.16,해남군,벼멸구,1
2024.09.16,화순군,벼멸구,0
2025.06.01,강진군,벼멸구,0
2025.06.01,고흥군,벼멸구,0
2025.06.01,곡성군,벼멸구,0
2025.06.01,광양시,벼멸구,0
2025.06.01,구례군,벼멸구,0
2025.06.01,나주시,벼멸구,0
2025.06.01,담양군,벼멸구,0
2025.06.01,무안군,벼멸구,0
2025.06.01,보성군,벼멸구,0
2025.06.01,순천시,벼멸구,0
2025.06.01,신안군,벼멸구,0
2025.06.01,여수시,벼멸구,0
2025.06.01,영광군,벼멸구,0
2025.06.01,영암군,벼멸구,0
2025.06.01,완도군,벼멸구,0
2025.06.01,장성군,벼멸구,0
2025.06.01,장흥군,벼멸구,0
2025.06.01,진도군,벼멸구,0
2025.06.01,함평군,벼멸구,0
2025.06.01,해남군,벼멸구,0
2025.06.01,화순군,벼멸구,0
2025.06.16,강진군,벼멸구,0
2025.06.16,고흥군,벼멸구,0
2025.06.16,곡성군,벼멸구,0
2025.06.16,광양시,벼멸구,0
2025.06.16,구례군,벼멸구,0
2025.06.16,나주시,벼멸구,0
2025.06.16,담양군,벼멸구,0
2025.06.16,무안군,벼멸구,0
2025.06.16,보성군,벼멸구,0
2025.06.16,순천시,벼멸구,0
2025.06.16,신안군,벼멸구,0
2025.06.16,여수시,벼멸구,0
2025.06.16,영광군,벼멸구,0
2025.06.16,영암군,벼멸구,0
2025.06.16,완도군,벼멸구,0
2025.06.16,장성군,벼멸구,0
2025.06.16,장흥군,벼멸구,0
2025.06.16,진도군,벼멸구,0
2025.06.16,함평군,벼멸구,0
2025.06.16,해남군,벼멸구,1
2025.06.16,화순군,벼멸구,0
2025.07.01,강진군,벼멸구,0
2025.07.01,고흥군,벼멸구,0
2025.07.01,곡성군,벼멸구,0
2025.07.01,광양시,벼멸구,0
2025.07.01,구례군,벼멸구,0
2025.07.01,나주시,벼멸구,0
2025.07.01,담양군,벼멸구,0
2025.07.01,무안군,벼멸구,0
2025.07.01,보성군,벼멸구,0
2025.07.01,순천시,벼멸구,0
2025.07.01,신안군,벼멸구,0
2025.07.01,여수시,벼멸구,0
2025.07.01,영광군,벼멸구,0
2025.07.01,영암군,벼멸구,0
2025.07.01,완도군,벼멸구,0
2025.07.01,장성군,벼멸구,0
2025.07.01,진도군,벼멸구,0
2025.07.01,함평군,벼멸구,0
2025.07.01,해남군,벼멸구,1
2025.07.01,화순군,벼멸구,0
2025.07.16,강진군,벼멸구,0
2025.07.16,고흥군,벼멸구,0
2025.07.16,곡성군,벼멸구,0
2025.07.16,광양시,벼멸구,0
2025.07.16,구례군,벼멸구,0
2025.07.16,나주시,벼멸구,0
2025.07.16,담양군,벼멸구,0
2025.07.16,무안군,벼멸구,0
2025.07.16,보성군,벼멸구,0
2025.07.16,순천시,벼멸구,0
2025.07.16,신안군,벼멸구,0
2025.07.16,여수시,벼멸구,0
2025.07.16,영광군,벼멸구,0
2025.07.16,영암군,벼멸구,0
2025.07.16,완도군,벼멸구,0
2025.07.16,장성군,벼멸구,0
2025.07.16,장흥군,벼멸구,0
2025.07.16,진도군,벼멸구,0
2025.07.16,함평군,벼멸구,0
2025.07.16,해남군,벼멸구,1
2025.07.16,화순군,벼멸구,0
2025.08.01,강진군,벼멸구,0
2025.08.01,고흥군,벼멸구,0
2025.08.01,광양시,벼멸구,0
2025.08.01,구례군,벼멸구,0
2025.08.01,담양군,벼멸구,0
2025.08.01,무안군,벼멸구,0
2025.08.01,보성군,벼멸구,0
2025.08.01,신안군,벼멸구,0
2025.08.01,여수시,벼멸구,0
2025.08.01,영광군,벼멸구,0
2025.08.01,영암군,벼멸구,1
2025.08.01,완도군,벼멸구,0
2025.08.01,장성군,벼멸구,0
2025.08.01,장흥군,벼멸구,0
2025.08.01,진도군,벼멸구,0
2025.08.01,함평군,벼멸구,0
2025.08.01,해남군,벼멸구,1
2025.08.01,화순군,벼멸구,1
2025.08.16,강진군,벼멸구,0
2025.08.16,고흥군,벼멸구,0
2025.08.16,곡성군,벼멸구,0
2025.08.16,광양시,벼멸구,0
2025.08.16,구례군,벼멸구,0
2025.08.16,나주시,벼멸구,0
2025.08.16,담양군,벼멸구,0
2025.08.16,무안군,벼멸구,0
2025.08.16,보성군,벼멸구,0
2025.08.16,순천시,벼멸구,0
2025.08.16,신안군,벼멸구,0
2025.08.16,여수시,벼멸구,1
2025.08.16,영광군,벼멸구,0
2025.08.16,영암군,벼멸구,1
2025.08.16,완도군,벼멸구,0
2025.08.16,장성군,벼멸구,0
2025.08.16,장흥군,벼멸구,0
2025.08.16,진도군,벼멸구,1
2025.08.16,함평군,벼멸구,0
2025.08.16,해남군,벼멸구,1
2025.08.16,화순군,벼멸구,0
2025.09.01,강진군,벼멸구,0
2025.09.01,고흥군,벼멸구,0
2025.09.01,곡성군,벼멸구,0
2025.09.01,광양시,벼멸구,0
2025.09.01,구례군,벼멸구,0
2025.09.01,나주시,벼멸구,0
2025.09.01,담양군,벼멸구,0
2025.09.01,무안군,벼멸구,0
2025.09.01,보성군,벼멸구,0
2025.09.01,순천시,벼멸구,0
2025.09.01,신안군,벼멸구,0
2025.09.01,여수시,벼멸구,1
2025.09.01,영광군,벼멸구,0
2025.09.01,영암군,벼멸구,0
2025.09.01,완도군,벼멸구,0
2025.09.01,장성군,벼멸구,0
2025.09.01,장흥군,벼멸구,0
2025.09.01,진도군,벼멸구,1
2025.09.01,함평군,벼멸구,0
2025.09.01,해남군,벼멸구,1
2025.09.01,화순군,벼멸구,1
2025.09.16,강진군,벼멸구,0
2025.09.16,고흥군,벼멸구,0
2025.09.16,곡성군,벼멸구,0
2025.09.16,광양시,벼멸구,0
2025.09.16,구례군,벼멸구,0
2025.09.16,나주시,벼멸구,0
2025.09.16,담양군,벼멸구,0
2025.09.16,무안군,벼멸구,0
2025.09.16,보성군,벼멸구,0
2025.09.16,순천시,벼멸구,0
2025.09.16,신안군,벼멸구,0
2025.09.16,여수시,벼멸구,1
2025.09.16,영광군,벼멸구,0
2025.09.16,영암군,벼멸구,1
2025.09.16,완도군,벼멸구,1
2025.09.16,장성군,벼멸구,0
2025.09.16,장흥군,벼멸구,0
2025.09.16,진도군,벼멸구,0
2025.09.16,함평군,벼멸구,0
2025.09.16,해남군,벼멸구,1
2025.09.16,화순군,벼멸구,0
2014.09.16,강진군,벼물바구미,0
2014.09.16,고흥군,벼물바구미,0
2014.09.16,곡성군,벼물바구미,0
2014.09.16,광양시,벼물바구미,0
2014.09.16,구례군,벼물바구미,0
2014.09.16,나주시,벼물바구미,0
2014.09.16,담양군,벼물바구미,0
2014.09.16,무안군,벼물바구미,0
2014.09.16,보성군,벼물바구미,0
2014.09.16,순천시,벼물바구미,0
2014.09.16,신안군,벼물바구미,0
2014.09.16,여수시,벼물바구미,0
2014.09.16,영광군,벼물바구미,0
2014.09.16,영암군,벼물바구미,0
2014.09.16,완도군,벼물바구미,0
2014.09.16,장성군,벼물바구미,0
2014.09.16,장흥군,벼물바구미,0
2014.09.16,진도군,벼물바구미,0
2014.09.16,함평군,벼물바구미,0
2014.09.16,해남군,벼물바구미,0
2014.09.16,화순군,벼물바구미,0
2015.06.16,강진군,벼물바구미,0
2015.06.16,고흥군,벼물바구미,0
2015.06.16,곡성군,벼물바구미,1
2015.06.16,광양시,벼물바구미,0
2015.06.16,구례군,벼물바구미,0
2015.06.16,나주시,벼물바구미,0
2015.06.16,담양군,벼물바구미,0
2015.06.16,무안군,벼물바구미,0
2015.06.16,보성군,벼물바구미,0
2015.06.16,순천시,벼물바구미,0
2015.06.16,신안군,벼물바구미,1
2015.06.16,여수시,벼물바구미,1
2015.06.16,영광군,벼물바구미,1
2015.06.16,영암군,벼물바구미,0
2015.06.16,완도군,벼물바구미,0
2015.06.16,장성군,벼물바구미,1
2015.06.16,장흥군,벼물바구미,1
2015.06.16,진도군,벼물바구미,1
2015.06.16,함평군,벼물바구미,0
2015.06.16,해남군,벼물바구미,1
2015.06.16,화순군,벼물바구미,1
2015.07.01,강진군,벼물바구미,0
2015.07.01,고흥군,벼물바구미,0
2015.07.01,곡성군,벼물바구미,1
2015.07.01,광양시,벼물바구미,0
2015.07.01,구례군,벼물바구미,0
2015.07.01,나주시,벼물바구미,1
2015.07.01,담양군,벼물바구미,0
2015.07.01,무안군,벼물바구미,0
2015.07.01,보성군,벼물바구미,0
2015.07.01,순천시,벼물바구미,1
2015.07.01,신안군,벼물바구미,1
2015.07.01,여수시,벼물바구미,1
2015.07.01,영광군,벼물바구미,1
2015.07.01,영암군,벼물바구미,1
2015.07.01,완도군,벼물바구미,0
2015.07.01,장성군,벼물바구미,1
2015.07.01,장흥군,벼물바구미,1
2015.07.01,진도군,벼물바구미,0
2015.07.01,함평군,벼물바구미,0
2015.07.01,해남군,벼물바구미,0
2015.07.01,화순군,벼물바구미,0
2015.07.16,강진군,벼물바구미,0
2015.07.16,고흥군,벼물바구미,0
2015.07.16,곡성군,벼물바구미,1
2015.07.16,광양시,벼물바구미,0
2015.07.16,구례군,벼물바구미,0
2015.07.16,나주시,벼물바구미,0
2015.07.16,담양군,벼물바구미,0
2015.07.16,무안군,벼물바구미,0
2015.07.16,보성군,벼물바구미,0
2015.07.16,순천시,벼물바구미,0
2015.07.16,신안군,벼물바구미,1
2015.07.16,여수시,벼물바구미,0
2015.07.16,영광군,벼물바구미,0
2015.07.16,영암군,벼물바구미,1
2015.07.16,완도군,벼물바구미,0
2015.07.16,장성군,벼물바구미,1
2015.07.16,장흥군,벼물바구미,1
2015.07.16,진도군,벼물바구미,1
2015.07.16,함평군,벼물바구미,0
2015.07.16,해남군,벼물바구미,0
2015.07.16,화순군,벼물바구미,0
2015.08.01,강진군,벼물바구미,0
2015.08.01,고흥군,벼물바구미,0
2015.08.01,곡성군,벼물바구미,0
2015.08.01,광양시,벼물바구미,0
2015.08.01,구례군,벼물바구미,0
2015.08.01,나주시,벼물바구미,0
2015.08.01,담양군,벼물바구미,1
2015.08.01,무안군,벼물바구미,0
2015.08.01,보성군,벼물바구미,0
2015.08.01,순천시,벼물바구미,0
2015.08.01,신안군,벼물바구미,1
2015.08.01,여수시,벼물바구미,0
2015.08.01,영광군,벼물바구미,0
2015.08.01,영암군,벼물바구미,0
2015.08.01,완도군,벼물바구미,0
2015.08.01,장성군,벼물바구미,1
2015.08.01,장흥군,벼물바구미,1
2015.08.01,진도군,벼물바구미,1
2015.08.01,함평군,벼물바구미,0
2015.08.01,해남군,벼물바구미,0
2015.08.01,화순군,벼물바구미,0
2015.08.16,강진군,벼물바구미,1
2015.08.16,고흥군,벼물바구미,0
2015.08.16,곡성군,벼물바구미,0
2015.08.16,광양시,벼물바구미,0
2015.08.16,구례군,벼물바구미,0
2015.08.16,나주시,벼물바구미,0
2015.08.16,담양군,벼물바구미,0
2015.08.16,무안군,벼물바구미,0
2015.08.16,보성군,벼물바구미,0
2015.08.16,순천시,벼물바구미,1
2015.08.16,신안군,벼물바구미,0
2015.08.16,여수시,벼물바구미,0
2015.08.16,영광군,벼물바구미,0
2015.08.16,영암군,벼물바구미,0
2015.08.16,완도군,벼물바구미,0
2015.08.16,장성군,벼물바구미,0
2015.08.16,장흥군,벼물바구미,0
2015.08.16,진도군,벼물바구미,0
2015.08.16,함평군,벼물바구미,0
2015.08.16,해남군,벼물바구미,0
2015.08.16,화순군,벼물바구미,0
2016.06.01,강진군,벼물바구미,0
2016.06.01,고흥군,벼물바구미,0
2016.06.01,곡성군,벼물바구미,0
2016.06.01,광양시,벼물바구미,0
2016.06.01,구례군,벼물바구미,0
2016.06.01,나주시,벼물바구미,0
2016.06.01,담양군,벼물바구미,0
2016.06.01,무안군,벼물바구미,0
2016.06.01,보성군,벼물바구미,0
2016.06.01,순천시,벼물바구미,0
2016.06.01,신안군,벼물바구미,0
2016.06.01,여수시,벼물바구미,0
2016.06.01,영광군,벼물바구미,0
2016.06.01,영암군,벼물바구미,0
2016.06.01,완도군,벼물바구미,0
2016.06.01,장성군,벼물바구미,0
2016.06.01,장흥군,벼물바구미,0
2016.06.01,진도군,벼물바구미,0
2016.06.01,함평군,벼물바구미,0
2016.06.01,해남군,벼물바구미,0
2016.06.01,화순군,벼물바구미,0
2016.06.16,강진군,벼물바구미,0
2016.06.16,고흥군,벼물바구미,0
2016.06.16,곡성군,벼물바구미,0
2016.06.16,광양시,벼물바구미,1
2016.06.16,구례군,벼물바구미,0
2016.06.16,나주시,벼물바구미,0
2016.06.16,담양군,벼물바구미,0
2016.06.16,무안군,벼물바구미,0
2016.06.16,보성군,벼물바구미,0
2016.06.16,순천시,벼물바구미,1
2016.06.16,신안군,벼물바구미,0
2016.06.16,여수시,벼물바구미,1
2016.06.16,영광군,벼물바구미,1
2016.06.16,영암군,벼물바구미,1
2016.06.16,완도군,벼물바구미,1
2016.06.16,장성군,벼물바구미,1
2016.06.16,장흥군,벼물바구미,1
2016.06.16,진도군,벼물바구미,1
2016.06.16,함평군,벼물바구미,0
2016.06.16,해남군,벼물바구미,1
2016.06.16,화순군,벼물바구미,0
2016.07.01,강진군,벼물바구미,0
2016.07.01,고흥군,벼물바구미,0
2016.07.01,곡성군,벼물바구미,0
2016.07.01,광양시,벼물바구미,0
2016.07.01,구례군,벼물바구미,0
2016.07.01,나주시,벼물바구미,1
2016.07.01,담양군,벼물바구미,0
2016.07.01,무안군,벼물바구미,0
2016.07.01,보성군,벼물바구미,0
2016.07.01,순천시,벼물바구미,0
2016.07.01,신안군,벼물바구미,0
2016.07.01,여수시,벼물바구미,1
2016.07.01,영광군,벼물바구미,0
2016.07.01,영암군,벼물바구미,1
2016.07.01,완도군,벼물바구미,1
2016.07.01,장성군,벼물바구미,0
2016.07.01,장흥군,벼물바구미,1
2016.07.01,진도군,벼물바구미,0
2016.07.01,함평군,벼물바구미,0
2016.07.01,해남군,벼물바구미,1
2016.07.01,화순군,벼물바구미,0
2016.07.16,강진군,벼물바구미,0
2016.07.16,고흥군,벼물바구미,0
2016.07.16,곡성군,벼물바구미,0
2016.07.16,광양시,벼물바구미,0
2016.07.16,구례군,벼물바구미,0
2016.07.16,나주시,벼물바구미,0
2016.07.16,담양군,벼물바구미,0
2016.07.16,무안군,벼물바구미,0
2016.07.16,보성군,벼물바구미,1
2016.07.16,순천시,벼물바구미,0
2016.07.16,신안군,벼물바구미,0
2016.07.16,여수시,벼물바구미,0
2016.07.16,영광군,벼물바구미,1
2016.07.16,영암군,벼물바구미,0
2016.07.16,완도군,벼물바구미,0
2016.07.16,장성군,벼물바구미,0
2016.07.16,장흥군,벼물바구미,0
2016.07.16,진도군,벼물바구미,1
2016.07.16,함평군,벼물바구미,0
2016.07.16,해남군,벼물바구미,0
2016.07.16,화순군,벼물바구미,0
2016.08.01,강진군,벼물바구미,0
2016.08.01,고흥군,벼물바구미,1
2016.08.01,곡성군,벼물바구미,0
2016.08.01,광양시,벼물바구미,0
2016.08.01,구례군,벼물바구미,0
2016.08.01,나주시,벼물바구미,0
2016.08.01,담양군,벼물바구미,0
2016.08.01,무안군,벼물바구미,0
2016.08.01,보성군,벼물바구미,0
2016.08.01,순천시,벼물바구미,0
2016.08.01,신안군,벼물바구미,0
2016.08.01,여수시,벼물바구미,0
2016.08.01,영광군,벼물바구미,0
2016.08.01,영암군,벼물바구미,0
2016.08.01,완도군,벼물바구미,0
2016.08.01,장성군,벼물바구미,0
2016.08.01,장흥군,벼물바구미,1
2016.08.01,진도군,벼물바구미,1
2016.08.01,함평군,벼물바구미,0
2016.08.01,해남군,벼물바구미,0
2016.08.01,화순군,벼물바구미,0
2016.08.16,강진군,벼물바구미,0
2016.08.16,고흥군,벼물바구미,1
2016.08.16,곡성군,벼물바구미,0
2016.08.16,광양시,벼물바구미,0
2016.08.16,구례군,벼물바구미,0
2016.08.16,나주시,벼물바구미,0
2016.08.16,담양군,벼물바구미,0
2016.08.16,무안군,벼물바구미,0
2016.08.16,보성군,벼물바구미,0
2016.08.16,순천시,벼물바구미,0
2016.08.16,신안군,벼물바구미,0
2016.08.16,여수시,벼물바구미,0
2016.08.16,영광군,벼물바구미,0
2016.08.16,영암군,벼물바구미,0
2016.08.16,완도군,벼물바구미,0
2016.08.16,장성군,벼물바구미,0
2016.08.16,장흥군,벼물바구미,0
2016.08.16,진도군,벼물바구미,0
2016.08.16,함평군,벼물바구미,0
2016.08.16,해남군,벼물바구미,0
2016.08.16,화순군,벼물바구미,0
2016.09.01,강진군,벼물바구미,0
2016.09.01,고흥군,벼물바구미,0
2016.09.01,곡성군,벼물바구미,0
2016.09.01,광양시,벼물바구미,0
2016.09.01,구례군,벼물바구미,0
2016.09.01,나주시,벼물바구미,0
2016.09.01,담양군,벼물바구미,0
2016.09.01,무안군,벼물바구미,0
2016.09.01,보성군,벼물바구미,0
2016.09.01,순천시,벼물바구미,0
2016.09.01,신안군,벼물바구미,0
2016.09.01,여수시,벼물바구미,0
2016.09.01,영광군,벼물바구미,0
2016.09.01,영암군,벼물바구미,0
2016.09.01,완도군,벼물바구미,0
2016.09.01,장성군,벼물바구미,0
2016.09.01,장흥군,벼물바구미,0
2016.09.01,진도군,벼물바구미,0
2016.09.01,함평군,벼물바구미,0
2016.09.01,해남군,벼물바구미,0
2016.09.01,화순군,벼물바구미,0
2016.09.16,강진군,벼물바구미,0
2016.09.16,고흥군,벼물바구미,0
2016.09.16,곡성군,벼물바구미,0
2016.09.16,광양시,벼물바구미,0
2016.09.16,구례군,벼물바구미,0
2016.09.16,나주시,벼물바구미,0
2016.09.16,담양군,벼물바구미,0
2016.09.16,무안군,벼물바구미,0
2016.09.16,보성군,벼물바구미,0
2016.09.16,순천시,벼물바구미,0
2016.09.16,신안군,벼물바구미,0
2016.09.16,여수시,벼물바구미,0
2016.09.16,영광군,벼물바구미,0
2016.09.16,영암군,벼물바구미,0
2016.09.16,완도군,벼물바구미,0
2016.09.16,장성군,벼물바구미,0
2016.09.16,장흥군,벼물바구미,0
2016.09.16,진도군,벼물바구미,0
2016.09.16,함평군,벼물바구미,0
2016.09.16,해남군,벼물바구미,0
2016.09.16,화순군,벼물바구미,0
2017.06.01,강진군,벼물바구미,0
2017.06.01,고흥군,벼물바구미,0
2017.06.01,곡성군,벼물바구미,0
2017.06.01,광양시,벼물바구미,0
2017.06.01,구례군,벼물바구미,0
2017.06.01,나주시,벼물바구미,0
2017.06.01,담양군,벼물바구미,0
2017.06.01,무안군,벼물바구미,0
2017.06.01,보성군,벼물바구미,0
2017.06.01,순천시,벼물바구미,0
2017.06.01,신안군,벼물바구미,0
2017.06.01,여수시,벼물바구미,0
2017.06.01,영광군,벼물바구미,0
2017.06.01,영암군,벼물바구미,0
2017.06.01,완도군,벼물바구미,0
2017.06.01,장성군,벼물바구미,0
2017.06.01,장흥군,벼물바구미,1
2017.06.01,진도군,벼물바구미,1
2017.06.01,함평군,벼물바구미,0
2017.06.01,해남군,벼물바구미,0
2017.06.01,화순군,벼물바구미,0
2017.06.16,강진군,벼물바구미,0
2017.06.16,고흥군,벼물바구미,1
2017.06.16,곡성군,벼물바구미,0
2017.06.16,광양시,벼물바구미,0
2017.06.16,구례군,벼물바구미,0
2017.06.16,나주시,벼물바구미,1
2017.06.16,담양군,벼물바구미,0
2017.06.16,무안군,벼물바구미,0
2017.06.16,보성군,벼물바구미,0
2017.06.16,순천시,벼물바구미,1
2017.06.16,신안군,벼물바구미,0
2017.06.16,여수시,벼물바구미,0
2017.06.16,영광군,벼물바구미,0
2017.06.16,영암군,벼물바구미,0
2017.06.16,완도군,벼물바구미,0
2017.06.16,장성군,벼물바구미,0
2017.06.16,장흥군,벼물바구미,1
2017.06.16,진도군,벼물바구미,1
2017.06.16,함평군,벼물바구미,0
2017.06.16,해남군,벼물바구미,0
2017.06.16,화순군,벼물바구미,0
2017.07.01,강진군,벼물바구미,0
2017.07.01,고흥군,벼물바구미,1
2017.07.01,곡성군,벼물바구미,1
2017.07.01,광양시,벼물바구미,0
2017.07.01,구례군,벼물바구미,0
2017.07.01,나주시,벼물바구미,0
2017.07.01,담양군,벼물바구미,0
2017.07.01,무안군,벼물바구미,0
2017.07.01,보성군,벼물바구미,1
2017.07.01,순천시,벼물바구미,1
2017.07.01,신안군,벼물바구미,0
2017.07.01,여수시,벼물바구미,0
2017.07.01,영광군,벼물바구미,1
2017.07.01,영암군,벼물바구미,0
2017.07.01,완도군,벼물바구미,0
2017.07.01,장성군,벼물바구미,0
2017.07.01,장흥군,벼물바구미,1
2017.07.01,진도군,벼물바구미,1
2017.07.01,함평군,벼물바구미,0
2017.07.01,해남군,벼물바구미,1
2017.07.01,화순군,벼물바구미,0
2017.07.16,강진군,벼물바구미,0
2017.07.16,고흥군,벼물바구미,0
2017.07.16,곡성군,벼물바구미,0
2017.07.16,광양시,벼물바구미,0
2017.07.16,구례군,벼물바구미,0
2017.07.16,나주시,벼물바구미,0
2017.07.16,담양군,벼물바구미,0
2017.07.16,무안군,벼물바구미,0
2017.07.16,보성군,벼물바구미,0
2017.07.16,순천시,벼물바구미,0
2017.07.16,신안군,벼물바구미,0
2017.07.16,여수시,벼물바구미,0
2017.07.16,영광군,벼물바구미,0
2017.07.16,영암군,벼물바구미,0
2017.07.16,완도군,벼물바구미,0
2017.07.16,장성군,벼물바구미,0
2017.07.16,장흥군,벼물바구미,1
2017.07.16,진도군,벼물바구미,1
2017.07.16,함평군,벼물바구미,1
2017.07.16,해남군,벼물바구미,0
2017.07.16,화순군,벼물바구미,0
2017.08.01,강진군,벼물바구미,0
2017.08.01,고흥군,벼물바구미,0
2017.08.01,곡성군,벼물바구미,0
2017.08.01,광양시,벼물바구미,0
2017.08.01,구례군,벼물바구미,0
2017.08.01,나주시,벼물바구미,0
2017.08.01,담양군,벼물바구미,0
2017.08.01,무안군,벼물바구미,0
2017.08.01,보성군,벼물바구미,1
2017.08.01,순천시,벼물바구미,0
2017.08.01,신안군,벼물바구미,0
2017.08.01,여수시,벼물바구미,0
2017.08.01,영광군,벼물바구미,0
2017.08.01,영암군,벼물바구미,0
2017.08.01,완도군,벼물바구미,0
2017.08.01,장성군,벼물바구미,0
2017.08.01,장흥군,벼물바구미,1
2017.08.01,진도군,벼물바구미,0
2017.08.01,함평군,벼물바구미,0
2017.08.01,해남군,벼물바구미,0
2017.08.01,화순군,벼물바구미,0
2017.08.16,강진군,벼물바구미,0
2017.08.16,고흥군,벼물바구미,0
2017.08.16,곡성군,벼물바구미,1
2017.08.16,광양시,벼물바구미,0
2017.08.16,구례군,벼물바구미,0
2017.08.16,나주시,벼물바구미,0
2017.08.16,담양군,벼물바구미,0
2017.08.16,무안군,벼물바구미,0
2017.08.16,보성군,벼물바구미,1
2017.08.16,순천시,벼물바구미,0
2017.08.16,신안군,벼물바구미,0
2017.08.16,여수시,벼물바구미,0
2017.08.16,영광군,벼물바구미,0
2017.08.16,영암군,벼물바구미,0
2017.08.16,완도군,벼물바구미,0
2017.08.16,장성군,벼물바구미,0
2017.08.16,장흥군,벼물바구미,1
2017.08.16,진도군,벼물바구미,0
2017.08.16,함평군,벼물바구미,0
2017.08.16,해남군,벼물바구미,0
2017.08.16,화순군,벼물바구미,0
2017.09.01,강진군,벼물바구미,0
2017.09.01,고흥군,벼물바구미,0
2017.09.01,곡성군,벼물바구미,0
2017.09.01,광양시,벼물바구미,0
2017.09.01,구례군,벼물바구미,0
2017.09.01,나주시,벼물바구미,0
2017.09.01,담양군,벼물바구미,0
2017.09.01,무안군,벼물바구미,0
2017.09.01,보성군,벼물바구미,0
2017.09.01,순천시,벼물바구미,0
2017.09.01,신안군,벼물바구미,0
2017.09.01,여수시,벼물바구미,0
2017.09.01,영광군,벼물바구미,0
2017.09.01,영암군,벼물바구미,0
2017.09.01,완도군,벼물바구미,0
2017.09.01,장성군,벼물바구미,0
2017.09.01,장흥군,벼물바구미,0
2017.09.01,진도군,벼물바구미,0
2017.09.01,함평군,벼물바구미,0
2017.09.01,해남군,벼물바구미,0
2017.09.01,화순군,벼물바구미,0
2017.09.16,강진군,벼물바구미,0
2017.09.16,고흥군,벼물바구미,0
2017.09.16,곡성군,벼물바구미,0
2017.09.16,광양시,벼물바구미,0
2017.09.16,구례군,벼물바구미,0
2017.09.16,나주시,벼물바구미,0
2017.09.16,담양군,벼물바구미,0
2017.09.16,무안군,벼물바구미,0
2017.09.16,보성군,벼물바구미,0
2017.09.16,순천시,벼물바구미,0
2017.09.16,신안군,벼물바구미,0
2017.09.16,여수시,벼물바구미,0
2017.09.16,영광군,벼물바구미,0
2017.09.16,영암군,벼물바구미,0
2017.09.16,완도군,벼물바구미,0
2017.09.16,장성군,벼물바구미,0
2017.09.16,장흥군,벼물바구미,0
2017.09.16,진도군,벼물바구미,0
2017.09.16,함평군,벼물바구미,0
2017.09.16,해남군,벼물바구미,0
2017.09.16,화순군,벼물바구미,0
2018.06.01,강진군,벼물바구미,0
2018.06.01,고흥군,벼물바구미,0
2018.06.01,곡성군,벼물바구미,0
2018.06.01,광양시,벼물바구미,0
2018.06.01,구례군,벼물바구미,0
2018.06.01,나주시,벼물바구미,0
2018.06.01,담양군,벼물바구미,0
2018.06.01,무안군,벼물바구미,0
2018.06.01,보성군,벼물바구미,0
2018.06.01,순천시,벼물바구미,1
2018.06.01,신안군,벼물바구미,0
2018.06.01,여수시,벼물바구미,0
2018.06.01,영광군,벼물바구미,0
2018.06.01,영암군,벼물바구미,0
2018.06.01,완도군,벼물바구미,0
2018.06.01,장성군,벼물바구미,0
2018.06.01,장흥군,벼물바구미,1
2018.06.01,진도군,벼물바구미,1
2018.06.01,함평군,벼물바구미,0
2018.06.01,해남군,벼물바구미,0
2018.06.01,화순군,벼물바구미,0
2018.06.16,강진군,벼물바구미,0
2018.06.16,고흥군,벼물바구미,0
2018.06.16,곡성군,벼물바구미,1
2018.06.16,광양시,벼물바구미,0
2018.06.16,구례군,벼물바구미,0
2018.06.16,나주시,벼물바구미,1
2018.06.16,담양군,벼물바구미,0
2018.06.16,무안군,벼물바구미,0
2018.06.16,보성군,벼물바구미,0
2018.06.16,순천시,벼물바구미,0
2018.06.16,신안군,벼물바구미,0
2018.06.16,여수시,벼물바구미,1
2018.06.16,영광군,벼물바구미,0
2018.06.16,영암군,벼물바구미,0
2018.06.16,완도군,벼물바구미,0
2018.06.16,장성군,벼물바구미,0
2018.06.16,장흥군,벼물바구미,1
2018.06.16,진도군,벼물바구미,1
2018.06.16,함평군,벼물바구미,1
2018.06.16,해남군,벼물바구미,0
2018.06.16,화순군,벼물바구미,0
2018.07.01,강진군,벼물바구미,0
2018.07.01,고흥군,벼물바구미,0
2018.07.01,광양시,벼물바구미,1
2018.07.01,나주시,벼물바구미,0
2018.07.01,순천시,벼물바구미,0
2018.07.01,신안군,벼물바구미,0
2018.07.01,여수시,벼물바구미,0
2018.07.01,영광군,벼물바구미,0
2018.07.01,영암군,벼물바구미,0
2018.07.01,완도군,벼물바구미,0
2018.07.01,진도군,벼물바구미,0
2018.07.01,해남군,벼물바구미,0
2018.07.01,화순군,벼물바구미,0
2018.07.16,강진군,벼물바구미,0
2018.07.16,고흥군,벼물바구미,0
2018.07.16,곡성군,벼물바구미,0
2018.07.16,광양시,벼물바구미,0
2018.07.16,구례군,벼물바구미,0
2018.07.16,나주시,벼물바구미,0
2018.07.16,담양군,벼물바구미,0
2018.07.16,무안군,벼물바구미,0
2018.07.16,보성군,벼물바구미,1
2018.07.16,순천시,벼물바구미,0
2018.07.16,신안군,벼물바구미,0
2018.07.16,여수시,벼물바구미,0
2018.07.16,영광군,벼물바구미,0
2018.07.16,영암군,벼물바구미,0
2018.07.16,완도군,벼물바구미,0
2018.07.16,장성군,벼물바구미,1
2018.07.16,장흥군,벼물바구미,1
2018.07.16,진도군,벼물바구미,0
2018.07.16,함평군,벼물바구미,0
2018.07.16,해남군,벼물바구미,0
2018.07.16,화순군,벼물바구미,0
2018.08.01,강진군,벼물바구미,0
2018.08.01,고흥군,벼물바구미,0
2018.08.01,곡성군,벼물바구미,0
2018.08.01,광양시,벼물바구미,0
2018.08.01,구례군,벼물바구미,0
2018.08.01,나주시,벼물바구미,0
2018.08.01,담양군,벼물바구미,1
2018.08.01,무안군,벼물바구미,0
2018.08.01,보성군,벼물바구미,0
2018.08.01,순천시,벼물바구미,0
2018.08.01,신안군,벼물바구미,1
2018.08.01,여수시,벼물바구미,0
2018.08.01,영광군,벼물바구미,0
2018.08.01,영암군,벼물바구미,0
2018.08.01,완도군,벼물바구미,0
2018.08.01,장성군,벼물바구미,0
2018.08.01,장흥군,벼물바구미,1
2018.08.01,진도군,벼물바구미,0
2018.08.01,함평군,벼물바구미,0
2018.08.01,해남군,벼물바구미,0
2018.08.01,화순군,벼물바구미,0
2018.08.16,강진군,벼물바구미,0
2018.08.16,고흥군,벼물바구미,0
2018.08.16,곡성군,벼물바구미,0
2018.08.16,광양시,벼물바구미,0
2018.08.16,구례군,벼물바구미,0
2018.08.16,나주시,벼물바구미,0
2018.08.16,담양군,벼물바구미,0
2018.08.16,무안군,벼물바구미,0
2018.08.16,보성군,벼물바구미,0
2018.08.16,순천시,벼물바구미,0
2018.08.16,신안군,벼물바구미,0
2018.08.16,여수시,벼물바구미,0
2018.08.16,영광군,벼물바구미,0
2018.08.16,영암군,벼물바구미,0
2018.08.16,완도군,벼물바구미,0
2018.08.16,장성군,벼물바구미,0
2018.08.16,장흥군,벼물바구미,0
2018.08.16,진도군,벼물바구미,0
2018.08.16,함평군,벼물바구미,0
2018.08.16,해남군,벼물바구미,0
2018.08.16,화순군,벼물바구미,0
2018.09.01,강진군,벼물바구미,0
2018.09.01,고흥군,벼물바구미,0
2018.09.01,곡성군,벼물바구미,0
2018.09.01,광양시,벼물바구미,0
2018.09.01,구례군,벼물바구미,0
2018.09.01,나주시,벼물바구미,0
2018.09.01,담양군,벼물바구미,0
2018.09.01,무안군,벼물바구미,0
2018.09.01,보성군,벼물바구미,0
2018.09.01,순천시,벼물바구미,0
2018.09.01,신안군,벼물바구미,0
2018.09.01,여수시,벼물바구미,0
2018.09.01,영광군,벼물바구미,0
2018.09.01,영암군,벼물바구미,0
2018.09.01,완도군,벼물바구미,0
2018.09.01,장성군,벼물바구미,0
2018.09.01,장흥군,벼물바구미,0
2018.09.01,진도군,벼물바구미,0
2018.09.01,함평군,벼물바구미,0
2018.09.01,해남군,벼물바구미,0
2018.09.01,화순군,벼물바구미,0
2018.09.16,강진군,벼물바구미,0
2018.09.16,고흥군,벼물바구미,0
2018.09.16,곡성군,벼물바구미,0
2018.09.16,광양시,벼물바구미,0
2018.09.16,구례군,벼물바구미,0
2018.09.16,나주시,벼물바구미,0
2018.09.16,담양군,벼물바구미,0
2018.09.16,무안군,벼물바구미,0
2018.09.16,보성군,벼물바구미,0
2018.09.16,순천시,벼물바구미,0
2018.09.16,신안군,벼물바구미,0
2018.09.16,여수시,벼물바구미,0
2018.09.16,영광군,벼물바구미,0
2018.09.16,영암군,벼물바구미,0
2018.09.16,완도군,벼물바구미,1
2018.09.16,장성군,벼물바구미,0
2018.09.16,장흥군,벼물바구미,0
2018.09.16,진도군,벼물바구미,0
2018.09.16,함평군,벼물바구미,0
2018.09.16,해남군,벼물바구미,0
2018.09.16,화순군,벼물바구미,0
2019.06.01,강진군,벼물바구미,0
2019.06.01,고흥군,벼물바구미,0
2019.06.01,곡성군,벼물바구미,0
2019.06.01,광양시,벼물바구미,0
2019.06.01,구례군,벼물바구미,0
2019.06.01,나주시,벼물바구미,0
2019.06.01,담양군,벼물바구미,0
2019.06.01,무안군,벼물바구미,0
2019.06.01,보성군,벼물바구미,0
2019.06.01,순천시,벼물바구미,0
2019.06.01,신안군,벼물바구미,0
2019.06.01,여수시,벼물바구미,0
2019.06.01,영광군,벼물바구미,0
2019.06.01,영암군,벼물바구미,0
2019.06.01,완도군,벼물바구미,0
2019.06.01,장성군,벼물바구미,0
2019.06.01,장흥군,벼물바구미,1
2019.06.01,진도군,벼물바구미,0
2019.06.01,함평군,벼물바구미,0
2019.06.01,해남군,벼물바구미,0
2019.06.01,화순군,벼물바구미,0
2019.06.16,강진군,벼물바구미,0
2019.06.16,고흥군,벼물바구미,0
2019.06.16,곡성군,벼물바구미,1
2019.06.16,광양시,벼물바구미,0
2019.06.16,구례군,벼물바구미,0
2019.06.16,나주시,벼물바구미,1
2019.06.16,담양군,벼물바구미,0
2019.06.16,무안군,벼물바구미,1
2019.06.16,보성군,벼물바구미,0
2019.06.16,순천시,벼물바구미,0
2019.06.16,신안군,벼물바구미,1
2019.06.16,여수시,벼물바구미,1
2019.06.16,영광군,벼물바구미,0
2019.06.16,영암군,벼물바구미,1
2019.06.16,완도군,벼물바구미,1
2019.06.16,장성군,벼물바구미,0
2019.06.16,장흥군,벼물바구미,1
2019.06.16,진도군,벼물바구미,1
2019.06.16,함평군,벼물바구미,0
2019.06.16,해남군,벼물바구미,0
2019.06.16,화순군,벼물바구미,1
2019.07.01,강진군,벼물바구미,0
2019.07.01,고흥군,벼물바구미,1
2019.07.01,곡성군,벼물바구미,1
2019.07.01,광양시,벼물바구미,1
2019.07.01,구례군,벼물바구미,0
2019.07.01,나주시,벼물바구미,1
2019.07.01,담양군,벼물바구미,1
2019.07.01,무안군,벼물바구미,1
2019.07.01,보성군,벼물바구미,1
2019.07.01,순천시,벼물바구미,1
2019.07.01,신안군,벼물바구미,1
2019.07.01,여수시,벼물바구미,1
2019.07.01,영광군,벼물바구미,1
2019.07.01,영암군,벼물바구미,1
2019.07.01,완도군,벼물바구미,1
2019.07.01,장성군,벼물바구미,0
2019.07.01,장흥군,벼물바구미,1
2019.07.01,진도군,벼물바구미,1
2019.07.01,함평군,벼물바구미,1
2019.07.01,해남군,벼물바구미,0
2019.07.01,화순군,벼물바구미,0
2019.07.16,강진군,벼물바구미,0
2019.07.16,고흥군,벼물바구미,0
2019.07.16,곡성군,벼물바구미,0
2019.07.16,광양시,벼물바구미,0
2019.07.16,구례군,벼물바구미,1
2019.07.16,나주시,벼물바구미,0
2019.07.16,담양군,벼물바구미,1
2019.07.16,무안군,벼물바구미,0
2019.07.16,보성군,벼물바구미,0
2019.07.16,순천시,벼물바구미,0
2019.07.16,신안군,벼물바구미,0
2019.07.16,여수시,벼물바구미,0
2019.07.16,영광군,벼물바구미,0
2019.07.16,영암군,벼물바구미,0
2019.07.16,완도군,벼물바구미,1
2019.07.16,장성군,벼물바구미,1
2019.07.16,장흥군,벼물바구미,0
2019.07.16,진도군,벼물바구미,0
2019.07.16,함평군,벼물바구미,0
2019.07.16,해남군,벼물바구미,0
2019.07.16,화순군,벼물바구미,0
2019.08.01,강진군,벼물바구미,0
2019.08.01,고흥군,벼물바구미,0
2019.08.01,곡성군,벼물바구미,0
2019.08.01,광양시,벼물바구미,1
2019.08.01,구례군,벼물바구미,1
2019.08.01,나주시,벼물바구미,1
2019.08.01,담양군,벼물바구미,1
2019.08.01,무안군,벼물바구미,0
2019.08.01,보성군,벼물바구미,0
2019.08.01,순천시,벼물바구미,0
2019.08.01,신안군,벼물바구미,0
2019.08.01,여수시,벼물바구미,0
2019.08.01,영광군,벼물바구미,0
2019.08.01,영암군,벼물바구미,0
2019.08.01,완도군,벼물바구미,1
2019.08.01,장성군,벼물바구미,1
2019.08.01,장흥군,벼물바구미,0
2019.08.01,진도군,벼물바구미,1
2019.08.01,함평군,벼물바구미,0
2019.08.01,해남군,벼물바구미,0
2019.08.01,화순군,벼물바구미,0
2019.08.16,강진군,벼물바구미,0
2019.08.16,고흥군,벼물바구미,0
2019.08.16,광양시,벼물바구미,1
2019.08.16,구례군,벼물바구미,1
2019.08.16,무안군,벼물바구미,0
2019.08.16,보성군,벼물바구미,0
2019.08.16,순천시,벼물바구미,0
2019.08.16,신안군,벼물바구미,0
2019.08.16,여수시,벼물바구미,0
2019.08.16,영광군,벼물바구미,0
2019.08.16,완도군,벼물바구미,1
2019.08.16,장흥군,벼물바구미,0
2019.08.16,진도군,벼물바구미,0
2019.08.16,함평군,벼물바구미,0
2019.08.16,해남군,벼물바구미,0
2019.08.16,화순군,벼물바구미,0
2019.09.01,강진군,벼물바구미,0
2019.09.01,고흥군,벼물바구미,0
2019.09.01,곡성군,벼물바구미,0
2019.09.01,광양시,벼물바구미,0
2019.09.01,구례군,벼물바구미,1
2019.09.01,나주시,벼물바구미,0
2019.09.01,담양군,벼물바구미,0
2019.09.01,무안군,벼물바구미,0
2019.09.01,보성군,벼물바구미,0
2019.09.01,순천시,벼물바구미,0
2019.09.01,신안군,벼물바구미,0
2019.09.01,여수시,벼물바구미,0
2019.09.01,영광군,벼물바구미,0
2019.09.01,영암군,벼물바구미,0
2019.09.01,완도군,벼물바구미,1
2019.09.01,장성군,벼물바구미,0
2019.09.01,장흥군,벼물바구미,0
2019.09.01,진도군,벼물바구미,0
2019.09.01,함평군,벼물바구미,0
2019.09.01,해남군,벼물바구미,0
2019.09.01,화순군,벼물바구미,0
2019.09.16,강진군,벼물바구미,0
2019.09.16,고흥군,벼물바구미,0
2019.09.16,곡성군,벼물바구미,0
2019.09.16,광양시,벼물바구미,0
2019.09.16,구례군,벼물바구미,1
2019.09.16,나주시,벼물바구미,0
2019.09.16,담양군,벼물바구미,0
2019.09.16,무안군,벼물바구미,0
2019.09.16,보성군,벼물바구미,0
2019.09.16,순천시,벼물바구미,0
2019.09.16,여수시,벼물바구미,0
2019.09.16,영광군,벼물바구미,0
2019.09.16,영암군,벼물바구미,0
2019.09.16,완도군,벼물바구미,1
2019.09.16,장성군,벼물바구미,0
2019.09.16,장흥군,벼물바구미,0
2019.09.16,진도군,벼물바구미,0
2019.09.16,함평군,벼물바구미,0
2019.09.16,해남군,벼물바구미,0
2019.09.16,화순군,벼물바구미,0
2020.06.01,강진군,벼물바구미,0
2020.06.01,고흥군,벼물바구미,0
2020.06.01,광양시,벼물바구미,0
2020.06.01,구례군,벼물바구미,0
2020.06.01,나주시,벼물바구미,0
2020.06.01,담양군,벼물바구미,0
2020.06.01,무안군,벼물바구미,0
2020.06.01,보성군,벼물바구미,0
2020.06.01,순천시,벼물바구미,0
2020.06.01,신안군,벼물바구미,0
2020.06.01,여수시,벼물바구미,0
2020.06.01,영광군,벼물바구미,0
2020.06.01,영암군,벼물바구미,0
2020.06.01,완도군,벼물바구미,0
2020.06.01,장성군,벼물바구미,0
2020.06.01,장흥군,벼물바구미,0
2020.06.01,진도군,벼물바구미,0
2020.06.01,함평군,벼물바구미,0
2020.06.01,해남군,벼물바구미,0
2020.06.01,화순군,벼물바구미,0
2020.06.16,강진군,벼물바구미,1
2020.06.16,고흥군,벼물바구미,0
2020.06.16,곡성군,벼물바구미,1
2020.06.16,광양시,벼물바구미,1
2020.06.16,구례군,벼물바구미,0
2020.06.16,나주시,벼물바구미,1
2020.06.16,담양군,벼물바구미,1
2020.06.16,무안군,벼물바구미,1
2020.06.16,보성군,벼물바구미,1
2020.06.16,순천시,벼물바구미,1
2020.06.16,신안군,벼물바구미,0
2020.06.16,여수시,벼물바구미,1
2020.06.16,영광군,벼물바구미,1
2020.06.16,영암군,벼물바구미,0
2020.06.16,완도군,벼물바구미,0
2020.06.16,장성군,벼물바구미,1
2020.06.16,장흥군,벼물바구미,1
2020.06.16,진도군,벼물바구미,1
2020.06.16,함평군,벼물바구미,1
2020.06.16,해남군,벼물바구미,0
2020.06.16,화순군,벼물바구미,1
2020.07.01,강진군,벼물바구미,1
2020.07.01,고흥군,벼물바구미,1
2020.07.01,곡성군,벼물바구미,1
2020.07.01,광양시,벼물바구미,0
2020.07.01,구례군,벼물바구미,0
2020.07.01,담양군,벼물바구미,1
2020.07.01,무안군,벼물바구미,1
2020.07.01,보성군,벼물바구미,1
2020.07.01,순천시,벼물바구미,1
2020.07.01,신안군,벼물바구미,0
2020.07.01,여수시,벼물바구미,1
2020.07.01,영광군,벼물바구미,0
2020.07.01,영암군,벼물바구미,0
2020.07.01,완도군,벼물바구미,0
2020.07.01,장성군,벼물바구미,0
2020.07.01,장흥군,벼물바구미,1
2020.07.01,진도군,벼물바구미,1
2020.07.01,함평군,벼물바구미,1
2020.07.01,해남군,벼물바구미,0
2020.07.01,화순군,벼물바구미,0
2020.07.16,강진군,벼물바구미,0
2020.07.16,고흥군,벼물바구미,0
2020.07.16,곡성군,벼물바구미,1
2020.07.16,광양시,벼물바구미,0
2020.07.16,구례군,벼물바구미,0
2020.07.16,나주시,벼물바구미,0
2020.07.16,담양군,벼물바구미,1
2020.07.16,무안군,벼물바구미,0
2020.07.16,보성군,벼물바구미,0
2020.07.16,순천시,벼물바구미,0
2020.07.16,신안군,벼물바구미,0
2020.07.16,여수시,벼물바구미,1
2020.07.16,영광군,벼물바구미,0
2020.07.16,영암군,벼물바구미,0
2020.07.16,완도군,벼물바구미,1
2020.07.16,장성군,벼물바구미,0
2020.07.16,장흥군,벼물바구미,0
2020.07.16,진도군,벼물바구미,1
2020.07.16,함평군,벼물바구미,1
2020.07.16,해남군,벼물바구미,0
2020.07.16,화순군,벼물바구미,0
2020.08.01,강진군,벼물바구미,0
2020.08.01,고흥군,벼물바구미,0
2020.08.01,곡성군,벼물바구미,1
2020.08.01,광양시,벼물바구미,0
2020.08.01,구례군,벼물바구미,1
2020.08.01,나주시,벼물바구미,0
2020.08.01,담양군,벼물바구미,1
2020.08.01,무안군,벼물바구미,0
2020.08.01,보성군,벼물바구미,0
2020.08.01,순천시,벼물바구미,0
2020.08.01,신안군,벼물바구미,0
2020.08.01,여수시,벼물바구미,0
2020.08.01,영광군,벼물바구미,0
2020.08.01,영암군,벼물바구미,0
2020.08.01,완도군,벼물바구미,1
2020.08.01,장성군,벼물바구미,0
2020.08.01,장흥군,벼물바구미,0
2020.08.01,진도군,벼물바구미,1
2020.08.01,함평군,벼물바구미,1
2020.08.01,해남군,벼물바구미,1
2020.08.01,화순군,벼물바구미,0
2020.08.16,강진군,벼물바구미,0
2020.08.16,고흥군,벼물바구미,0
2020.08.16,곡성군,벼물바구미,1
2020.08.16,광양시,벼물바구미,0
2020.08.16,구례군,벼물바구미,1
2020.08.16,나주시,벼물바구미,0
2020.08.16,담양군,벼물바구미,1
2020.08.16,무안군,벼물바구미,0
2020.08.16,보성군,벼물바구미,0
2020.08.16,순천시,벼물바구미,0
2020.08.16,신안군,벼물바구미,0
2020.08.16,여수시,벼물바구미,0
2020.08.16,영광군,벼물바구미,0
2020.08.16,영암군,벼물바구미,0
2020.08.16,완도군,벼물바구미,0
2020.08.16,장성군,벼물바구미,0
2020.08.16,장흥군,벼물바구미,0
2020.08.16,진도군,벼물바구미,1
2020.08.16,함평군,벼물바구미,0
2020.08.16,해남군,벼물바구미,0
2020.08.16,화순군,벼물바구미,0
2020.09.01,강진군,벼물바구미,0
2020.09.01,고흥군,벼물바구미,0
2020.09.01,곡성군,벼물바구미,0
2020.09.01,광양시,벼물바구미,0
2020.09.01,구례군,벼물바구미,0
2020.09.01,나주시,벼물바구미,0
2020.09.01,담양군,벼물바구미,1
2020.09.01,무안군,벼물바구미,0
2020.09.01,보성군,벼물바구미,1
2020.09.01,순천시,벼물바구미,0
2020.09.01,신안군,벼물바구미,0
2020.09.01,여수시,벼물바구미,0
2020.09.01,영광군,벼물바구미,0
2020.09.01,영암군,벼물바구미,0
2020.09.01,완도군,벼물바구미,0
2020.09.01,장성군,벼물바구미,0
2020.09.01,장흥군,벼물바구미,0
2020.09.01,진도군,벼물바구미,0
2020.09.01,함평군,벼물바구미,0
2020.09.01,해남군,벼물바구미,0
2020.09.01,화순군,벼물바구미,0
2020.09.16,강진군,벼물바구미,0
2020.09.16,고흥군,벼물바구미,0
2020.09.16,곡성군,벼물바구미,0
2020.09.16,광양시,벼물바구미,0
2020.09.16,구례군,벼물바구미,0
2020.09.16,나주시,벼물바구미,0
2020.09.16,담양군,벼물바구미,0
2020.09.16,무안군,벼물바구미,0
2020.09.16,보성군,벼물바구미,0
2020.09.16,순천시,벼물바구미,0
2020.09.16,신안군,벼물바구미,0
2020.09.16,여수시,벼물바구미,0
2020.09.16,영광군,벼물바구미,0
2020.09.16,영암군,벼물바구미,0
2020.09.16,완도군,벼물바구미,0
2020.09.16,장성군,벼물바구미,0
2020.09.16,장흥군,벼물바구미,0
2020.09.16,진도군,벼물바구미,0
2020.09.16,함평군,벼물바구미,0
2020.09.16,해남군,벼물바구미,0
2020.09.16,화순군,벼물바구미,0
2021.06.01,강진군,벼물바구미,0
2021.06.01,고흥군,벼물바구미,0
2021.06.01,곡성군,벼물바구미,0
2021.06.01,광양시,벼물바구미,0
2021.06.01,구례군,벼물바구미,0
2021.06.01,나주시,벼물바구미,0
2021.06.01,담양군,벼물바구미,0
2021.06.01,무안군,벼물바구미,0
2021.06.01,보성군,벼물바구미,0
2021.06.01,순천시,벼물바구미,0
2021.06.01,신안군,벼물바구미,0
2021.06.01,여수시,벼물바구미,1
2021.06.01,영암군,벼물바구미,0
2021.06.01,완도군,벼물바구미,0
2021.06.01,장성군,벼물바구미,0
2021.06.01,장흥군,벼물바구미,0
2021.06.01,진도군,벼물바구미,0
2021.06.01,함평군,벼물바구미,0
2021.06.01,해남군,벼물바구미,0
2021.06.01,화순군,벼물바구미,0
2021.06.16,강진군,벼물바구미,0
2021.06.16,고흥군,벼물바구미,0
2021.06.16,곡성군,벼물바구미,1
2021.06.16,광양시,벼물바구미,1
2021.06.16,구례군,벼물바구미,1
2021.06.16,나주시,벼물바구미,0
2021.06.16,담양군,벼물바구미,0
2021.06.16,무안군,벼물바구미,1
2021.06.16,보성군,벼물바구미,0
2021.06.16,순천시,벼물바구미,1
2021.06.16,신안군,벼물바구미,0
2021.06.16,여수시,벼물바구미,1
2021.06.16,영광군,벼물바구미,1
2021.06.16,영암군,벼물바구미,1
2021.06.16,완도군,벼물바구미,0
2021.06.16,장성군,벼물바구미,1
2021.06.16,장흥군,벼물바구미,1
2021.06.16,진도군,벼물바구미,0
2021.06.16,함평군,벼물바구미,0
2021.06.16,해남군,벼물바구미,0
2021.06.16,화순군,벼물바구미,0
2021.07.01,강진군,벼물바구미,0
2021.07.01,고흥군,벼물바구미,0
2021.07.01,곡성군,벼물바구미,0
2021.07.01,광양시,벼물바구미,1
2021.07.01,구례군,벼물바구미,0
2021.07.01,나주시,벼물바구미,0
2021.07.01,담양군,벼물바구미,0
2021.07.01,무안군,벼물바구미,0
2021.07.01,보성군,벼물바구미,0
2021.07.01,순천시,벼물바구미,1
2021.07.01,신안군,벼물바구미,0
2021.07.01,여수시,벼물바구미,1
2021.07.01,영광군,벼물바구미,1
2021.07.01,영암군,벼물바구미,0
2021.07.01,완도군,벼물바구미,0
2021.07.01,장성군,벼물바구미,1
2021.07.01,장흥군,벼물바구미,1
2021.07.01,진도군,벼물바구미,0
2021.07.01,함평군,벼물바구미,0
2021.07.01,해남군,벼물바구미,0
2021.07.01,화순군,벼물바구미,1
2021.07.16,강진군,벼물바구미,0
2021.07.16,고흥군,벼물바구미,0
2021.07.16,곡성군,벼물바구미,1
2021.07.16,광양시,벼물바구미,0
2021.07.16,구례군,벼물바구미,0
2021.07.16,나주시,벼물바구미,0
2021.07.16,담양군,벼물바구미,0
2021.07.16,무안군,벼물바구미,0
2021.07.16,보성군,벼물바구미,0
2021.07.16,순천시,벼물바구미,0
2021.07.16,신안군,벼물바구미,0
2021.07.16,여수시,벼물바구미,0
2021.07.16,영광군,벼물바구미,0
2021.07.16,영암군,벼물바구미,0
2021.07.16,완도군,벼물바구미,0
2021.07.16,장성군,벼물바구미,0
2021.07.16,장흥군,벼물바구미,1
2021.07.16,진도군,벼물바구미,1
2021.07.16,함평군,벼물바구미,0
2021.07.16,해남군,벼물바구미,0
2021.07.16,화순군,벼물바구미,0
2021.08.01,강진군,벼물바구미,0
2021.08.01,고흥군,벼물바구미,0
2021.08.01,곡성군,벼물바구미,1
2021.08.01,광양시,벼물바구미,1
2021.08.01,구례군,벼물바구미,0
2021.08.01,보성군,벼물바구미,0
2021.08.01,여수시,벼물바구미,1
2021.08.01,영암군,벼물바구미,0
2021.08.01,완도군,벼물바구미,0
2021.08.01,장성군,벼물바구미,0
2021.08.01,진도군,벼물바구미,0
2021.08.01,함평군,벼물바구미,0
2021.08.01,해남군,벼물바구미,0
2021.08.01,화순군,벼물바구미,0
2021.08.16,강진군,벼물바구미,0
2021.08.16,고흥군,벼물바구미,0
2021.08.16,곡성군,벼물바구미,0
2021.08.16,광양시,벼물바구미,1
2021.08.16,구례군,벼물바구미,0
2021.08.16,나주시,벼물바구미,0
2021.08.16,담양군,벼물바구미,0
2021.08.16,무안군,벼물바구미,0
2021.08.16,보성군,벼물바구미,0
2021.08.16,순천시,벼물바구미,0
2021.08.16,신안군,벼물바구미,0
2021.08.16,여수시,벼물바구미,0
2021.08.16,영광군,벼물바구미,0
2021.08.16,영암군,벼물바구미,0
2021.08.16,완도군,벼물바구미,1
2021.08.16,장성군,벼물바구미,0
2021.08.16,장흥군,벼물바구미,0
2021.08.16,진도군,벼물바구미,0
2021.08.16,함평군,벼물바구미,0
2021.08.16,해남군,벼물바구미,0
2021.08.16,화순군,벼물바구미,1
2021.09.01,강진군,벼물바구미,0
2021.09.01,고흥군,벼물바구미,0
2021.09.01,곡성군,벼물바구미,0
2021.09.01,광양시,벼물바구미,1
2021.09.01,구례군,벼물바구미,0
2021.09.01,담양군,벼물바구미,0
2021.09.01,무안군,벼물바구미,0
2021.09.01,보성군,벼물바구미,0
2021.09.01,순천시,벼물바구미,0
2021.09.01,신안군,벼물바구미,0
2021.09.01,여수시,벼물바구미,0
2021.09.01,영암군,벼물바구미,0
2021.09.01,완도군,벼물바구미,1
2021.09.01,장성군,벼물바구미,0
2021.09.01,장흥군,벼물바구미,0
2021.09.01,진도군,벼물바구미,0
2021.09.01,함평군,벼물바구미,0
2021.09.01,해남군,벼물바구미,0
2021.09.01,화순군,벼물바구미,0
2021.09.16,강진군,벼물바구미,0
2021.09.16,고흥군,벼물바구미,0
2021.09.16,곡성군,벼물바구미,1
2021.09.16,광양시,벼물바구미,0
2021.09.16,구례군,벼물바구미,0
2021.09.16,나주시,벼물바구미,0
2021.09.16,담양군,벼물바구미,0
2021.09.16,무안군,벼물바구미,0
2021.09.16,보성군,벼물바구미,0
2021.09.16,순천시,벼물바구미,0
2021.09.16,신안군,벼물바구미,0
2021.09.16,여수시,벼물바구미,0
2021.09.16,영광군,벼물바구미,0
2021.09.16,영암군,벼물바구미,0
2021.09.16,완도군,벼물바구미,0
2021.09.16,장성군,벼물바구미,0
2021.09.16,장흥군,벼물바구미,0
2021.09.16,진도군,벼물바구미,0
2021.09.16,함평군,벼물바구미,0
2021.09.16,해남군,벼물바구미,0
2021.09.16,화순군,벼물바구미,0
2022.06.01,강진군,벼물바구미,0
2022.06.01,고흥군,벼물바구미,0
2022.06.01,곡성군,벼물바구미,0
2022.06.01,광양시,벼물바구미,0
2022.06.01,구례군,벼물바구미,0
2022.06.01,나주시,벼물바구미,0
2022.06.01,담양군,벼물바구미,0
2022.06.01,무안군,벼물바구미,0
2022.06.01,보성군,벼물바구미,0
2022.06.01,순천시,벼물바구미,0
2022.06.01,신안군,벼물바구미,0
2022.06.01,여수시,벼물바구미,0
2022.06.01,영광군,벼물바구미,0
2022.06.01,영암군,벼물바구미,0
2022.06.01,완도군,벼물바구미,0
2022.06.01,장성군,벼물바구미,0
2022.06.01,장흥군,벼물바구미,0
2022.06.01,진도군,벼물바구미,1
2022.06.01,함평군,벼물바구미,0
2022.06.01,해남군,벼물바구미,0
2022.06.01,화순군,벼물바구미,0
2022.06.16,강진군,벼물바구미,0
2022.06.16,고흥군,벼물바구미,0
2022.06.16,곡성군,벼물바구미,1
2022.06.16,광양시,벼물바구미,0
2022.06.16,구례군,벼물바구미,1
2022.06.16,나주시,벼물바구미,0
2022.06.16,담양군,벼물바구미,0
2022.06.16,무안군,벼물바구미,0
2022.06.16,보성군,벼물바구미,1
2022.06.16,순천시,벼물바구미,0
2022.06.16,신안군,벼물바구미,0
2022.06.16,여수시,벼물바구미,1
2022.06.16,영광군,벼물바구미,1
2022.06.16,영암군,벼물바구미,0
2022.06.16,완도군,벼물바구미,0
2022.06.16,장성군,벼물바구미,0
2022.06.16,장흥군,벼물바구미,1
2022.06.16,진도군,벼물바구미,1
2022.06.16,함평군,벼물바구미,0
2022.06.16,해남군,벼물바구미,0
2022.06.16,화순군,벼물바구미,0
2022.07.01,강진군,벼물바구미,0
2022.07.01,고흥군,벼물바구미,0
2022.07.01,곡성군,벼물바구미,0
2022.07.01,광양시,벼물바구미,1
2022.07.01,구례군,벼물바구미,0
2022.07.01,나주시,벼물바구미,0
2022.07.01,담양군,벼물바구미,0
2022.07.01,무안군,벼물바구미,0
2022.07.01,보성군,벼물바구미,0
2022.07.01,순천시,벼물바구미,0
2022.07.01,신안군,벼물바구미,0
2022.07.01,여수시,벼물바구미,1
2022.07.01,영광군,벼물바구미,0
2022.07.01,영암군,벼물바구미,0
2022.07.01,완도군,벼물바구미,0
2022.07.01,장성군,벼물바구미,1
2022.07.01,장흥군,벼물바구미,1
2022.07.01,진도군,벼물바구미,1
2022.07.01,함평군,벼물바구미,0
2022.07.01,해남군,벼물바구미,0
2022.07.01,화순군,벼물바구미,0
2022.07.16,강진군,벼물바구미,0
2022.07.16,고흥군,벼물바구미,0
2022.07.16,곡성군,벼물바구미,0
2022.07.16,광양시,벼물바구미,1
2022.07.16,구례군,벼물바구미,0
2022.07.16,나주시,벼물바구미,0
2022.07.16,담양군,벼물바구미,0
2022.07.16,무안군,벼물바구미,0
2022.07.16,보성군,벼물바구미,0
2022.07.16,순천시,벼물바구미,0
2022.07.16,신안군,벼물바구미,0
2022.07.16,여수시,벼물바구미,1
2022.07.16,영광군,벼물바구미,0
2022.07.16,영암군,벼물바구미,0
2022.07.16,완도군,벼물바구미,0
2022.07.16,장성군,벼물바구미,1
2022.07.16,장흥군,벼물바구미,0
2022.07.16,진도군,벼물바구미,0
2022.07.16,함평군,벼물바구미,0
2022.07.16,해남군,벼물바구미,0
2022.07.16,화순군,벼물바구미,0
2022.08.01,강진군,벼물바구미,0
2022.08.01,고흥군,벼물바구미,0
2022.08.01,곡성군,벼물바구미,0
2022.08.01,광양시,벼물바구미,1
2022.08.01,구례군,벼물바구미,0
2022.08.01,나주시,벼물바구미,0
2022.08.01,담양군,벼물바구미,0
2022.08.01,무안군,벼물바구미,0
2022.08.01,보성군,벼물바구미,0
2022.08.01,순천시,벼물바구미,0
2022.08.01,신안군,벼물바구미,0
2022.08.01,여수시,벼물바구미,0
2022.08.01,영광군,벼물바구미,0
2022.08.01,영암군,벼물바구미,0
2022.08.01,완도군,벼물바구미,0
2022.08.01,장성군,벼물바구미,0
2022.08.01,장흥군,벼물바구미,0
2022.08.01,진도군,벼물바구미,0
2022.08.01,함평군,벼물바구미,0
2022.08.01,화순군,벼물바구미,0
2022.08.16,강진군,벼물바구미,0
2022.08.16,고흥군,벼물바구미,0
2022.08.16,광양시,벼물바구미,1
2022.08.16,구례군,벼물바구미,0
2022.08.16,담양군,벼물바구미,0
2022.08.16,무안군,벼물바구미,0
2022.08.16,보성군,벼물바구미,0
2022.08.16,순천시,벼물바구미,0
2022.08.16,여수시,벼물바구미,0
2022.08.16,영암군,벼물바구미,0
2022.08.16,완도군,벼물바구미,0
2022.08.16,장성군,벼물바구미,0
2022.08.16,장흥군,벼물바구미,0
2022.08.16,진도군,벼물바구미,0
2022.08.16,함평군,벼물바구미,0
2022.08.16,해남군,벼물바구미,0
2022.08.16,화순군,벼물바구미,0
2022.09.01,강진군,벼물바구미,0
2022.09.01,고흥군,벼물바구미,0
2022.09.01,곡성군,벼물바구미,0
2022.09.01,광양시,벼물바구미,1
2022.09.01,구례군,벼물바구미,0
2022.09.01,담양군,벼물바구미,0
2022.09.01,보성군,벼물바구미,0
2022.09.01,순천시,벼물바구미,0
2022.09.01,신안군,벼물바구미,0
2022.09.01,여수시,벼물바구미,0
2022.09.01,영암군,벼물바구미,0
2022.09.01,완도군,벼물바구미,0
2022.09.01,장성군,벼물바구미,0
2022.09.01,장흥군,벼물바구미,0
2022.09.01,진도군,벼물바구미,0
2022.09.01,해남군,벼물바구미,0
2022.09.01,화순군,벼물바구미,1
2022.09.16,강진군,벼물바구미,0
2022.09.16,고흥군,벼물바구미,0
2022.09.16,곡성군,벼물바구미,0
2022.09.16,광양시,벼물바구미,0
2022.09.16,구례군,벼물바구미,0
2022.09.16,나주시,벼물바구미,0
2022.09.16,담양군,벼물바구미,0
2022.09.16,무안군,벼물바구미,0
2022.09.16,보성군,벼물바구미,0
2022.09.16,순천시,벼물바구미,0
2022.09.16,신안군,벼물바구미,0
2022.09.16,여수시,벼물바구미,0
2022.09.16,영광군,벼물바구미,0
2022.09.16,완도군,벼물바구미,0
2022.09.16,장성군,벼물바구미,0
2022.09.16,장흥군,벼물바구미,0
2022.09.16,진도군,벼물바구미,0
2022.09.16,함평군,벼물바구미,0
2022.09.16,해남군,벼물바구미,0
2022.09.16,화순군,벼물바구미,0
2023.06.01,강진군,벼물바구미,0
2023.06.01,곡성군,벼물바구미,0
2023.06.01,광양시,벼물바구미,0
2023.06.01,구례군,벼물바구미,1
2023.06.01,나주시,벼물바구미,0
2023.06.01,담양군,벼물바구미,0
2023.06.01,무안군,벼물바구미,0
2023.06.01,보성군,벼물바구미,0
2023.06.01,순천시,벼물바구미,0
2023.06.01,신안군,벼물바구미,0
2023.06.01,여수시,벼물바구미,0
2023.06.01,영광군,벼물바구미,0
2023.06.01,영암군,벼물바구미,0
2023.06.01,완도군,벼물바구미,0
2023.06.01,장성군,벼물바구미,0
2023.06.01,장흥군,벼물바구미,0
2023.06.01,진도군,벼물바구미,1
2023.06.01,함평군,벼물바구미,0
2023.06.01,해남군,벼물바구미,0
2023.06.01,화순군,벼물바구미,0
2023.06.16,강진군,벼물바구미,0
2023.06.16,곡성군,벼물바구미,1
2023.06.16,광양시,벼물바구미,0
2023.06.16,구례군,벼물바구미,0
2023.06.16,나주시,벼물바구미,0
2023.06.16,담양군,벼물바구미,0
2023.06.16,무안군,벼물바구미,0
2023.06.16,보성군,벼물바구미,0
2023.06.16,순천시,벼물바구미,0
2023.06.16,신안군,벼물바구미,0
2023.06.16,여수시,벼물바구미,1
2023.06.16,영광군,벼물바구미,0
2023.06.16,영암군,벼물바구미,1
2023.06.16,완도군,벼물바구미,0
2023.06.16,장성군,벼물바구미,1
2023.06.16,장흥군,벼물바구미,1
2023.06.16,진도군,벼물바구미,1
2023.06.16,함평군,벼물바구미,1
2023.06.16,해남군,벼물바구미,0
2023.06.16,화순군,벼물바구미,0
2023.07.01,강진군,벼물바구미,0
2023.07.01,고흥군,벼물바구미,0
2023.07.01,곡성군,벼물바구미,1
2023.07.01,광양시,벼물바구미,1
2023.07.01,구례군,벼물바구미,0
2023.07.01,나주시,벼물바구미,0
2023.07.01,담양군,벼물바구미,0
2023.07.01,무안군,벼물바구미,0
2023.07.01,보성군,벼물바구미,1
2023.07.01,순천시,벼물바구미,0
2023.07.01,신안군,벼물바구미,0
2023.07.01,여수시,벼물바구미,1
2023.07.01,영광군,벼물바구미,0
2023.07.01,영암군,벼물바구미,1
2023.07.01,완도군,벼물바구미,0
2023.07.01,장성군,벼물바구미,0
2023.07.01,장흥군,벼물바구미,1
2023.07.01,진도군,벼물바구미,1
2023.07.01,함평군,벼물바구미,1
2023.07.01,해남군,벼물바구미,0
2023.07.01,화순군,벼물바구미,0
2023.07.16,강진군,벼물바구미,1
2023.07.16,고흥군,벼물바구미,0
2023.07.16,곡성군,벼물바구미,0
2023.07.16,광양시,벼물바구미,0
2023.07.16,구례군,벼물바구미,0
2023.07.16,나주시,벼물바구미,0
2023.07.16,담양군,벼물바구미,1
2023.07.16,무안군,벼물바구미,0
2023.07.16,보성군,벼물바구미,0
2023.07.16,순천시,벼물바구미,0
2023.07.16,신안군,벼물바구미,0
2023.07.16,여수시,벼물바구미,0
2023.07.16,영광군,벼물바구미,0
2023.07.16,영암군,벼물바구미,0
2023.07.16,완도군,벼물바구미,0
2023.07.16,장성군,벼물바구미,0
2023.07.16,장흥군,벼물바구미,0
2023.07.16,진도군,벼물바구미,1
2023.07.16,함평군,벼물바구미,0
2023.07.16,해남군,벼물바구미,0
2023.07.16,화순군,벼물바구미,0
2023.08.01,강진군,벼물바구미,0
2023.08.01,고흥군,벼물바구미,0
2023.08.01,곡성군,벼물바구미,0
2023.08.01,광양시,벼물바구미,1
2023.08.01,구례군,벼물바구미,1
2023.08.01,나주시,벼물바구미,0
2023.08.01,담양군,벼물바구미,0
2023.08.01,무안군,벼물바구미,0
2023.08.01,보성군,벼물바구미,0
2023.08.01,순천시,벼물바구미,0
2023.08.01,신안군,벼물바구미,0
2023.08.01,여수시,벼물바구미,0
2023.08.01,영광군,벼물바구미,0
2023.08.01,영암군,벼물바구미,0
2023.08.01,완도군,벼물바구미,0
2023.08.01,장성군,벼물바구미,0
2023.08.01,장흥군,벼물바구미,0
2023.08.01,진도군,벼물바구미,1
2023.08.01,함평군,벼물바구미,1
2023.08.01,해남군,벼물바구미,0
2023.08.01,화순군,벼물바구미,1
2023.08.16,강진군,벼물바구미,0
2023.08.16,고흥군,벼물바구미,0
2023.08.16,곡성군,벼물바구미,1
2023.08.16,광양시,벼물바구미,1
2023.08.16,구례군,벼물바구미,0
2023.08.16,나주시,벼물바구미,0
2023.08.16,담양군,벼물바구미,0
2023.08.16,무안군,벼물바구미,0
2023.08.16,보성군,벼물바구미,0
2023.08.16,순천시,벼물바구미,0
2023.08.16,신안군,벼물바구미,0
2023.08.16,여수시,벼물바구미,0
2023.08.16,영광군,벼물바구미,0
2023.08.16,영암군,벼물바구미,0
2023.08.16,완도군,벼물바구미,0
2023.08.16,장성군,벼물바구미,0
2023.08.16,장흥군,벼물바구미,0
2023.08.16,진도군,벼물바구미,1
2023.08.16,함평군,벼물바구미,0
2023.08.16,해남군,벼물바구미,0
2023.08.16,화순군,벼물바구미,1
2023.09.01,강진군,벼물바구미,0
2023.09.01,고흥군,벼물바구미,0
2023.09.01,곡성군,벼물바구미,1
2023.09.01,광양시,벼물바구미,1
2023.09.01,구례군,벼물바구미,0
2023.09.01,나주시,벼물바구미,0
2023.09.01,담양군,벼물바구미,1
2023.09.01,무안군,벼물바구미,0
2023.09.01,보성군,벼물바구미,0
2023.09.01,순천시,벼물바구미,0
2023.09.01,신안군,벼물바구미,0
2023.09.01,여수시,벼물바구미,0
2023.09.01,영광군,벼물바구미,0
2023.09.01,영암군,벼물바구미,0
2023.09.01,완도군,벼물바구미,1
2023.09.01,장성군,벼물바구미,0
2023.09.01,장흥군,벼물바구미,0
2023.09.01,진도군,벼물바구미,0
2023.09.01,함평군,벼물바구미,0
2023.09.01,해남군,벼물바구미,0
2023.09.01,화순군,벼물바구미,0
2023.09.16,강진군,벼물바구미,0
2023.09.16,고흥군,벼물바구미,0
2023.09.16,곡성군,벼물바구미,0
2023.09.16,광양시,벼물바구미,0
2023.09.16,구례군,벼물바구미,0
2023.09.16,나주시,벼물바구미,0
2023.09.16,담양군,벼물바구미,0
2023.09.16,무안군,벼물바구미,0
2023.09.16,보성군,벼물바구미,0
2023.09.16,순천시,벼물바구미,0
2023.09.16,신안군,벼물바구미,0
2023.09.16,여수시,벼물바구미,0
2023.09.16,영광군,벼물바구미,0
2023.09.16,영암군,벼물바구미,0
2023.09.16,완도군,벼물바구미,0
2023.09.16,장성군,벼물바구미,0
2023.09.16,장흥군,벼물바구미,0
2023.09.16,진도군,벼물바구미,0
2023.09.16,함평군,벼물바구미,0
2023.09.16,해남군,벼물바구미,0
2023.09.16,화순군,벼물바구미,0
2024.06.01,강진군,벼물바구미,0
2024.06.01,고흥군,벼물바구미,0
2024.06.01,광양시,벼물바구미,0
2024.06.01,구례군,벼물바구미,0
2024.06.01,나주시,벼물바구미,0
2024.06.01,무안군,벼물바구미,0
2024.06.01,보성군,벼물바구미,0
2024.06.01,순천시,벼물바구미,0
2024.06.01,신안군,벼물바구미,0
2024.06.01,여수시,벼물바구미,0
2024.06.01,영암군,벼물바구미,0
2024.06.01,완도군,벼물바구미,0
2024.06.01,장성군,벼물바구미,0
2024.06.01,장흥군,벼물바구미,0
2024.06.01,진도군,벼물바구미,1
2024.06.01,해남군,벼물바구미,0
2024.06.01,화순군,벼물바구미,0
2024.06.16,강진군,벼물바구미,0
2024.06.16,고흥군,벼물바구미,0
2024.06.16,광양시,벼물바구미,0
2024.06.16,구례군,벼물바구미,0
2024.06.16,나주시,벼물바구미,0
2024.06.16,담양군,벼물바구미,0
2024.06.16,무안군,벼물바구미,0
2024.06.16,보성군,벼물바구미,0
2024.06.16,순천시,벼물바구미,0
2024.06.16,신안군,벼물바구미,0
2024.06.16,여수시,벼물바구미,1
2024.06.16,영광군,벼물바구미,0
2024.06.16,영암군,벼물바구미,0
2024.06.16,완도군,벼물바구미,0
2024.06.16,장성군,벼물바구미,0
2024.06.16,장흥군,벼물바구미,0
2024.06.16,진도군,벼물바구미,1
2024.06.16,해남군,벼물바구미,0
2024.06.16,화순군,벼물바구미,0
2024.07.01,강진군,벼물바구미,0
2024.07.01,고흥군,벼물바구미,0
2024.07.01,곡성군,벼물바구미,0
2024.07.01,광양시,벼물바구미,1
2024.07.01,구례군,벼물바구미,0
2024.07.01,나주시,벼물바구미,0
2024.07.01,담양군,벼물바구미,0
2024.07.01,무안군,벼물바구미,0
2024.07.01,보성군,벼물바구미,0
2024.07.01,순천시,벼물바구미,0
2024.07.01,신안군,벼물바구미,0
2024.07.01,여수시,벼물바구미,1
2024.07.01,영광군,벼물바구미,0
2024.07.01,영암군,벼물바구미,1
2024.07.01,완도군,벼물바구미,0
2024.07.01,장성군,벼물바구미,0
2024.07.01,장흥군,벼물바구미,1
2024.07.01,진도군,벼물바구미,1
2024.07.01,함평군,벼물바구미,0
2024.07.01,해남군,벼물바구미,0
2024.07.01,화순군,벼물바구미,0
2024.07.16,강진군,벼물바구미,0
2024.07.16,고흥군,벼물바구미,1
2024.07.16,곡성군,벼물바구미,0
2024.07.16,광양시,벼물바구미,1
2024.07.16,구례군,벼물바구미,0
2024.07.16,나주시,벼물바구미,0
2024.07.16,담양군,벼물바구미,0
2024.07.16,무안군,벼물바구미,0
2024.07.16,보성군,벼물바구미,0
2024.07.16,순천시,벼물바구미,1
2024.07.16,신안군,벼물바구미,0
2024.07.16,여수시,벼물바구미,0
2024.07.16,영광군,벼물바구미,0
2024.07.16,영암군,벼물바구미,1
2024.07.16,완도군,벼물바구미,0
2024.07.16,장성군,벼물바구미,0
2024.07.16,장흥군,벼물바구미,0
2024.07.16,진도군,벼물바구미,1
2024.07.16,함평군,벼물바구미,0
2024.07.16,해남군,벼물바구미,0
2024.07.16,화순군,벼물바구미,0
2024.08.01,강진군,벼물바구미,0
2024.08.01,고흥군,벼물바구미,0
2024.08.01,곡성군,벼물바구미,0
2024.08.01,광양시,벼물바구미,1
2024.08.01,구례군,벼물바구미,0
2024.08.01,나주시,벼물바구미,0
2024.08.01,담양군,벼물바구미,0
2024.08.01,무안군,벼물바구미,0
2024.08.01,보성군,벼물바구미,0
2024.08.01,순천시,벼물바구미,0
2024.08.01,신안군,벼물바구미,0
2024.08.01,여수시,벼물바구미,0
2024.08.01,영광군,벼물바구미,0
2024.08.01,영암군,벼물바구미,0
2024.08.01,완도군,벼물바구미,0
2024.08.01,장성군,벼물바구미,0
2024.08.01,장흥군,벼물바구미,0
2024.08.01,진도군,벼물바구미,1
2024.08.01,함평군,벼물바구미,1
2024.08.01,해남군,벼물바구미,0
2024.08.01,화순군,벼물바구미,0
2024.08.16,강진군,벼물바구미,0
2024.08.16,고흥군,벼물바구미,0
2024.08.16,곡성군,벼물바구미,0
2024.08.16,광양시,벼물바구미,1
2024.08.16,구례군,벼물바구미,0
2024.08.16,나주시,벼물바구미,0
2024.08.16,담양군,벼물바구미,0
2024.08.16,무안군,벼물바구미,0
2024.08.16,보성군,벼물바구미,0
2024.08.16,순천시,벼물바구미,0
2024.08.16,신안군,벼물바구미,0
2024.08.16,여수시,벼물바구미,0
2024.08.16,영광군,벼물바구미,0
2024.08.16,영암군,벼물바구미,0
2024.08.16,완도군,벼물바구미,0
2024.08.16,장성군,벼물바구미,0
2024.08.16,장흥군,벼물바구미,1
2024.08.16,진도군,벼물바구미,0
2024.08.16,함평군,벼물바구미,0
2024.08.16,해남군,벼물바구미,0
2024.08.16,화순군,벼물바구미,0
2024.09.01,강진군,벼물바구미,0
2024.09.01,고흥군,벼물바구미,0
2024.09.01,곡성군,벼물바구미,0
2024.09.01,광양시,벼물바구미,0
2024.09.01,구례군,벼물바구미,0
2024.09.01,나주시,벼물바구미,0
2024.09.01,담양군,벼물바구미,0
2024.09.01,무안군,벼물바구미,0
2024.09.01,보성군,벼물바구미,0
2024.09.01,순천시,벼물바구미,0
2024.09.01,신안군,벼물바구미,0
2024.09.01,여수시,벼물바구미,0
2024.09.01,영광군,벼물바구미,0
2024.09.01,영암군,벼물바구미,0
2024.09.01,완도군,벼물바구미,0
2024.09.01,장성군,벼물바구미,0
2024.09.01,장흥군,벼물바구미,0
2024.09.01,진도군,벼물바구미,0
2024.09.01,함평군,벼물바구미,0
2024.09.01,해남군,벼물바구미,0
2024.09.01,화순군,벼물바구미,0
2024.09.16,강진군,벼물바구미,0
2024.09.16,고흥군,벼물바구미,0
2024.09.16,곡성군,벼물바구미,0
2024.09.16,광양시,벼물바구미,0
2024.09.16,구례군,벼물바구미,0
2024.09.16,나주시,벼물바구미,0
2024.09.16,담양군,벼물바구미,0
2024.09.16,무안군,벼물바구미,0
2024.09.16,보성군,벼물바구미,0
2024.09.16,순천시,벼물바구미,0
2024.09.16,신안군,벼물바구미,0
2024.09.16,여수시,벼물바구미,0
2024.09.16,영광군,벼물바구미,0
2024.09.16,영암군,벼물바구미,0
2024.09.16,완도군,벼물바구미,0
2024.09.16,장성군,벼물바구미,0
2024.09.16,장흥군,벼물바구미,0
2024.09.16,진도군,벼물바구미,0
2024.09.16,함평군,벼물바구미,0
2024.09.16,해남군,벼물바구미,0
2024.09.16,화순군,벼물바구미,0
2025.06.01,강진군,벼물바구미,0
2025.06.01,고흥군,벼물바구미,0
2025.06.01,곡성군,벼물바구미,0
2025.06.01,광양시,벼물바구미,0
2025.06.01,구례군,벼물바구미,0
2025.06.01,나주시,벼물바구미,0
2025.06.01,담양군,벼물바구미,0
2025.06.01,무안군,벼물바구미,0
2025.06.01,보성군,벼물바구미,0
2025.06.01,순천시,벼물바구미,0
2025.06.01,신안군,벼물바구미,0
2025.06.01,여수시,벼물바구미,0
2025.06.01,영광군,벼물바구미,0
2025.06.01,영암군,벼물바구미,0
2025.06.01,완도군,벼물바구미,0
2025.06.01,장성군,벼물바구미,0
2025.06.01,장흥군,벼물바구미,0
2025.06.01,진도군,벼물바구미,1
2025.06.01,함평군,벼물바구미,0
2025.06.01,해남군,벼물바구미,0
2025.06.01,화순군,벼물바구미,0
2025.06.16,강진군,벼물바구미,0
2025.06.16,고흥군,벼물바구미,0
2025.06.16,곡성군,벼물바구미,0
2025.06.16,광양시,벼물바구미,0
2025.06.16,구례군,벼물바구미,0
2025.06.16,나주시,벼물바구미,0
2025.06.16,담양군,벼물바구미,0
2025.06.16,무안군,벼물바구미,0
2025.06.16,보성군,벼물바구미,0
2025.06.16,순천시,벼물바구미,1
2025.06.16,신안군,벼물바구미,0
2025.06.16,여수시,벼물바구미,1
2025.06.16,영광군,벼물바구미,0
2025.06.16,영암군,벼물바구미,0
2025.06.16,완도군,벼물바구미,0
2025.06.16,장성군,벼물바구미,0
2025.06.16,장흥군,벼물바구미,0
2025.06.16,진도군,벼물바구미,1
2025.06.16,함평군,벼물바구미,0
2025.06.16,해남군,벼물바구미,0
2025.06.16,화순군,벼물바구미,1
2025.07.01,강진군,벼물바구미,0
2025.07.01,고흥군,벼물바구미,0
2025.07.01,곡성군,벼물바구미,1
2025.07.01,광양시,벼물바구미,0
2025.07.01,구례군,벼물바구미,0
2025.07.01,나주시,벼물바구미,0
2025.07.01,담양군,벼물바구미,0
2025.07.01,무안군,벼물바구미,0
2025.07.01,보성군,벼물바구미,0
2025.07.01,순천시,벼물바구미,0
2025.07.01,신안군,벼물바구미,0
2025.07.01,여수시,벼물바구미,1
2025.07.01,영광군,벼물바구미,0
2025.07.01,영암군,벼물바구미,1
2025.07.01,완도군,벼물바구미,0
2025.07.01,장성군,벼물바구미,0
2025.07.01,진도군,벼물바구미,1
2025.07.01,함평군,벼물바구미,0
2025.07.01,해남군,벼물바구미,0
2025.07.01,화순군,벼물바구미,1
2025.07.16,강진군,벼물바구미,0
2025.07.16,고흥군,벼물바구미,0
2025.07.16,곡성군,벼물바구미,1
2025.07.16,광양시,벼물바구미,0
2025.07.16,구례군,벼물바구미,0
2025.07.16,나주시,벼물바구미,1
2025.07.16,담양군,벼물바구미,0
2025.07.16,무안군,벼물바구미,0
2025.07.16,보성군,벼물바구미,1
2025.07.16,순천시,벼물바구미,0
2025.07.16,신안군,벼물바구미,0
2025.07.16,여수시,벼물바구미,0
2025.07.16,영광군,벼물바구미,0
2025.07.16,영암군,벼물바구미,1
2025.07.16,완도군,벼물바구미,0
2025.07.16,장성군,벼물바구미,0
2025.07.16,장흥군,벼물바구미,0
2025.07.16,진도군,벼물바구미,1
2025.07.16,함평군,벼물바구미,0
2025.07.16,해남군,벼물바구미,0
2025.07.16,화순군,벼물바구미,1
2025.08.01,강진군,벼물바구미,0
2025.08.01,고흥군,벼물바구미,0
2025.08.01,광양시,벼물바구미,0
2025.08.01,구례군,벼물바구미,0
2025.08.01,담양군,벼물바구미,1
2025.08.01,무안군,벼물바구미,0
2025.08.01,보성군,벼물바구미,0
2025.08.01,신안군,벼물바구미,0
2025.08.01,여수시,벼물바구미,0
2025.08.01,영광군,벼물바구미,0
2025.08.01,영암군,벼물바구미,0
2025.08.01,완도군,벼물바구미,0
2025.08.01,장성군,벼물바구미,0
2025.08.01,장흥군,벼물바구미,0
2025.08.01,진도군,벼물바구미,0
2025.08.01,함평군,벼물바구미,0
2025.08.01,해남군,벼물바구미,0
2025.08.01,화순군,벼물바구미,1
2025.08.16,강진군,벼물바구미,0
2025.08.16,고흥군,벼물바구미,0
2025.08.16,곡성군,벼물바구미,0
2025.08.16,광양시,벼물바구미,0
2025.08.16,구례군,벼물바구미,0
2025.08.16,나주시,벼물바구미,0
2025.08.16,담양군,벼물바구미,0
2025.08.16,무안군,벼물바구미,0
2025.08.16,보성군,벼물바구미,0
2025.08.16,순천시,벼물바구미,0
2025.08.16,신안군,벼물바구미,0
2025.08.16,여수시,벼물바구미,0
2025.08.16,영광군,벼물바구미,0
2025.08.16,영암군,벼물바구미,0
2025.08.16,완도군,벼물바구미,0
2025.08.16,장성군,벼물바구미,0
2025.08.16,장흥군,벼물바구미,0
2025.08.16,진도군,벼물바구미,0
2025.08.16,함평군,벼물바구미,0
2025.08.16,해남군,벼물바구미,0
2025.08.16,화순군,벼물바구미,1
2025.09.01,강진군,벼물바구미,0
2025.09.01,고흥군,벼물바구미,0
2025.09.01,곡성군,벼물바구미,0
2025.09.01,광양시,벼물바구미,0
2025.09.01,구례군,벼물바구미,0
2025.09.01,나주시,벼물바구미,0
2025.09.01,담양군,벼물바구미,0
2025.09.01,무안군,벼물바구미,0
2025.09.01,보성군,벼물바구미,0
2025.09.01,순천시,벼물바구미,0
2025.09.01,신안군,벼물바구미,0
2025.09.01,여수시,벼물바구미,0
2025.09.01,영광군,벼물바구미,0
2025.09.01,영암군,벼물바구미,0
2025.09.01,완도군,벼물바구미,0
2025.09.01,장성군,벼물바구미,0
2025.09.01,장흥군,벼물바구미,0
2025.09.01,진도군,벼물바구미,0
2025.09.01,함평군,벼물바구미,0
2025.09.01,해남군,벼물바구미,0
2025.09.01,화순군,벼물바구미,1
2025.09.16,강진군,벼물바구미,0
2025.09.16,고흥군,벼물바구미,0
2025.09.16,곡성군,벼물바구미,0
2025.09.16,광양시,벼물바구미,0
2025.09.16,구례군,벼물바구미,0
2025.09.16,나주시,벼물바구미,0
2025.09.16,담양군,벼물바구미,0
2025.09.16,무안군,벼물바구미,0
2025.09.16,보성군,벼물바구미,0
2025.09.16,순천시,벼물바구미,0
2025.09.16,신안군,벼물바구미,0
2025.09.16,여수시,벼물바구미,0
2025.09.16,영광군,벼물바구미,0
2025.09.16,영암군,벼물바구미,0
2025.09.16,완도군,벼물바구미,0
2025.09.16,장성군,벼물바구미,0
2025.09.16,장흥군,벼물바구미,0
2025.09.16,진도군,벼물바구미,0
2025.09.16,함평군,벼물바구미,0
2025.09.16,해남군,벼물바구미,0
2025.09.16,화순군,벼물바구미,0
2014.09.16,강진군,벼애잎굴파리,0
2014.09.16,고흥군,벼애잎굴파리,0
2014.09.16,곡성군,벼애잎굴파리,0
2014.09.16,광양시,벼애잎굴파리,0
2014.09.16,구례군,벼애잎굴파리,0
2014.09.16,나주시,벼애잎굴파리,0
2014.09.16,담양군,벼애잎굴파리,0
2014.09.16,무안군,벼애잎굴파리,0
2014.09.16,보성군,벼애잎굴파리,0
2014.09.16,순천시,벼애잎굴파리,0
2014.09.16,신안군,벼애잎굴파리,0
2014.09.16,여수시,벼애잎굴파리,0
2014.09.16,영광군,벼애잎굴파리,0
2014.09.16,영암군,벼애잎굴파리,0
2014.09.16,완도군,벼애잎굴파리,0
2014.09.16,장성군,벼애잎굴파리,0
2014.09.16,장흥군,벼애잎굴파리,0
2014.09.16,진도군,벼애잎굴파리,0
2014.09.16,함평군,벼애잎굴파리,0
2014.09.16,해남군,벼애잎굴파리,0
2014.09.16,화순군,벼애잎굴파리,0
2015.06.16,강진군,벼애잎굴파리,0
2015.06.16,고흥군,벼애잎굴파리,0
2015.06.16,곡성군,벼애잎굴파리,0
2015.06.16,광양시,벼애잎굴파리,0
2015.06.16,구례군,벼애잎굴파리,0
2015.06.16,나주시,벼애잎굴파리,0
2015.06.16,담양군,벼애잎굴파리,0
2015.06.16,무안군,벼애잎굴파리,0
2015.06.16,보성군,벼애잎굴파리,0
2015.06.16,순천시,벼애잎굴파리,0
2015.06.16,신안군,벼애잎굴파리,0
2015.06.16,여수시,벼애잎굴파리,0
2015.06.16,영광군,벼애잎굴파리,0
2015.06.16,영암군,벼애잎굴파리,0
2015.06.16,완도군,벼애잎굴파리,0
2015.06.16,장성군,벼애잎굴파리,0
2015.06.16,장흥군,벼애잎굴파리,0
2015.06.16,진도군,벼애잎굴파리,0
2015.06.16,함평군,벼애잎굴파리,0
2015.06.16,해남군,벼애잎굴파리,0
2015.06.16,화순군,벼애잎굴파리,0
2015.07.01,강진군,벼애잎굴파리,0
2015.07.01,고흥군,벼애잎굴파리,0
2015.07.01,곡성군,벼애잎굴파리,0
2015.07.01,광양시,벼애잎굴파리,1
2015.07.01,구례군,벼애잎굴파리,0
2015.07.01,나주시,벼애잎굴파리,0
2015.07.01,담양군,벼애잎굴파리,0
2015.07.01,무안군,벼애잎굴파리,0
2015.07.01,보성군,벼애잎굴파리,1
2015.07.01,순천시,벼애잎굴파리,0
2015.07.01,신안군,벼애잎굴파리,0
2015.07.01,여수시,벼애잎굴파리,0
2015.07.01,영광군,벼애잎굴파리,1
2015.07.01,영암군,벼애잎굴파리,0
2015.07.01,완도군,벼애잎굴파리,0
2015.07.01,장성군,벼애잎굴파리,0
2015.07.01,장흥군,벼애잎굴파리,1
2015.07.01,진도군,벼애잎굴파리,0
2015.07.01,함평군,벼애잎굴파리,0
2015.07.01,해남군,벼애잎굴파리,0
2015.07.01,화순군,벼애잎굴파리,0
2015.07.16,강진군,벼애잎굴파리,0
2015.07.16,고흥군,벼애잎굴파리,0
2015.07.16,곡성군,벼애잎굴파리,0
2015.07.16,광양시,벼애잎굴파리,0
2015.07.16,구례군,벼애잎굴파리,0
2015.07.16,나주시,벼애잎굴파리,0
2015.07.16,담양군,벼애잎굴파리,0
2015.07.16,무안군,벼애잎굴파리,0
2015.07.16,보성군,벼애잎굴파리,1
2015.07.16,순천시,벼애잎굴파리,0
2015.07.16,신안군,벼애잎굴파리,0
2015.07.16,여수시,벼애잎굴파리,0
2015.07.16,영광군,벼애잎굴파리,0
2015.07.16,영암군,벼애잎굴파리,0
2015.07.16,완도군,벼애잎굴파리,0
2015.07.16,장성군,벼애잎굴파리,0
2015.07.16,장흥군,벼애잎굴파리,1
2015.07.16,진도군,벼애잎굴파리,0
2015.07.16,함평군,벼애잎굴파리,0
2015.07.16,해남군,벼애잎굴파리,0
2015.07.16,화순군,벼애잎굴파리,0
2015.08.01,강진군,벼애잎굴파리,0
2015.08.01,고흥군,벼애잎굴파리,0
2015.08.01,곡성군,벼애잎굴파리,0
2015.08.01,광양시,벼애잎굴파리,0
2015.08.01,구례군,벼애잎굴파리,0
2015.08.01,나주시,벼애잎굴파리,0
2015.08.01,담양군,벼애잎굴파리,0
2015.08.01,무안군,벼애잎굴파리,0
2015.08.01,보성군,벼애잎굴파리,1
2015.08.01,순천시,벼애잎굴파리,0
2015.08.01,신안군,벼애잎굴파리,0
2015.08.01,여수시,벼애잎굴파리,0
2015.08.01,영광군,벼애잎굴파리,0
2015.08.01,영암군,벼애잎굴파리,0
2015.08.01,완도군,벼애잎굴파리,0
2015.08.01,장성군,벼애잎굴파리,1
2015.08.01,장흥군,벼애잎굴파리,1
2015.08.01,진도군,벼애잎굴파리,0
2015.08.01,함평군,벼애잎굴파리,0
2015.08.01,해남군,벼애잎굴파리,0
2015.08.01,화순군,벼애잎굴파리,0
2015.08.16,강진군,벼애잎굴파리,0
2015.08.16,고흥군,벼애잎굴파리,0
2015.08.16,곡성군,벼애잎굴파리,0
2015.08.16,광양시,벼애잎굴파리,0
2015.08.16,구례군,벼애잎굴파리,0
2015.08.16,나주시,벼애잎굴파리,0
2015.08.16,담양군,벼애잎굴파리,0
2015.08.16,무안군,벼애잎굴파리,0
2015.08.16,보성군,벼애잎굴파리,1
2015.08.16,순천시,벼애잎굴파리,0
2015.08.16,신안군,벼애잎굴파리,0
2015.08.16,여수시,벼애잎굴파리,0
2015.08.16,영광군,벼애잎굴파리,0
2015.08.16,영암군,벼애잎굴파리,0
2015.08.16,완도군,벼애잎굴파리,0
2015.08.16,장성군,벼애잎굴파리,0
2015.08.16,장흥군,벼애잎굴파리,0
2015.08.16,진도군,벼애잎굴파리,0
2015.08.16,함평군,벼애잎굴파리,0
2015.08.16,해남군,벼애잎굴파리,0
2015.08.16,화순군,벼애잎굴파리,0
2016.06.01,강진군,벼애잎굴파리,0
2016.06.01,고흥군,벼애잎굴파리,0
2016.06.01,곡성군,벼애잎굴파리,0
2016.06.01,광양시,벼애잎굴파리,0
2016.06.01,구례군,벼애잎굴파리,0
2016.06.01,나주시,벼애잎굴파리,0
2016.06.01,담양군,벼애잎굴파리,0
2016.06.01,무안군,벼애잎굴파리,0
2016.06.01,보성군,벼애잎굴파리,0
2016.06.01,순천시,벼애잎굴파리,0
2016.06.01,신안군,벼애잎굴파리,0
2016.06.01,여수시,벼애잎굴파리,0
2016.06.01,영광군,벼애잎굴파리,0
2016.06.01,영암군,벼애잎굴파리,0
2016.06.01,완도군,벼애잎굴파리,0
2016.06.01,장성군,벼애잎굴파리,0
2016.06.01,장흥군,벼애잎굴파리,0
2016.06.01,진도군,벼애잎굴파리,0
2016.06.01,함평군,벼애잎굴파리,0
2016.06.01,해남군,벼애잎굴파리,0
2016.06.01,화순군,벼애잎굴파리,0
2016.06.16,강진군,벼애잎굴파리,0
2016.06.16,고흥군,벼애잎굴파리,0
2016.06.16,곡성군,벼애잎굴파리,0
2016.06.16,광양시,벼애잎굴파리,0
2016.06.16,구례군,벼애잎굴파리,0
2016.06.16,나주시,벼애잎굴파리,0
2016.06.16,담양군,벼애잎굴파리,0
2016.06.16,무안군,벼애잎굴파리,0
2016.06.16,보성군,벼애잎굴파리,0
2016.06.16,순천시,벼애잎굴파리,0
2016.06.16,신안군,벼애잎굴파리,0
2016.06.16,여수시,벼애잎굴파리,0
2016.06.16,영광군,벼애잎굴파리,0
2016.06.16,영암군,벼애잎굴파리,0
2016.06.16,완도군,벼애잎굴파리,0
2016.06.16,장성군,벼애잎굴파리,0
2016.06.16,장흥군,벼애잎굴파리,0
2016.06.16,진도군,벼애잎굴파리,0
2016.06.16,함평군,벼애잎굴파리,0
2016.06.16,해남군,벼애잎굴파리,0
2016.06.16,화순군,벼애잎굴파리,0
2016.07.01,강진군,벼애잎굴파리,0
2016.07.01,고흥군,벼애잎굴파리,0
2016.07.01,곡성군,벼애잎굴파리,0
2016.07.01,광양시,벼애잎굴파리,0
2016.07.01,구례군,벼애잎굴파리,0
2016.07.01,나주시,벼애잎굴파리,0
2016.07.01,담양군,벼애잎굴파리,0
2016.07.01,무안군,벼애잎굴파리,0
2016.07.01,보성군,벼애잎굴파리,0
2016.07.01,순천시,벼애잎굴파리,0
2016.07.01,신안군,벼애잎굴파리,0
2016.07.01,여수시,벼애잎굴파리,0
2016.07.01,영광군,벼애잎굴파리,0
2016.07.01,영암군,벼애잎굴파리,0
2016.07.01,완도군,벼애잎굴파리,0
2016.07.01,장성군,벼애잎굴파리,0
2016.07.01,장흥군,벼애잎굴파리,0
2016.07.01,진도군,벼애잎굴파리,0
2016.07.01,함평군,벼애잎굴파리,0
2016.07.01,해남군,벼애잎굴파리,0
2016.07.01,화순군,벼애잎굴파리,0
2016.07.16,강진군,벼애잎굴파리,0
2016.07.16,고흥군,벼애잎굴파리,0
2016.07.16,곡성군,벼애잎굴파리,0
2016.07.16,광양시,벼애잎굴파리,0
2016.07.16,구례군,벼애잎굴파리,0
2016.07.16,나주시,벼애잎굴파리,0
2016.07.16,담양군,벼애잎굴파리,0
2016.07.16,무안군,벼애잎굴파리,0
2016.07.16,보성군,벼애잎굴파리,0
2016.07.16,순천시,벼애잎굴파리,0
2016.07.16,신안군,벼애잎굴파리,0
2016.07.16,여수시,벼애잎굴파리,0
2016.07.16,영광군,벼애잎굴파리,0
2016.07.16,영암군,벼애잎굴파리,0
2016.07.16,완도군,벼애잎굴파리,0
2016.07.16,장성군,벼애잎굴파리,0
2016.07.16,장흥군,벼애잎굴파리,0
2016.07.16,진도군,벼애잎굴파리,0
2016.07.16,함평군,벼애잎굴파리,0
2016.07.16,해남군,벼애잎굴파리,0
2016.07.16,화순군,벼애잎굴파리,0
2016.08.01,강진군,벼애잎굴파리,0
2016.08.01,고흥군,벼애잎굴파리,0
2016.08.01,곡성군,벼애잎굴파리,0
2016.08.01,광양시,벼애잎굴파리,0
2016.08.01,구례군,벼애잎굴파리,0
2016.08.01,나주시,벼애잎굴파리,0
2016.08.01,담양군,벼애잎굴파리,0
2016.08.01,무안군,벼애잎굴파리,0
2016.08.01,보성군,벼애잎굴파리,0
2016.08.01,순천시,벼애잎굴파리,0
2016.08.01,신안군,벼애잎굴파리,0
2016.08.01,여수시,벼애잎굴파리,0
2016.08.01,영광군,벼애잎굴파리,0
2016.08.01,영암군,벼애잎굴파리,0
2016.08.01,완도군,벼애잎굴파리,0
2016.08.01,장성군,벼애잎굴파리,0
2016.08.01,장흥군,벼애잎굴파리,1
2016.08.01,진도군,벼애잎굴파리,0
2016.08.01,함평군,벼애잎굴파리,0
2016.08.01,해남군,벼애잎굴파리,0
2016.08.01,화순군,벼애잎굴파리,0
2016.08.16,강진군,벼애잎굴파리,0
2016.08.16,고흥군,벼애잎굴파리,0
2016.08.16,곡성군,벼애잎굴파리,0
2016.08.16,광양시,벼애잎굴파리,0
2016.08.16,구례군,벼애잎굴파리,0
2016.08.16,나주시,벼애잎굴파리,0
2016.08.16,담양군,벼애잎굴파리,0
2016.08.16,무안군,벼애잎굴파리,0
2016.08.16,보성군,벼애잎굴파리,0
2016.08.16,순천시,벼애잎굴파리,0
2016.08.16,신안군,벼애잎굴파리,0
2016.08.16,여수시,벼애잎굴파리,0
2016.08.16,영광군,벼애잎굴파리,0
2016.08.16,영암군,벼애잎굴파리,0
2016.08.16,완도군,벼애잎굴파리,0
2016.08.16,장성군,벼애잎굴파리,0
2016.08.16,장흥군,벼애잎굴파리,0
2016.08.16,진도군,벼애잎굴파리,0
2016.08.16,함평군,벼애잎굴파리,0
2016.08.16,해남군,벼애잎굴파리,0
2016.08.16,화순군,벼애잎굴파리,0
2016.09.01,강진군,벼애잎굴파리,0
2016.09.01,고흥군,벼애잎굴파리,0
2016.09.01,곡성군,벼애잎굴파리,0
2016.09.01,광양시,벼애잎굴파리,0
2016.09.01,구례군,벼애잎굴파리,0
2016.09.01,나주시,벼애잎굴파리,0
2016.09.01,담양군,벼애잎굴파리,0
2016.09.01,무안군,벼애잎굴파리,0
2016.09.01,보성군,벼애잎굴파리,0
2016.09.01,순천시,벼애잎굴파리,0
2016.09.01,신안군,벼애잎굴파리,0
2016.09.01,여수시,벼애잎굴파리,0
2016.09.01,영광군,벼애잎굴파리,0
2016.09.01,영암군,벼애잎굴파리,0
2016.09.01,완도군,벼애잎굴파리,0
2016.09.01,장성군,벼애잎굴파리,0
2016.09.01,장흥군,벼애잎굴파리,0
2016.09.01,진도군,벼애잎굴파리,0
2016.09.01,함평군,벼애잎굴파리,0
2016.09.01,해남군,벼애잎굴파리,0
2016.09.01,화순군,벼애잎굴파리,0
2016.09.16,강진군,벼애잎굴파리,0
2016.09.16,고흥군,벼애잎굴파리,0
2016.09.16,곡성군,벼애잎굴파리,0
2016.09.16,광양시,벼애잎굴파리,0
2016.09.16,구례군,벼애잎굴파리,0
2016.09.16,나주시,벼애잎굴파리,0
2016.09.16,담양군,벼애잎굴파리,0
2016.09.16,무안군,벼애잎굴파리,0
2016.09.16,보성군,벼애잎굴파리,0
2016.09.16,순천시,벼애잎굴파리,0
2016.09.16,신안군,벼애잎굴파리,0
2016.09.16,여수시,벼애잎굴파리,0
2016.09.16,영광군,벼애잎굴파리,0
2016.09.16,영암군,벼애잎굴파리,0
2016.09.16,완도군,벼애잎굴파리,0
2016.09.16,장성군,벼애잎굴파리,0
2016.09.16,장흥군,벼애잎굴파리,0
2016.09.16,진도군,벼애잎굴파리,0
2016.09.16,함평군,벼애잎굴파리,0
2016.09.16,해남군,벼애잎굴파리,0
2016.09.16,화순군,벼애잎굴파리,0
2017.06.01,강진군,벼애잎굴파리,0
2017.06.01,고흥군,벼애잎굴파리,0
2017.06.01,곡성군,벼애잎굴파리,0
2017.06.01,광양시,벼애잎굴파리,0
2017.06.01,구례군,벼애잎굴파리,0
2017.06.01,나주시,벼애잎굴파리,0
2017.06.01,담양군,벼애잎굴파리,0
2017.06.01,무안군,벼애잎굴파리,0
2017.06.01,보성군,벼애잎굴파리,0
2017.06.01,순천시,벼애잎굴파리,0
2017.06.01,신안군,벼애잎굴파리,0
2017.06.01,여수시,벼애잎굴파리,0
2017.06.01,영광군,벼애잎굴파리,0
2017.06.01,영암군,벼애잎굴파리,0
2017.06.01,완도군,벼애잎굴파리,0
2017.06.01,장성군,벼애잎굴파리,0
2017.06.01,장흥군,벼애잎굴파리,0
2017.06.01,진도군,벼애잎굴파리,0
2017.06.01,함평군,벼애잎굴파리,0
2017.06.01,해남군,벼애잎굴파리,0
2017.06.01,화순군,벼애잎굴파리,0
2017.06.16,강진군,벼애잎굴파리,0
2017.06.16,고흥군,벼애잎굴파리,0
2017.06.16,곡성군,벼애잎굴파리,0
2017.06.16,광양시,벼애잎굴파리,0
2017.06.16,구례군,벼애잎굴파리,0
2017.06.16,나주시,벼애잎굴파리,0
2017.06.16,담양군,벼애잎굴파리,0
2017.06.16,무안군,벼애잎굴파리,0
2017.06.16,보성군,벼애잎굴파리,0
2017.06.16,순천시,벼애잎굴파리,1
2017.06.16,신안군,벼애잎굴파리,0
2017.06.16,여수시,벼애잎굴파리,0
2017.06.16,영광군,벼애잎굴파리,0
2017.06.16,영암군,벼애잎굴파리,0
2017.06.16,완도군,벼애잎굴파리,0
2017.06.16,장성군,벼애잎굴파리,0
2017.06.16,장흥군,벼애잎굴파리,1
2017.06.16,진도군,벼애잎굴파리,0
2017.06.16,함평군,벼애잎굴파리,0
2017.06.16,해남군,벼애잎굴파리,0
2017.06.16,화순군,벼애잎굴파리,0
2017.07.01,강진군,벼애잎굴파리,0
2017.07.01,고흥군,벼애잎굴파리,0
2017.07.01,곡성군,벼애잎굴파리,0
2017.07.01,광양시,벼애잎굴파리,0
2017.07.01,구례군,벼애잎굴파리,0
2017.07.01,나주시,벼애잎굴파리,0
2017.07.01,담양군,벼애잎굴파리,0
2017.07.01,무안군,벼애잎굴파리,0
2017.07.01,보성군,벼애잎굴파리,1
2017.07.01,순천시,벼애잎굴파리,0
2017.07.01,신안군,벼애잎굴파리,0
2017.07.01,여수시,벼애잎굴파리,0
2017.07.01,영광군,벼애잎굴파리,0
2017.07.01,영암군,벼애잎굴파리,0
2017.07.01,완도군,벼애잎굴파리,0
2017.07.01,장성군,벼애잎굴파리,0
2017.07.01,장흥군,벼애잎굴파리,0
2017.07.01,진도군,벼애잎굴파리,0
2017.07.01,함평군,벼애잎굴파리,0
2017.07.01,해남군,벼애잎굴파리,0
2017.07.01,화순군,벼애잎굴파리,0
2017.07.16,강진군,벼애잎굴파리,0
2017.07.16,고흥군,벼애잎굴파리,0
2017.07.16,곡성군,벼애잎굴파리,0
2017.07.16,광양시,벼애잎굴파리,0
2017.07.16,구례군,벼애잎굴파리,0
2017.07.16,나주시,벼애잎굴파리,0
2017.07.16,담양군,벼애잎굴파리,0
2017.07.16,무안군,벼애잎굴파리,0
2017.07.16,보성군,벼애잎굴파리,0
2017.07.16,순천시,벼애잎굴파리,0
2017.07.16,신안군,벼애잎굴파리,0
2017.07.16,여수시,벼애잎굴파리,0
2017.07.16,영광군,벼애잎굴파리,0
2017.07.16,영암군,벼애잎굴파리,0
2017.07.16,완도군,벼애잎굴파리,0
2017.07.16,장성군,벼애잎굴파리,0
2017.07.16,장흥군,벼애잎굴파리,1
2017.07.16,진도군,벼애잎굴파리,1
2017.07.16,함평군,벼애잎굴파리,0
2017.07.16,해남군,벼애잎굴파리,0
2017.07.16,화순군,벼애잎굴파리,0
2017.08.01,강진군,벼애잎굴파리,0
2017.08.01,고흥군,벼애잎굴파리,0
2017.08.01,곡성군,벼애잎굴파리,0
2017.08.01,광양시,벼애잎굴파리,0
2017.08.01,구례군,벼애잎굴파리,0
2017.08.01,나주시,벼애잎굴파리,0
2017.08.01,담양군,벼애잎굴파리,0
2017.08.01,무안군,벼애잎굴파리,0
2017.08.01,보성군,벼애잎굴파리,0
2017.08.01,순천시,벼애잎굴파리,0
2017.08.01,신안군,벼애잎굴파리,0
2017.08.01,여수시,벼애잎굴파리,0
2017.08.01,영광군,벼애잎굴파리,0
2017.08.01,영암군,벼애잎굴파리,0
2017.08.01,완도군,벼애잎굴파리,0
2017.08.01,장성군,벼애잎굴파리,0
2017.08.01,장흥군,벼애잎굴파리,1
2017.08.01,진도군,벼애잎굴파리,1
2017.08.01,함평군,벼애잎굴파리,0
2017.08.01,해남군,벼애잎굴파리,0
2017.08.01,화순군,벼애잎굴파리,0
2017.08.16,강진군,벼애잎굴파리,0
2017.08.16,고흥군,벼애잎굴파리,0
2017.08.16,곡성군,벼애잎굴파리,0
2017.08.16,광양시,벼애잎굴파리,0
2017.08.16,구례군,벼애잎굴파리,0
2017.08.16,나주시,벼애잎굴파리,0
2017.08.16,담양군,벼애잎굴파리,0
2017.08.16,무안군,벼애잎굴파리,0
2017.08.16,보성군,벼애잎굴파리,0
2017.08.16,순천시,벼애잎굴파리,0
2017.08.16,신안군,벼애잎굴파리,0
2017.08.16,여수시,벼애잎굴파리,0
2017.08.16,영광군,벼애잎굴파리,0
2017.08.16,영암군,벼애잎굴파리,0
2017.08.16,완도군,벼애잎굴파리,0
2017.08.16,장성군,벼애잎굴파리,0
2017.08.16,장흥군,벼애잎굴파리,1
2017.08.16,진도군,벼애잎굴파리,0
2017.08.16,함평군,벼애잎굴파리,0
2017.08.16,해남군,벼애잎굴파리,0
2017.08.16,화순군,벼애잎굴파리,0
2017.09.01,강진군,벼애잎굴파리,0
2017.09.01,고흥군,벼애잎굴파리,0
2017.09.01,곡성군,벼애잎굴파리,0
2017.09.01,광양시,벼애잎굴파리,0
2017.09.01,구례군,벼애잎굴파리,0
2017.09.01,나주시,벼애잎굴파리,0
2017.09.01,담양군,벼애잎굴파리,0
2017.09.01,무안군,벼애잎굴파리,0
2017.09.01,보성군,벼애잎굴파리,0
2017.09.01,순천시,벼애잎굴파리,0
2017.09.01,신안군,벼애잎굴파리,0
2017.09.01,여수시,벼애잎굴파리,0
2017.09.01,영광군,벼애잎굴파리,0
2017.09.01,영암군,벼애잎굴파리,0
2017.09.01,완도군,벼애잎굴파리,0
2017.09.01,장성군,벼애잎굴파리,0
2017.09.01,장흥군,벼애잎굴파리,0
2017.09.01,진도군,벼애잎굴파리,0
2017.09.01,함평군,벼애잎굴파리,0
2017.09.01,해남군,벼애잎굴파리,0
2017.09.01,화순군,벼애잎굴파리,0
2017.09.16,강진군,벼애잎굴파리,0
2017.09.16,고흥군,벼애잎굴파리,0
2017.09.16,곡성군,벼애잎굴파리,0
2017.09.16,광양시,벼애잎굴파리,0
2017.09.16,구례군,벼애잎굴파리,0
2017.09.16,나주시,벼애잎굴파리,0
2017.09.16,담양군,벼애잎굴파리,0
2017.09.16,무안군,벼애잎굴파리,0
2017.09.16,보성군,벼애잎굴파리,0
2017.09.16,순천시,벼애잎굴파리,0
2017.09.16,신안군,벼애잎굴파리,0
2017.09.16,여수시,벼애잎굴파리,0
2017.09.16,영광군,벼애잎굴파리,0
2017.09.16,영암군,벼애잎굴파리,0
2017.09.16,완도군,벼애잎굴파리,0
2017.09.16,장성군,벼애잎굴파리,0
2017.09.16,장흥군,벼애잎굴파리,0
2017.09.16,진도군,벼애잎굴파리,0
2017.09.16,함평군,벼애잎굴파리,0
2017.09.16,해남군,벼애잎굴파리,0
2017.09.16,화순군,벼애잎굴파리,0
2018.06.01,강진군,벼애잎굴파리,0
2018.06.01,고흥군,벼애잎굴파리,0
2018.06.01,곡성군,벼애잎굴파리,0
2018.06.01,광양시,벼애잎굴파리,0
2018.06.01,구례군,벼애잎굴파리,0
2018.06.01,나주시,벼애잎굴파리,0
2018.06.01,담양군,벼애잎굴파리,0
2018.06.01,무안군,벼애잎굴파리,0
2018.06.01,보성군,벼애잎굴파리,0
2018.06.01,순천시,벼애잎굴파리,0
2018.06.01,신안군,벼애잎굴파리,0
2018.06.01,여수시,벼애잎굴파리,0
2018.06.01,영광군,벼애잎굴파리,0
2018.06.01,영암군,벼애잎굴파리,0
2018.06.01,완도군,벼애잎굴파리,0
2018.06.01,장성군,벼애잎굴파리,0
2018.06.01,장흥군,벼애잎굴파리,0
2018.06.01,진도군,벼애잎굴파리,0
2018.06.01,함평군,벼애잎굴파리,0
2018.06.01,해남군,벼애잎굴파리,0
2018.06.01,화순군,벼애잎굴파리,0
2018.06.16,강진군,벼애잎굴파리,0
2018.06.16,고흥군,벼애잎굴파리,0
2018.06.16,곡성군,벼애잎굴파리,0
2018.06.16,광양시,벼애잎굴파리,0
2018.06.16,구례군,벼애잎굴파리,0
2018.06.16,나주시,벼애잎굴파리,0
2018.06.16,담양군,벼애잎굴파리,0
2018.06.16,무안군,벼애잎굴파리,0
2018.06.16,보성군,벼애잎굴파리,0
2018.06.16,순천시,벼애잎굴파리,0
2018.06.16,신안군,벼애잎굴파리,0
2018.06.16,여수시,벼애잎굴파리,0
2018.06.16,영광군,벼애잎굴파리,0
2018.06.16,영암군,벼애잎굴파리,0
2018.06.16,완도군,벼애잎굴파리,0
2018.06.16,장성군,벼애잎굴파리,0
2018.06.16,장흥군,벼애잎굴파리,0
2018.06.16,진도군,벼애잎굴파리,1
2018.06.16,함평군,벼애잎굴파리,0
2018.06.16,해남군,벼애잎굴파리,0
2018.06.16,화순군,벼애잎굴파리,0
2018.07.01,강진군,벼애잎굴파리,0
2018.07.01,고흥군,벼애잎굴파리,0
2018.07.01,광양시,벼애잎굴파리,0
2018.07.01,나주시,벼애잎굴파리,0
2018.07.01,순천시,벼애잎굴파리,0
2018.07.01,신안군,벼애잎굴파리,0
2018.07.01,여수시,벼애잎굴파리,0
2018.07.01,영광군,벼애잎굴파리,0
2018.07.01,영암군,벼애잎굴파리,0
2018.07.01,완도군,벼애잎굴파리,0
2018.07.01,진도군,벼애잎굴파리,1
2018.07.01,해남군,벼애잎굴파리,0
2018.07.01,화순군,벼애잎굴파리,0
2018.07.16,강진군,벼애잎굴파리,0
2018.07.16,고흥군,벼애잎굴파리,0
2018.07.16,곡성군,벼애잎굴파리,0
2018.07.16,광양시,벼애잎굴파리,0
2018.07.16,구례군,벼애잎굴파리,0
2018.07.16,나주시,벼애잎굴파리,0
2018.07.16,담양군,벼애잎굴파리,1
2018.07.16,무안군,벼애잎굴파리,0
2018.07.16,보성군,벼애잎굴파리,1
2018.07.16,순천시,벼애잎굴파리,0
2018.07.16,신안군,벼애잎굴파리,0
2018.07.16,여수시,벼애잎굴파리,0
2018.07.16,영광군,벼애잎굴파리,0
2018.07.16,영암군,벼애잎굴파리,0
2018.07.16,완도군,벼애잎굴파리,0
2018.07.16,장성군,벼애잎굴파리,0
2018.07.16,장흥군,벼애잎굴파리,0
2018.07.16,진도군,벼애잎굴파리,1
2018.07.16,함평군,벼애잎굴파리,0
2018.07.16,해남군,벼애잎굴파리,0
2018.07.16,화순군,벼애잎굴파리,0
2018.08.01,강진군,벼애잎굴파리,0
2018.08.01,고흥군,벼애잎굴파리,0
2018.08.01,곡성군,벼애잎굴파리,0
2018.08.01,광양시,벼애잎굴파리,0
2018.08.01,구례군,벼애잎굴파리,0
2018.08.01,나주시,벼애잎굴파리,0
2018.08.01,담양군,벼애잎굴파리,0
2018.08.01,무안군,벼애잎굴파리,0
2018.08.01,보성군,벼애잎굴파리,0
2018.08.01,순천시,벼애잎굴파리,0
2018.08.01,신안군,벼애잎굴파리,0
2018.08.01,여수시,벼애잎굴파리,0
2018.08.01,영광군,벼애잎굴파리,0
2018.08.01,영암군,벼애잎굴파리,0
2018.08.01,완도군,벼애잎굴파리,0
2018.08.01,장성군,벼애잎굴파리,0
2018.08.01,장흥군,벼애잎굴파리,0
2018.08.01,진도군,벼애잎굴파리,0
2018.08.01,함평군,벼애잎굴파리,0
2018.08.01,해남군,벼애잎굴파리,0
2018.08.01,화순군,벼애잎굴파리,0
2018.08.16,강진군,벼애잎굴파리,0
2018.08.16,고흥군,벼애잎굴파리,0
2018.08.16,곡성군,벼애잎굴파리,0
2018.08.16,광양시,벼애잎굴파리,0
2018.08.16,구례군,벼애잎굴파리,0
2018.08.16,나주시,벼애잎굴파리,0
2018.08.16,담양군,벼애잎굴파리,0
2018.08.16,무안군,벼애잎굴파리,0
2018.08.16,보성군,벼애잎굴파리,0
2018.08.16,순천시,벼애잎굴파리,0
2018.08.16,신안군,벼애잎굴파리,0
2018.08.16,여수시,벼애잎굴파리,0
2018.08.16,영광군,벼애잎굴파리,0
2018.08.16,영암군,벼애잎굴파리,0
2018.08.16,완도군,벼애잎굴파리,0
2018.08.16,장성군,벼애잎굴파리,0
2018.08.16,장흥군,벼애잎굴파리,0
2018.08.16,진도군,벼애잎굴파리,0
2018.08.16,함평군,벼애잎굴파리,0
2018.08.16,해남군,벼애잎굴파리,0
2018.08.16,화순군,벼애잎굴파리,0
2018.09.01,강진군,벼애잎굴파리,0
2018.09.01,고흥군,벼애잎굴파리,0
2018.09.01,곡성군,벼애잎굴파리,0
2018.09.01,광양시,벼애잎굴파리,0
2018.09.01,구례군,벼애잎굴파리,0
2018.09.01,나주시,벼애잎굴파리,0
2018.09.01,담양군,벼애잎굴파리,0
2018.09.01,무안군,벼애잎굴파리,0
2018.09.01,보성군,벼애잎굴파리,0
2018.09.01,순천시,벼애잎굴파리,0
2018.09.01,신안군,벼애잎굴파리,0
2018.09.01,여수시,벼애잎굴파리,0
2018.09.01,영광군,벼애잎굴파리,0
2018.09.01,영암군,벼애잎굴파리,0
2018.09.01,완도군,벼애잎굴파리,0
2018.09.01,장성군,벼애잎굴파리,0
2018.09.01,장흥군,벼애잎굴파리,0
2018.09.01,진도군,벼애잎굴파리,0
2018.09.01,함평군,벼애잎굴파리,0
2018.09.01,해남군,벼애잎굴파리,0
2018.09.01,화순군,벼애잎굴파리,0
2018.09.16,강진군,벼애잎굴파리,0
2018.09.16,고흥군,벼애잎굴파리,0
2018.09.16,곡성군,벼애잎굴파리,0
2018.09.16,광양시,벼애잎굴파리,0
2018.09.16,구례군,벼애잎굴파리,0
2018.09.16,나주시,벼애잎굴파리,0
2018.09.16,담양군,벼애잎굴파리,0
2018.09.16,무안군,벼애잎굴파리,0
2018.09.16,보성군,벼애잎굴파리,0
2018.09.16,순천시,벼애잎굴파리,0
2018.09.16,신안군,벼애잎굴파리,0
2018.09.16,여수시,벼애잎굴파리,0
2018.09.16,영광군,벼애잎굴파리,0
2018.09.16,영암군,벼애잎굴파리,0
2018.09.16,완도군,벼애잎굴파리,0
2018.09.16,장성군,벼애잎굴파리,0
2018.09.16,장흥군,벼애잎굴파리,0
2018.09.16,진도군,벼애잎굴파리,0
2018.09.16,함평군,벼애잎굴파리,0
2018.09.16,해남군,벼애잎굴파리,0
2018.09.16,화순군,벼애잎굴파리,0
2019.06.01,강진군,벼애잎굴파리,0
2019.06.01,고흥군,벼애잎굴파리,0
2019.06.01,곡성군,벼애잎굴파리,0
2019.06.01,광양시,벼애잎굴파리,0
2019.06.01,구례군,벼애잎굴파리,0
2019.06.01,나주시,벼애잎굴파리,0
2019.06.01,담양군,벼애잎굴파리,0
2019.06.01,무안군,벼애잎굴파리,0
2019.06.01,보성군,벼애잎굴파리,0
2019.06.01,순천시,벼애잎굴파리,0
2019.06.01,신안군,벼애잎굴파리,0
2019.06.01,여수시,벼애잎굴파리,0
2019.06.01,영광군,벼애잎굴파리,0
2019.06.01,영암군,벼애잎굴파리,0
2019.06.01,완도군,벼애잎굴파리,0
2019.06.01,장성군,벼애잎굴파리,0
2019.06.01,장흥군,벼애잎굴파리,0
2019.06.01,진도군,벼애잎굴파리,0
2019.06.01,함평군,벼애잎굴파리,0
2019.06.01,해남군,벼애잎굴파리,0
2019.06.01,화순군,벼애잎굴파리,0
2019.06.16,강진군,벼애잎굴파리,0
2019.06.16,고흥군,벼애잎굴파리,0
2019.06.16,곡성군,벼애잎굴파리,0
2019.06.16,광양시,벼애잎굴파리,0
2019.06.16,구례군,벼애잎굴파리,0
2019.06.16,나주시,벼애잎굴파리,0
2019.06.16,담양군,벼애잎굴파리,0
2019.06.16,무안군,벼애잎굴파리,0
2019.06.16,보성군,벼애잎굴파리,0
2019.06.16,순천시,벼애잎굴파리,0
2019.06.16,신안군,벼애잎굴파리,0
2019.06.16,여수시,벼애잎굴파리,0
2019.06.16,영광군,벼애잎굴파리,0
2019.06.16,영암군,벼애잎굴파리,0
2019.06.16,완도군,벼애잎굴파리,0
2019.06.16,장성군,벼애잎굴파리,0
2019.06.16,장흥군,벼애잎굴파리,0
2019.06.16,진도군,벼애잎굴파리,1
2019.06.16,함평군,벼애잎굴파리,0
2019.06.16,해남군,벼애잎굴파리,0
2019.06.16,화순군,벼애잎굴파리,0
2019.07.01,강진군,벼애잎굴파리,0
2019.07.01,고흥군,벼애잎굴파리,0
2019.07.01,곡성군,벼애잎굴파리,1
2019.07.01,광양시,벼애잎굴파리,0
2019.07.01,구례군,벼애잎굴파리,0
2019.07.01,나주시,벼애잎굴파리,0
2019.07.01,담양군,벼애잎굴파리,0
2019.07.01,무안군,벼애잎굴파리,0
2019.07.01,보성군,벼애잎굴파리,0
2019.07.01,순천시,벼애잎굴파리,0
2019.07.01,신안군,벼애잎굴파리,0
2019.07.01,여수시,벼애잎굴파리,0
2019.07.01,영광군,벼애잎굴파리,0
2019.07.01,영암군,벼애잎굴파리,0
2019.07.01,완도군,벼애잎굴파리,0
2019.07.01,장성군,벼애잎굴파리,0
2019.07.01,장흥군,벼애잎굴파리,0
2019.07.01,진도군,벼애잎굴파리,1
2019.07.01,함평군,벼애잎굴파리,0
2019.07.01,해남군,벼애잎굴파리,0
2019.07.01,화순군,벼애잎굴파리,0
2019.07.16,강진군,벼애잎굴파리,0
2019.07.16,고흥군,벼애잎굴파리,0
2019.07.16,곡성군,벼애잎굴파리,0
2019.07.16,광양시,벼애잎굴파리,0
2019.07.16,구례군,벼애잎굴파리,0
2019.07.16,나주시,벼애잎굴파리,0
2019.07.16,담양군,벼애잎굴파리,1
2019.07.16,무안군,벼애잎굴파리,0
2019.07.16,보성군,벼애잎굴파리,0
2019.07.16,순천시,벼애잎굴파리,0
2019.07.16,신안군,벼애잎굴파리,0
2019.07.16,여수시,벼애잎굴파리,0
2019.07.16,영광군,벼애잎굴파리,0
2019.07.16,영암군,벼애잎굴파리,0
2019.07.16,완도군,벼애잎굴파리,0
2019.07.16,장성군,벼애잎굴파리,0
2019.07.16,장흥군,벼애잎굴파리,0
2019.07.16,진도군,벼애잎굴파리,0
2019.07.16,함평군,벼애잎굴파리,0
2019.07.16,해남군,벼애잎굴파리,0
2019.07.16,화순군,벼애잎굴파리,0
2019.08.01,강진군,벼애잎굴파리,0
2019.08.01,고흥군,벼애잎굴파리,0
2019.08.01,곡성군,벼애잎굴파리,0
2019.08.01,광양시,벼애잎굴파리,0
2019.08.01,구례군,벼애잎굴파리,0
2019.08.01,나주시,벼애잎굴파리,0
2019.08.01,담양군,벼애잎굴파리,0
2019.08.01,무안군,벼애잎굴파리,0
2019.08.01,보성군,벼애잎굴파리,0
2019.08.01,순천시,벼애잎굴파리,0
2019.08.01,신안군,벼애잎굴파리,1
2019.08.01,여수시,벼애잎굴파리,0
2019.08.01,영광군,벼애잎굴파리,0
2019.08.01,영암군,벼애잎굴파리,0
2019.08.01,완도군,벼애잎굴파리,0
2019.08.01,장성군,벼애잎굴파리,0
2019.08.01,장흥군,벼애잎굴파리,0
2019.08.01,진도군,벼애잎굴파리,0
2019.08.01,함평군,벼애잎굴파리,0
2019.08.01,해남군,벼애잎굴파리,0
2019.08.01,화순군,벼애잎굴파리,0
2019.08.16,강진군,벼애잎굴파리,0
2019.08.16,고흥군,벼애잎굴파리,0
2019.08.16,광양시,벼애잎굴파리,0
2019.08.16,구례군,벼애잎굴파리,0
2019.08.16,무안군,벼애잎굴파리,0
2019.08.16,보성군,벼애잎굴파리,0
2019.08.16,순천시,벼애잎굴파리,0
2019.08.16,신안군,벼애잎굴파리,0
2019.08.16,여수시,벼애잎굴파리,0
2019.08.16,영광군,벼애잎굴파리,0
2019.08.16,완도군,벼애잎굴파리,0
2019.08.16,장흥군,벼애잎굴파리,0
2019.08.16,진도군,벼애잎굴파리,0
2019.08.16,함평군,벼애잎굴파리,0
2019.08.16,해남군,벼애잎굴파리,0
2019.08.16,화순군,벼애잎굴파리,0
2019.09.01,강진군,벼애잎굴파리,0
2019.09.01,고흥군,벼애잎굴파리,0
2019.09.01,곡성군,벼애잎굴파리,0
2019.09.01,광양시,벼애잎굴파리,0
2019.09.01,구례군,벼애잎굴파리,0
2019.09.01,나주시,벼애잎굴파리,0
2019.09.01,담양군,벼애잎굴파리,0
2019.09.01,무안군,벼애잎굴파리,0
2019.09.01,보성군,벼애잎굴파리,0
2019.09.01,순천시,벼애잎굴파리,0
2019.09.01,신안군,벼애잎굴파리,0
2019.09.01,여수시,벼애잎굴파리,0
2019.09.01,영광군,벼애잎굴파리,0
2019.09.01,영암군,벼애잎굴파리,0
2019.09.01,완도군,벼애잎굴파리,0
2019.09.01,장성군,벼애잎굴파리,0
2019.09.01,장흥군,벼애잎굴파리,0
2019.09.01,진도군,벼애잎굴파리,0
2019.09.01,함평군,벼애잎굴파리,0
2019.09.01,해남군,벼애잎굴파리,0
2019.09.01,화순군,벼애잎굴파리,0
2019.09.16,강진군,벼애잎굴파리,0
2019.09.16,고흥군,벼애잎굴파리,0
2019.09.16,곡성군,벼애잎굴파리,0
2019.09.16,광양시,벼애잎굴파리,0
2019.09.16,구례군,벼애잎굴파리,0
2019.09.16,나주시,벼애잎굴파리,0
2019.09.16,담양군,벼애잎굴파리,0
2019.09.16,무안군,벼애잎굴파리,0
2019.09.16,보성군,벼애잎굴파리,0
2019.09.16,순천시,벼애잎굴파리,0
2019.09.16,여수시,벼애잎굴파리,0
2019.09.16,영광군,벼애잎굴파리,0
2019.09.16,영암군,벼애잎굴파리,0
2019.09.16,완도군,벼애잎굴파리,0
2019.09.16,장성군,벼애잎굴파리,0
2019.09.16,장흥군,벼애잎굴파리,0
2019.09.16,진도군,벼애잎굴파리,0
2019.09.16,함평군,벼애잎굴파리,0
2019.09.16,해남군,벼애잎굴파리,0
2019.09.16,화순군,벼애잎굴파리,0
2020.06.01,강진군,벼애잎굴파리,0
2020.06.01,고흥군,벼애잎굴파리,0
2020.06.01,광양시,벼애잎굴파리,0
2020.06.01,구례군,벼애잎굴파리,0
2020.06.01,나주시,벼애잎굴파리,0
2020.06.01,담양군,벼애잎굴파리,0
2020.06.01,무안군,벼애잎굴파리,0
2020.06.01,보성군,벼애잎굴파리,0
2020.06.01,순천시,벼애잎굴파리,0
2020.06.01,신안군,벼애잎굴파리,0
2020.06.01,여수시,벼애잎굴파리,0
2020.06.01,영광군,벼애잎굴파리,0
2020.06.01,영암군,벼애잎굴파리,0
2020.06.01,완도군,벼애잎굴파리,0
2020.06.01,장성군,벼애잎굴파리,0
2020.06.01,장흥군,벼애잎굴파리,0
2020.06.01,진도군,벼애잎굴파리,0
2020.06.01,함평군,벼애잎굴파리,0
2020.06.01,해남군,벼애잎굴파리,0
2020.06.01,화순군,벼애잎굴파리,0
2020.06.16,강진군,벼애잎굴파리,0
2020.06.16,고흥군,벼애잎굴파리,0
2020.06.16,곡성군,벼애잎굴파리,0
2020.06.16,광양시,벼애잎굴파리,0
2020.06.16,구례군,벼애잎굴파리,0
2020.06.16,나주시,벼애잎굴파리,0
2020.06.16,담양군,벼애잎굴파리,0
2020.06.16,무안군,벼애잎굴파리,0
2020.06.16,보성군,벼애잎굴파리,0
2020.06.16,순천시,벼애잎굴파리,0
2020.06.16,신안군,벼애잎굴파리,0
2020.06.16,여수시,벼애잎굴파리,0
2020.06.16,영광군,벼애잎굴파리,0
2020.06.16,영암군,벼애잎굴파리,0
2020.06.16,완도군,벼애잎굴파리,0
2020.06.16,장성군,벼애잎굴파리,0
2020.06.16,장흥군,벼애잎굴파리,0
2020.06.16,진도군,벼애잎굴파리,1
2020.06.16,함평군,벼애잎굴파리,0
2020.06.16,해남군,벼애잎굴파리,0
2020.06.16,화순군,벼애잎굴파리,0
2020.07.01,강진군,벼애잎굴파리,0
2020.07.01,고흥군,벼애잎굴파리,0
2020.07.01,곡성군,벼애잎굴파리,0
2020.07.01,광양시,벼애잎굴파리,0
2020.07.01,구례군,벼애잎굴파리,0
2020.07.01,담양군,벼애잎굴파리,0
2020.07.01,무안군,벼애잎굴파리,1
2020.07.01,보성군,벼애잎굴파리,0
2020.07.01,순천시,벼애잎굴파리,0
2020.07.01,신안군,벼애잎굴파리,0
2020.07.01,여수시,벼애잎굴파리,0
2020.07.01,영광군,벼애잎굴파리,0
2020.07.01,영암군,벼애잎굴파리,0
2020.07.01,완도군,벼애잎굴파리,0
2020.07.01,장성군,벼애잎굴파리,0
2020.07.01,장흥군,벼애잎굴파리,0
2020.07.01,진도군,벼애잎굴파리,1
2020.07.01,함평군,벼애잎굴파리,0
2020.07.01,해남군,벼애잎굴파리,0
2020.07.01,화순군,벼애잎굴파리,0
2020.07.16,강진군,벼애잎굴파리,0
2020.07.16,고흥군,벼애잎굴파리,0
2020.07.16,곡성군,벼애잎굴파리,0
2020.07.16,광양시,벼애잎굴파리,0
2020.07.16,구례군,벼애잎굴파리,0
2020.07.16,나주시,벼애잎굴파리,0
2020.07.16,담양군,벼애잎굴파리,0
2020.07.16,무안군,벼애잎굴파리,0
2020.07.16,보성군,벼애잎굴파리,0
2020.07.16,순천시,벼애잎굴파리,0
2020.07.16,신안군,벼애잎굴파리,0
2020.07.16,여수시,벼애잎굴파리,0
2020.07.16,영광군,벼애잎굴파리,0
2020.07.16,영암군,벼애잎굴파리,0
2020.07.16,완도군,벼애잎굴파리,1
2020.07.16,장성군,벼애잎굴파리,0
2020.07.16,장흥군,벼애잎굴파리,0
2020.07.16,진도군,벼애잎굴파리,0
2020.07.16,함평군,벼애잎굴파리,0
2020.07.16,해남군,벼애잎굴파리,0
2020.07.16,화순군,벼애잎굴파리,0
2020.08.01,강진군,벼애잎굴파리,0
2020.08.01,고흥군,벼애잎굴파리,0
2020.08.01,곡성군,벼애잎굴파리,0
2020.08.01,광양시,벼애잎굴파리,0
2020.08.01,구례군,벼애잎굴파리,0
2020.08.01,나주시,벼애잎굴파리,0
2020.08.01,담양군,벼애잎굴파리,0
2020.08.01,무안군,벼애잎굴파리,0
2020.08.01,보성군,벼애잎굴파리,0
2020.08.01,순천시,벼애잎굴파리,0
2020.08.01,신안군,벼애잎굴파리,0
2020.08.01,여수시,벼애잎굴파리,0
2020.08.01,영광군,벼애잎굴파리,0
2020.08.01,영암군,벼애잎굴파리,0
2020.08.01,완도군,벼애잎굴파리,0
2020.08.01,장성군,벼애잎굴파리,0
2020.08.01,장흥군,벼애잎굴파리,0
2020.08.01,진도군,벼애잎굴파리,0
2020.08.01,함평군,벼애잎굴파리,0
2020.08.01,해남군,벼애잎굴파리,0
2020.08.01,화순군,벼애잎굴파리,0
2020.08.16,강진군,벼애잎굴파리,0
2020.08.16,고흥군,벼애잎굴파리,0
2020.08.16,곡성군,벼애잎굴파리,0
2020.08.16,광양시,벼애잎굴파리,0
2020.08.16,구례군,벼애잎굴파리,0
2020.08.16,나주시,벼애잎굴파리,0
2020.08.16,담양군,벼애잎굴파리,0
2020.08.16,무안군,벼애잎굴파리,0
2020.08.16,보성군,벼애잎굴파리,0
2020.08.16,순천시,벼애잎굴파리,0
2020.08.16,신안군,벼애잎굴파리,0
2020.08.16,여수시,벼애잎굴파리,0
2020.08.16,영광군,벼애잎굴파리,0
2020.08.16,영암군,벼애잎굴파리,0
2020.08.16,완도군,벼애잎굴파리,0
2020.08.16,장성군,벼애잎굴파리,0
2020.08.16,장흥군,벼애잎굴파리,0
2020.08.16,진도군,벼애잎굴파리,0
2020.08.16,함평군,벼애잎굴파리,0
2020.08.16,해남군,벼애잎굴파리,0
2020.08.16,화순군,벼애잎굴파리,0
2020.09.01,강진군,벼애잎굴파리,0
2020.09.01,고흥군,벼애잎굴파리,0
2020.09.01,곡성군,벼애잎굴파리,0
2020.09.01,광양시,벼애잎굴파리,0
2020.09.01,구례군,벼애잎굴파리,0
2020.09.01,나주시,벼애잎굴파리,0
2020.09.01,담양군,벼애잎굴파리,0
2020.09.01,무안군,벼애잎굴파리,0
2020.09.01,보성군,벼애잎굴파리,0
2020.09.01,순천시,벼애잎굴파리,0
2020.09.01,신안군,벼애잎굴파리,0
2020.09.01,여수시,벼애잎굴파리,0
2020.09.01,영광군,벼애잎굴파리,0
2020.09.01,영암군,벼애잎굴파리,0
2020.09.01,완도군,벼애잎굴파리,0
2020.09.01,장성군,벼애잎굴파리,0
2020.09.01,장흥군,벼애잎굴파리,0
2020.09.01,진도군,벼애잎굴파리,0
2020.09.01,함평군,벼애잎굴파리,0
2020.09.01,해남군,벼애잎굴파리,0
2020.09.01,화순군,벼애잎굴파리,0
2020.09.16,강진군,벼애잎굴파리,0
2020.09.16,고흥군,벼애잎굴파리,0
2020.09.16,곡성군,벼애잎굴파리,0
2020.09.16,광양시,벼애잎굴파리,0
2020.09.16,구례군,벼애잎굴파리,0
2020.09.16,나주시,벼애잎굴파리,0
2020.09.16,담양군,벼애잎굴파리,0
2020.09.16,무안군,벼애잎굴파리,0
2020.09.16,보성군,벼애잎굴파리,0
2020.09.16,순천시,벼애잎굴파리,0
2020.09.16,신안군,벼애잎굴파리,0
2020.09.16,여수시,벼애잎굴파리,0
2020.09.16,영광군,벼애잎굴파리,0
2020.09.16,영암군,벼애잎굴파리,0
2020.09.16,완도군,벼애잎굴파리,0
2020.09.16,장성군,벼애잎굴파리,0
2020.09.16,장흥군,벼애잎굴파리,0
2020.09.16,진도군,벼애잎굴파리,0
2020.09.16,함평군,벼애잎굴파리,0
2020.09.16,해남군,벼애잎굴파리,0
2020.09.16,화순군,벼애잎굴파리,0
2021.06.01,강진군,벼애잎굴파리,0
2021.06.01,고흥군,벼애잎굴파리,0
2021.06.01,곡성군,벼애잎굴파리,0
2021.06.01,광양시,벼애잎굴파리,0
2021.06.01,구례군,벼애잎굴파리,0
2021.06.01,나주시,벼애잎굴파리,0
2021.06.01,담양군,벼애잎굴파리,0
2021.06.01,무안군,벼애잎굴파리,0
2021.06.01,보성군,벼애잎굴파리,0
2021.06.01,순천시,벼애잎굴파리,0
2021.06.01,신안군,벼애잎굴파리,0
2021.06.01,여수시,벼애잎굴파리,0
2021.06.01,영암군,벼애잎굴파리,0
2021.06.01,완도군,벼애잎굴파리,0
2021.06.01,장성군,벼애잎굴파리,0
2021.06.01,장흥군,벼애잎굴파리,0
2021.06.01,진도군,벼애잎굴파리,0
2021.06.01,함평군,벼애잎굴파리,0
2021.06.01,해남군,벼애잎굴파리,0
2021.06.01,화순군,벼애잎굴파리,0
2021.06.16,강진군,벼애잎굴파리,0
2021.06.16,고흥군,벼애잎굴파리,0
2021.06.16,곡성군,벼애잎굴파리,0
2021.06.16,광양시,벼애잎굴파리,0
2021.06.16,구례군,벼애잎굴파리,0
2021.06.16,나주시,벼애잎굴파리,0
2021.06.16,담양군,벼애잎굴파리,0
2021.06.16,무안군,벼애잎굴파리,0
2021.06.16,보성군,벼애잎굴파리,0
2021.06.16,순천시,벼애잎굴파리,0
2021.06.16,신안군,벼애잎굴파리,0
2021.06.16,여수시,벼애잎굴파리,0
2021.06.16,영광군,벼애잎굴파리,0
2021.06.16,영암군,벼애잎굴파리,0
2021.06.16,완도군,벼애잎굴파리,0
2021.06.16,장성군,벼애잎굴파리,1
2021.06.16,장흥군,벼애잎굴파리,0
2021.06.16,진도군,벼애잎굴파리,0
2021.06.16,함평군,벼애잎굴파리,0
2021.06.16,해남군,벼애잎굴파리,0
2021.06.16,화순군,벼애잎굴파리,0
2021.07.01,강진군,벼애잎굴파리,0
2021.07.01,고흥군,벼애잎굴파리,0
2021.07.01,곡성군,벼애잎굴파리,0
2021.07.01,광양시,벼애잎굴파리,0
2021.07.01,구례군,벼애잎굴파리,0
2021.07.01,나주시,벼애잎굴파리,0
2021.07.01,담양군,벼애잎굴파리,0
2021.07.01,무안군,벼애잎굴파리,0
2021.07.01,보성군,벼애잎굴파리,0
2021.07.01,순천시,벼애잎굴파리,0
2021.07.01,신안군,벼애잎굴파리,0
2021.07.01,여수시,벼애잎굴파리,0
2021.07.01,영광군,벼애잎굴파리,0
2021.07.01,영암군,벼애잎굴파리,0
2021.07.01,완도군,벼애잎굴파리,0
2021.07.01,장성군,벼애잎굴파리,1
2021.07.01,장흥군,벼애잎굴파리,0
2021.07.01,진도군,벼애잎굴파리,0
2021.07.01,함평군,벼애잎굴파리,0
2021.07.01,해남군,벼애잎굴파리,0
2021.07.01,화순군,벼애잎굴파리,0
2021.07.16,강진군,벼애잎굴파리,0
2021.07.16,고흥군,벼애잎굴파리,0
2021.07.16,곡성군,벼애잎굴파리,0
2021.07.16,광양시,벼애잎굴파리,0
2021.07.16,구례군,벼애잎굴파리,0
2021.07.16,나주시,벼애잎굴파리,0
2021.07.16,담양군,벼애잎굴파리,0
2021.07.16,무안군,벼애잎굴파리,0
2021.07.16,보성군,벼애잎굴파리,0
2021.07.16,순천시,벼애잎굴파리,0
2021.07.16,신안군,벼애잎굴파리,0
2021.07.16,여수시,벼애잎굴파리,0
2021.07.16,영광군,벼애잎굴파리,0
2021.07.16,영암군,벼애잎굴파리,0
2021.07.16,완도군,벼애잎굴파리,0
2021.07.16,장성군,벼애잎굴파리,1
2021.07.16,장흥군,벼애잎굴파리,0
2021.07.16,진도군,벼애잎굴파리,1
2021.07.16,함평군,벼애잎굴파리,0
2021.07.16,해남군,벼애잎굴파리,0
2021.07.16,화순군,벼애잎굴파리,0
2021.08.01,강진군,벼애잎굴파리,0
2021.08.01,고흥군,벼애잎굴파리,0
2021.08.01,곡성군,벼애잎굴파리,0
2021.08.01,광양시,벼애잎굴파리,0
2021.08.01,구례군,벼애잎굴파리,0
2021.08.01,보성군,벼애잎굴파리,0
2021.08.01,여수시,벼애잎굴파리,0
2021.08.01,영암군,벼애잎굴파리,0
2021.08.01,완도군,벼애잎굴파리,0
2021.08.01,장성군,벼애잎굴파리,0
2021.08.01,진도군,벼애잎굴파리,0
2021.08.01,함평군,벼애잎굴파리,0
2021.08.01,해남군,벼애잎굴파리,0
2021.08.01,화순군,벼애잎굴파리,0
2021.08.16,강진군,벼애잎굴파리,0
2021.08.16,고흥군,벼애잎굴파리,0
2021.08.16,곡성군,벼애잎굴파리,0
2021.08.16,광양시,벼애잎굴파리,0
2021.08.16,구례군,벼애잎굴파리,0
2021.08.16,나주시,벼애잎굴파리,0
2021.08.16,담양군,벼애잎굴파리,0
2021.08.16,무안군,벼애잎굴파리,0
2021.08.16,보성군,벼애잎굴파리,0
2021.08.16,순천시,벼애잎굴파리,0
2021.08.16,신안군,벼애잎굴파리,0
2021.08.16,여수시,벼애잎굴파리,0
2021.08.16,영광군,벼애잎굴파리,0
2021.08.16,영암군,벼애잎굴파리,0
2021.08.16,완도군,벼애잎굴파리,0
2021.08.16,장성군,벼애잎굴파리,0
2021.08.16,장흥군,벼애잎굴파리,0
2021.08.16,진도군,벼애잎굴파리,0
2021.08.16,함평군,벼애잎굴파리,0
2021.08.16,해남군,벼애잎굴파리,0
2021.08.16,화순군,벼애잎굴파리,0
2021.09.01,강진군,벼애잎굴파리,0
2021.09.01,고흥군,벼애잎굴파리,0
2021.09.01,곡성군,벼애잎굴파리,0
2021.09.01,광양시,벼애잎굴파리,0
2021.09.01,구례군,벼애잎굴파리,0
2021.09.01,담양군,벼애잎굴파리,0
2021.09.01,무안군,벼애잎굴파리,0
2021.09.01,보성군,벼애잎굴파리,0
2021.09.01,순천시,벼애잎굴파리,0
2021.09.01,신안군,벼애잎굴파리,0
2021.09.01,여수시,벼애잎굴파리,0
2021.09.01,영암군,벼애잎굴파리,0
2021.09.01,완도군,벼애잎굴파리,0
2021.09.01,장성군,벼애잎굴파리,0
2021.09.01,장흥군,벼애잎굴파리,0
2021.09.01,진도군,벼애잎굴파리,0
2021.09.01,함평군,벼애잎굴파리,0
2021.09.01,해남군,벼애잎굴파리,0
2021.09.01,화순군,벼애잎굴파리,0
2021.09.16,강진군,벼애잎굴파리,0
2021.09.16,고흥군,벼애잎굴파리,0
2021.09.16,곡성군,벼애잎굴파리,0
2021.09.16,광양시,벼애잎굴파리,0
2021.09.16,구례군,벼애잎굴파리,0
2021.09.16,나주시,벼애잎굴파리,0
2021.09.16,담양군,벼애잎굴파리,0
2021.09.16,무안군,벼애잎굴파리,0
2021.09.16,보성군,벼애잎굴파리,0
2021.09.16,순천시,벼애잎굴파리,0
2021.09.16,신안군,벼애잎굴파리,0
2021.09.16,여수시,벼애잎굴파리,0
2021.09.16,영광군,벼애잎굴파리,0
2021.09.16,영암군,벼애잎굴파리,0
2021.09.16,완도군,벼애잎굴파리,0
2021.09.16,장성군,벼애잎굴파리,0
2021.09.16,장흥군,벼애잎굴파리,0
2021.09.16,진도군,벼애잎굴파리,0
2021.09.16,함평군,벼애잎굴파리,0
2021.09.16,해남군,벼애잎굴파리,0
2021.09.16,화순군,벼애잎굴파리,0
2022.06.01,강진군,벼애잎굴파리,0
2022.06.01,고흥군,벼애잎굴파리,0
2022.06.01,곡성군,벼애잎굴파리,0
2022.06.01,광양시,벼애잎굴파리,0
2022.06.01,구례군,벼애잎굴파리,0
2022.06.01,나주시,벼애잎굴파리,0
2022.06.01,담양군,벼애잎굴파리,0
2022.06.01,무안군,벼애잎굴파리,0
2022.06.01,보성군,벼애잎굴파리,0
2022.06.01,순천시,벼애잎굴파리,0
2022.06.01,신안군,벼애잎굴파리,0
2022.06.01,여수시,벼애잎굴파리,0
2022.06.01,영광군,벼애잎굴파리,0
2022.06.01,영암군,벼애잎굴파리,0
2022.06.01,완도군,벼애잎굴파리,0
2022.06.01,장성군,벼애잎굴파리,0
2022.06.01,장흥군,벼애잎굴파리,0
2022.06.01,진도군,벼애잎굴파리,1
2022.06.01,함평군,벼애잎굴파리,0
2022.06.01,해남군,벼애잎굴파리,0
2022.06.01,화순군,벼애잎굴파리,0
2022.06.16,강진군,벼애잎굴파리,0
2022.06.16,고흥군,벼애잎굴파리,0
2022.06.16,곡성군,벼애잎굴파리,0
2022.06.16,광양시,벼애잎굴파리,0
2022.06.16,구례군,벼애잎굴파리,0
2022.06.16,나주시,벼애잎굴파리,0
2022.06.16,담양군,벼애잎굴파리,0
2022.06.16,무안군,벼애잎굴파리,0
2022.06.16,보성군,벼애잎굴파리,0
2022.06.16,순천시,벼애잎굴파리,0
2022.06.16,신안군,벼애잎굴파리,0
2022.06.16,여수시,벼애잎굴파리,0
2022.06.16,영광군,벼애잎굴파리,0
2022.06.16,영암군,벼애잎굴파리,0
2022.06.16,완도군,벼애잎굴파리,0
2022.06.16,장성군,벼애잎굴파리,0
2022.06.16,장흥군,벼애잎굴파리,0
2022.06.16,진도군,벼애잎굴파리,1
2022.06.16,함평군,벼애잎굴파리,0
2022.06.16,해남군,벼애잎굴파리,0
2022.06.16,화순군,벼애잎굴파리,0
2022.07.01,강진군,벼애잎굴파리,0
2022.07.01,고흥군,벼애잎굴파리,0
2022.07.01,곡성군,벼애잎굴파리,0
2022.07.01,광양시,벼애잎굴파리,0
2022.07.01,구례군,벼애잎굴파리,0
2022.07.01,나주시,벼애잎굴파리,0
2022.07.01,담양군,벼애잎굴파리,0
2022.07.01,무안군,벼애잎굴파리,0
2022.07.01,보성군,벼애잎굴파리,0
2022.07.01,순천시,벼애잎굴파리,0
2022.07.01,신안군,벼애잎굴파리,0
2022.07.01,여수시,벼애잎굴파리,0
2022.07.01,영광군,벼애잎굴파리,0
2022.07.01,영암군,벼애잎굴파리,0
2022.07.01,완도군,벼애잎굴파리,0
2022.07.01,장성군,벼애잎굴파리,1
2022.07.01,장흥군,벼애잎굴파리,0
2022.07.01,진도군,벼애잎굴파리,1
2022.07.01,함평군,벼애잎굴파리,0
2022.07.01,해남군,벼애잎굴파리,0
2022.07.01,화순군,벼애잎굴파리,0
2022.07.16,강진군,벼애잎굴파리,0
2022.07.16,고흥군,벼애잎굴파리,0
2022.07.16,곡성군,벼애잎굴파리,0
2022.07.16,광양시,벼애잎굴파리,0
2022.07.16,구례군,벼애잎굴파리,0
2022.07.16,나주시,벼애잎굴파리,0
2022.07.16,담양군,벼애잎굴파리,0
2022.07.16,무안군,벼애잎굴파리,0
2022.07.16,보성군,벼애잎굴파리,0
2022.07.16,순천시,벼애잎굴파리,0
2022.07.16,신안군,벼애잎굴파리,0
2022.07.16,여수시,벼애잎굴파리,0
2022.07.16,영광군,벼애잎굴파리,0
2022.07.16,영암군,벼애잎굴파리,0
2022.07.16,완도군,벼애잎굴파리,0
2022.07.16,장성군,벼애잎굴파리,1
2022.07.16,장흥군,벼애잎굴파리,0
2022.07.16,진도군,벼애잎굴파리,0
2022.07.16,함평군,벼애잎굴파리,0
2022.07.16,해남군,벼애잎굴파리,0
2022.07.16,화순군,벼애잎굴파리,0
2022.08.01,강진군,벼애잎굴파리,0
2022.08.01,고흥군,벼애잎굴파리,0
2022.08.01,곡성군,벼애잎굴파리,0
2022.08.01,광양시,벼애잎굴파리,0
2022.08.01,구례군,벼애잎굴파리,0
2022.08.01,나주시,벼애잎굴파리,0
2022.08.01,담양군,벼애잎굴파리,0
2022.08.01,무안군,벼애잎굴파리,0
2022.08.01,보성군,벼애잎굴파리,0
2022.08.01,순천시,벼애잎굴파리,0
2022.08.01,신안군,벼애잎굴파리,0
2022.08.01,여수시,벼애잎굴파리,0
2022.08.01,영광군,벼애잎굴파리,0
2022.08.01,영암군,벼애잎굴파리,0
2022.08.01,완도군,벼애잎굴파리,0
2022.08.01,장성군,벼애잎굴파리,1
2022.08.01,장흥군,벼애잎굴파리,0
2022.08.01,진도군,벼애잎굴파리,0
2022.08.01,함평군,벼애잎굴파리,0
2022.08.01,화순군,벼애잎굴파리,0
2022.08.16,강진군,벼애잎굴파리,0
2022.08.16,고흥군,벼애잎굴파리,0
2022.08.16,광양시,벼애잎굴파리,0
2022.08.16,구례군,벼애잎굴파리,0
2022.08.16,담양군,벼애잎굴파리,0
2022.08.16,무안군,벼애잎굴파리,0
2022.08.16,보성군,벼애잎굴파리,0
2022.08.16,순천시,벼애잎굴파리,0
2022.08.16,여수시,벼애잎굴파리,0
2022.08.16,영암군,벼애잎굴파리,0
2022.08.16,완도군,벼애잎굴파리,0
2022.08.16,장성군,벼애잎굴파리,0
2022.08.16,장흥군,벼애잎굴파리,0
2022.08.16,진도군,벼애잎굴파리,0
2022.08.16,함평군,벼애잎굴파리,0
2022.08.16,해남군,벼애잎굴파리,0
2022.08.16,화순군,벼애잎굴파리,0
2022.09.01,강진군,벼애잎굴파리,0
2022.09.01,고흥군,벼애잎굴파리,0
2022.09.01,곡성군,벼애잎굴파리,0
2022.09.01,광양시,벼애잎굴파리,0
2022.09.01,구례군,벼애잎굴파리,0
2022.09.01,담양군,벼애잎굴파리,0
2022.09.01,보성군,벼애잎굴파리,0
2022.09.01,순천시,벼애잎굴파리,0
2022.09.01,신안군,벼애잎굴파리,0
2022.09.01,여수시,벼애잎굴파리,0
2022.09.01,영암군,벼애잎굴파리,0
2022.09.01,완도군,벼애잎굴파리,0
2022.09.01,장성군,벼애잎굴파리,0
2022.09.01,장흥군,벼애잎굴파리,0
2022.09.01,진도군,벼애잎굴파리,0
2022.09.01,해남군,벼애잎굴파리,0
2022.09.01,화순군,벼애잎굴파리,0
2022.09.16,강진군,벼애잎굴파리,0
2022.09.16,고흥군,벼애잎굴파리,0
2022.09.16,곡성군,벼애잎굴파리,0
2022.09.16,광양시,벼애잎굴파리,0
2022.09.16,구례군,벼애잎굴파리,0
2022.09.16,나주시,벼애잎굴파리,0
2022.09.16,담양군,벼애잎굴파리,0
2022.09.16,무안군,벼애잎굴파리,0
2022.09.16,보성군,벼애잎굴파리,0
2022.09.16,순천시,벼애잎굴파리,0
2022.09.16,신안군,벼애잎굴파리,0
2022.09.16,여수시,벼애잎굴파리,0
2022.09.16,영광군,벼애잎굴파리,0
2022.09.16,완도군,벼애잎굴파리,0
2022.09.16,장성군,벼애잎굴파리,0
2022.09.16,장흥군,벼애잎굴파리,0
2022.09.16,진도군,벼애잎굴파리,0
2022.09.16,함평군,벼애잎굴파리,0
2022.09.16,해남군,벼애잎굴파리,0
2022.09.16,화순군,벼애잎굴파리,0
2023.06.01,강진군,벼애잎굴파리,0
2023.06.01,곡성군,벼애잎굴파리,0
2023.06.01,광양시,벼애잎굴파리,0
2023.06.01,구례군,벼애잎굴파리,0
2023.06.01,나주시,벼애잎굴파리,0
2023.06.01,담양군,벼애잎굴파리,0
2023.06.01,무안군,벼애잎굴파리,0
2023.06.01,보성군,벼애잎굴파리,0
2023.06.01,순천시,벼애잎굴파리,0
2023.06.01,신안군,벼애잎굴파리,0
2023.06.01,여수시,벼애잎굴파리,0
2023.06.01,영광군,벼애잎굴파리,0
2023.06.01,영암군,벼애잎굴파리,0
2023.06.01,완도군,벼애잎굴파리,0
2023.06.01,장성군,벼애잎굴파리,0
2023.06.01,장흥군,벼애잎굴파리,0
2023.06.01,진도군,벼애잎굴파리,1
2023.06.01,함평군,벼애잎굴파리,0
2023.06.01,해남군,벼애잎굴파리,0
2023.06.01,화순군,벼애잎굴파리,0
2023.06.16,강진군,벼애잎굴파리,0
2023.06.16,곡성군,벼애잎굴파리,0
2023.06.16,광양시,벼애잎굴파리,0
2023.06.16,구례군,벼애잎굴파리,0
2023.06.16,나주시,벼애잎굴파리,0
2023.06.16,담양군,벼애잎굴파리,0
2023.06.16,무안군,벼애잎굴파리,0
2023.06.16,보성군,벼애잎굴파리,0
2023.06.16,순천시,벼애잎굴파리,0
2023.06.16,신안군,벼애잎굴파리,0
2023.06.16,여수시,벼애잎굴파리,0
2023.06.16,영광군,벼애잎굴파리,0
2023.06.16,영암군,벼애잎굴파리,0
2023.06.16,완도군,벼애잎굴파리,0
2023.06.16,장성군,벼애잎굴파리,1
2023.06.16,장흥군,벼애잎굴파리,0
2023.06.16,진도군,벼애잎굴파리,1
2023.06.16,함평군,벼애잎굴파리,0
2023.06.16,해남군,벼애잎굴파리,0
2023.06.16,화순군,벼애잎굴파리,0
2023.07.01,강진군,벼애잎굴파리,0
2023.07.01,고흥군,벼애잎굴파리,0
2023.07.01,곡성군,벼애잎굴파리,0
2023.07.01,광양시,벼애잎굴파리,0
2023.07.01,구례군,벼애잎굴파리,0
2023.07.01,나주시,벼애잎굴파리,0
2023.07.01,담양군,벼애잎굴파리,0
2023.07.01,무안군,벼애잎굴파리,0
2023.07.01,보성군,벼애잎굴파리,0
2023.07.01,순천시,벼애잎굴파리,0
2023.07.01,신안군,벼애잎굴파리,0
2023.07.01,여수시,벼애잎굴파리,0
2023.07.01,영광군,벼애잎굴파리,0
2023.07.01,영암군,벼애잎굴파리,0
2023.07.01,완도군,벼애잎굴파리,0
2023.07.01,장성군,벼애잎굴파리,1
2023.07.01,장흥군,벼애잎굴파리,0
2023.07.01,진도군,벼애잎굴파리,1
2023.07.01,함평군,벼애잎굴파리,0
2023.07.01,해남군,벼애잎굴파리,0
2023.07.01,화순군,벼애잎굴파리,0
2023.07.16,강진군,벼애잎굴파리,1
2023.07.16,고흥군,벼애잎굴파리,0
2023.07.16,곡성군,벼애잎굴파리,0
2023.07.16,광양시,벼애잎굴파리,0
2023.07.16,구례군,벼애잎굴파리,0
2023.07.16,나주시,벼애잎굴파리,0
2023.07.16,담양군,벼애잎굴파리,0
2023.07.16,무안군,벼애잎굴파리,0
2023.07.16,보성군,벼애잎굴파리,0
2023.07.16,순천시,벼애잎굴파리,0
2023.07.16,신안군,벼애잎굴파리,0
2023.07.16,여수시,벼애잎굴파리,0
2023.07.16,영광군,벼애잎굴파리,0
2023.07.16,영암군,벼애잎굴파리,0
2023.07.16,완도군,벼애잎굴파리,0
2023.07.16,장성군,벼애잎굴파리,1
2023.07.16,장흥군,벼애잎굴파리,0
2023.07.16,진도군,벼애잎굴파리,1
2023.07.16,함평군,벼애잎굴파리,0
2023.07.16,해남군,벼애잎굴파리,0
2023.07.16,화순군,벼애잎굴파리,0
2023.08.01,강진군,벼애잎굴파리,0
2023.08.01,고흥군,벼애잎굴파리,0
2023.08.01,곡성군,벼애잎굴파리,0
2023.08.01,광양시,벼애잎굴파리,0
2023.08.01,구례군,벼애잎굴파리,0
2023.08.01,나주시,벼애잎굴파리,0
2023.08.01,담양군,벼애잎굴파리,0
2023.08.01,무안군,벼애잎굴파리,0
2023.08.01,보성군,벼애잎굴파리,0
2023.08.01,순천시,벼애잎굴파리,0
2023.08.01,신안군,벼애잎굴파리,0
2023.08.01,여수시,벼애잎굴파리,0
2023.08.01,영광군,벼애잎굴파리,0
2023.08.01,영암군,벼애잎굴파리,0
2023.08.01,완도군,벼애잎굴파리,0
2023.08.01,장성군,벼애잎굴파리,1
2023.08.01,장흥군,벼애잎굴파리,0
2023.08.01,진도군,벼애잎굴파리,1
2023.08.01,함평군,벼애잎굴파리,0
2023.08.01,해남군,벼애잎굴파리,0
2023.08.01,화순군,벼애잎굴파리,0
2023.08.16,강진군,벼애잎굴파리,0
2023.08.16,고흥군,벼애잎굴파리,0
2023.08.16,곡성군,벼애잎굴파리,0
2023.08.16,광양시,벼애잎굴파리,0
2023.08.16,구례군,벼애잎굴파리,0
2023.08.16,나주시,벼애잎굴파리,0
2023.08.16,담양군,벼애잎굴파리,0
2023.08.16,무안군,벼애잎굴파리,0
2023.08.16,보성군,벼애잎굴파리,0
2023.08.16,순천시,벼애잎굴파리,0
2023.08.16,신안군,벼애잎굴파리,0
2023.08.16,여수시,벼애잎굴파리,0
2023.08.16,영광군,벼애잎굴파리,0
2023.08.16,영암군,벼애잎굴파리,0
2023.08.16,완도군,벼애잎굴파리,0
2023.08.16,장성군,벼애잎굴파리,0
2023.08.16,장흥군,벼애잎굴파리,0
2023.08.16,진도군,벼애잎굴파리,0
2023.08.16,함평군,벼애잎굴파리,0
2023.08.16,해남군,벼애잎굴파리,0
2023.08.16,화순군,벼애잎굴파리,0
2023.09.01,강진군,벼애잎굴파리,0
2023.09.01,고흥군,벼애잎굴파리,0
2023.09.01,곡성군,벼애잎굴파리,0
2023.09.01,광양시,벼애잎굴파리,0
2023.09.01,구례군,벼애잎굴파리,0
2023.09.01,나주시,벼애잎굴파리,0
2023.09.01,담양군,벼애잎굴파리,0
2023.09.01,무안군,벼애잎굴파리,0
2023.09.01,보성군,벼애잎굴파리,0
2023.09.01,순천시,벼애잎굴파리,0
2023.09.01,신안군,벼애잎굴파리,0
2023.09.01,여수시,벼애잎굴파리,0
2023.09.01,영광군,벼애잎굴파리,0
2023.09.01,영암군,벼애잎굴파리,0
2023.09.01,완도군,벼애잎굴파리,0
2023.09.01,장성군,벼애잎굴파리,0
2023.09.01,장흥군,벼애잎굴파리,0
2023.09.01,진도군,벼애잎굴파리,0
2023.09.01,함평군,벼애잎굴파리,0
2023.09.01,해남군,벼애잎굴파리,0
2023.09.01,화순군,벼애잎굴파리,0
2023.09.16,강진군,벼애잎굴파리,0
2023.09.16,고흥군,벼애잎굴파리,0
2023.09.16,곡성군,벼애잎굴파리,0
2023.09.16,광양시,벼애잎굴파리,0
2023.09.16,구례군,벼애잎굴파리,0
2023.09.16,나주시,벼애잎굴파리,0
2023.09.16,담양군,벼애잎굴파리,0
2023.09.16,무안군,벼애잎굴파리,0
2023.09.16,보성군,벼애잎굴파리,0
2023.09.16,순천시,벼애잎굴파리,0
2023.09.16,신안군,벼애잎굴파리,0
2023.09.16,여수시,벼애잎굴파리,0
2023.09.16,영광군,벼애잎굴파리,0
2023.09.16,영암군,벼애잎굴파리,0
2023.09.16,완도군,벼애잎굴파리,0
2023.09.16,장성군,벼애잎굴파리,0
2023.09.16,장흥군,벼애잎굴파리,0
2023.09.16,진도군,벼애잎굴파리,0
2023.09.16,함평군,벼애잎굴파리,0
2023.09.16,해남군,벼애잎굴파리,0
2023.09.16,화순군,벼애잎굴파리,0
2024.06.01,강진군,벼애잎굴파리,0
2024.06.01,고흥군,벼애잎굴파리,0
2024.06.01,광양시,벼애잎굴파리,0
2024.06.01,구례군,벼애잎굴파리,0
2024.06.01,나주시,벼애잎굴파리,0
2024.06.01,무안군,벼애잎굴파리,0
2024.06.01,보성군,벼애잎굴파리,0
2024.06.01,순천시,벼애잎굴파리,0
2024.06.01,신안군,벼애잎굴파리,0
2024.06.01,여수시,벼애잎굴파리,0
2024.06.01,영암군,벼애잎굴파리,0
2024.06.01,완도군,벼애잎굴파리,0
2024.06.01,장성군,벼애잎굴파리,0
2024.06.01,장흥군,벼애잎굴파리,0
2024.06.01,진도군,벼애잎굴파리,0
2024.06.01,해남군,벼애잎굴파리,0
2024.06.01,화순군,벼애잎굴파리,0
2024.06.16,강진군,벼애잎굴파리,0
2024.06.16,고흥군,벼애잎굴파리,0
2024.06.16,광양시,벼애잎굴파리,0
2024.06.16,구례군,벼애잎굴파리,0
2024.06.16,나주시,벼애잎굴파리,0
2024.06.16,담양군,벼애잎굴파리,0
2024.06.16,무안군,벼애잎굴파리,0
2024.06.16,보성군,벼애잎굴파리,0
2024.06.16,순천시,벼애잎굴파리,0
2024.06.16,신안군,벼애잎굴파리,0
2024.06.16,여수시,벼애잎굴파리,0
2024.06.16,영광군,벼애잎굴파리,0
2024.06.16,영암군,벼애잎굴파리,0
2024.06.16,완도군,벼애잎굴파리,0
2024.06.16,장성군,벼애잎굴파리,0
2024.06.16,장흥군,벼애잎굴파리,0
2024.06.16,진도군,벼애잎굴파리,1
2024.06.16,해남군,벼애잎굴파리,0
2024.06.16,화순군,벼애잎굴파리,0
2024.07.01,강진군,벼애잎굴파리,0
2024.07.01,고흥군,벼애잎굴파리,0
2024.07.01,곡성군,벼애잎굴파리,0
2024.07.01,광양시,벼애잎굴파리,0
2024.07.01,구례군,벼애잎굴파리,0
2024.07.01,나주시,벼애잎굴파리,0
2024.07.01,담양군,벼애잎굴파리,0
2024.07.01,무안군,벼애잎굴파리,0
2024.07.01,보성군,벼애잎굴파리,0
2024.07.01,순천시,벼애잎굴파리,0
2024.07.01,신안군,벼애잎굴파리,0
2024.07.01,여수시,벼애잎굴파리,0
2024.07.01,영광군,벼애잎굴파리,0
2024.07.01,영암군,벼애잎굴파리,0
2024.07.01,완도군,벼애잎굴파리,0
2024.07.01,장성군,벼애잎굴파리,0
2024.07.01,장흥군,벼애잎굴파리,0
2024.07.01,진도군,벼애잎굴파리,1
2024.07.01,함평군,벼애잎굴파리,0
2024.07.01,해남군,벼애잎굴파리,0
2024.07.01,화순군,벼애잎굴파리,0
2024.07.16,강진군,벼애잎굴파리,0
2024.07.16,고흥군,벼애잎굴파리,0
2024.07.16,곡성군,벼애잎굴파리,0
2024.07.16,광양시,벼애잎굴파리,0
2024.07.16,구례군,벼애잎굴파리,0
2024.07.16,나주시,벼애잎굴파리,0
2024.07.16,담양군,벼애잎굴파리,0
2024.07.16,무안군,벼애잎굴파리,0
2024.07.16,보성군,벼애잎굴파리,0
2024.07.16,순천시,벼애잎굴파리,1
2024.07.16,신안군,벼애잎굴파리,0
2024.07.16,여수시,벼애잎굴파리,0
2024.07.16,영광군,벼애잎굴파리,0
2024.07.16,영암군,벼애잎굴파리,0
2024.07.16,완도군,벼애잎굴파리,0
2024.07.16,장성군,벼애잎굴파리,0
2024.07.16,장흥군,벼애잎굴파리,0
2024.07.16,진도군,벼애잎굴파리,1
2024.07.16,함평군,벼애잎굴파리,0
2024.07.16,해남군,벼애잎굴파리,0
2024.07.16,화순군,벼애잎굴파리,0
2024.08.01,강진군,벼애잎굴파리,0
2024.08.01,고흥군,벼애잎굴파리,0
2024.08.01,곡성군,벼애잎굴파리,0
2024.08.01,광양시,벼애잎굴파리,0
2024.08.01,구례군,벼애잎굴파리,0
2024.08.01,나주시,벼애잎굴파리,0
2024.08.01,담양군,벼애잎굴파리,0
2024.08.01,무안군,벼애잎굴파리,0
2024.08.01,보성군,벼애잎굴파리,0
2024.08.01,순천시,벼애잎굴파리,0
2024.08.01,신안군,벼애잎굴파리,0
2024.08.01,여수시,벼애잎굴파리,0
2024.08.01,영광군,벼애잎굴파리,0
2024.08.01,영암군,벼애잎굴파리,0
2024.08.01,완도군,벼애잎굴파리,0
2024.08.01,장성군,벼애잎굴파리,0
2024.08.01,장흥군,벼애잎굴파리,0
2024.08.01,진도군,벼애잎굴파리,1
2024.08.01,함평군,벼애잎굴파리,0
2024.08.01,해남군,벼애잎굴파리,0
2024.08.01,화순군,벼애잎굴파리,0
2024.08.16,강진군,벼애잎굴파리,0
2024.08.16,고흥군,벼애잎굴파리,0
2024.08.16,곡성군,벼애잎굴파리,0
2024.08.16,광양시,벼애잎굴파리,0
2024.08.16,구례군,벼애잎굴파리,0
2024.08.16,나주시,벼애잎굴파리,0
2024.08.16,담양군,벼애잎굴파리,0
2024.08.16,무안군,벼애잎굴파리,0
2024.08.16,보성군,벼애잎굴파리,0
2024.08.16,순천시,벼애잎굴파리,0
2024.08.16,신안군,벼애잎굴파리,0
2024.08.16,여수시,벼애잎굴파리,0
2024.08.16,영광군,벼애잎굴파리,0
2024.08.16,영암군,벼애잎굴파리,0
2024.08.16,완도군,벼애잎굴파리,0
2024.08.16,장성군,벼애잎굴파리,0
2024.08.16,장흥군,벼애잎굴파리,0
2024.08.16,진도군,벼애잎굴파리,0
2024.08.16,함평군,벼애잎굴파리,0
2024.08.16,해남군,벼애잎굴파리,0
2024.08.16,화순군,벼애잎굴파리,0
2024.09.01,강진군,벼애잎굴파리,0
2024.09.01,고흥군,벼애잎굴파리,0
2024.09.01,곡성군,벼애잎굴파리,0
2024.09.01,광양시,벼애잎굴파리,0
2024.09.01,구례군,벼애잎굴파리,0
2024.09.01,나주시,벼애잎굴파리,0
2024.09.01,담양군,벼애잎굴파리,0
2024.09.01,무안군,벼애잎굴파리,0
2024.09.01,보성군,벼애잎굴파리,0
2024.09.01,순천시,벼애잎굴파리,0
2024.09.01,신안군,벼애잎굴파리,0
2024.09.01,여수시,벼애잎굴파리,0
2024.09.01,영광군,벼애잎굴파리,0
2024.09.01,영암군,벼애잎굴파리,0
2024.09.01,완도군,벼애잎굴파리,0
2024.09.01,장성군,벼애잎굴파리,0
2024.09.01,장흥군,벼애잎굴파리,0
2024.09.01,진도군,벼애잎굴파리,0
2024.09.01,함평군,벼애잎굴파리,0
2024.09.01,해남군,벼애잎굴파리,0
2024.09.01,화순군,벼애잎굴파리,0
2024.09.16,강진군,벼애잎굴파리,0
2024.09.16,고흥군,벼애잎굴파리,0
2024.09.16,곡성군,벼애잎굴파리,0
2024.09.16,광양시,벼애잎굴파리,0
2024.09.16,구례군,벼애잎굴파리,0
2024.09.16,나주시,벼애잎굴파리,0
2024.09.16,담양군,벼애잎굴파리,0
2024.09.16,무안군,벼애잎굴파리,0
2024.09.16,보성군,벼애잎굴파리,0
2024.09.16,순천시,벼애잎굴파리,0
2024.09.16,신안군,벼애잎굴파리,0
2024.09.16,여수시,벼애잎굴파리,0
2024.09.16,영광군,벼애잎굴파리,0
2024.09.16,영암군,벼애잎굴파리,0
2024.09.16,완도군,벼애잎굴파리,0
2024.09.16,장성군,벼애잎굴파리,0
2024.09.16,장흥군,벼애잎굴파리,0
2024.09.16,진도군,벼애잎굴파리,0
2024.09.16,함평군,벼애잎굴파리,0
2024.09.16,해남군,벼애잎굴파리,0
2024.09.16,화순군,벼애잎굴파리,0
2025.06.01,강진군,벼애잎굴파리,0
2025.06.01,고흥군,벼애잎굴파리,0
2025.06.01,곡성군,벼애잎굴파리,0
2025.06.01,광양시,벼애잎굴파리,0
2025.06.01,구례군,벼애잎굴파리,0
2025.06.01,나주시,벼애잎굴파리,0
2025.06.01,담양군,벼애잎굴파리,0
2025.06.01,무안군,벼애잎굴파리,0
2025.06.01,보성군,벼애잎굴파리,0
2025.06.01,순천시,벼애잎굴파리,0
2025.06.01,신안군,벼애잎굴파리,0
2025.06.01,여수시,벼애잎굴파리,0
2025.06.01,영광군,벼애잎굴파리,0
2025.06.01,영암군,벼애잎굴파리,0
2025.06.01,완도군,벼애잎굴파리,0
2025.06.01,장성군,벼애잎굴파리,0
2025.06.01,장흥군,벼애잎굴파리,0
2025.06.01,진도군,벼애잎굴파리,0
2025.06.01,함평군,벼애잎굴파리,0
2025.06.01,해남군,벼애잎굴파리,0
2025.06.01,화순군,벼애잎굴파리,0
2025.06.16,강진군,벼애잎굴파리,0
2025.06.16,고흥군,벼애잎굴파리,0
2025.06.16,곡성군,벼애잎굴파리,0
2025.06.16,광양시,벼애잎굴파리,0
2025.06.16,구례군,벼애잎굴파리,0
2025.06.16,나주시,벼애잎굴파리,0
2025.06.16,담양군,벼애잎굴파리,0
2025.06.16,무안군,벼애잎굴파리,0
2025.06.16,보성군,벼애잎굴파리,0
2025.06.16,순천시,벼애잎굴파리,0
2025.06.16,신안군,벼애잎굴파리,0
2025.06.16,여수시,벼애잎굴파리,0
2025.06.16,영광군,벼애잎굴파리,0
2025.06.16,영암군,벼애잎굴파리,0
2025.06.16,완도군,벼애잎굴파리,0
2025.06.16,장성군,벼애잎굴파리,0
2025.06.16,장흥군,벼애잎굴파리,0
2025.06.16,진도군,벼애잎굴파리,1
2025.06.16,함평군,벼애잎굴파리,0
2025.06.16,해남군,벼애잎굴파리,0
2025.06.16,화순군,벼애잎굴파리,0
2025.07.01,강진군,벼애잎굴파리,0
2025.07.01,고흥군,벼애잎굴파리,0
2025.07.01,곡성군,벼애잎굴파리,0
2025.07.01,광양시,벼애잎굴파리,0
2025.07.01,구례군,벼애잎굴파리,0
2025.07.01,나주시,벼애잎굴파리,0
2025.07.01,담양군,벼애잎굴파리,0
2025.07.01,무안군,벼애잎굴파리,0
2025.07.01,보성군,벼애잎굴파리,0
2025.07.01,순천시,벼애잎굴파리,0
2025.07.01,신안군,벼애잎굴파리,0
2025.07.01,여수시,벼애잎굴파리,0
2025.07.01,영광군,벼애잎굴파리,0
2025.07.01,영암군,벼애잎굴파리,0
2025.07.01,완도군,벼애잎굴파리,0
2025.07.01,장성군,벼애잎굴파리,0
2025.07.01,진도군,벼애잎굴파리,0
2025.07.01,함평군,벼애잎굴파리,0
2025.07.01,해남군,벼애잎굴파리,0
2025.07.01,화순군,벼애잎굴파리,0
2025.07.16,강진군,벼애잎굴파리,0
2025.07.16,고흥군,벼애잎굴파리,0
2025.07.16,곡성군,벼애잎굴파리,0
2025.07.16,광양시,벼애잎굴파리,0
2025.07.16,구례군,벼애잎굴파리,0
2025.07.16,나주시,벼애잎굴파리,1
2025.07.16,담양군,벼애잎굴파리,0
2025.07.16,무안군,벼애잎굴파리,0
2025.07.16,보성군,벼애잎굴파리,0
2025.07.16,순천시,벼애잎굴파리,1
2025.07.16,신안군,벼애잎굴파리,0
2025.07.16,여수시,벼애잎굴파리,0
2025.07.16,영광군,벼애잎굴파리,0
2025.07.16,영암군,벼애잎굴파리,0
2025.07.16,완도군,벼애잎굴파리,0
2025.07.16,장성군,벼애잎굴파리,0
2025.07.16,장흥군,벼애잎굴파리,0
2025.07.16,진도군,벼애잎굴파리,0
2025.07.16,함평군,벼애잎굴파리,0
2025.07.16,해남군,벼애잎굴파리,0
2025.07.16,화순군,벼애잎굴파리,0
2025.08.01,강진군,벼애잎굴파리,0
2025.08.01,고흥군,벼애잎굴파리,0
2025.08.01,광양시,벼애잎굴파리,0
2025.08.01,구례군,벼애잎굴파리,0
2025.08.01,담양군,벼애잎굴파리,0
2025.08.01,무안군,벼애잎굴파리,0
2025.08.01,보성군,벼애잎굴파리,0
2025.08.01,신안군,벼애잎굴파리,0
2025.08.01,여수시,벼애잎굴파리,0
2025.08.01,영광군,벼애잎굴파리,0
2025.08.01,영암군,벼애잎굴파리,0
2025.08.01,완도군,벼애잎굴파리,0
2025.08.01,장성군,벼애잎굴파리,0
2025.08.01,장흥군,벼애잎굴파리,0
2025.08.01,진도군,벼애잎굴파리,0
2025.08.01,함평군,벼애잎굴파리,0
2025.08.01,해남군,벼애잎굴파리,0
2025.08.01,화순군,벼애잎굴파리,0
2025.08.16,강진군,벼애잎굴파리,0
2025.08.16,고흥군,벼애잎굴파리,0
2025.08.16,곡성군,벼애잎굴파리,0
2025.08.16,광양시,벼애잎굴파리,0
2025.08.16,구례군,벼애잎굴파리,0
2025.08.16,나주시,벼애잎굴파리,0
2025.08.16,담양군,벼애잎굴파리,0
2025.08.16,무안군,벼애잎굴파리,0
2025.08.16,보성군,벼애잎굴파리,0
2025.08.16,순천시,벼애잎굴파리,0
2025.08.16,신안군,벼애잎굴파리,0
2025.08.16,여수시,벼애잎굴파리,0
2025.08.16,영광군,벼애잎굴파리,0
2025.08.16,영암군,벼애잎굴파리,0
2025.08.16,완도군,벼애잎굴파리,0
2025.08.16,장성군,벼애잎굴파리,0
2025.08.16,장흥군,벼애잎굴파리,0
2025.08.16,진도군,벼애잎굴파리,0
2025.08.16,함평군,벼애잎굴파리,0
2025.08.16,해남군,벼애잎굴파리,0
2025.08.16,화순군,벼애잎굴파리,0
2025.09.01,강진군,벼애잎굴파리,0
2025.09.01,고흥군,벼애잎굴파리,0
2025.09.01,곡성군,벼애잎굴파리,0
2025.09.01,광양시,벼애잎굴파리,0
2025.09.01,구례군,벼애잎굴파리,0
2025.09.01,나주시,벼애잎굴파리,0
2025.09.01,담양군,벼애잎굴파리,0
2025.09.01,무안군,벼애잎굴파리,0
2025.09.01,보성군,벼애잎굴파리,0
2025.09.01,순천시,벼애잎굴파리,0
2025.09.01,신안군,벼애잎굴파리,0
2025.09.01,여수시,벼애잎굴파리,0
2025.09.01,영광군,벼애잎굴파리,0
2025.09.01,영암군,벼애잎굴파리,0
2025.09.01,완도군,벼애잎굴파리,0
2025.09.01,장성군,벼애잎굴파리,0
2025.09.01,장흥군,벼애잎굴파리,0
2025.09.01,진도군,벼애잎굴파리,0
2025.09.01,함평군,벼애잎굴파리,0
2025.09.01,해남군,벼애잎굴파리,0
2025.09.01,화순군,벼애잎굴파리,0
2025.09.16,강진군,벼애잎굴파리,0
2025.09.16,고흥군,벼애잎굴파리,0
2025.09.16,곡성군,벼애잎굴파리,0
2025.09.16,광양시,벼애잎굴파리,0
2025.09.16,구례군,벼애잎굴파리,0
2025.09.16,나주시,벼애잎굴파리,0
2025.09.16,담양군,벼애잎굴파리,0
2025.09.16,무안군,벼애잎굴파리,0
2025.09.16,보성군,벼애잎굴파리,0
2025.09.16,순천시,벼애잎굴파리,0
2025.09.16,신안군,벼애잎굴파리,0
2025.09.16,여수시,벼애잎굴파리,0
2025.09.16,영광군,벼애잎굴파리,0
2025.09.16,영암군,벼애잎굴파리,0
2025.09.16,완도군,벼애잎굴파리,0
2025.09.16,장성군,벼애잎굴파리,0
2025.09.16,장흥군,벼애잎굴파리,0
2025.09.16,진도군,벼애잎굴파리,0
2025.09.16,함평군,벼애잎굴파리,0
2025.09.16,해남군,벼애잎굴파리,0
2025.09.16,화순군,벼애잎굴파리,0
2014.09.16,강진군,벼잎벌레,0
2014.09.16,고흥군,벼잎벌레,0
2014.09.16,곡성군,벼잎벌레,0
2014.09.16,광양시,벼잎벌레,0
2014.09.16,구례군,벼잎벌레,0
2014.09.16,나주시,벼잎벌레,0
2014.09.16,담양군,벼잎벌레,0
2014.09.16,무안군,벼잎벌레,0
2014.09.16,보성군,벼잎벌레,0
2014.09.16,순천시,벼잎벌레,0
2014.09.16,신안군,벼잎벌레,0
2014.09.16,여수시,벼잎벌레,0
2014.09.16,영광군,벼잎벌레,0
2014.09.16,영암군,벼잎벌레,0
2014.09.16,완도군,벼잎벌레,0
2014.09.16,장성군,벼잎벌레,0
2014.09.16,장흥군,벼잎벌레,0
2014.09.16,진도군,벼잎벌레,0
2014.09.16,함평군,벼잎벌레,0
2014.09.16,해남군,벼잎벌레,0
2014.09.16,화순군,벼잎벌레,0
2015.06.16,강진군,벼잎벌레,0
2015.06.16,고흥군,벼잎벌레,0
2015.06.16,곡성군,벼잎벌레,0
2015.06.16,광양시,벼잎벌레,0
2015.06.16,구례군,벼잎벌레,0
2015.06.16,나주시,벼잎벌레,0
2015.06.16,담양군,벼잎벌레,0
2015.06.16,무안군,벼잎벌레,0
2015.06.16,보성군,벼잎벌레,0
2015.06.16,순천시,벼잎벌레,0
2015.06.16,신안군,벼잎벌레,0
2015.06.16,여수시,벼잎벌레,0
2015.06.16,영광군,벼잎벌레,0
2015.06.16,영암군,벼잎벌레,0
2015.06.16,완도군,벼잎벌레,0
2015.06.16,장성군,벼잎벌레,0
2015.06.16,장흥군,벼잎벌레,0
2015.06.16,진도군,벼잎벌레,0
2015.06.16,함평군,벼잎벌레,0
2015.06.16,해남군,벼잎벌레,0
2015.06.16,화순군,벼잎벌레,0
2015.07.01,강진군,벼잎벌레,0
2015.07.01,고흥군,벼잎벌레,0
2015.07.01,곡성군,벼잎벌레,0
2015.07.01,광양시,벼잎벌레,0
2015.07.01,구례군,벼잎벌레,0
2015.07.01,나주시,벼잎벌레,0
2015.07.01,담양군,벼잎벌레,0
2015.07.01,무안군,벼잎벌레,0
2015.07.01,보성군,벼잎벌레,0
2015.07.01,순천시,벼잎벌레,0
2015.07.01,신안군,벼잎벌레,1
2015.07.01,여수시,벼잎벌레,0
2015.07.01,영광군,벼잎벌레,0
2015.07.01,영암군,벼잎벌레,0
2015.07.01,완도군,벼잎벌레,0
2015.07.01,장성군,벼잎벌레,0
2015.07.01,장흥군,벼잎벌레,1
2015.07.01,진도군,벼잎벌레,0
2015.07.01,함평군,벼잎벌레,0
2015.07.01,해남군,벼잎벌레,0
2015.07.01,화순군,벼잎벌레,0
2015.07.16,강진군,벼잎벌레,0
2015.07.16,고흥군,벼잎벌레,0
2015.07.16,곡성군,벼잎벌레,0
2015.07.16,광양시,벼잎벌레,0
2015.07.16,구례군,벼잎벌레,0
2015.07.16,나주시,벼잎벌레,0
2015.07.16,담양군,벼잎벌레,0
2015.07.16,무안군,벼잎벌레,0
2015.07.16,보성군,벼잎벌레,0
2015.07.16,순천시,벼잎벌레,0
2015.07.16,신안군,벼잎벌레,0
2015.07.16,여수시,벼잎벌레,0
2015.07.16,영광군,벼잎벌레,0
2015.07.16,영암군,벼잎벌레,0
2015.07.16,완도군,벼잎벌레,0
2015.07.16,장성군,벼잎벌레,0
2015.07.16,장흥군,벼잎벌레,0
2015.07.16,진도군,벼잎벌레,0
2015.07.16,함평군,벼잎벌레,0
2015.07.16,해남군,벼잎벌레,0
2015.07.16,화순군,벼잎벌레,0
2015.08.01,강진군,벼잎벌레,0
2015.08.01,고흥군,벼잎벌레,0
2015.08.01,곡성군,벼잎벌레,0
2015.08.01,광양시,벼잎벌레,0
2015.08.01,구례군,벼잎벌레,0
2015.08.01,나주시,벼잎벌레,0
2015.08.01,담양군,벼잎벌레,0
2015.08.01,무안군,벼잎벌레,0
2015.08.01,보성군,벼잎벌레,0
2015.08.01,순천시,벼잎벌레,0
2015.08.01,신안군,벼잎벌레,0
2015.08.01,여수시,벼잎벌레,0
2015.08.01,영광군,벼잎벌레,0
2015.08.01,영암군,벼잎벌레,0
2015.08.01,완도군,벼잎벌레,0
2015.08.01,장성군,벼잎벌레,0
2015.08.01,장흥군,벼잎벌레,0
2015.08.01,진도군,벼잎벌레,0
2015.08.01,함평군,벼잎벌레,0
2015.08.01,해남군,벼잎벌레,0
2015.08.01,화순군,벼잎벌레,0
2015.08.16,강진군,벼잎벌레,0
2015.08.16,고흥군,벼잎벌레,0
2015.08.16,곡성군,벼잎벌레,0
2015.08.16,광양시,벼잎벌레,0
2015.08.16,구례군,벼잎벌레,0
2015.08.16,나주시,벼잎벌레,0
2015.08.16,담양군,벼잎벌레,0
2015.08.16,무안군,벼잎벌레,0
2015.08.16,보성군,벼잎벌레,0
2015.08.16,순천시,벼잎벌레,0
2015.08.16,신안군,벼잎벌레,0
2015.08.16,여수시,벼잎벌레,0
2015.08.16,영광군,벼잎벌레,0
2015.08.16,영암군,벼잎벌레,0
2015.08.16,완도군,벼잎벌레,0
2015.08.16,장성군,벼잎벌레,0
2015.08.16,장흥군,벼잎벌레,0
2015.08.16,진도군,벼잎벌레,0
2015.08.16,함평군,벼잎벌레,0
2015.08.16,해남군,벼잎벌레,0
2015.08.16,화순군,벼잎벌레,0
2016.06.01,강진군,벼잎벌레,0
2016.06.01,고흥군,벼잎벌레,0
2016.06.01,곡성군,벼잎벌레,0
2016.06.01,광양시,벼잎벌레,0
2016.06.01,구례군,벼잎벌레,0
2016.06.01,나주시,벼잎벌레,0
2016.06.01,담양군,벼잎벌레,0
2016.06.01,무안군,벼잎벌레,0
2016.06.01,보성군,벼잎벌레,0
2016.06.01,순천시,벼잎벌레,0
2016.06.01,신안군,벼잎벌레,0
2016.06.01,여수시,벼잎벌레,0
2016.06.01,영광군,벼잎벌레,0
2016.06.01,영암군,벼잎벌레,0
2016.06.01,완도군,벼잎벌레,0
2016.06.01,장성군,벼잎벌레,0
2016.06.01,장흥군,벼잎벌레,0
2016.06.01,진도군,벼잎벌레,0
2016.06.01,함평군,벼잎벌레,0
2016.06.01,해남군,벼잎벌레,0
2016.06.01,화순군,벼잎벌레,0
2016.06.16,강진군,벼잎벌레,0
2016.06.16,고흥군,벼잎벌레,0
2016.06.16,곡성군,벼잎벌레,0
2016.06.16,광양시,벼잎벌레,0
2016.06.16,구례군,벼잎벌레,0
2016.06.16,나주시,벼잎벌레,0
2016.06.16,담양군,벼잎벌레,0
2016.06.16,무안군,벼잎벌레,0
2016.06.16,보성군,벼잎벌레,0
2016.06.16,순천시,벼잎벌레,0
2016.06.16,신안군,벼잎벌레,0
2016.06.16,여수시,벼잎벌레,0
2016.06.16,영광군,벼잎벌레,0
2016.06.16,영암군,벼잎벌레,0
2016.06.16,완도군,벼잎벌레,0
2016.06.16,장성군,벼잎벌레,0
2016.06.16,장흥군,벼잎벌레,0
2016.06.16,진도군,벼잎벌레,0
2016.06.16,함평군,벼잎벌레,0
2016.06.16,해남군,벼잎벌레,0
2016.06.16,화순군,벼잎벌레,0
2016.07.01,강진군,벼잎벌레,0
2016.07.01,고흥군,벼잎벌레,0
2016.07.01,곡성군,벼잎벌레,0
2016.07.01,광양시,벼잎벌레,0
2016.07.01,구례군,벼잎벌레,0
2016.07.01,나주시,벼잎벌레,0
2016.07.01,담양군,벼잎벌레,0
2016.07.01,무안군,벼잎벌레,0
2016.07.01,보성군,벼잎벌레,0
2016.07.01,순천시,벼잎벌레,0
2016.07.01,신안군,벼잎벌레,0
2016.07.01,여수시,벼잎벌레,0
2016.07.01,영광군,벼잎벌레,0
2016.07.01,영암군,벼잎벌레,0
2016.07.01,완도군,벼잎벌레,0
2016.07.01,장성군,벼잎벌레,0
2016.07.01,장흥군,벼잎벌레,0
2016.07.01,진도군,벼잎벌레,0
2016.07.01,함평군,벼잎벌레,0
2016.07.01,해남군,벼잎벌레,0
2016.07.01,화순군,벼잎벌레,0
2016.07.16,강진군,벼잎벌레,0
2016.07.16,고흥군,벼잎벌레,0
2016.07.16,곡성군,벼잎벌레,0
2016.07.16,광양시,벼잎벌레,0
2016.07.16,구례군,벼잎벌레,0
2016.07.16,나주시,벼잎벌레,0
2016.07.16,담양군,벼잎벌레,0
2016.07.16,무안군,벼잎벌레,0
2016.07.16,보성군,벼잎벌레,1
2016.07.16,순천시,벼잎벌레,0
2016.07.16,신안군,벼잎벌레,0
2016.07.16,여수시,벼잎벌레,0
2016.07.16,영광군,벼잎벌레,0
2016.07.16,영암군,벼잎벌레,1
2016.07.16,완도군,벼잎벌레,0
2016.07.16,장성군,벼잎벌레,0
2016.07.16,장흥군,벼잎벌레,0
2016.07.16,진도군,벼잎벌레,0
2016.07.16,함평군,벼잎벌레,0
2016.07.16,해남군,벼잎벌레,0
2016.07.16,화순군,벼잎벌레,0
2016.08.01,강진군,벼잎벌레,1
2016.08.01,고흥군,벼잎벌레,0
2016.08.01,곡성군,벼잎벌레,0
2016.08.01,광양시,벼잎벌레,0
2016.08.01,구례군,벼잎벌레,0
2016.08.01,나주시,벼잎벌레,1
2016.08.01,담양군,벼잎벌레,0
2016.08.01,무안군,벼잎벌레,0
2016.08.01,보성군,벼잎벌레,0
2016.08.01,순천시,벼잎벌레,0
2016.08.01,신안군,벼잎벌레,0
2016.08.01,여수시,벼잎벌레,0
2016.08.01,영광군,벼잎벌레,0
2016.08.01,영암군,벼잎벌레,0
2016.08.01,완도군,벼잎벌레,0
2016.08.01,장성군,벼잎벌레,0
2016.08.01,장흥군,벼잎벌레,0
2016.08.01,진도군,벼잎벌레,0
2016.08.01,함평군,벼잎벌레,0
2016.08.01,해남군,벼잎벌레,0
2016.08.01,화순군,벼잎벌레,0
2016.08.16,강진군,벼잎벌레,0
2016.08.16,고흥군,벼잎벌레,0
2016.08.16,곡성군,벼잎벌레,0
2016.08.16,광양시,벼잎벌레,0
2016.08.16,구례군,벼잎벌레,0
2016.08.16,나주시,벼잎벌레,0
2016.08.16,담양군,벼잎벌레,0
2016.08.16,무안군,벼잎벌레,0
2016.08.16,보성군,벼잎벌레,0
2016.08.16,순천시,벼잎벌레,0
2016.08.16,신안군,벼잎벌레,0
2016.08.16,여수시,벼잎벌레,0
2016.08.16,영광군,벼잎벌레,0
2016.08.16,영암군,벼잎벌레,0
2016.08.16,완도군,벼잎벌레,0
2016.08.16,장성군,벼잎벌레,0
2016.08.16,장흥군,벼잎벌레,0
2016.08.16,진도군,벼잎벌레,0
2016.08.16,함평군,벼잎벌레,0
2016.08.16,해남군,벼잎벌레,0
2016.08.16,화순군,벼잎벌레,0
2016.09.01,강진군,벼잎벌레,0
2016.09.01,고흥군,벼잎벌레,0
2016.09.01,곡성군,벼잎벌레,0
2016.09.01,광양시,벼잎벌레,0
2016.09.01,구례군,벼잎벌레,0
2016.09.01,나주시,벼잎벌레,0
2016.09.01,담양군,벼잎벌레,0
2016.09.01,무안군,벼잎벌레,0
2016.09.01,보성군,벼잎벌레,0
2016.09.01,순천시,벼잎벌레,0
2016.09.01,신안군,벼잎벌레,0
2016.09.01,여수시,벼잎벌레,0
2016.09.01,영광군,벼잎벌레,0
2016.09.01,영암군,벼잎벌레,0
2016.09.01,완도군,벼잎벌레,0
2016.09.01,장성군,벼잎벌레,0
2016.09.01,장흥군,벼잎벌레,0
2016.09.01,진도군,벼잎벌레,0
2016.09.01,함평군,벼잎벌레,0
2016.09.01,해남군,벼잎벌레,0
2016.09.01,화순군,벼잎벌레,0
2016.09.16,강진군,벼잎벌레,0
2016.09.16,고흥군,벼잎벌레,0
2016.09.16,곡성군,벼잎벌레,0
2016.09.16,광양시,벼잎벌레,0
2016.09.16,구례군,벼잎벌레,0
2016.09.16,나주시,벼잎벌레,0
2016.09.16,담양군,벼잎벌레,0
2016.09.16,무안군,벼잎벌레,0
2016.09.16,보성군,벼잎벌레,0
2016.09.16,순천시,벼잎벌레,0
2016.09.16,신안군,벼잎벌레,0
2016.09.16,여수시,벼잎벌레,0
2016.09.16,영광군,벼잎벌레,0
2016.09.16,영암군,벼잎벌레,0
2016.09.16,완도군,벼잎벌레,0
2016.09.16,장성군,벼잎벌레,0
2016.09.16,장흥군,벼잎벌레,0
2016.09.16,진도군,벼잎벌레,0
2016.09.16,함평군,벼잎벌레,0
2016.09.16,해남군,벼잎벌레,0
2016.09.16,화순군,벼잎벌레,0
2017.06.01,강진군,벼잎벌레,0
2017.06.01,고흥군,벼잎벌레,0
2017.06.01,곡성군,벼잎벌레,0
2017.06.01,광양시,벼잎벌레,0
2017.06.01,구례군,벼잎벌레,0
2017.06.01,나주시,벼잎벌레,0
2017.06.01,담양군,벼잎벌레,0
2017.06.01,무안군,벼잎벌레,0
2017.06.01,보성군,벼잎벌레,0
2017.06.01,순천시,벼잎벌레,0
2017.06.01,신안군,벼잎벌레,0
2017.06.01,여수시,벼잎벌레,0
2017.06.01,영광군,벼잎벌레,0
2017.06.01,영암군,벼잎벌레,0
2017.06.01,완도군,벼잎벌레,0
2017.06.01,장성군,벼잎벌레,0
2017.06.01,장흥군,벼잎벌레,0
2017.06.01,진도군,벼잎벌레,0
2017.06.01,함평군,벼잎벌레,0
2017.06.01,해남군,벼잎벌레,0
2017.06.01,화순군,벼잎벌레,0
2017.06.16,강진군,벼잎벌레,0
2017.06.16,고흥군,벼잎벌레,0
2017.06.16,곡성군,벼잎벌레,0
2017.06.16,광양시,벼잎벌레,0
2017.06.16,구례군,벼잎벌레,0
2017.06.16,나주시,벼잎벌레,1
2017.06.16,담양군,벼잎벌레,0
2017.06.16,무안군,벼잎벌레,0
2017.06.16,보성군,벼잎벌레,0
2017.06.16,순천시,벼잎벌레,1
2017.06.16,신안군,벼잎벌레,0
2017.06.16,여수시,벼잎벌레,0
2017.06.16,영광군,벼잎벌레,0
2017.06.16,영암군,벼잎벌레,0
2017.06.16,완도군,벼잎벌레,0
2017.06.16,장성군,벼잎벌레,0
2017.06.16,장흥군,벼잎벌레,0
2017.06.16,진도군,벼잎벌레,0
2017.06.16,함평군,벼잎벌레,0
2017.06.16,해남군,벼잎벌레,0
2017.06.16,화순군,벼잎벌레,0
2017.07.01,강진군,벼잎벌레,0
2017.07.01,고흥군,벼잎벌레,0
2017.07.01,곡성군,벼잎벌레,0
2017.07.01,광양시,벼잎벌레,0
2017.07.01,구례군,벼잎벌레,0
2017.07.01,나주시,벼잎벌레,0
2017.07.01,담양군,벼잎벌레,0
2017.07.01,무안군,벼잎벌레,0
2017.07.01,보성군,벼잎벌레,0
2017.07.01,순천시,벼잎벌레,0
2017.07.01,신안군,벼잎벌레,0
2017.07.01,여수시,벼잎벌레,0
2017.07.01,영광군,벼잎벌레,0
2017.07.01,영암군,벼잎벌레,0
2017.07.01,완도군,벼잎벌레,0
2017.07.01,장성군,벼잎벌레,0
2017.07.01,장흥군,벼잎벌레,0
2017.07.01,진도군,벼잎벌레,0
2017.07.01,함평군,벼잎벌레,0
2017.07.01,해남군,벼잎벌레,0
2017.07.01,화순군,벼잎벌레,0
2017.07.16,강진군,벼잎벌레,0
2017.07.16,고흥군,벼잎벌레,0
2017.07.16,곡성군,벼잎벌레,0
2017.07.16,광양시,벼잎벌레,0
2017.07.16,구례군,벼잎벌레,0
2017.07.16,나주시,벼잎벌레,0
2017.07.16,담양군,벼잎벌레,0
2017.07.16,무안군,벼잎벌레,0
2017.07.16,보성군,벼잎벌레,0
2017.07.16,순천시,벼잎벌레,0
2017.07.16,신안군,벼잎벌레,0
2017.07.16,여수시,벼잎벌레,0
2017.07.16,영광군,벼잎벌레,0
2017.07.16,영암군,벼잎벌레,0
2017.07.16,완도군,벼잎벌레,0
2017.07.16,장성군,벼잎벌레,0
2017.07.16,장흥군,벼잎벌레,1
2017.07.16,진도군,벼잎벌레,0
2017.07.16,함평군,벼잎벌레,1
2017.07.16,해남군,벼잎벌레,0
2017.07.16,화순군,벼잎벌레,0
2017.08.01,강진군,벼잎벌레,0
2017.08.01,고흥군,벼잎벌레,0
2017.08.01,곡성군,벼잎벌레,0
2017.08.01,광양시,벼잎벌레,0
2017.08.01,구례군,벼잎벌레,0
2017.08.01,나주시,벼잎벌레,0
2017.08.01,담양군,벼잎벌레,0
2017.08.01,무안군,벼잎벌레,0
2017.08.01,보성군,벼잎벌레,0
2017.08.01,순천시,벼잎벌레,0
2017.08.01,신안군,벼잎벌레,0
2017.08.01,여수시,벼잎벌레,0
2017.08.01,영광군,벼잎벌레,0
2017.08.01,영암군,벼잎벌레,0
2017.08.01,완도군,벼잎벌레,0
2017.08.01,장성군,벼잎벌레,1
2017.08.01,장흥군,벼잎벌레,1
2017.08.01,진도군,벼잎벌레,0
2017.08.01,함평군,벼잎벌레,0
2017.08.01,해남군,벼잎벌레,0
2017.08.01,화순군,벼잎벌레,0
2017.08.16,강진군,벼잎벌레,0
2017.08.16,고흥군,벼잎벌레,0
2017.08.16,곡성군,벼잎벌레,0
2017.08.16,광양시,벼잎벌레,0
2017.08.16,구례군,벼잎벌레,0
2017.08.16,나주시,벼잎벌레,0
2017.08.16,담양군,벼잎벌레,0
2017.08.16,무안군,벼잎벌레,0
2017.08.16,보성군,벼잎벌레,0
2017.08.16,순천시,벼잎벌레,0
2017.08.16,신안군,벼잎벌레,0
2017.08.16,여수시,벼잎벌레,0
2017.08.16,영광군,벼잎벌레,0
2017.08.16,영암군,벼잎벌레,0
2017.08.16,완도군,벼잎벌레,0
2017.08.16,장성군,벼잎벌레,0
2017.08.16,장흥군,벼잎벌레,0
2017.08.16,진도군,벼잎벌레,0
2017.08.16,함평군,벼잎벌레,0
2017.08.16,해남군,벼잎벌레,0
2017.08.16,화순군,벼잎벌레,0
2017.09.01,강진군,벼잎벌레,0
2017.09.01,고흥군,벼잎벌레,0
2017.09.01,곡성군,벼잎벌레,0
2017.09.01,광양시,벼잎벌레,0
2017.09.01,구례군,벼잎벌레,1
2017.09.01,나주시,벼잎벌레,0
2017.09.01,담양군,벼잎벌레,0
2017.09.01,무안군,벼잎벌레,0
2017.09.01,보성군,벼잎벌레,0
2017.09.01,순천시,벼잎벌레,0
2017.09.01,신안군,벼잎벌레,0
2017.09.01,여수시,벼잎벌레,0
2017.09.01,영광군,벼잎벌레,0
2017.09.01,영암군,벼잎벌레,0
2017.09.01,완도군,벼잎벌레,0
2017.09.01,장성군,벼잎벌레,0
2017.09.01,장흥군,벼잎벌레,0
2017.09.01,진도군,벼잎벌레,0
2017.09.01,함평군,벼잎벌레,0
2017.09.01,해남군,벼잎벌레,0
2017.09.01,화순군,벼잎벌레,0
2017.09.16,강진군,벼잎벌레,0
2017.09.16,고흥군,벼잎벌레,0
2017.09.16,곡성군,벼잎벌레,0
2017.09.16,광양시,벼잎벌레,0
2017.09.16,구례군,벼잎벌레,0
2017.09.16,나주시,벼잎벌레,0
2017.09.16,담양군,벼잎벌레,0
2017.09.16,무안군,벼잎벌레,0
2017.09.16,보성군,벼잎벌레,0
2017.09.16,순천시,벼잎벌레,0
2017.09.16,신안군,벼잎벌레,0
2017.09.16,여수시,벼잎벌레,0
2017.09.16,영광군,벼잎벌레,0
2017.09.16,영암군,벼잎벌레,0
2017.09.16,완도군,벼잎벌레,0
2017.09.16,장성군,벼잎벌레,0
2017.09.16,장흥군,벼잎벌레,0
2017.09.16,진도군,벼잎벌레,0
2017.09.16,함평군,벼잎벌레,0
2017.09.16,해남군,벼잎벌레,0
2017.09.16,화순군,벼잎벌레,0
2018.06.01,강진군,벼잎벌레,0
2018.06.01,고흥군,벼잎벌레,0
2018.06.01,곡성군,벼잎벌레,0
2018.06.01,광양시,벼잎벌레,0
2018.06.01,구례군,벼잎벌레,0
2018.06.01,나주시,벼잎벌레,0
2018.06.01,담양군,벼잎벌레,0
2018.06.01,무안군,벼잎벌레,0
2018.06.01,보성군,벼잎벌레,0
2018.06.01,순천시,벼잎벌레,0
2018.06.01,신안군,벼잎벌레,0
2018.06.01,여수시,벼잎벌레,0
2018.06.01,영광군,벼잎벌레,0
2018.06.01,영암군,벼잎벌레,0
2018.06.01,완도군,벼잎벌레,0
2018.06.01,장성군,벼잎벌레,0
2018.06.01,장흥군,벼잎벌레,0
2018.06.01,진도군,벼잎벌레,0
2018.06.01,함평군,벼잎벌레,0
2018.06.01,해남군,벼잎벌레,0
2018.06.01,화순군,벼잎벌레,0
2018.06.16,강진군,벼잎벌레,0
2018.06.16,고흥군,벼잎벌레,0
2018.06.16,곡성군,벼잎벌레,0
2018.06.16,광양시,벼잎벌레,0
2018.06.16,구례군,벼잎벌레,0
2018.06.16,나주시,벼잎벌레,0
2018.06.16,담양군,벼잎벌레,0
2018.06.16,무안군,벼잎벌레,0
2018.06.16,보성군,벼잎벌레,0
2018.06.16,순천시,벼잎벌레,0
2018.06.16,신안군,벼잎벌레,0
2018.06.16,여수시,벼잎벌레,0
2018.06.16,영광군,벼잎벌레,0
2018.06.16,영암군,벼잎벌레,0
2018.06.16,완도군,벼잎벌레,0
2018.06.16,장성군,벼잎벌레,0
2018.06.16,장흥군,벼잎벌레,0
2018.06.16,진도군,벼잎벌레,0
2018.06.16,함평군,벼잎벌레,0
2018.06.16,해남군,벼잎벌레,0
2018.06.16,화순군,벼잎벌레,0
2018.07.01,강진군,벼잎벌레,0
2018.07.01,고흥군,벼잎벌레,0
2018.07.01,광양시,벼잎벌레,0
2018.07.01,나주시,벼잎벌레,0
2018.07.01,순천시,벼잎벌레,0
2018.07.01,신안군,벼잎벌레,0
2018.07.01,여수시,벼잎벌레,0
2018.07.01,영광군,벼잎벌레,0
2018.07.01,영암군,벼잎벌레,0
2018.07.01,완도군,벼잎벌레,0
2018.07.01,진도군,벼잎벌레,0
2018.07.01,해남군,벼잎벌레,0
2018.07.01,화순군,벼잎벌레,0
2018.07.16,강진군,벼잎벌레,0
2018.07.16,고흥군,벼잎벌레,0
2018.07.16,곡성군,벼잎벌레,0
2018.07.16,광양시,벼잎벌레,0
2018.07.16,구례군,벼잎벌레,0
2018.07.16,나주시,벼잎벌레,0
2018.07.16,담양군,벼잎벌레,1
2018.07.16,무안군,벼잎벌레,0
2018.07.16,보성군,벼잎벌레,0
2018.07.16,순천시,벼잎벌레,0
2018.07.16,신안군,벼잎벌레,0
2018.07.16,여수시,벼잎벌레,0
2018.07.16,영광군,벼잎벌레,0
2018.07.16,영암군,벼잎벌레,0
2018.07.16,완도군,벼잎벌레,0
2018.07.16,장성군,벼잎벌레,0
2018.07.16,장흥군,벼잎벌레,0
2018.07.16,진도군,벼잎벌레,0
2018.07.16,함평군,벼잎벌레,0
2018.07.16,해남군,벼잎벌레,0
2018.07.16,화순군,벼잎벌레,0
2018.08.01,강진군,벼잎벌레,0
2018.08.01,고흥군,벼잎벌레,0
2018.08.01,곡성군,벼잎벌레,0
2018.08.01,광양시,벼잎벌레,0
2018.08.01,구례군,벼잎벌레,0
2018.08.01,나주시,벼잎벌레,0
2018.08.01,담양군,벼잎벌레,0
2018.08.01,무안군,벼잎벌레,0
2018.08.01,보성군,벼잎벌레,0
2018.08.01,순천시,벼잎벌레,0
2018.08.01,신안군,벼잎벌레,0
2018.08.01,여수시,벼잎벌레,0
2018.08.01,영광군,벼잎벌레,0
2018.08.01,영암군,벼잎벌레,0
2018.08.01,완도군,벼잎벌레,0
2018.08.01,장성군,벼잎벌레,0
2018.08.01,장흥군,벼잎벌레,0
2018.08.01,진도군,벼잎벌레,0
2018.08.01,함평군,벼잎벌레,0
2018.08.01,해남군,벼잎벌레,0
2018.08.01,화순군,벼잎벌레,0
2018.08.16,강진군,벼잎벌레,0
2018.08.16,고흥군,벼잎벌레,0
2018.08.16,곡성군,벼잎벌레,0
2018.08.16,광양시,벼잎벌레,0
2018.08.16,구례군,벼잎벌레,0
2018.08.16,나주시,벼잎벌레,0
2018.08.16,담양군,벼잎벌레,0
2018.08.16,무안군,벼잎벌레,0
2018.08.16,보성군,벼잎벌레,0
2018.08.16,순천시,벼잎벌레,0
2018.08.16,신안군,벼잎벌레,0
2018.08.16,여수시,벼잎벌레,0
2018.08.16,영광군,벼잎벌레,0
2018.08.16,영암군,벼잎벌레,0
2018.08.16,완도군,벼잎벌레,0
2018.08.16,장성군,벼잎벌레,0
2018.08.16,장흥군,벼잎벌레,0
2018.08.16,진도군,벼잎벌레,0
2018.08.16,함평군,벼잎벌레,0
2018.08.16,해남군,벼잎벌레,0
2018.08.16,화순군,벼잎벌레,0
2018.09.01,강진군,벼잎벌레,0
2018.09.01,고흥군,벼잎벌레,0
2018.09.01,곡성군,벼잎벌레,0
2018.09.01,광양시,벼잎벌레,0
2018.09.01,구례군,벼잎벌레,0
2018.09.01,나주시,벼잎벌레,0
2018.09.01,담양군,벼잎벌레,0
2018.09.01,무안군,벼잎벌레,0
2018.09.01,보성군,벼잎벌레,0
2018.09.01,순천시,벼잎벌레,0
2018.09.01,신안군,벼잎벌레,0
2018.09.01,여수시,벼잎벌레,0
2018.09.01,영광군,벼잎벌레,0
2018.09.01,영암군,벼잎벌레,0
2018.09.01,완도군,벼잎벌레,0
2018.09.01,장성군,벼잎벌레,0
2018.09.01,장흥군,벼잎벌레,0
2018.09.01,진도군,벼잎벌레,0
2018.09.01,함평군,벼잎벌레,0
2018.09.01,해남군,벼잎벌레,0
2018.09.01,화순군,벼잎벌레,0
2018.09.16,강진군,벼잎벌레,0
2018.09.16,고흥군,벼잎벌레,0
2018.09.16,곡성군,벼잎벌레,0
2018.09.16,광양시,벼잎벌레,0
2018.09.16,구례군,벼잎벌레,0
2018.09.16,나주시,벼잎벌레,0
2018.09.16,담양군,벼잎벌레,0
2018.09.16,무안군,벼잎벌레,0
2018.09.16,보성군,벼잎벌레,0
2018.09.16,순천시,벼잎벌레,0
2018.09.16,신안군,벼잎벌레,0
2018.09.16,여수시,벼잎벌레,0
2018.09.16,영광군,벼잎벌레,0
2018.09.16,영암군,벼잎벌레,0
2018.09.16,완도군,벼잎벌레,0
2018.09.16,장성군,벼잎벌레,0
2018.09.16,장흥군,벼잎벌레,0
2018.09.16,진도군,벼잎벌레,0
2018.09.16,함평군,벼잎벌레,0
2018.09.16,해남군,벼잎벌레,0
2018.09.16,화순군,벼잎벌레,0
2019.06.01,강진군,벼잎벌레,0
2019.06.01,고흥군,벼잎벌레,0
2019.06.01,곡성군,벼잎벌레,0
2019.06.01,광양시,벼잎벌레,0
2019.06.01,구례군,벼잎벌레,0
2019.06.01,나주시,벼잎벌레,0
2019.06.01,담양군,벼잎벌레,0
2019.06.01,무안군,벼잎벌레,0
2019.06.01,보성군,벼잎벌레,0
2019.06.01,순천시,벼잎벌레,0
2019.06.01,신안군,벼잎벌레,0
2019.06.01,여수시,벼잎벌레,0
2019.06.01,영광군,벼잎벌레,0
2019.06.01,영암군,벼잎벌레,0
2019.06.01,완도군,벼잎벌레,0
2019.06.01,장성군,벼잎벌레,0
2019.06.01,장흥군,벼잎벌레,0
2019.06.01,진도군,벼잎벌레,0
2019.06.01,함평군,벼잎벌레,0
2019.06.01,해남군,벼잎벌레,0
2019.06.01,화순군,벼잎벌레,0
2019.06.16,강진군,벼잎벌레,0
2019.06.16,고흥군,벼잎벌레,0
2019.06.16,곡성군,벼잎벌레,0
2019.06.16,광양시,벼잎벌레,0
2019.06.16,구례군,벼잎벌레,0
2019.06.16,나주시,벼잎벌레,0
2019.06.16,담양군,벼잎벌레,0
2019.06.16,무안군,벼잎벌레,0
2019.06.16,보성군,벼잎벌레,0
2019.06.16,순천시,벼잎벌레,0
2019.06.16,신안군,벼잎벌레,0
2019.06.16,여수시,벼잎벌레,0
2019.06.16,영광군,벼잎벌레,0
2019.06.16,영암군,벼잎벌레,0
2019.06.16,완도군,벼잎벌레,0
2019.06.16,장성군,벼잎벌레,0
2019.06.16,장흥군,벼잎벌레,0
2019.06.16,진도군,벼잎벌레,0
2019.06.16,함평군,벼잎벌레,0
2019.06.16,해남군,벼잎벌레,0
2019.06.16,화순군,벼잎벌레,0
2019.07.01,강진군,벼잎벌레,0
2019.07.01,고흥군,벼잎벌레,0
2019.07.01,곡성군,벼잎벌레,0
2019.07.01,광양시,벼잎벌레,0
2019.07.01,구례군,벼잎벌레,0
2019.07.01,나주시,벼잎벌레,0
2019.07.01,담양군,벼잎벌레,0
2019.07.01,무안군,벼잎벌레,0
2019.07.01,보성군,벼잎벌레,0
2019.07.01,순천시,벼잎벌레,0
2019.07.01,신안군,벼잎벌레,0
2019.07.01,여수시,벼잎벌레,0
2019.07.01,영광군,벼잎벌레,0
2019.07.01,영암군,벼잎벌레,0
2019.07.01,완도군,벼잎벌레,0
2019.07.01,장성군,벼잎벌레,0
2019.07.01,장흥군,벼잎벌레,0
2019.07.01,진도군,벼잎벌레,0
2019.07.01,함평군,벼잎벌레,0
2019.07.01,해남군,벼잎벌레,0
2019.07.01,화순군,벼잎벌레,0
2019.07.16,강진군,벼잎벌레,0
2019.07.16,고흥군,벼잎벌레,0
2019.07.16,곡성군,벼잎벌레,0
2019.07.16,광양시,벼잎벌레,0
2019.07.16,구례군,벼잎벌레,0
2019.07.16,나주시,벼잎벌레,0
2019.07.16,담양군,벼잎벌레,1
2019.07.16,무안군,벼잎벌레,0
2019.07.16,보성군,벼잎벌레,0
2019.07.16,순천시,벼잎벌레,0
2019.07.16,신안군,벼잎벌레,0
2019.07.16,여수시,벼잎벌레,0
2019.07.16,영광군,벼잎벌레,0
2019.07.16,영암군,벼잎벌레,0
2019.07.16,완도군,벼잎벌레,0
2019.07.16,장성군,벼잎벌레,0
2019.07.16,장흥군,벼잎벌레,0
2019.07.16,진도군,벼잎벌레,0
2019.07.16,함평군,벼잎벌레,0
2019.07.16,해남군,벼잎벌레,0
2019.07.16,화순군,벼잎벌레,0
2019.08.01,강진군,벼잎벌레,0
2019.08.01,고흥군,벼잎벌레,0
2019.08.01,곡성군,벼잎벌레,0
2019.08.01,광양시,벼잎벌레,0
2019.08.01,구례군,벼잎벌레,0
2019.08.01,나주시,벼잎벌레,0
2019.08.01,담양군,벼잎벌레,0
2019.08.01,무안군,벼잎벌레,0
2019.08.01,보성군,벼잎벌레,0
2019.08.01,순천시,벼잎벌레,0
2019.08.01,신안군,벼잎벌레,0
2019.08.01,여수시,벼잎벌레,0
2019.08.01,영광군,벼잎벌레,0
2019.08.01,영암군,벼잎벌레,0
2019.08.01,완도군,벼잎벌레,0
2019.08.01,장성군,벼잎벌레,0
2019.08.01,장흥군,벼잎벌레,0
2019.08.01,진도군,벼잎벌레,0
2019.08.01,함평군,벼잎벌레,0
2019.08.01,해남군,벼잎벌레,0
2019.08.01,화순군,벼잎벌레,0
2019.08.16,강진군,벼잎벌레,0
2019.08.16,고흥군,벼잎벌레,0
2019.08.16,광양시,벼잎벌레,0
2019.08.16,구례군,벼잎벌레,0
2019.08.16,무안군,벼잎벌레,0
2019.08.16,보성군,벼잎벌레,0
2019.08.16,순천시,벼잎벌레,0
2019.08.16,신안군,벼잎벌레,0
2019.08.16,여수시,벼잎벌레,0
2019.08.16,영광군,벼잎벌레,0
2019.08.16,완도군,벼잎벌레,0
2019.08.16,장흥군,벼잎벌레,0
2019.08.16,진도군,벼잎벌레,0
2019.08.16,함평군,벼잎벌레,0
2019.08.16,해남군,벼잎벌레,0
2019.08.16,화순군,벼잎벌레,0
2019.09.01,강진군,벼잎벌레,0
2019.09.01,고흥군,벼잎벌레,0
2019.09.01,곡성군,벼잎벌레,0
2019.09.01,광양시,벼잎벌레,0
2019.09.01,구례군,벼잎벌레,0
2019.09.01,나주시,벼잎벌레,0
2019.09.01,담양군,벼잎벌레,0
2019.09.01,무안군,벼잎벌레,0
2019.09.01,보성군,벼잎벌레,0
2019.09.01,순천시,벼잎벌레,0
2019.09.01,신안군,벼잎벌레,0
2019.09.01,여수시,벼잎벌레,0
2019.09.01,영광군,벼잎벌레,0
2019.09.01,영암군,벼잎벌레,0
2019.09.01,완도군,벼잎벌레,0
2019.09.01,장성군,벼잎벌레,0
2019.09.01,장흥군,벼잎벌레,0
2019.09.01,진도군,벼잎벌레,0
2019.09.01,함평군,벼잎벌레,0
2019.09.01,해남군,벼잎벌레,0
2019.09.01,화순군,벼잎벌레,0
2019.09.16,강진군,벼잎벌레,0
2019.09.16,고흥군,벼잎벌레,0
2019.09.16,곡성군,벼잎벌레,0
2019.09.16,광양시,벼잎벌레,0
2019.09.16,구례군,벼잎벌레,0
2019.09.16,나주시,벼잎벌레,0
2019.09.16,담양군,벼잎벌레,0
2019.09.16,무안군,벼잎벌레,0
2019.09.16,보성군,벼잎벌레,0
2019.09.16,순천시,벼잎벌레,0
2019.09.16,여수시,벼잎벌레,0
2019.09.16,영광군,벼잎벌레,0
2019.09.16,영암군,벼잎벌레,0
2019.09.16,완도군,벼잎벌레,0
2019.09.16,장성군,벼잎벌레,0
2019.09.16,장흥군,벼잎벌레,0
2019.09.16,진도군,벼잎벌레,0
2019.09.16,함평군,벼잎벌레,0
2019.09.16,해남군,벼잎벌레,0
2019.09.16,화순군,벼잎벌레,0
2020.06.01,강진군,벼잎벌레,0
2020.06.01,고흥군,벼잎벌레,0
2020.06.01,광양시,벼잎벌레,0
2020.06.01,구례군,벼잎벌레,0
2020.06.01,나주시,벼잎벌레,0
2020.06.01,담양군,벼잎벌레,0
2020.06.01,무안군,벼잎벌레,0
2020.06.01,보성군,벼잎벌레,0
2020.06.01,순천시,벼잎벌레,0
2020.06.01,신안군,벼잎벌레,0
2020.06.01,여수시,벼잎벌레,0
2020.06.01,영광군,벼잎벌레,0
2020.06.01,영암군,벼잎벌레,0
2020.06.01,완도군,벼잎벌레,0
2020.06.01,장성군,벼잎벌레,0
2020.06.01,장흥군,벼잎벌레,0
2020.06.01,진도군,벼잎벌레,0
2020.06.01,함평군,벼잎벌레,0
2020.06.01,해남군,벼잎벌레,0
2020.06.01,화순군,벼잎벌레,0
2020.06.16,강진군,벼잎벌레,0
2020.06.16,고흥군,벼잎벌레,0
2020.06.16,곡성군,벼잎벌레,0
2020.06.16,광양시,벼잎벌레,0
2020.06.16,구례군,벼잎벌레,0
2020.06.16,나주시,벼잎벌레,0
2020.06.16,담양군,벼잎벌레,0
2020.06.16,무안군,벼잎벌레,0
2020.06.16,보성군,벼잎벌레,0
2020.06.16,순천시,벼잎벌레,0
2020.06.16,신안군,벼잎벌레,0
2020.06.16,여수시,벼잎벌레,0
2020.06.16,영광군,벼잎벌레,0
2020.06.16,영암군,벼잎벌레,0
2020.06.16,완도군,벼잎벌레,0
2020.06.16,장성군,벼잎벌레,0
2020.06.16,장흥군,벼잎벌레,0
2020.06.16,진도군,벼잎벌레,0
2020.06.16,함평군,벼잎벌레,0
2020.06.16,해남군,벼잎벌레,0
2020.06.16,화순군,벼잎벌레,0
2020.07.01,강진군,벼잎벌레,0
2020.07.01,고흥군,벼잎벌레,0
2020.07.01,곡성군,벼잎벌레,0
2020.07.01,광양시,벼잎벌레,0
2020.07.01,구례군,벼잎벌레,0
2020.07.01,담양군,벼잎벌레,0
2020.07.01,무안군,벼잎벌레,0
2020.07.01,보성군,벼잎벌레,0
2020.07.01,순천시,벼잎벌레,0
2020.07.01,신안군,벼잎벌레,0
2020.07.01,여수시,벼잎벌레,0
2020.07.01,영광군,벼잎벌레,0
2020.07.01,영암군,벼잎벌레,0
2020.07.01,완도군,벼잎벌레,0
2020.07.01,장성군,벼잎벌레,0
2020.07.01,장흥군,벼잎벌레,0
2020.07.01,진도군,벼잎벌레,0
2020.07.01,함평군,벼잎벌레,0
2020.07.01,해남군,벼잎벌레,0
2020.07.01,화순군,벼잎벌레,0
2020.07.16,강진군,벼잎벌레,0
2020.07.16,고흥군,벼잎벌레,0
2020.07.16,곡성군,벼잎벌레,0
2020.07.16,광양시,벼잎벌레,0
2020.07.16,구례군,벼잎벌레,0
2020.07.16,나주시,벼잎벌레,0
2020.07.16,담양군,벼잎벌레,0
2020.07.16,무안군,벼잎벌레,0
2020.07.16,보성군,벼잎벌레,0
2020.07.16,순천시,벼잎벌레,0
2020.07.16,신안군,벼잎벌레,0
2020.07.16,여수시,벼잎벌레,0
2020.07.16,영광군,벼잎벌레,0
2020.07.16,영암군,벼잎벌레,0
2020.07.16,완도군,벼잎벌레,1
2020.07.16,장성군,벼잎벌레,1
2020.07.16,장흥군,벼잎벌레,0
2020.07.16,진도군,벼잎벌레,0
2020.07.16,함평군,벼잎벌레,0
2020.07.16,해남군,벼잎벌레,0
2020.07.16,화순군,벼잎벌레,0
2020.08.01,강진군,벼잎벌레,0
2020.08.01,고흥군,벼잎벌레,0
2020.08.01,곡성군,벼잎벌레,0
2020.08.01,광양시,벼잎벌레,0
2020.08.01,구례군,벼잎벌레,0
2020.08.01,나주시,벼잎벌레,0
2020.08.01,담양군,벼잎벌레,0
2020.08.01,무안군,벼잎벌레,0
2020.08.01,보성군,벼잎벌레,0
2020.08.01,순천시,벼잎벌레,0
2020.08.01,신안군,벼잎벌레,0
2020.08.01,여수시,벼잎벌레,0
2020.08.01,영광군,벼잎벌레,0
2020.08.01,영암군,벼잎벌레,0
2020.08.01,완도군,벼잎벌레,0
2020.08.01,장성군,벼잎벌레,0
2020.08.01,장흥군,벼잎벌레,0
2020.08.01,진도군,벼잎벌레,0
2020.08.01,함평군,벼잎벌레,0
2020.08.01,해남군,벼잎벌레,0
2020.08.01,화순군,벼잎벌레,0
2020.08.16,강진군,벼잎벌레,0
2020.08.16,고흥군,벼잎벌레,0
2020.08.16,곡성군,벼잎벌레,0
2020.08.16,광양시,벼잎벌레,0
2020.08.16,구례군,벼잎벌레,0
2020.08.16,나주시,벼잎벌레,0
2020.08.16,담양군,벼잎벌레,0
2020.08.16,무안군,벼잎벌레,0
2020.08.16,보성군,벼잎벌레,0
2020.08.16,순천시,벼잎벌레,0
2020.08.16,신안군,벼잎벌레,0
2020.08.16,여수시,벼잎벌레,0
2020.08.16,영광군,벼잎벌레,0
2020.08.16,영암군,벼잎벌레,0
2020.08.16,완도군,벼잎벌레,0
2020.08.16,장성군,벼잎벌레,0
2020.08.16,장흥군,벼잎벌레,0
2020.08.16,진도군,벼잎벌레,0
2020.08.16,함평군,벼잎벌레,0
2020.08.16,해남군,벼잎벌레,0
2020.08.16,화순군,벼잎벌레,0
2020.09.01,강진군,벼잎벌레,0
2020.09.01,고흥군,벼잎벌레,0
2020.09.01,곡성군,벼잎벌레,0
2020.09.01,광양시,벼잎벌레,0
2020.09.01,구례군,벼잎벌레,0
2020.09.01,나주시,벼잎벌레,0
2020.09.01,담양군,벼잎벌레,0
2020.09.01,무안군,벼잎벌레,0
2020.09.01,보성군,벼잎벌레,0
2020.09.01,순천시,벼잎벌레,0
2020.09.01,신안군,벼잎벌레,0
2020.09.01,여수시,벼잎벌레,0
2020.09.01,영광군,벼잎벌레,0
2020.09.01,영암군,벼잎벌레,0
2020.09.01,완도군,벼잎벌레,0
2020.09.01,장성군,벼잎벌레,0
2020.09.01,장흥군,벼잎벌레,0
2020.09.01,진도군,벼잎벌레,0
2020.09.01,함평군,벼잎벌레,0
2020.09.01,해남군,벼잎벌레,0
2020.09.01,화순군,벼잎벌레,0
2020.09.16,강진군,벼잎벌레,0
2020.09.16,고흥군,벼잎벌레,0
2020.09.16,곡성군,벼잎벌레,0
2020.09.16,광양시,벼잎벌레,0
2020.09.16,구례군,벼잎벌레,0
2020.09.16,나주시,벼잎벌레,0
2020.09.16,담양군,벼잎벌레,0
2020.09.16,무안군,벼잎벌레,0
2020.09.16,보성군,벼잎벌레,0
2020.09.16,순천시,벼잎벌레,0
2020.09.16,신안군,벼잎벌레,0
2020.09.16,여수시,벼잎벌레,0
2020.09.16,영광군,벼잎벌레,0
2020.09.16,영암군,벼잎벌레,0
2020.09.16,완도군,벼잎벌레,0
2020.09.16,장성군,벼잎벌레,0
2020.09.16,장흥군,벼잎벌레,0
2020.09.16,진도군,벼잎벌레,0
2020.09.16,함평군,벼잎벌레,0
2020.09.16,해남군,벼잎벌레,0
2020.09.16,화순군,벼잎벌레,0
2021.06.01,강진군,벼잎벌레,0
2021.06.01,고흥군,벼잎벌레,0
2021.06.01,곡성군,벼잎벌레,0
2021.06.01,광양시,벼잎벌레,0
2021.06.01,구례군,벼잎벌레,0
2021.06.01,나주시,벼잎벌레,0
2021.06.01,담양군,벼잎벌레,0
2021.06.01,무안군,벼잎벌레,0
2021.06.01,보성군,벼잎벌레,0
2021.06.01,순천시,벼잎벌레,0
2021.06.01,신안군,벼잎벌레,0
2021.06.01,여수시,벼잎벌레,0
2021.06.01,영암군,벼잎벌레,0
2021.06.01,완도군,벼잎벌레,0
2021.06.01,장성군,벼잎벌레,0
2021.06.01,장흥군,벼잎벌레,0
2021.06.01,진도군,벼잎벌레,0
2021.06.01,함평군,벼잎벌레,0
2021.06.01,해남군,벼잎벌레,0
2021.06.01,화순군,벼잎벌레,0
2021.06.16,강진군,벼잎벌레,0
2021.06.16,고흥군,벼잎벌레,0
2021.06.16,곡성군,벼잎벌레,0
2021.06.16,광양시,벼잎벌레,0
2021.06.16,구례군,벼잎벌레,0
2021.06.16,나주시,벼잎벌레,0
2021.06.16,담양군,벼잎벌레,0
2021.06.16,무안군,벼잎벌레,0
2021.06.16,보성군,벼잎벌레,0
2021.06.16,순천시,벼잎벌레,0
2021.06.16,신안군,벼잎벌레,0
2021.06.16,여수시,벼잎벌레,0
2021.06.16,영광군,벼잎벌레,0
2021.06.16,영암군,벼잎벌레,0
2021.06.16,완도군,벼잎벌레,0
2021.06.16,장성군,벼잎벌레,1
2021.06.16,장흥군,벼잎벌레,0
2021.06.16,진도군,벼잎벌레,0
2021.06.16,함평군,벼잎벌레,0
2021.06.16,해남군,벼잎벌레,1
2021.06.16,화순군,벼잎벌레,0
2021.07.01,강진군,벼잎벌레,0
2021.07.01,고흥군,벼잎벌레,0
2021.07.01,곡성군,벼잎벌레,0
2021.07.01,광양시,벼잎벌레,0
2021.07.01,구례군,벼잎벌레,0
2021.07.01,나주시,벼잎벌레,0
2021.07.01,담양군,벼잎벌레,0
2021.07.01,무안군,벼잎벌레,0
2021.07.01,보성군,벼잎벌레,0
2021.07.01,순천시,벼잎벌레,0
2021.07.01,신안군,벼잎벌레,0
2021.07.01,여수시,벼잎벌레,0
2021.07.01,영광군,벼잎벌레,0
2021.07.01,영암군,벼잎벌레,0
2021.07.01,완도군,벼잎벌레,0
2021.07.01,장성군,벼잎벌레,0
2021.07.01,장흥군,벼잎벌레,0
2021.07.01,진도군,벼잎벌레,0
2021.07.01,함평군,벼잎벌레,0
2021.07.01,해남군,벼잎벌레,0
2021.07.01,화순군,벼잎벌레,0
2021.07.16,강진군,벼잎벌레,0
2021.07.16,고흥군,벼잎벌레,0
2021.07.16,곡성군,벼잎벌레,0
2021.07.16,광양시,벼잎벌레,0
2021.07.16,구례군,벼잎벌레,0
2021.07.16,나주시,벼잎벌레,0
2021.07.16,담양군,벼잎벌레,0
2021.07.16,무안군,벼잎벌레,0
2021.07.16,보성군,벼잎벌레,0
2021.07.16,순천시,벼잎벌레,0
2021.07.16,신안군,벼잎벌레,0
2021.07.16,여수시,벼잎벌레,0
2021.07.16,영광군,벼잎벌레,0
2021.07.16,영암군,벼잎벌레,0
2021.07.16,완도군,벼잎벌레,0
2021.07.16,장성군,벼잎벌레,0
2021.07.16,장흥군,벼잎벌레,0
2021.07.16,진도군,벼잎벌레,0
2021.07.16,함평군,벼잎벌레,0
2021.07.16,해남군,벼잎벌레,0
2021.07.16,화순군,벼잎벌레,0
2021.08.01,강진군,벼잎벌레,0
2021.08.01,고흥군,벼잎벌레,0
2021.08.01,곡성군,벼잎벌레,0
2021.08.01,광양시,벼잎벌레,0
2021.08.01,구례군,벼잎벌레,0
2021.08.01,보성군,벼잎벌레,0
2021.08.01,여수시,벼잎벌레,0
2021.08.01,영암군,벼잎벌레,0
2021.08.01,완도군,벼잎벌레,0
2021.08.01,장성군,벼잎벌레,0
2021.08.01,진도군,벼잎벌레,0
2021.08.01,함평군,벼잎벌레,0
2021.08.01,해남군,벼잎벌레,0
2021.08.01,화순군,벼잎벌레,0
2021.08.16,강진군,벼잎벌레,0
2021.08.16,고흥군,벼잎벌레,0
2021.08.16,곡성군,벼잎벌레,0
2021.08.16,광양시,벼잎벌레,0
2021.08.16,구례군,벼잎벌레,0
2021.08.16,나주시,벼잎벌레,0
2021.08.16,담양군,벼잎벌레,0
2021.08.16,무안군,벼잎벌레,0
2021.08.16,보성군,벼잎벌레,0
2021.08.16,순천시,벼잎벌레,0
2021.08.16,신안군,벼잎벌레,0
2021.08.16,여수시,벼잎벌레,0
2021.08.16,영광군,벼잎벌레,0
2021.08.16,영암군,벼잎벌레,0
2021.08.16,완도군,벼잎벌레,0
2021.08.16,장성군,벼잎벌레,0
2021.08.16,장흥군,벼잎벌레,0
2021.08.16,진도군,벼잎벌레,1
2021.08.16,함평군,벼잎벌레,0
2021.08.16,해남군,벼잎벌레,0
2021.08.16,화순군,벼잎벌레,0
2021.09.01,강진군,벼잎벌레,0
2021.09.01,고흥군,벼잎벌레,0
2021.09.01,곡성군,벼잎벌레,0
2021.09.01,광양시,벼잎벌레,0
2021.09.01,구례군,벼잎벌레,0
2021.09.01,담양군,벼잎벌레,0
2021.09.01,무안군,벼잎벌레,0
2021.09.01,보성군,벼잎벌레,0
2021.09.01,순천시,벼잎벌레,0
2021.09.01,신안군,벼잎벌레,0
2021.09.01,여수시,벼잎벌레,0
2021.09.01,영암군,벼잎벌레,0
2021.09.01,완도군,벼잎벌레,0
2021.09.01,장성군,벼잎벌레,0
2021.09.01,장흥군,벼잎벌레,0
2021.09.01,진도군,벼잎벌레,0
2021.09.01,함평군,벼잎벌레,0
2021.09.01,해남군,벼잎벌레,0
2021.09.01,화순군,벼잎벌레,0
2021.09.16,강진군,벼잎벌레,0
2021.09.16,고흥군,벼잎벌레,0
2021.09.16,곡성군,벼잎벌레,0
2021.09.16,광양시,벼잎벌레,0
2021.09.16,구례군,벼잎벌레,0
2021.09.16,나주시,벼잎벌레,0
2021.09.16,담양군,벼잎벌레,0
2021.09.16,무안군,벼잎벌레,0
2021.09.16,보성군,벼잎벌레,0
2021.09.16,순천시,벼잎벌레,0
2021.09.16,신안군,벼잎벌레,0
2021.09.16,여수시,벼잎벌레,0
2021.09.16,영광군,벼잎벌레,0
2021.09.16,영암군,벼잎벌레,0
2021.09.16,완도군,벼잎벌레,0
2021.09.16,장성군,벼잎벌레,0
2021.09.16,장흥군,벼잎벌레,0
2021.09.16,진도군,벼잎벌레,0
2021.09.16,함평군,벼잎벌레,0
2021.09.16,해남군,벼잎벌레,0
2021.09.16,화순군,벼잎벌레,0
2022.06.01,강진군,벼잎벌레,0
2022.06.01,고흥군,벼잎벌레,0
2022.06.01,곡성군,벼잎벌레,0
2022.06.01,광양시,벼잎벌레,0
2022.06.01,구례군,벼잎벌레,0
2022.06.01,나주시,벼잎벌레,0
2022.06.01,담양군,벼잎벌레,0
2022.06.01,무안군,벼잎벌레,0
2022.06.01,보성군,벼잎벌레,0
2022.06.01,순천시,벼잎벌레,0
2022.06.01,신안군,벼잎벌레,0
2022.06.01,여수시,벼잎벌레,0
2022.06.01,영광군,벼잎벌레,0
2022.06.01,영암군,벼잎벌레,0
2022.06.01,완도군,벼잎벌레,0
2022.06.01,장성군,벼잎벌레,0
2022.06.01,장흥군,벼잎벌레,0
2022.06.01,진도군,벼잎벌레,0
2022.06.01,함평군,벼잎벌레,0
2022.06.01,해남군,벼잎벌레,0
2022.06.01,화순군,벼잎벌레,0
2022.06.16,강진군,벼잎벌레,0
2022.06.16,고흥군,벼잎벌레,0
2022.06.16,곡성군,벼잎벌레,0
2022.06.16,광양시,벼잎벌레,0
2022.06.16,구례군,벼잎벌레,0
2022.06.16,나주시,벼잎벌레,0
2022.06.16,담양군,벼잎벌레,0
2022.06.16,무안군,벼잎벌레,0
2022.06.16,보성군,벼잎벌레,0
2022.06.16,순천시,벼잎벌레,0
2022.06.16,신안군,벼잎벌레,0
2022.06.16,여수시,벼잎벌레,0
2022.06.16,영광군,벼잎벌레,0
2022.06.16,영암군,벼잎벌레,0
2022.06.16,완도군,벼잎벌레,0
2022.06.16,장성군,벼잎벌레,0
2022.06.16,장흥군,벼잎벌레,0
2022.06.16,진도군,벼잎벌레,0
2022.06.16,함평군,벼잎벌레,0
2022.06.16,해남군,벼잎벌레,0
2022.06.16,화순군,벼잎벌레,0
2022.07.01,강진군,벼잎벌레,0
2022.07.01,고흥군,벼잎벌레,0
2022.07.01,곡성군,벼잎벌레,0
2022.07.01,광양시,벼잎벌레,0
2022.07.01,구례군,벼잎벌레,0
2022.07.01,나주시,벼잎벌레,0
2022.07.01,담양군,벼잎벌레,0
2022.07.01,무안군,벼잎벌레,0
2022.07.01,보성군,벼잎벌레,0
2022.07.01,순천시,벼잎벌레,0
2022.07.01,신안군,벼잎벌레,0
2022.07.01,여수시,벼잎벌레,0
2022.07.01,영광군,벼잎벌레,0
2022.07.01,영암군,벼잎벌레,0
2022.07.01,완도군,벼잎벌레,0
2022.07.01,장성군,벼잎벌레,0
2022.07.01,장흥군,벼잎벌레,0
2022.07.01,진도군,벼잎벌레,0
2022.07.01,함평군,벼잎벌레,0
2022.07.01,해남군,벼잎벌레,0
2022.07.01,화순군,벼잎벌레,0
2022.07.16,강진군,벼잎벌레,0
2022.07.16,고흥군,벼잎벌레,0
2022.07.16,곡성군,벼잎벌레,0
2022.07.16,광양시,벼잎벌레,0
2022.07.16,구례군,벼잎벌레,0
2022.07.16,나주시,벼잎벌레,0
2022.07.16,담양군,벼잎벌레,0
2022.07.16,무안군,벼잎벌레,0
2022.07.16,보성군,벼잎벌레,0
2022.07.16,순천시,벼잎벌레,0
2022.07.16,신안군,벼잎벌레,0
2022.07.16,여수시,벼잎벌레,0
2022.07.16,영광군,벼잎벌레,0
2022.07.16,영암군,벼잎벌레,0
2022.07.16,완도군,벼잎벌레,0
2022.07.16,장성군,벼잎벌레,1
2022.07.16,장흥군,벼잎벌레,0
2022.07.16,진도군,벼잎벌레,0
2022.07.16,함평군,벼잎벌레,0
2022.07.16,해남군,벼잎벌레,0
2022.07.16,화순군,벼잎벌레,0
2022.08.01,강진군,벼잎벌레,0
2022.08.01,고흥군,벼잎벌레,0
2022.08.01,곡성군,벼잎벌레,0
2022.08.01,광양시,벼잎벌레,0
2022.08.01,구례군,벼잎벌레,0
2022.08.01,나주시,벼잎벌레,0
2022.08.01,담양군,벼잎벌레,0
2022.08.01,무안군,벼잎벌레,0
2022.08.01,보성군,벼잎벌레,0
2022.08.01,순천시,벼잎벌레,0
2022.08.01,신안군,벼잎벌레,0
2022.08.01,여수시,벼잎벌레,0
2022.08.01,영광군,벼잎벌레,0
2022.08.01,영암군,벼잎벌레,0
2022.08.01,완도군,벼잎벌레,0
2022.08.01,장성군,벼잎벌레,0
2022.08.01,장흥군,벼잎벌레,0
2022.08.01,진도군,벼잎벌레,0
2022.08.01,함평군,벼잎벌레,0
2022.08.01,화순군,벼잎벌레,0
2022.08.16,강진군,벼잎벌레,0
2022.08.16,고흥군,벼잎벌레,0
2022.08.16,광양시,벼잎벌레,0
2022.08.16,구례군,벼잎벌레,0
2022.08.16,담양군,벼잎벌레,0
2022.08.16,무안군,벼잎벌레,0
2022.08.16,보성군,벼잎벌레,0
2022.08.16,순천시,벼잎벌레,0
2022.08.16,여수시,벼잎벌레,0
2022.08.16,영암군,벼잎벌레,0
2022.08.16,완도군,벼잎벌레,0
2022.08.16,장성군,벼잎벌레,0
2022.08.16,장흥군,벼잎벌레,0
2022.08.16,진도군,벼잎벌레,0
2022.08.16,함평군,벼잎벌레,0
2022.08.16,해남군,벼잎벌레,0
2022.08.16,화순군,벼잎벌레,0
2022.09.01,강진군,벼잎벌레,0
2022.09.01,고흥군,벼잎벌레,0
2022.09.01,곡성군,벼잎벌레,0
2022.09.01,광양시,벼잎벌레,0
2022.09.01,구례군,벼잎벌레,0
2022.09.01,담양군,벼잎벌레,0
2022.09.01,보성군,벼잎벌레,0
2022.09.01,순천시,벼잎벌레,0
2022.09.01,신안군,벼잎벌레,0
2022.09.01,여수시,벼잎벌레,0
2022.09.01,영암군,벼잎벌레,0
2022.09.01,완도군,벼잎벌레,0
2022.09.01,장성군,벼잎벌레,0
2022.09.01,장흥군,벼잎벌레,0
2022.09.01,진도군,벼잎벌레,0
2022.09.01,해남군,벼잎벌레,0
2022.09.01,화순군,벼잎벌레,0
2022.09.16,강진군,벼잎벌레,0
2022.09.16,고흥군,벼잎벌레,0
2022.09.16,곡성군,벼잎벌레,0
2022.09.16,광양시,벼잎벌레,0
2022.09.16,구례군,벼잎벌레,0
2022.09.16,나주시,벼잎벌레,0
2022.09.16,담양군,벼잎벌레,0
2022.09.16,무안군,벼잎벌레,0
2022.09.16,보성군,벼잎벌레,0
2022.09.16,순천시,벼잎벌레,0
2022.09.16,신안군,벼잎벌레,0
2022.09.16,여수시,벼잎벌레,0
2022.09.16,영광군,벼잎벌레,0
2022.09.16,완도군,벼잎벌레,0
2022.09.16,장성군,벼잎벌레,0
2022.09.16,장흥군,벼잎벌레,0
2022.09.16,진도군,벼잎벌레,0
2022.09.16,함평군,벼잎벌레,0
2022.09.16,해남군,벼잎벌레,0
2022.09.16,화순군,벼잎벌레,0
2023.06.01,강진군,벼잎벌레,0
2023.06.01,곡성군,벼잎벌레,0
2023.06.01,광양시,벼잎벌레,0
2023.06.01,구례군,벼잎벌레,0
2023.06.01,나주시,벼잎벌레,0
2023.06.01,담양군,벼잎벌레,0
2023.06.01,무안군,벼잎벌레,0
2023.06.01,보성군,벼잎벌레,0
2023.06.01,순천시,벼잎벌레,0
2023.06.01,신안군,벼잎벌레,0
2023.06.01,여수시,벼잎벌레,0
2023.06.01,영광군,벼잎벌레,0
2023.06.01,영암군,벼잎벌레,0
2023.06.01,완도군,벼잎벌레,0
2023.06.01,장성군,벼잎벌레,0
2023.06.01,장흥군,벼잎벌레,0
2023.06.01,진도군,벼잎벌레,0
2023.06.01,함평군,벼잎벌레,0
2023.06.01,해남군,벼잎벌레,0
2023.06.01,화순군,벼잎벌레,0
2023.06.16,강진군,벼잎벌레,0
2023.06.16,곡성군,벼잎벌레,0
2023.06.16,광양시,벼잎벌레,0
2023.06.16,구례군,벼잎벌레,0
2023.06.16,나주시,벼잎벌레,0
2023.06.16,담양군,벼잎벌레,0
2023.06.16,무안군,벼잎벌레,0
2023.06.16,보성군,벼잎벌레,0
2023.06.16,순천시,벼잎벌레,0
2023.06.16,신안군,벼잎벌레,0
2023.06.16,여수시,벼잎벌레,0
2023.06.16,영광군,벼잎벌레,0
2023.06.16,영암군,벼잎벌레,0
2023.06.16,완도군,벼잎벌레,0
2023.06.16,장성군,벼잎벌레,0
2023.06.16,장흥군,벼잎벌레,0
2023.06.16,진도군,벼잎벌레,0
2023.06.16,함평군,벼잎벌레,0
2023.06.16,해남군,벼잎벌레,0
2023.06.16,화순군,벼잎벌레,0
2023.07.01,강진군,벼잎벌레,0
2023.07.01,고흥군,벼잎벌레,0
2023.07.01,곡성군,벼잎벌레,0
2023.07.01,광양시,벼잎벌레,0
2023.07.01,구례군,벼잎벌레,0
2023.07.01,나주시,벼잎벌레,0
2023.07.01,담양군,벼잎벌레,0
2023.07.01,무안군,벼잎벌레,0
2023.07.01,보성군,벼잎벌레,0
2023.07.01,순천시,벼잎벌레,0
2023.07.01,신안군,벼잎벌레,0
2023.07.01,여수시,벼잎벌레,0
2023.07.01,영광군,벼잎벌레,0
2023.07.01,영암군,벼잎벌레,0
2023.07.01,완도군,벼잎벌레,0
2023.07.01,장성군,벼잎벌레,1
2023.07.01,장흥군,벼잎벌레,0
2023.07.01,진도군,벼잎벌레,0
2023.07.01,함평군,벼잎벌레,0
2023.07.01,해남군,벼잎벌레,0
2023.07.01,화순군,벼잎벌레,0
2023.07.16,강진군,벼잎벌레,1
2023.07.16,고흥군,벼잎벌레,0
2023.07.16,곡성군,벼잎벌레,0
2023.07.16,광양시,벼잎벌레,0
2023.07.16,구례군,벼잎벌레,0
2023.07.16,나주시,벼잎벌레,0
2023.07.16,담양군,벼잎벌레,0
2023.07.16,무안군,벼잎벌레,0
2023.07.16,보성군,벼잎벌레,0
2023.07.16,순천시,벼잎벌레,0
2023.07.16,신안군,벼잎벌레,0
2023.07.16,여수시,벼잎벌레,0
2023.07.16,영광군,벼잎벌레,0
2023.07.16,영암군,벼잎벌레,0
2023.07.16,완도군,벼잎벌레,0
2023.07.16,장성군,벼잎벌레,0
2023.07.16,장흥군,벼잎벌레,0
2023.07.16,진도군,벼잎벌레,1
2023.07.16,함평군,벼잎벌레,0
2023.07.16,해남군,벼잎벌레,0
2023.07.16,화순군,벼잎벌레,0
2023.08.01,강진군,벼잎벌레,0
2023.08.01,고흥군,벼잎벌레,0
2023.08.01,곡성군,벼잎벌레,0
2023.08.01,광양시,벼잎벌레,0
2023.08.01,구례군,벼잎벌레,0
2023.08.01,나주시,벼잎벌레,0
2023.08.01,담양군,벼잎벌레,0
2023.08.01,무안군,벼잎벌레,0
2023.08.01,보성군,벼잎벌레,0
2023.08.01,순천시,벼잎벌레,0
2023.08.01,신안군,벼잎벌레,0
2023.08.01,여수시,벼잎벌레,0
2023.08.01,영광군,벼잎벌레,0
2023.08.01,영암군,벼잎벌레,0
2023.08.01,완도군,벼잎벌레,0
2023.08.01,장성군,벼잎벌레,0
2023.08.01,장흥군,벼잎벌레,0
2023.08.01,진도군,벼잎벌레,0
2023.08.01,함평군,벼잎벌레,0
2023.08.01,해남군,벼잎벌레,0
2023.08.01,화순군,벼잎벌레,0
2023.08.16,강진군,벼잎벌레,0
2023.08.16,고흥군,벼잎벌레,0
2023.08.16,곡성군,벼잎벌레,0
2023.08.16,광양시,벼잎벌레,0
2023.08.16,구례군,벼잎벌레,0
2023.08.16,나주시,벼잎벌레,0
2023.08.16,담양군,벼잎벌레,0
2023.08.16,무안군,벼잎벌레,0
2023.08.16,보성군,벼잎벌레,0
2023.08.16,순천시,벼잎벌레,0
2023.08.16,신안군,벼잎벌레,0
2023.08.16,여수시,벼잎벌레,0
2023.08.16,영광군,벼잎벌레,0
2023.08.16,영암군,벼잎벌레,0
2023.08.16,완도군,벼잎벌레,0
2023.08.16,장성군,벼잎벌레,0
2023.08.16,장흥군,벼잎벌레,0
2023.08.16,진도군,벼잎벌레,1
2023.08.16,함평군,벼잎벌레,0
2023.08.16,해남군,벼잎벌레,0
2023.08.16,화순군,벼잎벌레,0
2023.09.01,강진군,벼잎벌레,0
2023.09.01,고흥군,벼잎벌레,0
2023.09.01,곡성군,벼잎벌레,0
2023.09.01,광양시,벼잎벌레,0
2023.09.01,구례군,벼잎벌레,0
2023.09.01,나주시,벼잎벌레,0
2023.09.01,담양군,벼잎벌레,0
2023.09.01,무안군,벼잎벌레,0
2023.09.01,보성군,벼잎벌레,0
2023.09.01,순천시,벼잎벌레,0
2023.09.01,신안군,벼잎벌레,0
2023.09.01,여수시,벼잎벌레,0
2023.09.01,영광군,벼잎벌레,0
2023.09.01,영암군,벼잎벌레,0
2023.09.01,완도군,벼잎벌레,0
2023.09.01,장성군,벼잎벌레,0
2023.09.01,장흥군,벼잎벌레,0
2023.09.01,진도군,벼잎벌레,0
2023.09.01,함평군,벼잎벌레,0
2023.09.01,해남군,벼잎벌레,0
2023.09.01,화순군,벼잎벌레,0
2023.09.16,강진군,벼잎벌레,0
2023.09.16,고흥군,벼잎벌레,0
2023.09.16,곡성군,벼잎벌레,0
2023.09.16,광양시,벼잎벌레,0
2023.09.16,구례군,벼잎벌레,0
2023.09.16,나주시,벼잎벌레,0
2023.09.16,담양군,벼잎벌레,0
2023.09.16,무안군,벼잎벌레,0
2023.09.16,보성군,벼잎벌레,0
2023.09.16,순천시,벼잎벌레,0
2023.09.16,신안군,벼잎벌레,0
2023.09.16,여수시,벼잎벌레,0
2023.09.16,영광군,벼잎벌레,0
2023.09.16,영암군,벼잎벌레,0
2023.09.16,완도군,벼잎벌레,0
2023.09.16,장성군,벼잎벌레,0
2023.09.16,장흥군,벼잎벌레,0
2023.09.16,진도군,벼잎벌레,0
2023.09.16,함평군,벼잎벌레,0
2023.09.16,해남군,벼잎벌레,0
2023.09.16,화순군,벼잎벌레,0
2024.06.01,강진군,벼잎벌레,0
2024.06.01,고흥군,벼잎벌레,0
2024.06.01,광양시,벼잎벌레,0
2024.06.01,구례군,벼잎벌레,0
2024.06.01,나주시,벼잎벌레,0
2024.06.01,무안군,벼잎벌레,0
2024.06.01,보성군,벼잎벌레,0
2024.06.01,순천시,벼잎벌레,0
2024.06.01,신안군,벼잎벌레,0
2024.06.01,여수시,벼잎벌레,0
2024.06.01,영암군,벼잎벌레,0
2024.06.01,완도군,벼잎벌레,0
2024.06.01,장성군,벼잎벌레,0
2024.06.01,장흥군,벼잎벌레,0
2024.06.01,진도군,벼잎벌레,0
2024.06.01,해남군,벼잎벌레,0
2024.06.01,화순군,벼잎벌레,0
2024.06.16,강진군,벼잎벌레,0
2024.06.16,고흥군,벼잎벌레,0
2024.06.16,광양시,벼잎벌레,0
2024.06.16,구례군,벼잎벌레,0
2024.06.16,나주시,벼잎벌레,0
2024.06.16,담양군,벼잎벌레,0
2024.06.16,무안군,벼잎벌레,0
2024.06.16,보성군,벼잎벌레,0
2024.06.16,순천시,벼잎벌레,0
2024.06.16,신안군,벼잎벌레,0
2024.06.16,여수시,벼잎벌레,0
2024.06.16,영광군,벼잎벌레,0
2024.06.16,영암군,벼잎벌레,0
2024.06.16,완도군,벼잎벌레,0
2024.06.16,장성군,벼잎벌레,0
2024.06.16,장흥군,벼잎벌레,0
2024.06.16,진도군,벼잎벌레,0
2024.06.16,해남군,벼잎벌레,0
2024.06.16,화순군,벼잎벌레,0
2024.07.01,강진군,벼잎벌레,0
2024.07.01,고흥군,벼잎벌레,0
2024.07.01,곡성군,벼잎벌레,0
2024.07.01,광양시,벼잎벌레,0
2024.07.01,구례군,벼잎벌레,0
2024.07.01,나주시,벼잎벌레,0
2024.07.01,담양군,벼잎벌레,0
2024.07.01,무안군,벼잎벌레,0
2024.07.01,보성군,벼잎벌레,0
2024.07.01,순천시,벼잎벌레,0
2024.07.01,신안군,벼잎벌레,0
2024.07.01,여수시,벼잎벌레,0
2024.07.01,영광군,벼잎벌레,0
2024.07.01,영암군,벼잎벌레,0
2024.07.01,완도군,벼잎벌레,0
2024.07.01,장성군,벼잎벌레,0
2024.07.01,장흥군,벼잎벌레,0
2024.07.01,진도군,벼잎벌레,0
2024.07.01,함평군,벼잎벌레,0
2024.07.01,해남군,벼잎벌레,0
2024.07.01,화순군,벼잎벌레,0
2024.07.16,강진군,벼잎벌레,0
2024.07.16,고흥군,벼잎벌레,0
2024.07.16,곡성군,벼잎벌레,0
2024.07.16,광양시,벼잎벌레,0
2024.07.16,구례군,벼잎벌레,0
2024.07.16,나주시,벼잎벌레,0
2024.07.16,담양군,벼잎벌레,0
2024.07.16,무안군,벼잎벌레,0
2024.07.16,보성군,벼잎벌레,0
2024.07.16,순천시,벼잎벌레,0
2024.07.16,신안군,벼잎벌레,0
2024.07.16,여수시,벼잎벌레,0
2024.07.16,영광군,벼잎벌레,0
2024.07.16,영암군,벼잎벌레,0
2024.07.16,완도군,벼잎벌레,0
2024.07.16,장성군,벼잎벌레,1
2024.07.16,장흥군,벼잎벌레,0
2024.07.16,진도군,벼잎벌레,1
2024.07.16,함평군,벼잎벌레,0
2024.07.16,해남군,벼잎벌레,0
2024.07.16,화순군,벼잎벌레,0
2024.08.01,강진군,벼잎벌레,0
2024.08.01,고흥군,벼잎벌레,0
2024.08.01,곡성군,벼잎벌레,0
2024.08.01,광양시,벼잎벌레,0
2024.08.01,구례군,벼잎벌레,0
2024.08.01,나주시,벼잎벌레,0
2024.08.01,담양군,벼잎벌레,0
2024.08.01,무안군,벼잎벌레,0
2024.08.01,보성군,벼잎벌레,1
2024.08.01,순천시,벼잎벌레,0
2024.08.01,신안군,벼잎벌레,0
2024.08.01,여수시,벼잎벌레,0
2024.08.01,영광군,벼잎벌레,0
2024.08.01,영암군,벼잎벌레,0
2024.08.01,완도군,벼잎벌레,0
2024.08.01,장성군,벼잎벌레,0
2024.08.01,장흥군,벼잎벌레,0
2024.08.01,진도군,벼잎벌레,1
2024.08.01,함평군,벼잎벌레,0
2024.08.01,해남군,벼잎벌레,0
2024.08.01,화순군,벼잎벌레,0
2024.08.16,강진군,벼잎벌레,0
2024.08.16,고흥군,벼잎벌레,0
2024.08.16,곡성군,벼잎벌레,0
2024.08.16,광양시,벼잎벌레,0
2024.08.16,구례군,벼잎벌레,0
2024.08.16,나주시,벼잎벌레,0
2024.08.16,담양군,벼잎벌레,0
2024.08.16,무안군,벼잎벌레,0
2024.08.16,보성군,벼잎벌레,0
2024.08.16,순천시,벼잎벌레,0
2024.08.16,신안군,벼잎벌레,0
2024.08.16,여수시,벼잎벌레,0
2024.08.16,영광군,벼잎벌레,0
2024.08.16,영암군,벼잎벌레,0
2024.08.16,완도군,벼잎벌레,0
2024.08.16,장성군,벼잎벌레,0
2024.08.16,장흥군,벼잎벌레,0
2024.08.16,진도군,벼잎벌레,0
2024.08.16,함평군,벼잎벌레,0
2024.08.16,해남군,벼잎벌레,0
2024.08.16,화순군,벼잎벌레,0
2024.09.01,강진군,벼잎벌레,0
2024.09.01,고흥군,벼잎벌레,0
2024.09.01,곡성군,벼잎벌레,0
2024.09.01,광양시,벼잎벌레,0
2024.09.01,구례군,벼잎벌레,0
2024.09.01,나주시,벼잎벌레,0
2024.09.01,담양군,벼잎벌레,0
2024.09.01,무안군,벼잎벌레,0
2024.09.01,보성군,벼잎벌레,0
2024.09.01,순천시,벼잎벌레,0
2024.09.01,신안군,벼잎벌레,0
2024.09.01,여수시,벼잎벌레,0
2024.09.01,영광군,벼잎벌레,0
2024.09.01,영암군,벼잎벌레,0
2024.09.01,완도군,벼잎벌레,0
2024.09.01,장성군,벼잎벌레,0
2024.09.01,장흥군,벼잎벌레,0
2024.09.01,진도군,벼잎벌레,0
2024.09.01,함평군,벼잎벌레,0
2024.09.01,해남군,벼잎벌레,0
2024.09.01,화순군,벼잎벌레,0
2024.09.16,강진군,벼잎벌레,0
2024.09.16,고흥군,벼잎벌레,0
2024.09.16,곡성군,벼잎벌레,0
2024.09.16,광양시,벼잎벌레,0
2024.09.16,구례군,벼잎벌레,0
2024.09.16,나주시,벼잎벌레,0
2024.09.16,담양군,벼잎벌레,0
2024.09.16,무안군,벼잎벌레,0
2024.09.16,보성군,벼잎벌레,0
2024.09.16,순천시,벼잎벌레,0
2024.09.16,신안군,벼잎벌레,0
2024.09.16,여수시,벼잎벌레,0
2024.09.16,영광군,벼잎벌레,0
2024.09.16,영암군,벼잎벌레,0
2024.09.16,완도군,벼잎벌레,0
2024.09.16,장성군,벼잎벌레,0
2024.09.16,장흥군,벼잎벌레,0
2024.09.16,진도군,벼잎벌레,0
2024.09.16,함평군,벼잎벌레,0
2024.09.16,해남군,벼잎벌레,0
2024.09.16,화순군,벼잎벌레,0
2025.06.01,강진군,벼잎벌레,0
2025.06.01,고흥군,벼잎벌레,0
2025.06.01,곡성군,벼잎벌레,0
2025.06.01,광양시,벼잎벌레,0
2025.06.01,구례군,벼잎벌레,0
2025.06.01,나주시,벼잎벌레,0
2025.06.01,담양군,벼잎벌레,0
2025.06.01,무안군,벼잎벌레,0
2025.06.01,보성군,벼잎벌레,0
2025.06.01,순천시,벼잎벌레,0
2025.06.01,신안군,벼잎벌레,0
2025.06.01,여수시,벼잎벌레,0
2025.06.01,영광군,벼잎벌레,0
2025.06.01,영암군,벼잎벌레,0
2025.06.01,완도군,벼잎벌레,0
2025.06.01,장성군,벼잎벌레,0
2025.06.01,장흥군,벼잎벌레,0
2025.06.01,진도군,벼잎벌레,0
2025.06.01,함평군,벼잎벌레,0
2025.06.01,해남군,벼잎벌레,0
2025.06.01,화순군,벼잎벌레,0
2025.06.16,강진군,벼잎벌레,0
2025.06.16,고흥군,벼잎벌레,0
2025.06.16,곡성군,벼잎벌레,0
2025.06.16,광양시,벼잎벌레,0
2025.06.16,구례군,벼잎벌레,0
2025.06.16,나주시,벼잎벌레,0
2025.06.16,담양군,벼잎벌레,0
2025.06.16,무안군,벼잎벌레,0
2025.06.16,보성군,벼잎벌레,0
2025.06.16,순천시,벼잎벌레,0
2025.06.16,신안군,벼잎벌레,0
2025.06.16,여수시,벼잎벌레,0
2025.06.16,영광군,벼잎벌레,0
2025.06.16,영암군,벼잎벌레,0
2025.06.16,완도군,벼잎벌레,0
2025.06.16,장성군,벼잎벌레,0
2025.06.16,장흥군,벼잎벌레,0
2025.06.16,진도군,벼잎벌레,0
2025.06.16,함평군,벼잎벌레,0
2025.06.16,해남군,벼잎벌레,0
2025.06.16,화순군,벼잎벌레,0
2025.07.01,강진군,벼잎벌레,0
2025.07.01,고흥군,벼잎벌레,1
2025.07.01,곡성군,벼잎벌레,0
2025.07.01,광양시,벼잎벌레,0
2025.07.01,구례군,벼잎벌레,0
2025.07.01,나주시,벼잎벌레,0
2025.07.01,담양군,벼잎벌레,0
2025.07.01,무안군,벼잎벌레,0
2025.07.01,보성군,벼잎벌레,0
2025.07.01,순천시,벼잎벌레,0
2025.07.01,신안군,벼잎벌레,0
2025.07.01,여수시,벼잎벌레,1
2025.07.01,영광군,벼잎벌레,0
2025.07.01,영암군,벼잎벌레,0
2025.07.01,완도군,벼잎벌레,0
2025.07.01,장성군,벼잎벌레,0
2025.07.01,진도군,벼잎벌레,0
2025.07.01,함평군,벼잎벌레,0
2025.07.01,해남군,벼잎벌레,0
2025.07.01,화순군,벼잎벌레,0
2025.07.16,강진군,벼잎벌레,0
2025.07.16,고흥군,벼잎벌레,0
2025.07.16,곡성군,벼잎벌레,0
2025.07.16,광양시,벼잎벌레,0
2025.07.16,구례군,벼잎벌레,0
2025.07.16,나주시,벼잎벌레,0
2025.07.16,담양군,벼잎벌레,0
2025.07.16,무안군,벼잎벌레,0
2025.07.16,보성군,벼잎벌레,0
2025.07.16,순천시,벼잎벌레,0
2025.07.16,신안군,벼잎벌레,0
2025.07.16,여수시,벼잎벌레,1
2025.07.16,영광군,벼잎벌레,0
2025.07.16,영암군,벼잎벌레,0
2025.07.16,완도군,벼잎벌레,0
2025.07.16,장성군,벼잎벌레,0
2025.07.16,장흥군,벼잎벌레,0
2025.07.16,진도군,벼잎벌레,0
2025.07.16,함평군,벼잎벌레,0
2025.07.16,해남군,벼잎벌레,0
2025.07.16,화순군,벼잎벌레,0
2025.08.01,강진군,벼잎벌레,0
2025.08.01,고흥군,벼잎벌레,0
2025.08.01,광양시,벼잎벌레,0
2025.08.01,구례군,벼잎벌레,0
2025.08.01,담양군,벼잎벌레,0
2025.08.01,무안군,벼잎벌레,0
2025.08.01,보성군,벼잎벌레,0
2025.08.01,신안군,벼잎벌레,0
2025.08.01,여수시,벼잎벌레,0
2025.08.01,영광군,벼잎벌레,0
2025.08.01,영암군,벼잎벌레,0
2025.08.01,완도군,벼잎벌레,0
2025.08.01,장성군,벼잎벌레,0
2025.08.01,장흥군,벼잎벌레,0
2025.08.01,진도군,벼잎벌레,0
2025.08.01,함평군,벼잎벌레,0
2025.08.01,해남군,벼잎벌레,0
2025.08.01,화순군,벼잎벌레,0
2025.08.16,강진군,벼잎벌레,0
2025.08.16,고흥군,벼잎벌레,0
2025.08.16,곡성군,벼잎벌레,0
2025.08.16,광양시,벼잎벌레,0
2025.08.16,구례군,벼잎벌레,0
2025.08.16,나주시,벼잎벌레,0
2025.08.16,담양군,벼잎벌레,0
2025.08.16,무안군,벼잎벌레,0
2025.08.16,보성군,벼잎벌레,0
2025.08.16,순천시,벼잎벌레,0
2025.08.16,신안군,벼잎벌레,0
2025.08.16,여수시,벼잎벌레,0
2025.08.16,영광군,벼잎벌레,0
2025.08.16,영암군,벼잎벌레,0
2025.08.16,완도군,벼잎벌레,0
2025.08.16,장성군,벼잎벌레,0
2025.08.16,장흥군,벼잎벌레,0
2025.08.16,진도군,벼잎벌레,0
2025.08.16,함평군,벼잎벌레,0
2025.08.16,해남군,벼잎벌레,0
2025.08.16,화순군,벼잎벌레,0
2025.09.01,강진군,벼잎벌레,0
2025.09.01,고흥군,벼잎벌레,0
2025.09.01,곡성군,벼잎벌레,0
2025.09.01,광양시,벼잎벌레,0
2025.09.01,구례군,벼잎벌레,0
2025.09.01,나주시,벼잎벌레,0
2025.09.01,담양군,벼잎벌레,0
2025.09.01,무안군,벼잎벌레,0
2025.09.01,보성군,벼잎벌레,0
2025.09.01,순천시,벼잎벌레,0
2025.09.01,신안군,벼잎벌레,0
2025.09.01,여수시,벼잎벌레,0
2025.09.01,영광군,벼잎벌레,0
2025.09.01,영암군,벼잎벌레,0
2025.09.01,완도군,벼잎벌레,0
2025.09.01,장성군,벼잎벌레,0
2025.09.01,장흥군,벼잎벌레,0
2025.09.01,진도군,벼잎벌레,0
2025.09.01,함평군,벼잎벌레,0
2025.09.01,해남군,벼잎벌레,0
2025.09.01,화순군,벼잎벌레,0
2025.09.16,강진군,벼잎벌레,0
2025.09.16,고흥군,벼잎벌레,0
2025.09.16,곡성군,벼잎벌레,0
2025.09.16,광양시,벼잎벌레,0
2025.09.16,구례군,벼잎벌레,0
2025.09.16,나주시,벼잎벌레,0
2025.09.16,담양군,벼잎벌레,0
2025.09.16,무안군,벼잎벌레,0
2025.09.16,보성군,벼잎벌레,0
2025.09.16,순천시,벼잎벌레,0
2025.09.16,신안군,벼잎벌레,0
2025.09.16,여수시,벼잎벌레,0
2025.09.16,영광군,벼잎벌레,0
2025.09.16,영암군,벼잎벌레,0
2025.09.16,완도군,벼잎벌레,0
2025.09.16,장성군,벼잎벌레,0
2025.09.16,장흥군,벼잎벌레,0
2025.09.16,진도군,벼잎벌레,0
2025.09.16,함평군,벼잎벌레,0
2025.09.16,해남군,벼잎벌레,0
2025.09.16,화순군,벼잎벌레,0
2014.09.16,강진군,벼줄기굴파리,0
2014.09.16,고흥군,벼줄기굴파리,0
2014.09.16,곡성군,벼줄기굴파리,0
2014.09.16,광양시,벼줄기굴파리,0
2014.09.16,구례군,벼줄기굴파리,0
2014.09.16,나주시,벼줄기굴파리,0
2014.09.16,담양군,벼줄기굴파리,0
2014.09.16,무안군,벼줄기굴파리,0
2014.09.16,보성군,벼줄기굴파리,0
2014.09.16,순천시,벼줄기굴파리,0
2014.09.16,신안군,벼줄기굴파리,0
2014.09.16,여수시,벼줄기굴파리,0
2014.09.16,영광군,벼줄기굴파리,0
2014.09.16,영암군,벼줄기굴파리,0
2014.09.16,완도군,벼줄기굴파리,0
2014.09.16,장성군,벼줄기굴파리,0
2014.09.16,장흥군,벼줄기굴파리,0
2014.09.16,진도군,벼줄기굴파리,0
2014.09.16,함평군,벼줄기굴파리,0
2014.09.16,해남군,벼줄기굴파리,0
2014.09.16,화순군,벼줄기굴파리,0
2015.06.16,강진군,벼줄기굴파리,0
2015.06.16,고흥군,벼줄기굴파리,0
2015.06.16,곡성군,벼줄기굴파리,0
2015.06.16,광양시,벼줄기굴파리,0
2015.06.16,구례군,벼줄기굴파리,0
2015.06.16,나주시,벼줄기굴파리,0
2015.06.16,담양군,벼줄기굴파리,0
2015.06.16,무안군,벼줄기굴파리,0
2015.06.16,보성군,벼줄기굴파리,0
2015.06.16,순천시,벼줄기굴파리,0
2015.06.16,신안군,벼줄기굴파리,0
2015.06.16,여수시,벼줄기굴파리,0
2015.06.16,영광군,벼줄기굴파리,0
2015.06.16,영암군,벼줄기굴파리,0
2015.06.16,완도군,벼줄기굴파리,0
2015.06.16,장성군,벼줄기굴파리,0
2015.06.16,장흥군,벼줄기굴파리,0
2015.06.16,진도군,벼줄기굴파리,0
2015.06.16,함평군,벼줄기굴파리,0
2015.06.16,해남군,벼줄기굴파리,0
2015.06.16,화순군,벼줄기굴파리,0
2015.07.01,강진군,벼줄기굴파리,0
2015.07.01,고흥군,벼줄기굴파리,0
2015.07.01,곡성군,벼줄기굴파리,0
2015.07.01,광양시,벼줄기굴파리,0
2015.07.01,구례군,벼줄기굴파리,0
2015.07.01,나주시,벼줄기굴파리,0
2015.07.01,담양군,벼줄기굴파리,0
2015.07.01,무안군,벼줄기굴파리,0
2015.07.01,보성군,벼줄기굴파리,0
2015.07.01,순천시,벼줄기굴파리,0
2015.07.01,신안군,벼줄기굴파리,0
2015.07.01,여수시,벼줄기굴파리,0
2015.07.01,영광군,벼줄기굴파리,0
2015.07.01,영암군,벼줄기굴파리,0
2015.07.01,완도군,벼줄기굴파리,0
2015.07.01,장성군,벼줄기굴파리,0
2015.07.01,장흥군,벼줄기굴파리,1
2015.07.01,진도군,벼줄기굴파리,0
2015.07.01,함평군,벼줄기굴파리,0
2015.07.01,해남군,벼줄기굴파리,0
2015.07.01,화순군,벼줄기굴파리,0
2015.07.16,강진군,벼줄기굴파리,0
2015.07.16,고흥군,벼줄기굴파리,0
2015.07.16,곡성군,벼줄기굴파리,0
2015.07.16,광양시,벼줄기굴파리,0
2015.07.16,구례군,벼줄기굴파리,0
2015.07.16,나주시,벼줄기굴파리,0
2015.07.16,담양군,벼줄기굴파리,0
2015.07.16,무안군,벼줄기굴파리,0
2015.07.16,보성군,벼줄기굴파리,0
2015.07.16,순천시,벼줄기굴파리,0
2015.07.16,신안군,벼줄기굴파리,1
2015.07.16,여수시,벼줄기굴파리,0
2015.07.16,영광군,벼줄기굴파리,0
2015.07.16,영암군,벼줄기굴파리,0
2015.07.16,완도군,벼줄기굴파리,0
2015.07.16,장성군,벼줄기굴파리,0
2015.07.16,장흥군,벼줄기굴파리,1
2015.07.16,진도군,벼줄기굴파리,0
2015.07.16,함평군,벼줄기굴파리,0
2015.07.16,해남군,벼줄기굴파리,0
2015.07.16,화순군,벼줄기굴파리,0
2015.08.01,강진군,벼줄기굴파리,0
2015.08.01,고흥군,벼줄기굴파리,0
2015.08.01,곡성군,벼줄기굴파리,0
2015.08.01,광양시,벼줄기굴파리,0
2015.08.01,구례군,벼줄기굴파리,0
2015.08.01,나주시,벼줄기굴파리,0
2015.08.01,담양군,벼줄기굴파리,0
2015.08.01,무안군,벼줄기굴파리,0
2015.08.01,보성군,벼줄기굴파리,0
2015.08.01,순천시,벼줄기굴파리,0
2015.08.01,신안군,벼줄기굴파리,0
2015.08.01,여수시,벼줄기굴파리,0
2015.08.01,영광군,벼줄기굴파리,0
2015.08.01,영암군,벼줄기굴파리,0
2015.08.01,완도군,벼줄기굴파리,0
2015.08.01,장성군,벼줄기굴파리,0
2015.08.01,장흥군,벼줄기굴파리,1
2015.08.01,진도군,벼줄기굴파리,0
2015.08.01,함평군,벼줄기굴파리,0
2015.08.01,해남군,벼줄기굴파리,0
2015.08.01,화순군,벼줄기굴파리,0
2015.08.16,강진군,벼줄기굴파리,0
2015.08.16,고흥군,벼줄기굴파리,0
2015.08.16,곡성군,벼줄기굴파리,0
2015.08.16,광양시,벼줄기굴파리,0
2015.08.16,구례군,벼줄기굴파리,0
2015.08.16,나주시,벼줄기굴파리,0
2015.08.16,담양군,벼줄기굴파리,0
2015.08.16,무안군,벼줄기굴파리,0
2015.08.16,보성군,벼줄기굴파리,0
2015.08.16,순천시,벼줄기굴파리,0
2015.08.16,신안군,벼줄기굴파리,0
2015.08.16,여수시,벼줄기굴파리,0
2015.08.16,영광군,벼줄기굴파리,0
2015.08.16,영암군,벼줄기굴파리,0
2015.08.16,완도군,벼줄기굴파리,0
2015.08.16,장성군,벼줄기굴파리,1
2015.08.16,장흥군,벼줄기굴파리,0
2015.08.16,진도군,벼줄기굴파리,0
2015.08.16,함평군,벼줄기굴파리,0
2015.08.16,해남군,벼줄기굴파리,0
2015.08.16,화순군,벼줄기굴파리,0
2016.06.01,강진군,벼줄기굴파리,0
2016.06.01,고흥군,벼줄기굴파리,0
2016.06.01,곡성군,벼줄기굴파리,0
2016.06.01,광양시,벼줄기굴파리,0
2016.06.01,구례군,벼줄기굴파리,0
2016.06.01,나주시,벼줄기굴파리,0
2016.06.01,담양군,벼줄기굴파리,0
2016.06.01,무안군,벼줄기굴파리,0
2016.06.01,보성군,벼줄기굴파리,0
2016.06.01,순천시,벼줄기굴파리,0
2016.06.01,신안군,벼줄기굴파리,0
2016.06.01,여수시,벼줄기굴파리,0
2016.06.01,영광군,벼줄기굴파리,0
2016.06.01,영암군,벼줄기굴파리,0
2016.06.01,완도군,벼줄기굴파리,0
2016.06.01,장성군,벼줄기굴파리,0
2016.06.01,장흥군,벼줄기굴파리,0
2016.06.01,진도군,벼줄기굴파리,0
2016.06.01,함평군,벼줄기굴파리,0
2016.06.01,해남군,벼줄기굴파리,0
2016.06.01,화순군,벼줄기굴파리,0
2016.06.16,강진군,벼줄기굴파리,0
2016.06.16,고흥군,벼줄기굴파리,0
2016.06.16,곡성군,벼줄기굴파리,0
2016.06.16,광양시,벼줄기굴파리,0
2016.06.16,구례군,벼줄기굴파리,0
2016.06.16,나주시,벼줄기굴파리,0
2016.06.16,담양군,벼줄기굴파리,0
2016.06.16,무안군,벼줄기굴파리,0
2016.06.16,보성군,벼줄기굴파리,0
2016.06.16,순천시,벼줄기굴파리,0
2016.06.16,신안군,벼줄기굴파리,0
2016.06.16,여수시,벼줄기굴파리,0
2016.06.16,영광군,벼줄기굴파리,0
2016.06.16,영암군,벼줄기굴파리,0
2016.06.16,완도군,벼줄기굴파리,0
2016.06.16,장성군,벼줄기굴파리,0
2016.06.16,장흥군,벼줄기굴파리,0
2016.06.16,진도군,벼줄기굴파리,0
2016.06.16,함평군,벼줄기굴파리,0
2016.06.16,해남군,벼줄기굴파리,0
2016.06.16,화순군,벼줄기굴파리,0
2016.07.01,강진군,벼줄기굴파리,0
2016.07.01,고흥군,벼줄기굴파리,0
2016.07.01,곡성군,벼줄기굴파리,0
2016.07.01,광양시,벼줄기굴파리,1
2016.07.01,구례군,벼줄기굴파리,0
2016.07.01,나주시,벼줄기굴파리,1
2016.07.01,담양군,벼줄기굴파리,0
2016.07.01,무안군,벼줄기굴파리,0
2016.07.01,보성군,벼줄기굴파리,0
2016.07.01,순천시,벼줄기굴파리,0
2016.07.01,신안군,벼줄기굴파리,0
2016.07.01,여수시,벼줄기굴파리,1
2016.07.01,영광군,벼줄기굴파리,0
2016.07.01,영암군,벼줄기굴파리,0
2016.07.01,완도군,벼줄기굴파리,0
2016.07.01,장성군,벼줄기굴파리,0
2016.07.01,장흥군,벼줄기굴파리,0
2016.07.01,진도군,벼줄기굴파리,0
2016.07.01,함평군,벼줄기굴파리,0
2016.07.01,해남군,벼줄기굴파리,0
2016.07.01,화순군,벼줄기굴파리,0
2016.07.16,강진군,벼줄기굴파리,0
2016.07.16,고흥군,벼줄기굴파리,0
2016.07.16,곡성군,벼줄기굴파리,0
2016.07.16,광양시,벼줄기굴파리,0
2016.07.16,구례군,벼줄기굴파리,0
2016.07.16,나주시,벼줄기굴파리,0
2016.07.16,담양군,벼줄기굴파리,1
2016.07.16,무안군,벼줄기굴파리,0
2016.07.16,보성군,벼줄기굴파리,0
2016.07.16,순천시,벼줄기굴파리,0
2016.07.16,신안군,벼줄기굴파리,0
2016.07.16,여수시,벼줄기굴파리,0
2016.07.16,영광군,벼줄기굴파리,0
2016.07.16,영암군,벼줄기굴파리,0
2016.07.16,완도군,벼줄기굴파리,0
2016.07.16,장성군,벼줄기굴파리,0
2016.07.16,장흥군,벼줄기굴파리,0
2016.07.16,진도군,벼줄기굴파리,0
2016.07.16,함평군,벼줄기굴파리,0
2016.07.16,해남군,벼줄기굴파리,0
2016.07.16,화순군,벼줄기굴파리,0
2016.08.01,강진군,벼줄기굴파리,0
2016.08.01,고흥군,벼줄기굴파리,0
2016.08.01,곡성군,벼줄기굴파리,0
2016.08.01,광양시,벼줄기굴파리,0
2016.08.01,구례군,벼줄기굴파리,0
2016.08.01,나주시,벼줄기굴파리,0
2016.08.01,담양군,벼줄기굴파리,0
2016.08.01,무안군,벼줄기굴파리,0
2016.08.01,보성군,벼줄기굴파리,0
2016.08.01,순천시,벼줄기굴파리,0
2016.08.01,신안군,벼줄기굴파리,0
2016.08.01,여수시,벼줄기굴파리,0
2016.08.01,영광군,벼줄기굴파리,0
2016.08.01,영암군,벼줄기굴파리,0
2016.08.01,완도군,벼줄기굴파리,0
2016.08.01,장성군,벼줄기굴파리,0
2016.08.01,장흥군,벼줄기굴파리,1
2016.08.01,진도군,벼줄기굴파리,0
2016.08.01,함평군,벼줄기굴파리,0
2016.08.01,해남군,벼줄기굴파리,0
2016.08.01,화순군,벼줄기굴파리,0
2016.08.16,강진군,벼줄기굴파리,0
2016.08.16,고흥군,벼줄기굴파리,0
2016.08.16,곡성군,벼줄기굴파리,0
2016.08.16,광양시,벼줄기굴파리,0
2016.08.16,구례군,벼줄기굴파리,0
2016.08.16,나주시,벼줄기굴파리,0
2016.08.16,담양군,벼줄기굴파리,0
2016.08.16,무안군,벼줄기굴파리,0
2016.08.16,보성군,벼줄기굴파리,0
2016.08.16,순천시,벼줄기굴파리,0
2016.08.16,신안군,벼줄기굴파리,0
2016.08.16,여수시,벼줄기굴파리,0
2016.08.16,영광군,벼줄기굴파리,0
2016.08.16,영암군,벼줄기굴파리,0
2016.08.16,완도군,벼줄기굴파리,0
2016.08.16,장성군,벼줄기굴파리,0
2016.08.16,장흥군,벼줄기굴파리,0
2016.08.16,진도군,벼줄기굴파리,0
2016.08.16,함평군,벼줄기굴파리,0
2016.08.16,해남군,벼줄기굴파리,0
2016.08.16,화순군,벼줄기굴파리,0
2016.09.01,강진군,벼줄기굴파리,0
2016.09.01,고흥군,벼줄기굴파리,0
2016.09.01,곡성군,벼줄기굴파리,0
2016.09.01,광양시,벼줄기굴파리,0
2016.09.01,구례군,벼줄기굴파리,0
2016.09.01,나주시,벼줄기굴파리,0
2016.09.01,담양군,벼줄기굴파리,0
2016.09.01,무안군,벼줄기굴파리,0
2016.09.01,보성군,벼줄기굴파리,0
2016.09.01,순천시,벼줄기굴파리,0
2016.09.01,신안군,벼줄기굴파리,0
2016.09.01,여수시,벼줄기굴파리,0
2016.09.01,영광군,벼줄기굴파리,0
2016.09.01,영암군,벼줄기굴파리,0
2016.09.01,완도군,벼줄기굴파리,0
2016.09.01,장성군,벼줄기굴파리,0
2016.09.01,장흥군,벼줄기굴파리,0
2016.09.01,진도군,벼줄기굴파리,0
2016.09.01,함평군,벼줄기굴파리,0
2016.09.01,해남군,벼줄기굴파리,0
2016.09.01,화순군,벼줄기굴파리,0
2016.09.16,강진군,벼줄기굴파리,0
2016.09.16,고흥군,벼줄기굴파리,0
2016.09.16,곡성군,벼줄기굴파리,0
2016.09.16,광양시,벼줄기굴파리,0
2016.09.16,구례군,벼줄기굴파리,0
2016.09.16,나주시,벼줄기굴파리,0
2016.09.16,담양군,벼줄기굴파리,0
2016.09.16,무안군,벼줄기굴파리,0
2016.09.16,보성군,벼줄기굴파리,0
2016.09.16,순천시,벼줄기굴파리,0
2016.09.16,신안군,벼줄기굴파리,0
2016.09.16,여수시,벼줄기굴파리,0
2016.09.16,영광군,벼줄기굴파리,0
2016.09.16,영암군,벼줄기굴파리,0
2016.09.16,완도군,벼줄기굴파리,0
2016.09.16,장성군,벼줄기굴파리,0
2016.09.16,장흥군,벼줄기굴파리,0
2016.09.16,진도군,벼줄기굴파리,0
2016.09.16,함평군,벼줄기굴파리,0
2016.09.16,해남군,벼줄기굴파리,0
2016.09.16,화순군,벼줄기굴파리,0
2017.06.01,강진군,벼줄기굴파리,0
2017.06.01,고흥군,벼줄기굴파리,0
2017.06.01,곡성군,벼줄기굴파리,0
2017.06.01,광양시,벼줄기굴파리,0
2017.06.01,구례군,벼줄기굴파리,0
2017.06.01,나주시,벼줄기굴파리,0
2017.06.01,담양군,벼줄기굴파리,0
2017.06.01,무안군,벼줄기굴파리,0
2017.06.01,보성군,벼줄기굴파리,0
2017.06.01,순천시,벼줄기굴파리,0
2017.06.01,신안군,벼줄기굴파리,0
2017.06.01,여수시,벼줄기굴파리,0
2017.06.01,영광군,벼줄기굴파리,0
2017.06.01,영암군,벼줄기굴파리,0
2017.06.01,완도군,벼줄기굴파리,0
2017.06.01,장성군,벼줄기굴파리,0
2017.06.01,장흥군,벼줄기굴파리,0
2017.06.01,진도군,벼줄기굴파리,0
2017.06.01,함평군,벼줄기굴파리,0
2017.06.01,해남군,벼줄기굴파리,0
2017.06.01,화순군,벼줄기굴파리,0
2017.06.16,강진군,벼줄기굴파리,0
2017.06.16,고흥군,벼줄기굴파리,0
2017.06.16,곡성군,벼줄기굴파리,0
2017.06.16,광양시,벼줄기굴파리,0
2017.06.16,구례군,벼줄기굴파리,0
2017.06.16,나주시,벼줄기굴파리,0
2017.06.16,담양군,벼줄기굴파리,0
2017.06.16,무안군,벼줄기굴파리,0
2017.06.16,보성군,벼줄기굴파리,0
2017.06.16,순천시,벼줄기굴파리,1
2017.06.16,신안군,벼줄기굴파리,0
2017.06.16,여수시,벼줄기굴파리,0
2017.06.16,영광군,벼줄기굴파리,0
2017.06.16,영암군,벼줄기굴파리,0
2017.06.16,완도군,벼줄기굴파리,0
2017.06.16,장성군,벼줄기굴파리,0
2017.06.16,장흥군,벼줄기굴파리,0
2017.06.16,진도군,벼줄기굴파리,0
2017.06.16,함평군,벼줄기굴파리,0
2017.06.16,해남군,벼줄기굴파리,0
2017.06.16,화순군,벼줄기굴파리,0
2017.07.01,강진군,벼줄기굴파리,0
2017.07.01,고흥군,벼줄기굴파리,0
2017.07.01,곡성군,벼줄기굴파리,0
2017.07.01,광양시,벼줄기굴파리,0
2017.07.01,구례군,벼줄기굴파리,0
2017.07.01,나주시,벼줄기굴파리,0
2017.07.01,담양군,벼줄기굴파리,0
2017.07.01,무안군,벼줄기굴파리,0
2017.07.01,보성군,벼줄기굴파리,0
2017.07.01,순천시,벼줄기굴파리,0
2017.07.01,신안군,벼줄기굴파리,0
2017.07.01,여수시,벼줄기굴파리,0
2017.07.01,영광군,벼줄기굴파리,0
2017.07.01,영암군,벼줄기굴파리,0
2017.07.01,완도군,벼줄기굴파리,0
2017.07.01,장성군,벼줄기굴파리,0
2017.07.01,장흥군,벼줄기굴파리,1
2017.07.01,진도군,벼줄기굴파리,0
2017.07.01,함평군,벼줄기굴파리,0
2017.07.01,해남군,벼줄기굴파리,0
2017.07.01,화순군,벼줄기굴파리,0
2017.07.16,강진군,벼줄기굴파리,0
2017.07.16,고흥군,벼줄기굴파리,0
2017.07.16,곡성군,벼줄기굴파리,0
2017.07.16,광양시,벼줄기굴파리,0
2017.07.16,구례군,벼줄기굴파리,0
2017.07.16,나주시,벼줄기굴파리,0
2017.07.16,담양군,벼줄기굴파리,0
2017.07.16,무안군,벼줄기굴파리,0
2017.07.16,보성군,벼줄기굴파리,0
2017.07.16,순천시,벼줄기굴파리,0
2017.07.16,신안군,벼줄기굴파리,0
2017.07.16,여수시,벼줄기굴파리,0
2017.07.16,영광군,벼줄기굴파리,0
2017.07.16,영암군,벼줄기굴파리,0
2017.07.16,완도군,벼줄기굴파리,0
2017.07.16,장성군,벼줄기굴파리,0
2017.07.16,장흥군,벼줄기굴파리,1
2017.07.16,진도군,벼줄기굴파리,1
2017.07.16,함평군,벼줄기굴파리,0
2017.07.16,해남군,벼줄기굴파리,0
2017.07.16,화순군,벼줄기굴파리,0
2017.08.01,강진군,벼줄기굴파리,0
2017.08.01,고흥군,벼줄기굴파리,0
2017.08.01,곡성군,벼줄기굴파리,0
2017.08.01,광양시,벼줄기굴파리,0
2017.08.01,구례군,벼줄기굴파리,0
2017.08.01,나주시,벼줄기굴파리,0
2017.08.01,담양군,벼줄기굴파리,0
2017.08.01,무안군,벼줄기굴파리,0
2017.08.01,보성군,벼줄기굴파리,0
2017.08.01,순천시,벼줄기굴파리,0
2017.08.01,신안군,벼줄기굴파리,0
2017.08.01,여수시,벼줄기굴파리,0
2017.08.01,영광군,벼줄기굴파리,0
2017.08.01,영암군,벼줄기굴파리,0
2017.08.01,완도군,벼줄기굴파리,0
2017.08.01,장성군,벼줄기굴파리,1
2017.08.01,장흥군,벼줄기굴파리,1
2017.08.01,진도군,벼줄기굴파리,0
2017.08.01,함평군,벼줄기굴파리,0
2017.08.01,해남군,벼줄기굴파리,0
2017.08.01,화순군,벼줄기굴파리,0
2017.08.16,강진군,벼줄기굴파리,0
2017.08.16,고흥군,벼줄기굴파리,0
2017.08.16,곡성군,벼줄기굴파리,0
2017.08.16,광양시,벼줄기굴파리,0
2017.08.16,구례군,벼줄기굴파리,0
2017.08.16,나주시,벼줄기굴파리,0
2017.08.16,담양군,벼줄기굴파리,0
2017.08.16,무안군,벼줄기굴파리,0
2017.08.16,보성군,벼줄기굴파리,0
2017.08.16,순천시,벼줄기굴파리,0
2017.08.16,신안군,벼줄기굴파리,0
2017.08.16,여수시,벼줄기굴파리,0
2017.08.16,영광군,벼줄기굴파리,0
2017.08.16,영암군,벼줄기굴파리,0
2017.08.16,완도군,벼줄기굴파리,0
2017.08.16,장성군,벼줄기굴파리,1
2017.08.16,장흥군,벼줄기굴파리,0
2017.08.16,진도군,벼줄기굴파리,0
2017.08.16,함평군,벼줄기굴파리,0
2017.08.16,해남군,벼줄기굴파리,0
2017.08.16,화순군,벼줄기굴파리,0
2017.09.01,강진군,벼줄기굴파리,0
2017.09.01,고흥군,벼줄기굴파리,0
2017.09.01,곡성군,벼줄기굴파리,0
2017.09.01,광양시,벼줄기굴파리,0
2017.09.01,구례군,벼줄기굴파리,0
2017.09.01,나주시,벼줄기굴파리,0
2017.09.01,담양군,벼줄기굴파리,0
2017.09.01,무안군,벼줄기굴파리,0
2017.09.01,보성군,벼줄기굴파리,0
2017.09.01,순천시,벼줄기굴파리,0
2017.09.01,신안군,벼줄기굴파리,0
2017.09.01,여수시,벼줄기굴파리,0
2017.09.01,영광군,벼줄기굴파리,0
2017.09.01,영암군,벼줄기굴파리,0
2017.09.01,완도군,벼줄기굴파리,0
2017.09.01,장성군,벼줄기굴파리,1
2017.09.01,장흥군,벼줄기굴파리,0
2017.09.01,진도군,벼줄기굴파리,0
2017.09.01,함평군,벼줄기굴파리,0
2017.09.01,해남군,벼줄기굴파리,0
2017.09.01,화순군,벼줄기굴파리,0
2017.09.16,강진군,벼줄기굴파리,0
2017.09.16,고흥군,벼줄기굴파리,0
2017.09.16,곡성군,벼줄기굴파리,0
2017.09.16,광양시,벼줄기굴파리,0
2017.09.16,구례군,벼줄기굴파리,0
2017.09.16,나주시,벼줄기굴파리,0
2017.09.16,담양군,벼줄기굴파리,0
2017.09.16,무안군,벼줄기굴파리,0
2017.09.16,보성군,벼줄기굴파리,0
2017.09.16,순천시,벼줄기굴파리,0
2017.09.16,신안군,벼줄기굴파리,0
2017.09.16,여수시,벼줄기굴파리,0
2017.09.16,영광군,벼줄기굴파리,0
2017.09.16,영암군,벼줄기굴파리,0
2017.09.16,완도군,벼줄기굴파리,0
2017.09.16,장성군,벼줄기굴파리,1
2017.09.16,장흥군,벼줄기굴파리,0
2017.09.16,진도군,벼줄기굴파리,0
2017.09.16,함평군,벼줄기굴파리,0
2017.09.16,해남군,벼줄기굴파리,0
2017.09.16,화순군,벼줄기굴파리,0
2018.06.01,강진군,벼줄기굴파리,0
2018.06.01,고흥군,벼줄기굴파리,0
2018.06.01,곡성군,벼줄기굴파리,0
2018.06.01,광양시,벼줄기굴파리,0
2018.06.01,구례군,벼줄기굴파리,0
2018.06.01,나주시,벼줄기굴파리,0
2018.06.01,담양군,벼줄기굴파리,0
2018.06.01,무안군,벼줄기굴파리,0
2018.06.01,보성군,벼줄기굴파리,0
2018.06.01,순천시,벼줄기굴파리,0
2018.06.01,신안군,벼줄기굴파리,0
2018.06.01,여수시,벼줄기굴파리,0
2018.06.01,영광군,벼줄기굴파리,0
2018.06.01,영암군,벼줄기굴파리,0
2018.06.01,완도군,벼줄기굴파리,0
2018.06.01,장성군,벼줄기굴파리,0
2018.06.01,장흥군,벼줄기굴파리,0
2018.06.01,진도군,벼줄기굴파리,0
2018.06.01,함평군,벼줄기굴파리,0
2018.06.01,해남군,벼줄기굴파리,0
2018.06.01,화순군,벼줄기굴파리,0
2018.06.16,강진군,벼줄기굴파리,0
2018.06.16,고흥군,벼줄기굴파리,0
2018.06.16,곡성군,벼줄기굴파리,0
2018.06.16,광양시,벼줄기굴파리,0
2018.06.16,구례군,벼줄기굴파리,0
2018.06.16,나주시,벼줄기굴파리,0
2018.06.16,담양군,벼줄기굴파리,0
2018.06.16,무안군,벼줄기굴파리,0
2018.06.16,보성군,벼줄기굴파리,0
2018.06.16,순천시,벼줄기굴파리,0
2018.06.16,신안군,벼줄기굴파리,0
2018.06.16,여수시,벼줄기굴파리,0
2018.06.16,영광군,벼줄기굴파리,0
2018.06.16,영암군,벼줄기굴파리,0
2018.06.16,완도군,벼줄기굴파리,0
2018.06.16,장성군,벼줄기굴파리,0
2018.06.16,장흥군,벼줄기굴파리,0
2018.06.16,진도군,벼줄기굴파리,0
2018.06.16,함평군,벼줄기굴파리,0
2018.06.16,해남군,벼줄기굴파리,0
2018.06.16,화순군,벼줄기굴파리,0
2018.07.01,강진군,벼줄기굴파리,0
2018.07.01,고흥군,벼줄기굴파리,0
2018.07.01,광양시,벼줄기굴파리,0
2018.07.01,나주시,벼줄기굴파리,0
2018.07.01,순천시,벼줄기굴파리,0
2018.07.01,신안군,벼줄기굴파리,0
2018.07.01,여수시,벼줄기굴파리,0
2018.07.01,영광군,벼줄기굴파리,0
2018.07.01,영암군,벼줄기굴파리,0
2018.07.01,완도군,벼줄기굴파리,0
2018.07.01,진도군,벼줄기굴파리,0
2018.07.01,해남군,벼줄기굴파리,0
2018.07.01,화순군,벼줄기굴파리,0
2018.07.16,강진군,벼줄기굴파리,0
2018.07.16,고흥군,벼줄기굴파리,0
2018.07.16,곡성군,벼줄기굴파리,0
2018.07.16,광양시,벼줄기굴파리,0
2018.07.16,구례군,벼줄기굴파리,0
2018.07.16,나주시,벼줄기굴파리,0
2018.07.16,담양군,벼줄기굴파리,0
2018.07.16,무안군,벼줄기굴파리,0
2018.07.16,보성군,벼줄기굴파리,0
2018.07.16,순천시,벼줄기굴파리,0
2018.07.16,신안군,벼줄기굴파리,0
2018.07.16,여수시,벼줄기굴파리,0
2018.07.16,영광군,벼줄기굴파리,0
2018.07.16,영암군,벼줄기굴파리,0
2018.07.16,완도군,벼줄기굴파리,0
2018.07.16,장성군,벼줄기굴파리,0
2018.07.16,장흥군,벼줄기굴파리,1
2018.07.16,진도군,벼줄기굴파리,0
2018.07.16,함평군,벼줄기굴파리,0
2018.07.16,해남군,벼줄기굴파리,0
2018.07.16,화순군,벼줄기굴파리,0
2018.08.01,강진군,벼줄기굴파리,0
2018.08.01,고흥군,벼줄기굴파리,0
2018.08.01,곡성군,벼줄기굴파리,0
2018.08.01,광양시,벼줄기굴파리,0
2018.08.01,구례군,벼줄기굴파리,0
2018.08.01,나주시,벼줄기굴파리,0
2018.08.01,담양군,벼줄기굴파리,0
2018.08.01,무안군,벼줄기굴파리,0
2018.08.01,보성군,벼줄기굴파리,0
2018.08.01,순천시,벼줄기굴파리,0
2018.08.01,신안군,벼줄기굴파리,0
2018.08.01,여수시,벼줄기굴파리,0
2018.08.01,영광군,벼줄기굴파리,0
2018.08.01,영암군,벼줄기굴파리,0
2018.08.01,완도군,벼줄기굴파리,0
2018.08.01,장성군,벼줄기굴파리,0
2018.08.01,장흥군,벼줄기굴파리,0
2018.08.01,진도군,벼줄기굴파리,0
2018.08.01,함평군,벼줄기굴파리,0
2018.08.01,해남군,벼줄기굴파리,0
2018.08.01,화순군,벼줄기굴파리,0
2018.08.16,강진군,벼줄기굴파리,0
2018.08.16,고흥군,벼줄기굴파리,0
2018.08.16,곡성군,벼줄기굴파리,0
2018.08.16,광양시,벼줄기굴파리,0
2018.08.16,구례군,벼줄기굴파리,0
2018.08.16,나주시,벼줄기굴파리,0
2018.08.16,담양군,벼줄기굴파리,0
2018.08.16,무안군,벼줄기굴파리,0
2018.08.16,보성군,벼줄기굴파리,0
2018.08.16,순천시,벼줄기굴파리,0
2018.08.16,신안군,벼줄기굴파리,0
2018.08.16,여수시,벼줄기굴파리,0
2018.08.16,영광군,벼줄기굴파리,0
2018.08.16,영암군,벼줄기굴파리,0
2018.08.16,완도군,벼줄기굴파리,0
2018.08.16,장성군,벼줄기굴파리,0
2018.08.16,장흥군,벼줄기굴파리,0
2018.08.16,진도군,벼줄기굴파리,0
2018.08.16,함평군,벼줄기굴파리,0
2018.08.16,해남군,벼줄기굴파리,0
2018.08.16,화순군,벼줄기굴파리,0
2018.09.01,강진군,벼줄기굴파리,0
2018.09.01,고흥군,벼줄기굴파리,0
2018.09.01,곡성군,벼줄기굴파리,0
2018.09.01,광양시,벼줄기굴파리,0
2018.09.01,구례군,벼줄기굴파리,0
2018.09.01,나주시,벼줄기굴파리,0
2018.09.01,담양군,벼줄기굴파리,0
2018.09.01,무안군,벼줄기굴파리,0
2018.09.01,보성군,벼줄기굴파리,0
2018.09.01,순천시,벼줄기굴파리,0
2018.09.01,신안군,벼줄기굴파리,0
2018.09.01,여수시,벼줄기굴파리,0
2018.09.01,영광군,벼줄기굴파리,0
2018.09.01,영암군,벼줄기굴파리,0
2018.09.01,완도군,벼줄기굴파리,0
2018.09.01,장성군,벼줄기굴파리,0
2018.09.01,장흥군,벼줄기굴파리,0
2018.09.01,진도군,벼줄기굴파리,0
2018.09.01,함평군,벼줄기굴파리,0
2018.09.01,해남군,벼줄기굴파리,0
2018.09.01,화순군,벼줄기굴파리,0
2018.09.16,강진군,벼줄기굴파리,0
2018.09.16,고흥군,벼줄기굴파리,0
2018.09.16,곡성군,벼줄기굴파리,0
2018.09.16,광양시,벼줄기굴파리,0
2018.09.16,구례군,벼줄기굴파리,0
2018.09.16,나주시,벼줄기굴파리,0
2018.09.16,담양군,벼줄기굴파리,0
2018.09.16,무안군,벼줄기굴파리,0
2018.09.16,보성군,벼줄기굴파리,0
2018.09.16,순천시,벼줄기굴파리,0
2018.09.16,신안군,벼줄기굴파리,0
2018.09.16,여수시,벼줄기굴파리,0
2018.09.16,영광군,벼줄기굴파리,0
2018.09.16,영암군,벼줄기굴파리,0
2018.09.16,완도군,벼줄기굴파리,0
2018.09.16,장성군,벼줄기굴파리,0
2018.09.16,장흥군,벼줄기굴파리,0
2018.09.16,진도군,벼줄기굴파리,0
2018.09.16,함평군,벼줄기굴파리,0
2018.09.16,해남군,벼줄기굴파리,0
2018.09.16,화순군,벼줄기굴파리,0
2019.06.01,강진군,벼줄기굴파리,0
2019.06.01,고흥군,벼줄기굴파리,0
2019.06.01,곡성군,벼줄기굴파리,0
2019.06.01,광양시,벼줄기굴파리,0
2019.06.01,구례군,벼줄기굴파리,0
2019.06.01,나주시,벼줄기굴파리,0
2019.06.01,담양군,벼줄기굴파리,0
2019.06.01,무안군,벼줄기굴파리,0
2019.06.01,보성군,벼줄기굴파리,0
2019.06.01,순천시,벼줄기굴파리,0
2019.06.01,신안군,벼줄기굴파리,0
2019.06.01,여수시,벼줄기굴파리,0
2019.06.01,영광군,벼줄기굴파리,0
2019.06.01,영암군,벼줄기굴파리,0
2019.06.01,완도군,벼줄기굴파리,0
2019.06.01,장성군,벼줄기굴파리,0
2019.06.01,장흥군,벼줄기굴파리,0
2019.06.01,진도군,벼줄기굴파리,0
2019.06.01,함평군,벼줄기굴파리,0
2019.06.01,해남군,벼줄기굴파리,0
2019.06.01,화순군,벼줄기굴파리,0
2019.06.16,강진군,벼줄기굴파리,0
2019.06.16,고흥군,벼줄기굴파리,0
2019.06.16,곡성군,벼줄기굴파리,0
2019.06.16,광양시,벼줄기굴파리,0
2019.06.16,구례군,벼줄기굴파리,0
2019.06.16,나주시,벼줄기굴파리,0
2019.06.16,담양군,벼줄기굴파리,0
2019.06.16,무안군,벼줄기굴파리,0
2019.06.16,보성군,벼줄기굴파리,0
2019.06.16,순천시,벼줄기굴파리,0
2019.06.16,신안군,벼줄기굴파리,0
2019.06.16,여수시,벼줄기굴파리,0
2019.06.16,영광군,벼줄기굴파리,0
2019.06.16,영암군,벼줄기굴파리,0
2019.06.16,완도군,벼줄기굴파리,1
2019.06.16,장성군,벼줄기굴파리,0
2019.06.16,장흥군,벼줄기굴파리,0
2019.06.16,진도군,벼줄기굴파리,0
2019.06.16,함평군,벼줄기굴파리,0
2019.06.16,해남군,벼줄기굴파리,0
2019.06.16,화순군,벼줄기굴파리,0
2019.07.01,강진군,벼줄기굴파리,0
2019.07.01,고흥군,벼줄기굴파리,0
2019.07.01,곡성군,벼줄기굴파리,1
2019.07.01,광양시,벼줄기굴파리,0
2019.07.01,구례군,벼줄기굴파리,0
2019.07.01,나주시,벼줄기굴파리,0
2019.07.01,담양군,벼줄기굴파리,1
2019.07.01,무안군,벼줄기굴파리,0
2019.07.01,보성군,벼줄기굴파리,0
2019.07.01,순천시,벼줄기굴파리,0
2019.07.01,신안군,벼줄기굴파리,0
2019.07.01,여수시,벼줄기굴파리,0
2019.07.01,영광군,벼줄기굴파리,0
2019.07.01,영암군,벼줄기굴파리,0
2019.07.01,완도군,벼줄기굴파리,1
2019.07.01,장성군,벼줄기굴파리,0
2019.07.01,장흥군,벼줄기굴파리,0
2019.07.01,진도군,벼줄기굴파리,1
2019.07.01,함평군,벼줄기굴파리,0
2019.07.01,해남군,벼줄기굴파리,0
2019.07.01,화순군,벼줄기굴파리,0
2019.07.16,강진군,벼줄기굴파리,0
2019.07.16,고흥군,벼줄기굴파리,0
2019.07.16,곡성군,벼줄기굴파리,1
2019.07.16,광양시,벼줄기굴파리,0
2019.07.16,구례군,벼줄기굴파리,0
2019.07.16,나주시,벼줄기굴파리,0
2019.07.16,담양군,벼줄기굴파리,1
2019.07.16,무안군,벼줄기굴파리,0
2019.07.16,보성군,벼줄기굴파리,0
2019.07.16,순천시,벼줄기굴파리,0
2019.07.16,신안군,벼줄기굴파리,0
2019.07.16,여수시,벼줄기굴파리,0
2019.07.16,영광군,벼줄기굴파리,0
2019.07.16,영암군,벼줄기굴파리,0
2019.07.16,완도군,벼줄기굴파리,1
2019.07.16,장성군,벼줄기굴파리,0
2019.07.16,장흥군,벼줄기굴파리,0
2019.07.16,진도군,벼줄기굴파리,1
2019.07.16,함평군,벼줄기굴파리,0
2019.07.16,해남군,벼줄기굴파리,0
2019.07.16,화순군,벼줄기굴파리,0
2019.08.01,강진군,벼줄기굴파리,0
2019.08.01,고흥군,벼줄기굴파리,0
2019.08.01,곡성군,벼줄기굴파리,0
2019.08.01,광양시,벼줄기굴파리,0
2019.08.01,구례군,벼줄기굴파리,0
2019.08.01,나주시,벼줄기굴파리,0
2019.08.01,담양군,벼줄기굴파리,0
2019.08.01,무안군,벼줄기굴파리,0
2019.08.01,보성군,벼줄기굴파리,0
2019.08.01,순천시,벼줄기굴파리,0
2019.08.01,신안군,벼줄기굴파리,0
2019.08.01,여수시,벼줄기굴파리,0
2019.08.01,영광군,벼줄기굴파리,0
2019.08.01,영암군,벼줄기굴파리,0
2019.08.01,완도군,벼줄기굴파리,1
2019.08.01,장성군,벼줄기굴파리,0
2019.08.01,장흥군,벼줄기굴파리,0
2019.08.01,진도군,벼줄기굴파리,0
2019.08.01,함평군,벼줄기굴파리,0
2019.08.01,해남군,벼줄기굴파리,0
2019.08.01,화순군,벼줄기굴파리,0
2019.08.16,강진군,벼줄기굴파리,0
2019.08.16,고흥군,벼줄기굴파리,0
2019.08.16,광양시,벼줄기굴파리,0
2019.08.16,구례군,벼줄기굴파리,0
2019.08.16,무안군,벼줄기굴파리,0
2019.08.16,보성군,벼줄기굴파리,0
2019.08.16,순천시,벼줄기굴파리,0
2019.08.16,신안군,벼줄기굴파리,0
2019.08.16,여수시,벼줄기굴파리,0
2019.08.16,영광군,벼줄기굴파리,0
2019.08.16,완도군,벼줄기굴파리,1
2019.08.16,장흥군,벼줄기굴파리,0
2019.08.16,진도군,벼줄기굴파리,0
2019.08.16,함평군,벼줄기굴파리,0
2019.08.16,해남군,벼줄기굴파리,0
2019.08.16,화순군,벼줄기굴파리,0
2019.09.01,강진군,벼줄기굴파리,0
2019.09.01,고흥군,벼줄기굴파리,0
2019.09.01,곡성군,벼줄기굴파리,0
2019.09.01,광양시,벼줄기굴파리,0
2019.09.01,구례군,벼줄기굴파리,0
2019.09.01,나주시,벼줄기굴파리,0
2019.09.01,담양군,벼줄기굴파리,0
2019.09.01,무안군,벼줄기굴파리,0
2019.09.01,보성군,벼줄기굴파리,0
2019.09.01,순천시,벼줄기굴파리,0
2019.09.01,신안군,벼줄기굴파리,0
2019.09.01,여수시,벼줄기굴파리,0
2019.09.01,영광군,벼줄기굴파리,0
2019.09.01,영암군,벼줄기굴파리,0
2019.09.01,완도군,벼줄기굴파리,0
2019.09.01,장성군,벼줄기굴파리,0
2019.09.01,장흥군,벼줄기굴파리,0
2019.09.01,진도군,벼줄기굴파리,0
2019.09.01,함평군,벼줄기굴파리,0
2019.09.01,해남군,벼줄기굴파리,0
2019.09.01,화순군,벼줄기굴파리,0
2019.09.16,강진군,벼줄기굴파리,0
2019.09.16,고흥군,벼줄기굴파리,0
2019.09.16,곡성군,벼줄기굴파리,0
2019.09.16,광양시,벼줄기굴파리,0
2019.09.16,구례군,벼줄기굴파리,0
2019.09.16,나주시,벼줄기굴파리,0
2019.09.16,담양군,벼줄기굴파리,0
2019.09.16,무안군,벼줄기굴파리,0
2019.09.16,보성군,벼줄기굴파리,0
2019.09.16,순천시,벼줄기굴파리,0
2019.09.16,여수시,벼줄기굴파리,0
2019.09.16,영광군,벼줄기굴파리,0
2019.09.16,영암군,벼줄기굴파리,0
2019.09.16,완도군,벼줄기굴파리,0
2019.09.16,장성군,벼줄기굴파리,0
2019.09.16,장흥군,벼줄기굴파리,0
2019.09.16,진도군,벼줄기굴파리,0
2019.09.16,함평군,벼줄기굴파리,0
2019.09.16,해남군,벼줄기굴파리,0
2019.09.16,화순군,벼줄기굴파리,0
2020.06.01,강진군,벼줄기굴파리,0
2020.06.01,고흥군,벼줄기굴파리,0
2020.06.01,광양시,벼줄기굴파리,0
2020.06.01,구례군,벼줄기굴파리,0
2020.06.01,나주시,벼줄기굴파리,0
2020.06.01,담양군,벼줄기굴파리,0
2020.06.01,무안군,벼줄기굴파리,0
2020.06.01,보성군,벼줄기굴파리,0
2020.06.01,순천시,벼줄기굴파리,0
2020.06.01,신안군,벼줄기굴파리,0
2020.06.01,여수시,벼줄기굴파리,0
2020.06.01,영광군,벼줄기굴파리,0
2020.06.01,영암군,벼줄기굴파리,0
2020.06.01,완도군,벼줄기굴파리,0
2020.06.01,장성군,벼줄기굴파리,0
2020.06.01,장흥군,벼줄기굴파리,0
2020.06.01,진도군,벼줄기굴파리,0
2020.06.01,함평군,벼줄기굴파리,0
2020.06.01,해남군,벼줄기굴파리,0
2020.06.01,화순군,벼줄기굴파리,0
2020.06.16,강진군,벼줄기굴파리,0
2020.06.16,고흥군,벼줄기굴파리,0
2020.06.16,곡성군,벼줄기굴파리,0
2020.06.16,광양시,벼줄기굴파리,0
2020.06.16,구례군,벼줄기굴파리,0
2020.06.16,나주시,벼줄기굴파리,0
2020.06.16,담양군,벼줄기굴파리,0
2020.06.16,무안군,벼줄기굴파리,0
2020.06.16,보성군,벼줄기굴파리,0
2020.06.16,순천시,벼줄기굴파리,0
2020.06.16,신안군,벼줄기굴파리,0
2020.06.16,여수시,벼줄기굴파리,0
2020.06.16,영광군,벼줄기굴파리,0
2020.06.16,영암군,벼줄기굴파리,0
2020.06.16,완도군,벼줄기굴파리,0
2020.06.16,장성군,벼줄기굴파리,0
2020.06.16,장흥군,벼줄기굴파리,0
2020.06.16,진도군,벼줄기굴파리,1
2020.06.16,함평군,벼줄기굴파리,0
2020.06.16,해남군,벼줄기굴파리,0
2020.06.16,화순군,벼줄기굴파리,0
2020.07.01,강진군,벼줄기굴파리,0
2020.07.01,고흥군,벼줄기굴파리,0
2020.07.01,곡성군,벼줄기굴파리,0
2020.07.01,광양시,벼줄기굴파리,0
2020.07.01,구례군,벼줄기굴파리,0
2020.07.01,담양군,벼줄기굴파리,1
2020.07.01,무안군,벼줄기굴파리,0
2020.07.01,보성군,벼줄기굴파리,0
2020.07.01,순천시,벼줄기굴파리,0
2020.07.01,신안군,벼줄기굴파리,0
2020.07.01,여수시,벼줄기굴파리,0
2020.07.01,영광군,벼줄기굴파리,0
2020.07.01,영암군,벼줄기굴파리,0
2020.07.01,완도군,벼줄기굴파리,0
2020.07.01,장성군,벼줄기굴파리,0
2020.07.01,장흥군,벼줄기굴파리,0
2020.07.01,진도군,벼줄기굴파리,1
2020.07.01,함평군,벼줄기굴파리,0
2020.07.01,해남군,벼줄기굴파리,0
2020.07.01,화순군,벼줄기굴파리,0
2020.07.16,강진군,벼줄기굴파리,0
2020.07.16,고흥군,벼줄기굴파리,0
2020.07.16,곡성군,벼줄기굴파리,0
2020.07.16,광양시,벼줄기굴파리,0
2020.07.16,구례군,벼줄기굴파리,0
2020.07.16,나주시,벼줄기굴파리,0
2020.07.16,담양군,벼줄기굴파리,1
2020.07.16,무안군,벼줄기굴파리,0
2020.07.16,보성군,벼줄기굴파리,0
2020.07.16,순천시,벼줄기굴파리,0
2020.07.16,신안군,벼줄기굴파리,0
2020.07.16,여수시,벼줄기굴파리,0
2020.07.16,영광군,벼줄기굴파리,0
2020.07.16,영암군,벼줄기굴파리,0
2020.07.16,완도군,벼줄기굴파리,1
2020.07.16,장성군,벼줄기굴파리,0
2020.07.16,장흥군,벼줄기굴파리,0
2020.07.16,진도군,벼줄기굴파리,1
2020.07.16,함평군,벼줄기굴파리,0
2020.07.16,해남군,벼줄기굴파리,0
2020.07.16,화순군,벼줄기굴파리,0
2020.08.01,강진군,벼줄기굴파리,0
2020.08.01,고흥군,벼줄기굴파리,0
2020.08.01,곡성군,벼줄기굴파리,0
2020.08.01,광양시,벼줄기굴파리,0
2020.08.01,구례군,벼줄기굴파리,0
2020.08.01,나주시,벼줄기굴파리,0
2020.08.01,담양군,벼줄기굴파리,0
2020.08.01,무안군,벼줄기굴파리,0
2020.08.01,보성군,벼줄기굴파리,0
2020.08.01,순천시,벼줄기굴파리,0
2020.08.01,신안군,벼줄기굴파리,0
2020.08.01,여수시,벼줄기굴파리,0
2020.08.01,영광군,벼줄기굴파리,0
2020.08.01,영암군,벼줄기굴파리,0
2020.08.01,완도군,벼줄기굴파리,0
2020.08.01,장성군,벼줄기굴파리,0
2020.08.01,장흥군,벼줄기굴파리,0
2020.08.01,진도군,벼줄기굴파리,0
2020.08.01,함평군,벼줄기굴파리,0
2020.08.01,해남군,벼줄기굴파리,0
2020.08.01,화순군,벼줄기굴파리,0
2020.08.16,강진군,벼줄기굴파리,0
2020.08.16,고흥군,벼줄기굴파리,0
2020.08.16,곡성군,벼줄기굴파리,0
2020.08.16,광양시,벼줄기굴파리,0
2020.08.16,구례군,벼줄기굴파리,0
2020.08.16,나주시,벼줄기굴파리,0
2020.08.16,담양군,벼줄기굴파리,0
2020.08.16,무안군,벼줄기굴파리,0
2020.08.16,보성군,벼줄기굴파리,0
2020.08.16,순천시,벼줄기굴파리,0
2020.08.16,신안군,벼줄기굴파리,0
2020.08.16,여수시,벼줄기굴파리,0
2020.08.16,영광군,벼줄기굴파리,0
2020.08.16,영암군,벼줄기굴파리,0
2020.08.16,완도군,벼줄기굴파리,0
2020.08.16,장성군,벼줄기굴파리,0
2020.08.16,장흥군,벼줄기굴파리,0
2020.08.16,진도군,벼줄기굴파리,0
2020.08.16,함평군,벼줄기굴파리,0
2020.08.16,해남군,벼줄기굴파리,0
2020.08.16,화순군,벼줄기굴파리,0
2020.09.01,강진군,벼줄기굴파리,0
2020.09.01,고흥군,벼줄기굴파리,0
2020.09.01,곡성군,벼줄기굴파리,0
2020.09.01,광양시,벼줄기굴파리,0
2020.09.01,구례군,벼줄기굴파리,0
2020.09.01,나주시,벼줄기굴파리,0
2020.09.01,담양군,벼줄기굴파리,0
2020.09.01,무안군,벼줄기굴파리,0
2020.09.01,보성군,벼줄기굴파리,0
2020.09.01,순천시,벼줄기굴파리,0
2020.09.01,신안군,벼줄기굴파리,0
2020.09.01,여수시,벼줄기굴파리,0
2020.09.01,영광군,벼줄기굴파리,0
2020.09.01,영암군,벼줄기굴파리,0
2020.09.01,완도군,벼줄기굴파리,0
2020.09.01,장성군,벼줄기굴파리,0
2020.09.01,장흥군,벼줄기굴파리,0
2020.09.01,진도군,벼줄기굴파리,0
2020.09.01,함평군,벼줄기굴파리,0
2020.09.01,해남군,벼줄기굴파리,0
2020.09.01,화순군,벼줄기굴파리,0
2020.09.16,강진군,벼줄기굴파리,0
2020.09.16,고흥군,벼줄기굴파리,0
2020.09.16,곡성군,벼줄기굴파리,0
2020.09.16,광양시,벼줄기굴파리,0
2020.09.16,구례군,벼줄기굴파리,0
2020.09.16,나주시,벼줄기굴파리,0
2020.09.16,담양군,벼줄기굴파리,0
2020.09.16,무안군,벼줄기굴파리,0
2020.09.16,보성군,벼줄기굴파리,0
2020.09.16,순천시,벼줄기굴파리,0
2020.09.16,신안군,벼줄기굴파리,0
2020.09.16,여수시,벼줄기굴파리,0
2020.09.16,영광군,벼줄기굴파리,0
2020.09.16,영암군,벼줄기굴파리,0
2020.09.16,완도군,벼줄기굴파리,0
2020.09.16,장성군,벼줄기굴파리,0
2020.09.16,장흥군,벼줄기굴파리,0
2020.09.16,진도군,벼줄기굴파리,0
2020.09.16,함평군,벼줄기굴파리,0
2020.09.16,해남군,벼줄기굴파리,0
2020.09.16,화순군,벼줄기굴파리,0
2021.06.01,강진군,벼줄기굴파리,0
2021.06.01,고흥군,벼줄기굴파리,0
2021.06.01,곡성군,벼줄기굴파리,0
2021.06.01,광양시,벼줄기굴파리,0
2021.06.01,구례군,벼줄기굴파리,0
2021.06.01,나주시,벼줄기굴파리,0
2021.06.01,담양군,벼줄기굴파리,0
2021.06.01,무안군,벼줄기굴파리,0
2021.06.01,보성군,벼줄기굴파리,0
2021.06.01,순천시,벼줄기굴파리,0
2021.06.01,신안군,벼줄기굴파리,0
2021.06.01,여수시,벼줄기굴파리,0
2021.06.01,영암군,벼줄기굴파리,0
2021.06.01,완도군,벼줄기굴파리,0
2021.06.01,장성군,벼줄기굴파리,0
2021.06.01,장흥군,벼줄기굴파리,0
2021.06.01,진도군,벼줄기굴파리,0
2021.06.01,함평군,벼줄기굴파리,0
2021.06.01,해남군,벼줄기굴파리,0
2021.06.01,화순군,벼줄기굴파리,0
2021.06.16,강진군,벼줄기굴파리,0
2021.06.16,고흥군,벼줄기굴파리,0
2021.06.16,곡성군,벼줄기굴파리,0
2021.06.16,광양시,벼줄기굴파리,0
2021.06.16,구례군,벼줄기굴파리,0
2021.06.16,나주시,벼줄기굴파리,0
2021.06.16,담양군,벼줄기굴파리,0
2021.06.16,무안군,벼줄기굴파리,0
2021.06.16,보성군,벼줄기굴파리,0
2021.06.16,순천시,벼줄기굴파리,0
2021.06.16,신안군,벼줄기굴파리,0
2021.06.16,여수시,벼줄기굴파리,0
2021.06.16,영광군,벼줄기굴파리,0
2021.06.16,영암군,벼줄기굴파리,0
2021.06.16,완도군,벼줄기굴파리,0
2021.06.16,장성군,벼줄기굴파리,1
2021.06.16,장흥군,벼줄기굴파리,0
2021.06.16,진도군,벼줄기굴파리,0
2021.06.16,함평군,벼줄기굴파리,0
2021.06.16,해남군,벼줄기굴파리,0
2021.06.16,화순군,벼줄기굴파리,0
2021.07.01,강진군,벼줄기굴파리,0
2021.07.01,고흥군,벼줄기굴파리,0
2021.07.01,곡성군,벼줄기굴파리,1
2021.07.01,광양시,벼줄기굴파리,0
2021.07.01,구례군,벼줄기굴파리,0
2021.07.01,나주시,벼줄기굴파리,0
2021.07.01,담양군,벼줄기굴파리,0
2021.07.01,무안군,벼줄기굴파리,0
2021.07.01,보성군,벼줄기굴파리,0
2021.07.01,순천시,벼줄기굴파리,0
2021.07.01,신안군,벼줄기굴파리,0
2021.07.01,여수시,벼줄기굴파리,0
2021.07.01,영광군,벼줄기굴파리,0
2021.07.01,영암군,벼줄기굴파리,0
2021.07.01,완도군,벼줄기굴파리,0
2021.07.01,장성군,벼줄기굴파리,1
2021.07.01,장흥군,벼줄기굴파리,0
2021.07.01,진도군,벼줄기굴파리,0
2021.07.01,함평군,벼줄기굴파리,0
2021.07.01,해남군,벼줄기굴파리,0
2021.07.01,화순군,벼줄기굴파리,0
2021.07.16,강진군,벼줄기굴파리,0
2021.07.16,고흥군,벼줄기굴파리,0
2021.07.16,곡성군,벼줄기굴파리,0
2021.07.16,광양시,벼줄기굴파리,0
2021.07.16,구례군,벼줄기굴파리,0
2021.07.16,나주시,벼줄기굴파리,0
2021.07.16,담양군,벼줄기굴파리,0
2021.07.16,무안군,벼줄기굴파리,0
2021.07.16,보성군,벼줄기굴파리,0
2021.07.16,순천시,벼줄기굴파리,0
2021.07.16,신안군,벼줄기굴파리,0
2021.07.16,여수시,벼줄기굴파리,0
2021.07.16,영광군,벼줄기굴파리,0
2021.07.16,영암군,벼줄기굴파리,0
2021.07.16,완도군,벼줄기굴파리,0
2021.07.16,장성군,벼줄기굴파리,0
2021.07.16,장흥군,벼줄기굴파리,0
2021.07.16,진도군,벼줄기굴파리,1
2021.07.16,함평군,벼줄기굴파리,0
2021.07.16,해남군,벼줄기굴파리,0
2021.07.16,화순군,벼줄기굴파리,0
2021.08.01,강진군,벼줄기굴파리,0
2021.08.01,고흥군,벼줄기굴파리,1
2021.08.01,곡성군,벼줄기굴파리,0
2021.08.01,광양시,벼줄기굴파리,0
2021.08.01,구례군,벼줄기굴파리,0
2021.08.01,보성군,벼줄기굴파리,0
2021.08.01,여수시,벼줄기굴파리,0
2021.08.01,영암군,벼줄기굴파리,0
2021.08.01,완도군,벼줄기굴파리,0
2021.08.01,장성군,벼줄기굴파리,0
2021.08.01,진도군,벼줄기굴파리,1
2021.08.01,함평군,벼줄기굴파리,0
2021.08.01,해남군,벼줄기굴파리,0
2021.08.01,화순군,벼줄기굴파리,0
2021.08.16,강진군,벼줄기굴파리,0
2021.08.16,고흥군,벼줄기굴파리,0
2021.08.16,곡성군,벼줄기굴파리,1
2021.08.16,광양시,벼줄기굴파리,0
2021.08.16,구례군,벼줄기굴파리,0
2021.08.16,나주시,벼줄기굴파리,0
2021.08.16,담양군,벼줄기굴파리,0
2021.08.16,무안군,벼줄기굴파리,0
2021.08.16,보성군,벼줄기굴파리,0
2021.08.16,순천시,벼줄기굴파리,0
2021.08.16,신안군,벼줄기굴파리,0
2021.08.16,여수시,벼줄기굴파리,0
2021.08.16,영광군,벼줄기굴파리,0
2021.08.16,영암군,벼줄기굴파리,0
2021.08.16,완도군,벼줄기굴파리,0
2021.08.16,장성군,벼줄기굴파리,0
2021.08.16,장흥군,벼줄기굴파리,0
2021.08.16,진도군,벼줄기굴파리,0
2021.08.16,함평군,벼줄기굴파리,0
2021.08.16,해남군,벼줄기굴파리,0
2021.08.16,화순군,벼줄기굴파리,0
2021.09.01,강진군,벼줄기굴파리,0
2021.09.01,고흥군,벼줄기굴파리,0
2021.09.01,곡성군,벼줄기굴파리,0
2021.09.01,광양시,벼줄기굴파리,0
2021.09.01,구례군,벼줄기굴파리,0
2021.09.01,담양군,벼줄기굴파리,0
2021.09.01,무안군,벼줄기굴파리,0
2021.09.01,보성군,벼줄기굴파리,0
2021.09.01,순천시,벼줄기굴파리,0
2021.09.01,신안군,벼줄기굴파리,0
2021.09.01,여수시,벼줄기굴파리,0
2021.09.01,영암군,벼줄기굴파리,0
2021.09.01,완도군,벼줄기굴파리,0
2021.09.01,장성군,벼줄기굴파리,0
2021.09.01,장흥군,벼줄기굴파리,0
2021.09.01,진도군,벼줄기굴파리,0
2021.09.01,함평군,벼줄기굴파리,0
2021.09.01,해남군,벼줄기굴파리,0
2021.09.01,화순군,벼줄기굴파리,0
2021.09.16,강진군,벼줄기굴파리,0
2021.09.16,고흥군,벼줄기굴파리,0
2021.09.16,곡성군,벼줄기굴파리,0
2021.09.16,광양시,벼줄기굴파리,0
2021.09.16,구례군,벼줄기굴파리,0
2021.09.16,나주시,벼줄기굴파리,0
2021.09.16,담양군,벼줄기굴파리,0
2021.09.16,무안군,벼줄기굴파리,0
2021.09.16,보성군,벼줄기굴파리,0
2021.09.16,순천시,벼줄기굴파리,0
2021.09.16,신안군,벼줄기굴파리,0
2021.09.16,여수시,벼줄기굴파리,0
2021.09.16,영광군,벼줄기굴파리,0
2021.09.16,영암군,벼줄기굴파리,0
2021.09.16,완도군,벼줄기굴파리,0
2021.09.16,장성군,벼줄기굴파리,0
2021.09.16,장흥군,벼줄기굴파리,0
2021.09.16,진도군,벼줄기굴파리,0
2021.09.16,함평군,벼줄기굴파리,0
2021.09.16,해남군,벼줄기굴파리,0
2021.09.16,화순군,벼줄기굴파리,0
2022.06.01,강진군,벼줄기굴파리,0
2022.06.01,고흥군,벼줄기굴파리,0
2022.06.01,곡성군,벼줄기굴파리,0
2022.06.01,광양시,벼줄기굴파리,0
2022.06.01,구례군,벼줄기굴파리,0
2022.06.01,나주시,벼줄기굴파리,0
2022.06.01,담양군,벼줄기굴파리,0
2022.06.01,무안군,벼줄기굴파리,0
2022.06.01,보성군,벼줄기굴파리,0
2022.06.01,순천시,벼줄기굴파리,0
2022.06.01,신안군,벼줄기굴파리,0
2022.06.01,여수시,벼줄기굴파리,0
2022.06.01,영광군,벼줄기굴파리,0
2022.06.01,영암군,벼줄기굴파리,0
2022.06.01,완도군,벼줄기굴파리,0
2022.06.01,장성군,벼줄기굴파리,0
2022.06.01,장흥군,벼줄기굴파리,0
2022.06.01,진도군,벼줄기굴파리,0
2022.06.01,함평군,벼줄기굴파리,0
2022.06.01,해남군,벼줄기굴파리,0
2022.06.01,화순군,벼줄기굴파리,0
2022.06.16,강진군,벼줄기굴파리,0
2022.06.16,고흥군,벼줄기굴파리,0
2022.06.16,곡성군,벼줄기굴파리,0
2022.06.16,광양시,벼줄기굴파리,0
2022.06.16,구례군,벼줄기굴파리,0
2022.06.16,나주시,벼줄기굴파리,0
2022.06.16,담양군,벼줄기굴파리,0
2022.06.16,무안군,벼줄기굴파리,0
2022.06.16,보성군,벼줄기굴파리,0
2022.06.16,순천시,벼줄기굴파리,1
2022.06.16,신안군,벼줄기굴파리,0
2022.06.16,여수시,벼줄기굴파리,0
2022.06.16,영광군,벼줄기굴파리,0
2022.06.16,영암군,벼줄기굴파리,0
2022.06.16,완도군,벼줄기굴파리,0
2022.06.16,장성군,벼줄기굴파리,0
2022.06.16,장흥군,벼줄기굴파리,0
2022.06.16,진도군,벼줄기굴파리,0
2022.06.16,함평군,벼줄기굴파리,0
2022.06.16,해남군,벼줄기굴파리,0
2022.06.16,화순군,벼줄기굴파리,0
2022.07.01,강진군,벼줄기굴파리,0
2022.07.01,고흥군,벼줄기굴파리,0
2022.07.01,곡성군,벼줄기굴파리,0
2022.07.01,광양시,벼줄기굴파리,0
2022.07.01,구례군,벼줄기굴파리,0
2022.07.01,나주시,벼줄기굴파리,0
2022.07.01,담양군,벼줄기굴파리,0
2022.07.01,무안군,벼줄기굴파리,0
2022.07.01,보성군,벼줄기굴파리,0
2022.07.01,순천시,벼줄기굴파리,0
2022.07.01,신안군,벼줄기굴파리,0
2022.07.01,여수시,벼줄기굴파리,0
2022.07.01,영광군,벼줄기굴파리,0
2022.07.01,영암군,벼줄기굴파리,0
2022.07.01,완도군,벼줄기굴파리,0
2022.07.01,장성군,벼줄기굴파리,1
2022.07.01,장흥군,벼줄기굴파리,0
2022.07.01,진도군,벼줄기굴파리,1
2022.07.01,함평군,벼줄기굴파리,0
2022.07.01,해남군,벼줄기굴파리,0
2022.07.01,화순군,벼줄기굴파리,0
2022.07.16,강진군,벼줄기굴파리,0
2022.07.16,고흥군,벼줄기굴파리,0
2022.07.16,곡성군,벼줄기굴파리,0
2022.07.16,광양시,벼줄기굴파리,0
2022.07.16,구례군,벼줄기굴파리,0
2022.07.16,나주시,벼줄기굴파리,0
2022.07.16,담양군,벼줄기굴파리,0
2022.07.16,무안군,벼줄기굴파리,0
2022.07.16,보성군,벼줄기굴파리,0
2022.07.16,순천시,벼줄기굴파리,0
2022.07.16,신안군,벼줄기굴파리,0
2022.07.16,여수시,벼줄기굴파리,0
2022.07.16,영광군,벼줄기굴파리,0
2022.07.16,영암군,벼줄기굴파리,0
2022.07.16,완도군,벼줄기굴파리,0
2022.07.16,장성군,벼줄기굴파리,0
2022.07.16,장흥군,벼줄기굴파리,0
2022.07.16,진도군,벼줄기굴파리,0
2022.07.16,함평군,벼줄기굴파리,0
2022.07.16,해남군,벼줄기굴파리,0
2022.07.16,화순군,벼줄기굴파리,0
2022.08.01,강진군,벼줄기굴파리,0
2022.08.01,고흥군,벼줄기굴파리,0
2022.08.01,곡성군,벼줄기굴파리,0
2022.08.01,광양시,벼줄기굴파리,0
2022.08.01,구례군,벼줄기굴파리,0
2022.08.01,나주시,벼줄기굴파리,0
2022.08.01,담양군,벼줄기굴파리,0
2022.08.01,무안군,벼줄기굴파리,0
2022.08.01,보성군,벼줄기굴파리,0
2022.08.01,순천시,벼줄기굴파리,0
2022.08.01,신안군,벼줄기굴파리,0
2022.08.01,여수시,벼줄기굴파리,0
2022.08.01,영광군,벼줄기굴파리,0
2022.08.01,영암군,벼줄기굴파리,0
2022.08.01,완도군,벼줄기굴파리,0
2022.08.01,장성군,벼줄기굴파리,0
2022.08.01,장흥군,벼줄기굴파리,0
2022.08.01,진도군,벼줄기굴파리,0
2022.08.01,함평군,벼줄기굴파리,0
2022.08.01,화순군,벼줄기굴파리,0
2022.08.16,강진군,벼줄기굴파리,0
2022.08.16,고흥군,벼줄기굴파리,0
2022.08.16,광양시,벼줄기굴파리,0
2022.08.16,구례군,벼줄기굴파리,0
2022.08.16,담양군,벼줄기굴파리,0
2022.08.16,무안군,벼줄기굴파리,0
2022.08.16,보성군,벼줄기굴파리,0
2022.08.16,순천시,벼줄기굴파리,0
2022.08.16,여수시,벼줄기굴파리,0
2022.08.16,영암군,벼줄기굴파리,0
2022.08.16,완도군,벼줄기굴파리,0
2022.08.16,장성군,벼줄기굴파리,0
2022.08.16,장흥군,벼줄기굴파리,0
2022.08.16,진도군,벼줄기굴파리,0
2022.08.16,함평군,벼줄기굴파리,0
2022.08.16,해남군,벼줄기굴파리,0
2022.08.16,화순군,벼줄기굴파리,0
2022.09.01,강진군,벼줄기굴파리,0
2022.09.01,고흥군,벼줄기굴파리,0
2022.09.01,곡성군,벼줄기굴파리,0
2022.09.01,광양시,벼줄기굴파리,0
2022.09.01,구례군,벼줄기굴파리,0
2022.09.01,담양군,벼줄기굴파리,0
2022.09.01,보성군,벼줄기굴파리,0
2022.09.01,순천시,벼줄기굴파리,0
2022.09.01,신안군,벼줄기굴파리,0
2022.09.01,여수시,벼줄기굴파리,0
2022.09.01,영암군,벼줄기굴파리,0
2022.09.01,완도군,벼줄기굴파리,0
2022.09.01,장성군,벼줄기굴파리,0
2022.09.01,장흥군,벼줄기굴파리,0
2022.09.01,진도군,벼줄기굴파리,0
2022.09.01,해남군,벼줄기굴파리,0
2022.09.01,화순군,벼줄기굴파리,0
2022.09.16,강진군,벼줄기굴파리,0
2022.09.16,고흥군,벼줄기굴파리,0
2022.09.16,곡성군,벼줄기굴파리,0
2022.09.16,광양시,벼줄기굴파리,0
2022.09.16,구례군,벼줄기굴파리,0
2022.09.16,나주시,벼줄기굴파리,0
2022.09.16,담양군,벼줄기굴파리,0
2022.09.16,무안군,벼줄기굴파리,0
2022.09.16,보성군,벼줄기굴파리,0
2022.09.16,순천시,벼줄기굴파리,0
2022.09.16,신안군,벼줄기굴파리,0
2022.09.16,여수시,벼줄기굴파리,0
2022.09.16,영광군,벼줄기굴파리,0
2022.09.16,완도군,벼줄기굴파리,0
2022.09.16,장성군,벼줄기굴파리,0
2022.09.16,장흥군,벼줄기굴파리,0
2022.09.16,진도군,벼줄기굴파리,0
2022.09.16,함평군,벼줄기굴파리,0
2022.09.16,해남군,벼줄기굴파리,0
2022.09.16,화순군,벼줄기굴파리,0
2023.06.01,강진군,벼줄기굴파리,0
2023.06.01,곡성군,벼줄기굴파리,0
2023.06.01,광양시,벼줄기굴파리,0
2023.06.01,구례군,벼줄기굴파리,0
2023.06.01,나주시,벼줄기굴파리,0
2023.06.01,담양군,벼줄기굴파리,0
2023.06.01,무안군,벼줄기굴파리,0
2023.06.01,보성군,벼줄기굴파리,0
2023.06.01,순천시,벼줄기굴파리,0
2023.06.01,신안군,벼줄기굴파리,0
2023.06.01,여수시,벼줄기굴파리,0
2023.06.01,영광군,벼줄기굴파리,0
2023.06.01,영암군,벼줄기굴파리,0
2023.06.01,완도군,벼줄기굴파리,0
2023.06.01,장성군,벼줄기굴파리,0
2023.06.01,장흥군,벼줄기굴파리,0
2023.06.01,진도군,벼줄기굴파리,0
2023.06.01,함평군,벼줄기굴파리,0
2023.06.01,해남군,벼줄기굴파리,0
2023.06.01,화순군,벼줄기굴파리,0
2023.06.16,강진군,벼줄기굴파리,0
2023.06.16,곡성군,벼줄기굴파리,0
2023.06.16,광양시,벼줄기굴파리,0
2023.06.16,구례군,벼줄기굴파리,0
2023.06.16,나주시,벼줄기굴파리,0
2023.06.16,담양군,벼줄기굴파리,0
2023.06.16,무안군,벼줄기굴파리,0
2023.06.16,보성군,벼줄기굴파리,0
2023.06.16,순천시,벼줄기굴파리,0
2023.06.16,신안군,벼줄기굴파리,0
2023.06.16,여수시,벼줄기굴파리,0
2023.06.16,영광군,벼줄기굴파리,0
2023.06.16,영암군,벼줄기굴파리,0
2023.06.16,완도군,벼줄기굴파리,0
2023.06.16,장성군,벼줄기굴파리,1
2023.06.16,장흥군,벼줄기굴파리,0
2023.06.16,진도군,벼줄기굴파리,0
2023.06.16,함평군,벼줄기굴파리,0
2023.06.16,해남군,벼줄기굴파리,0
2023.06.16,화순군,벼줄기굴파리,0
2023.07.01,강진군,벼줄기굴파리,0
2023.07.01,고흥군,벼줄기굴파리,0
2023.07.01,곡성군,벼줄기굴파리,0
2023.07.01,광양시,벼줄기굴파리,0
2023.07.01,구례군,벼줄기굴파리,0
2023.07.01,나주시,벼줄기굴파리,0
2023.07.01,담양군,벼줄기굴파리,0
2023.07.01,무안군,벼줄기굴파리,0
2023.07.01,보성군,벼줄기굴파리,0
2023.07.01,순천시,벼줄기굴파리,0
2023.07.01,신안군,벼줄기굴파리,0
2023.07.01,여수시,벼줄기굴파리,0
2023.07.01,영광군,벼줄기굴파리,0
2023.07.01,영암군,벼줄기굴파리,0
2023.07.01,완도군,벼줄기굴파리,0
2023.07.01,장성군,벼줄기굴파리,1
2023.07.01,장흥군,벼줄기굴파리,0
2023.07.01,진도군,벼줄기굴파리,0
2023.07.01,함평군,벼줄기굴파리,0
2023.07.01,해남군,벼줄기굴파리,0
2023.07.01,화순군,벼줄기굴파리,0
2023.07.16,강진군,벼줄기굴파리,0
2023.07.16,고흥군,벼줄기굴파리,0
2023.07.16,곡성군,벼줄기굴파리,0
2023.07.16,광양시,벼줄기굴파리,0
2023.07.16,구례군,벼줄기굴파리,0
2023.07.16,나주시,벼줄기굴파리,0
2023.07.16,담양군,벼줄기굴파리,0
2023.07.16,무안군,벼줄기굴파리,0
2023.07.16,보성군,벼줄기굴파리,0
2023.07.16,순천시,벼줄기굴파리,0
2023.07.16,신안군,벼줄기굴파리,0
2023.07.16,여수시,벼줄기굴파리,0
2023.07.16,영광군,벼줄기굴파리,0
2023.07.16,영암군,벼줄기굴파리,0
2023.07.16,완도군,벼줄기굴파리,0
2023.07.16,장성군,벼줄기굴파리,1
2023.07.16,장흥군,벼줄기굴파리,0
2023.07.16,진도군,벼줄기굴파리,0
2023.07.16,함평군,벼줄기굴파리,0
2023.07.16,해남군,벼줄기굴파리,0
2023.07.16,화순군,벼줄기굴파리,0
2023.08.01,강진군,벼줄기굴파리,0
2023.08.01,고흥군,벼줄기굴파리,0
2023.08.01,곡성군,벼줄기굴파리,0
2023.08.01,광양시,벼줄기굴파리,0
2023.08.01,구례군,벼줄기굴파리,0
2023.08.01,나주시,벼줄기굴파리,0
2023.08.01,담양군,벼줄기굴파리,0
2023.08.01,무안군,벼줄기굴파리,0
2023.08.01,보성군,벼줄기굴파리,0
2023.08.01,순천시,벼줄기굴파리,0
2023.08.01,신안군,벼줄기굴파리,0
2023.08.01,여수시,벼줄기굴파리,0
2023.08.01,영광군,벼줄기굴파리,0
2023.08.01,영암군,벼줄기굴파리,0
2023.08.01,완도군,벼줄기굴파리,0
2023.08.01,장성군,벼줄기굴파리,1
2023.08.01,장흥군,벼줄기굴파리,0
2023.08.01,진도군,벼줄기굴파리,0
2023.08.01,함평군,벼줄기굴파리,0
2023.08.01,해남군,벼줄기굴파리,0
2023.08.01,화순군,벼줄기굴파리,0
2023.08.16,강진군,벼줄기굴파리,0
2023.08.16,고흥군,벼줄기굴파리,0
2023.08.16,곡성군,벼줄기굴파리,0
2023.08.16,광양시,벼줄기굴파리,0
2023.08.16,구례군,벼줄기굴파리,0
2023.08.16,나주시,벼줄기굴파리,0
2023.08.16,담양군,벼줄기굴파리,0
2023.08.16,무안군,벼줄기굴파리,0
2023.08.16,보성군,벼줄기굴파리,0
2023.08.16,순천시,벼줄기굴파리,0
2023.08.16,신안군,벼줄기굴파리,0
2023.08.16,여수시,벼줄기굴파리,0
2023.08.16,영광군,벼줄기굴파리,0
2023.08.16,영암군,벼줄기굴파리,0
2023.08.16,완도군,벼줄기굴파리,0
2023.08.16,장성군,벼줄기굴파리,0
2023.08.16,장흥군,벼줄기굴파리,0
2023.08.16,진도군,벼줄기굴파리,0
2023.08.16,함평군,벼줄기굴파리,0
2023.08.16,해남군,벼줄기굴파리,0
2023.08.16,화순군,벼줄기굴파리,0
2023.09.01,강진군,벼줄기굴파리,0
2023.09.01,고흥군,벼줄기굴파리,0
2023.09.01,곡성군,벼줄기굴파리,0
2023.09.01,광양시,벼줄기굴파리,0
2023.09.01,구례군,벼줄기굴파리,0
2023.09.01,나주시,벼줄기굴파리,0
2023.09.01,담양군,벼줄기굴파리,0
2023.09.01,무안군,벼줄기굴파리,0
2023.09.01,보성군,벼줄기굴파리,0
2023.09.01,순천시,벼줄기굴파리,0
2023.09.01,신안군,벼줄기굴파리,0
2023.09.01,여수시,벼줄기굴파리,0
2023.09.01,영광군,벼줄기굴파리,0
2023.09.01,영암군,벼줄기굴파리,0
2023.09.01,완도군,벼줄기굴파리,0
2023.09.01,장성군,벼줄기굴파리,0
2023.09.01,장흥군,벼줄기굴파리,0
2023.09.01,진도군,벼줄기굴파리,0
2023.09.01,함평군,벼줄기굴파리,0
2023.09.01,해남군,벼줄기굴파리,0
2023.09.01,화순군,벼줄기굴파리,0
2023.09.16,강진군,벼줄기굴파리,0
2023.09.16,고흥군,벼줄기굴파리,0
2023.09.16,곡성군,벼줄기굴파리,0
2023.09.16,광양시,벼줄기굴파리,0
2023.09.16,구례군,벼줄기굴파리,0
2023.09.16,나주시,벼줄기굴파리,0
2023.09.16,담양군,벼줄기굴파리,0
2023.09.16,무안군,벼줄기굴파리,0
2023.09.16,보성군,벼줄기굴파리,0
2023.09.16,순천시,벼줄기굴파리,0
2023.09.16,신안군,벼줄기굴파리,0
2023.09.16,여수시,벼줄기굴파리,0
2023.09.16,영광군,벼줄기굴파리,0
2023.09.16,영암군,벼줄기굴파리,0
2023.09.16,완도군,벼줄기굴파리,0
2023.09.16,장성군,벼줄기굴파리,0
2023.09.16,장흥군,벼줄기굴파리,0
2023.09.16,진도군,벼줄기굴파리,0
2023.09.16,함평군,벼줄기굴파리,0
2023.09.16,해남군,벼줄기굴파리,0
2023.09.16,화순군,벼줄기굴파리,0
2024.06.01,강진군,벼줄기굴파리,0
2024.06.01,고흥군,벼줄기굴파리,0
2024.06.01,광양시,벼줄기굴파리,0
2024.06.01,구례군,벼줄기굴파리,0
2024.06.01,나주시,벼줄기굴파리,0
2024.06.01,무안군,벼줄기굴파리,0
2024.06.01,보성군,벼줄기굴파리,0
2024.06.01,순천시,벼줄기굴파리,0
2024.06.01,신안군,벼줄기굴파리,0
2024.06.01,여수시,벼줄기굴파리,0
2024.06.01,영암군,벼줄기굴파리,0
2024.06.01,완도군,벼줄기굴파리,0
2024.06.01,장성군,벼줄기굴파리,0
2024.06.01,장흥군,벼줄기굴파리,0
2024.06.01,진도군,벼줄기굴파리,0
2024.06.01,해남군,벼줄기굴파리,0
2024.06.01,화순군,벼줄기굴파리,0
2024.06.16,강진군,벼줄기굴파리,0
2024.06.16,고흥군,벼줄기굴파리,0
2024.06.16,광양시,벼줄기굴파리,0
2024.06.16,구례군,벼줄기굴파리,0
2024.06.16,나주시,벼줄기굴파리,0
2024.06.16,담양군,벼줄기굴파리,0
2024.06.16,무안군,벼줄기굴파리,0
2024.06.16,보성군,벼줄기굴파리,0
2024.06.16,순천시,벼줄기굴파리,0
2024.06.16,신안군,벼줄기굴파리,0
2024.06.16,여수시,벼줄기굴파리,0
2024.06.16,영광군,벼줄기굴파리,0
2024.06.16,영암군,벼줄기굴파리,0
2024.06.16,완도군,벼줄기굴파리,0
2024.06.16,장성군,벼줄기굴파리,0
2024.06.16,장흥군,벼줄기굴파리,0
2024.06.16,진도군,벼줄기굴파리,0
2024.06.16,해남군,벼줄기굴파리,0
2024.06.16,화순군,벼줄기굴파리,0
2024.07.01,강진군,벼줄기굴파리,0
2024.07.01,고흥군,벼줄기굴파리,0
2024.07.01,곡성군,벼줄기굴파리,0
2024.07.01,광양시,벼줄기굴파리,0
2024.07.01,구례군,벼줄기굴파리,0
2024.07.01,나주시,벼줄기굴파리,0
2024.07.01,담양군,벼줄기굴파리,0
2024.07.01,무안군,벼줄기굴파리,0
2024.07.01,보성군,벼줄기굴파리,0
2024.07.01,순천시,벼줄기굴파리,0
2024.07.01,신안군,벼줄기굴파리,0
2024.07.01,여수시,벼줄기굴파리,0
2024.07.01,영광군,벼줄기굴파리,0
2024.07.01,영암군,벼줄기굴파리,0
2024.07.01,완도군,벼줄기굴파리,0
2024.07.01,장성군,벼줄기굴파리,0
2024.07.01,장흥군,벼줄기굴파리,0
2024.07.01,진도군,벼줄기굴파리,0
2024.07.01,함평군,벼줄기굴파리,0
2024.07.01,해남군,벼줄기굴파리,0
2024.07.01,화순군,벼줄기굴파리,0
2024.07.16,강진군,벼줄기굴파리,0
2024.07.16,고흥군,벼줄기굴파리,0
2024.07.16,곡성군,벼줄기굴파리,0
2024.07.16,광양시,벼줄기굴파리,0
2024.07.16,구례군,벼줄기굴파리,0
2024.07.16,나주시,벼줄기굴파리,0
2024.07.16,담양군,벼줄기굴파리,0
2024.07.16,무안군,벼줄기굴파리,0
2024.07.16,보성군,벼줄기굴파리,0
2024.07.16,순천시,벼줄기굴파리,0
2024.07.16,신안군,벼줄기굴파리,0
2024.07.16,여수시,벼줄기굴파리,0
2024.07.16,영광군,벼줄기굴파리,0
2024.07.16,영암군,벼줄기굴파리,0
2024.07.16,완도군,벼줄기굴파리,0
2024.07.16,장성군,벼줄기굴파리,0
2024.07.16,장흥군,벼줄기굴파리,0
2024.07.16,진도군,벼줄기굴파리,0
2024.07.16,함평군,벼줄기굴파리,0
2024.07.16,해남군,벼줄기굴파리,0
2024.07.16,화순군,벼줄기굴파리,0
2024.08.01,강진군,벼줄기굴파리,0
2024.08.01,고흥군,벼줄기굴파리,0
2024.08.01,곡성군,벼줄기굴파리,0
2024.08.01,광양시,벼줄기굴파리,0
2024.08.01,구례군,벼줄기굴파리,0
2024.08.01,나주시,벼줄기굴파리,0
2024.08.01,담양군,벼줄기굴파리,0
2024.08.01,무안군,벼줄기굴파리,0
2024.08.01,보성군,벼줄기굴파리,0
2024.08.01,순천시,벼줄기굴파리,0
2024.08.01,신안군,벼줄기굴파리,0
2024.08.01,여수시,벼줄기굴파리,0
2024.08.01,영광군,벼줄기굴파리,0
2024.08.01,영암군,벼줄기굴파리,0
2024.08.01,완도군,벼줄기굴파리,0
2024.08.01,장성군,벼줄기굴파리,0
2024.08.01,장흥군,벼줄기굴파리,0
2024.08.01,진도군,벼줄기굴파리,0
2024.08.01,함평군,벼줄기굴파리,0
2024.08.01,해남군,벼줄기굴파리,0
2024.08.01,화순군,벼줄기굴파리,0
2024.08.16,강진군,벼줄기굴파리,0
2024.08.16,고흥군,벼줄기굴파리,0
2024.08.16,곡성군,벼줄기굴파리,0
2024.08.16,광양시,벼줄기굴파리,0
2024.08.16,구례군,벼줄기굴파리,0
2024.08.16,나주시,벼줄기굴파리,0
2024.08.16,담양군,벼줄기굴파리,0
2024.08.16,무안군,벼줄기굴파리,0
2024.08.16,보성군,벼줄기굴파리,0
2024.08.16,순천시,벼줄기굴파리,0
2024.08.16,신안군,벼줄기굴파리,0
2024.08.16,여수시,벼줄기굴파리,0
2024.08.16,영광군,벼줄기굴파리,0
2024.08.16,영암군,벼줄기굴파리,0
2024.08.16,완도군,벼줄기굴파리,0
2024.08.16,장성군,벼줄기굴파리,0
2024.08.16,장흥군,벼줄기굴파리,0
2024.08.16,진도군,벼줄기굴파리,0
2024.08.16,함평군,벼줄기굴파리,0
2024.08.16,해남군,벼줄기굴파리,0
2024.08.16,화순군,벼줄기굴파리,0
2024.09.01,강진군,벼줄기굴파리,0
2024.09.01,고흥군,벼줄기굴파리,0
2024.09.01,곡성군,벼줄기굴파리,0
2024.09.01,광양시,벼줄기굴파리,0
2024.09.01,구례군,벼줄기굴파리,0
2024.09.01,나주시,벼줄기굴파리,0
2024.09.01,담양군,벼줄기굴파리,0
2024.09.01,무안군,벼줄기굴파리,0
2024.09.01,보성군,벼줄기굴파리,0
2024.09.01,순천시,벼줄기굴파리,0
2024.09.01,신안군,벼줄기굴파리,0
2024.09.01,여수시,벼줄기굴파리,0
2024.09.01,영광군,벼줄기굴파리,0
2024.09.01,영암군,벼줄기굴파리,0
2024.09.01,완도군,벼줄기굴파리,0
2024.09.01,장성군,벼줄기굴파리,0
2024.09.01,장흥군,벼줄기굴파리,0
2024.09.01,진도군,벼줄기굴파리,0
2024.09.01,함평군,벼줄기굴파리,0
2024.09.01,해남군,벼줄기굴파리,0
2024.09.01,화순군,벼줄기굴파리,0
2024.09.16,강진군,벼줄기굴파리,0
2024.09.16,고흥군,벼줄기굴파리,0
2024.09.16,곡성군,벼줄기굴파리,0
2024.09.16,광양시,벼줄기굴파리,0
2024.09.16,구례군,벼줄기굴파리,0
2024.09.16,나주시,벼줄기굴파리,0
2024.09.16,담양군,벼줄기굴파리,0
2024.09.16,무안군,벼줄기굴파리,0
2024.09.16,보성군,벼줄기굴파리,0
2024.09.16,순천시,벼줄기굴파리,0
2024.09.16,신안군,벼줄기굴파리,0
2024.09.16,여수시,벼줄기굴파리,0
2024.09.16,영광군,벼줄기굴파리,0
2024.09.16,영암군,벼줄기굴파리,0
2024.09.16,완도군,벼줄기굴파리,0
2024.09.16,장성군,벼줄기굴파리,0
2024.09.16,장흥군,벼줄기굴파리,0
2024.09.16,진도군,벼줄기굴파리,0
2024.09.16,함평군,벼줄기굴파리,0
2024.09.16,해남군,벼줄기굴파리,0
2024.09.16,화순군,벼줄기굴파리,0
2025.06.01,강진군,벼줄기굴파리,0
2025.06.01,고흥군,벼줄기굴파리,0
2025.06.01,곡성군,벼줄기굴파리,0
2025.06.01,광양시,벼줄기굴파리,0
2025.06.01,구례군,벼줄기굴파리,0
2025.06.01,나주시,벼줄기굴파리,0
2025.06.01,담양군,벼줄기굴파리,0
2025.06.01,무안군,벼줄기굴파리,0
2025.06.01,보성군,벼줄기굴파리,0
2025.06.01,순천시,벼줄기굴파리,0
2025.06.01,신안군,벼줄기굴파리,0
2025.06.01,여수시,벼줄기굴파리,0
2025.06.01,영광군,벼줄기굴파리,0
2025.06.01,영암군,벼줄기굴파리,0
2025.06.01,완도군,벼줄기굴파리,0
2025.06.01,장성군,벼줄기굴파리,0
2025.06.01,장흥군,벼줄기굴파리,0
2025.06.01,진도군,벼줄기굴파리,0
2025.06.01,함평군,벼줄기굴파리,0
2025.06.01,해남군,벼줄기굴파리,0
2025.06.01,화순군,벼줄기굴파리,0
2025.06.16,강진군,벼줄기굴파리,0
2025.06.16,고흥군,벼줄기굴파리,0
2025.06.16,곡성군,벼줄기굴파리,0
2025.06.16,광양시,벼줄기굴파리,0
2025.06.16,구례군,벼줄기굴파리,0
2025.06.16,나주시,벼줄기굴파리,0
2025.06.16,담양군,벼줄기굴파리,0
2025.06.16,무안군,벼줄기굴파리,0
2025.06.16,보성군,벼줄기굴파리,0
2025.06.16,순천시,벼줄기굴파리,0
2025.06.16,신안군,벼줄기굴파리,0
2025.06.16,여수시,벼줄기굴파리,0
2025.06.16,영광군,벼줄기굴파리,0
2025.06.16,영암군,벼줄기굴파리,0
2025.06.16,완도군,벼줄기굴파리,0
2025.06.16,장성군,벼줄기굴파리,0
2025.06.16,장흥군,벼줄기굴파리,0
2025.06.16,진도군,벼줄기굴파리,0
2025.06.16,함평군,벼줄기굴파리,0
2025.06.16,해남군,벼줄기굴파리,0
2025.06.16,화순군,벼줄기굴파리,0
2025.07.01,강진군,벼줄기굴파리,0
2025.07.01,고흥군,벼줄기굴파리,0
2025.07.01,곡성군,벼줄기굴파리,0
2025.07.01,광양시,벼줄기굴파리,0
2025.07.01,구례군,벼줄기굴파리,0
2025.07.01,나주시,벼줄기굴파리,0
2025.07.01,담양군,벼줄기굴파리,0
2025.07.01,무안군,벼줄기굴파리,0
2025.07.01,보성군,벼줄기굴파리,0
2025.07.01,순천시,벼줄기굴파리,0
2025.07.01,신안군,벼줄기굴파리,0
2025.07.01,여수시,벼줄기굴파리,0
2025.07.01,영광군,벼줄기굴파리,0
2025.07.01,영암군,벼줄기굴파리,0
2025.07.01,완도군,벼줄기굴파리,0
2025.07.01,장성군,벼줄기굴파리,0
2025.07.01,진도군,벼줄기굴파리,0
2025.07.01,함평군,벼줄기굴파리,0
2025.07.01,해남군,벼줄기굴파리,0
2025.07.01,화순군,벼줄기굴파리,0
2025.07.16,강진군,벼줄기굴파리,0
2025.07.16,고흥군,벼줄기굴파리,0
2025.07.16,곡성군,벼줄기굴파리,0
2025.07.16,광양시,벼줄기굴파리,0
2025.07.16,구례군,벼줄기굴파리,0
2025.07.16,나주시,벼줄기굴파리,0
2025.07.16,담양군,벼줄기굴파리,0
2025.07.16,무안군,벼줄기굴파리,0
2025.07.16,보성군,벼줄기굴파리,0
2025.07.16,순천시,벼줄기굴파리,0
2025.07.16,신안군,벼줄기굴파리,0
2025.07.16,여수시,벼줄기굴파리,0
2025.07.16,영광군,벼줄기굴파리,0
2025.07.16,영암군,벼줄기굴파리,0
2025.07.16,완도군,벼줄기굴파리,0
2025.07.16,장성군,벼줄기굴파리,0
2025.07.16,장흥군,벼줄기굴파리,0
2025.07.16,진도군,벼줄기굴파리,0
2025.07.16,함평군,벼줄기굴파리,0
2025.07.16,해남군,벼줄기굴파리,0
2025.07.16,화순군,벼줄기굴파리,0
2025.08.01,강진군,벼줄기굴파리,0
2025.08.01,고흥군,벼줄기굴파리,0
2025.08.01,광양시,벼줄기굴파리,0
2025.08.01,구례군,벼줄기굴파리,0
2025.08.01,담양군,벼줄기굴파리,0
2025.08.01,무안군,벼줄기굴파리,0
2025.08.01,보성군,벼줄기굴파리,0
2025.08.01,신안군,벼줄기굴파리,0
2025.08.01,여수시,벼줄기굴파리,0
2025.08.01,영광군,벼줄기굴파리,0
2025.08.01,영암군,벼줄기굴파리,0
2025.08.01,완도군,벼줄기굴파리,0
2025.08.01,장성군,벼줄기굴파리,0
2025.08.01,장흥군,벼줄기굴파리,0
2025.08.01,진도군,벼줄기굴파리,0
2025.08.01,함평군,벼줄기굴파리,0
2025.08.01,해남군,벼줄기굴파리,0
2025.08.01,화순군,벼줄기굴파리,0
2025.08.16,강진군,벼줄기굴파리,0
2025.08.16,고흥군,벼줄기굴파리,0
2025.08.16,곡성군,벼줄기굴파리,0
2025.08.16,광양시,벼줄기굴파리,0
2025.08.16,구례군,벼줄기굴파리,0
2025.08.16,나주시,벼줄기굴파리,0
2025.08.16,담양군,벼줄기굴파리,0
2025.08.16,무안군,벼줄기굴파리,0
2025.08.16,보성군,벼줄기굴파리,0
2025.08.16,순천시,벼줄기굴파리,0
2025.08.16,신안군,벼줄기굴파리,0
2025.08.16,여수시,벼줄기굴파리,0
2025.08.16,영광군,벼줄기굴파리,0
2025.08.16,영암군,벼줄기굴파리,1
2025.08.16,완도군,벼줄기굴파리,0
2025.08.16,장성군,벼줄기굴파리,0
2025.08.16,장흥군,벼줄기굴파리,0
2025.08.16,진도군,벼줄기굴파리,0
2025.08.16,함평군,벼줄기굴파리,0
2025.08.16,해남군,벼줄기굴파리,0
2025.08.16,화순군,벼줄기굴파리,0
2025.09.01,강진군,벼줄기굴파리,0
2025.09.01,고흥군,벼줄기굴파리,0
2025.09.01,곡성군,벼줄기굴파리,0
2025.09.01,광양시,벼줄기굴파리,0
2025.09.01,구례군,벼줄기굴파리,0
2025.09.01,나주시,벼줄기굴파리,0
2025.09.01,담양군,벼줄기굴파리,0
2025.09.01,무안군,벼줄기굴파리,0
2025.09.01,보성군,벼줄기굴파리,0
2025.09.01,순천시,벼줄기굴파리,0
2025.09.01,신안군,벼줄기굴파리,0
2025.09.01,여수시,벼줄기굴파리,0
2025.09.01,영광군,벼줄기굴파리,0
2025.09.01,영암군,벼줄기굴파리,0
2025.09.01,완도군,벼줄기굴파리,0
2025.09.01,장성군,벼줄기굴파리,0
2025.09.01,장흥군,벼줄기굴파리,0
2025.09.01,진도군,벼줄기굴파리,0
2025.09.01,함평군,벼줄기굴파리,0
2025.09.01,해남군,벼줄기굴파리,0
2025.09.01,화순군,벼줄기굴파리,0
2025.09.16,강진군,벼줄기굴파리,0
2025.09.16,고흥군,벼줄기굴파리,0
2025.09.16,곡성군,벼줄기굴파리,0
2025.09.16,광양시,벼줄기굴파리,0
2025.09.16,구례군,벼줄기굴파리,0
2025.09.16,나주시,벼줄기굴파리,0
2025.09.16,담양군,벼줄기굴파리,0
2025.09.16,무안군,벼줄기굴파리,0
2025.09.16,보성군,벼줄기굴파리,0
2025.09.16,순천시,벼줄기굴파리,0
2025.09.16,신안군,벼줄기굴파리,0
2025.09.16,여수시,벼줄기굴파리,0
2025.09.16,영광군,벼줄기굴파리,0
2025.09.16,영암군,벼줄기굴파리,0
2025.09.16,완도군,벼줄기굴파리,0
2025.09.16,장성군,벼줄기굴파리,0
2025.09.16,장흥군,벼줄기굴파리,0
2025.09.16,진도군,벼줄기굴파리,0
2025.09.16,함평군,벼줄기굴파리,0
2025.09.16,해남군,벼줄기굴파리,0
2025.09.16,화순군,벼줄기굴파리,0
2014.09.16,강진군,세균벼알마름병,1
2014.09.16,고흥군,세균벼알마름병,0
2014.09.16,곡성군,세균벼알마름병,0
2014.09.16,광양시,세균벼알마름병,1
2014.09.16,구례군,세균벼알마름병,0
2014.09.16,나주시,세균벼알마름병,0
2014.09.16,담양군,세균벼알마름병,1
2014.09.16,무안군,세균벼알마름병,0
2014.09.16,보성군,세균벼알마름병,0
2014.09.16,순천시,세균벼알마름병,1
2014.09.16,신안군,세균벼알마름병,1
2014.09.16,여수시,세균벼알마름병,0
2014.09.16,영광군,세균벼알마름병,0
2014.09.16,영암군,세균벼알마름병,0
2014.09.16,완도군,세균벼알마름병,0
2014.09.16,장성군,세균벼알마름병,1
2014.09.16,장흥군,세균벼알마름병,0
2014.09.16,진도군,세균벼알마름병,0
2014.09.16,함평군,세균벼알마름병,0
2014.09.16,해남군,세균벼알마름병,0
2014.09.16,화순군,세균벼알마름병,0
2015.06.16,강진군,세균벼알마름병,0
2015.06.16,고흥군,세균벼알마름병,0
2015.06.16,곡성군,세균벼알마름병,0
2015.06.16,광양시,세균벼알마름병,0
2015.06.16,구례군,세균벼알마름병,0
2015.06.16,나주시,세균벼알마름병,0
2015.06.16,담양군,세균벼알마름병,0
2015.06.16,무안군,세균벼알마름병,0
2015.06.16,보성군,세균벼알마름병,0
2015.06.16,순천시,세균벼알마름병,0
2015.06.16,신안군,세균벼알마름병,0
2015.06.16,여수시,세균벼알마름병,0
2015.06.16,영광군,세균벼알마름병,0
2015.06.16,영암군,세균벼알마름병,0
2015.06.16,완도군,세균벼알마름병,0
2015.06.16,장성군,세균벼알마름병,0
2015.06.16,장흥군,세균벼알마름병,0
2015.06.16,진도군,세균벼알마름병,0
2015.06.16,함평군,세균벼알마름병,0
2015.06.16,해남군,세균벼알마름병,0
2015.06.16,화순군,세균벼알마름병,0
2015.07.01,강진군,세균벼알마름병,0
2015.07.01,고흥군,세균벼알마름병,0
2015.07.01,곡성군,세균벼알마름병,0
2015.07.01,광양시,세균벼알마름병,0
2015.07.01,구례군,세균벼알마름병,0
2015.07.01,나주시,세균벼알마름병,0
2015.07.01,담양군,세균벼알마름병,0
2015.07.01,무안군,세균벼알마름병,0
2015.07.01,보성군,세균벼알마름병,0
2015.07.01,순천시,세균벼알마름병,0
2015.07.01,신안군,세균벼알마름병,0
2015.07.01,여수시,세균벼알마름병,0
2015.07.01,영광군,세균벼알마름병,0
2015.07.01,영암군,세균벼알마름병,0
2015.07.01,완도군,세균벼알마름병,0
2015.07.01,장성군,세균벼알마름병,0
2015.07.01,장흥군,세균벼알마름병,0
2015.07.01,진도군,세균벼알마름병,0
2015.07.01,함평군,세균벼알마름병,0
2015.07.01,해남군,세균벼알마름병,0
2015.07.01,화순군,세균벼알마름병,0
2015.07.16,강진군,세균벼알마름병,0
2015.07.16,고흥군,세균벼알마름병,0
2015.07.16,곡성군,세균벼알마름병,0
2015.07.16,광양시,세균벼알마름병,0
2015.07.16,구례군,세균벼알마름병,0
2015.07.16,나주시,세균벼알마름병,0
2015.07.16,담양군,세균벼알마름병,0
2015.07.16,무안군,세균벼알마름병,0
2015.07.16,보성군,세균벼알마름병,0
2015.07.16,순천시,세균벼알마름병,0
2015.07.16,신안군,세균벼알마름병,0
2015.07.16,여수시,세균벼알마름병,0
2015.07.16,영광군,세균벼알마름병,0
2015.07.16,영암군,세균벼알마름병,0
2015.07.16,완도군,세균벼알마름병,0
2015.07.16,장성군,세균벼알마름병,0
2015.07.16,장흥군,세균벼알마름병,0
2015.07.16,진도군,세균벼알마름병,0
2015.07.16,함평군,세균벼알마름병,0
2015.07.16,해남군,세균벼알마름병,0
2015.07.16,화순군,세균벼알마름병,0
2015.08.01,강진군,세균벼알마름병,0
2015.08.01,고흥군,세균벼알마름병,0
2015.08.01,곡성군,세균벼알마름병,0
2015.08.01,광양시,세균벼알마름병,0
2015.08.01,구례군,세균벼알마름병,0
2015.08.01,나주시,세균벼알마름병,0
2015.08.01,담양군,세균벼알마름병,0
2015.08.01,무안군,세균벼알마름병,0
2015.08.01,보성군,세균벼알마름병,0
2015.08.01,순천시,세균벼알마름병,0
2015.08.01,신안군,세균벼알마름병,0
2015.08.01,여수시,세균벼알마름병,0
2015.08.01,영광군,세균벼알마름병,0
2015.08.01,영암군,세균벼알마름병,0
2015.08.01,완도군,세균벼알마름병,0
2015.08.01,장성군,세균벼알마름병,0
2015.08.01,장흥군,세균벼알마름병,0
2015.08.01,진도군,세균벼알마름병,0
2015.08.01,함평군,세균벼알마름병,0
2015.08.01,해남군,세균벼알마름병,0
2015.08.01,화순군,세균벼알마름병,0
2015.08.16,강진군,세균벼알마름병,0
2015.08.16,고흥군,세균벼알마름병,0
2015.08.16,곡성군,세균벼알마름병,0
2015.08.16,광양시,세균벼알마름병,0
2015.08.16,구례군,세균벼알마름병,0
2015.08.16,나주시,세균벼알마름병,0
2015.08.16,담양군,세균벼알마름병,0
2015.08.16,무안군,세균벼알마름병,0
2015.08.16,보성군,세균벼알마름병,0
2015.08.16,순천시,세균벼알마름병,0
2015.08.16,신안군,세균벼알마름병,0
2015.08.16,여수시,세균벼알마름병,0
2015.08.16,영광군,세균벼알마름병,0
2015.08.16,영암군,세균벼알마름병,0
2015.08.16,완도군,세균벼알마름병,0
2015.08.16,장성군,세균벼알마름병,0
2015.08.16,장흥군,세균벼알마름병,0
2015.08.16,진도군,세균벼알마름병,0
2015.08.16,함평군,세균벼알마름병,0
2015.08.16,해남군,세균벼알마름병,0
2015.08.16,화순군,세균벼알마름병,0
2016.06.01,강진군,세균벼알마름병,0
2016.06.01,고흥군,세균벼알마름병,0
2016.06.01,곡성군,세균벼알마름병,0
2016.06.01,광양시,세균벼알마름병,0
2016.06.01,구례군,세균벼알마름병,0
2016.06.01,나주시,세균벼알마름병,0
2016.06.01,담양군,세균벼알마름병,0
2016.06.01,무안군,세균벼알마름병,0
2016.06.01,보성군,세균벼알마름병,0
2016.06.01,순천시,세균벼알마름병,0
2016.06.01,신안군,세균벼알마름병,0
2016.06.01,여수시,세균벼알마름병,0
2016.06.01,영광군,세균벼알마름병,0
2016.06.01,영암군,세균벼알마름병,0
2016.06.01,완도군,세균벼알마름병,0
2016.06.01,장성군,세균벼알마름병,0
2016.06.01,장흥군,세균벼알마름병,0
2016.06.01,진도군,세균벼알마름병,0
2016.06.01,함평군,세균벼알마름병,0
2016.06.01,해남군,세균벼알마름병,0
2016.06.01,화순군,세균벼알마름병,0
2016.06.16,강진군,세균벼알마름병,0
2016.06.16,고흥군,세균벼알마름병,0
2016.06.16,곡성군,세균벼알마름병,0
2016.06.16,광양시,세균벼알마름병,0
2016.06.16,구례군,세균벼알마름병,0
2016.06.16,나주시,세균벼알마름병,0
2016.06.16,담양군,세균벼알마름병,0
2016.06.16,무안군,세균벼알마름병,0
2016.06.16,보성군,세균벼알마름병,0
2016.06.16,순천시,세균벼알마름병,0
2016.06.16,신안군,세균벼알마름병,0
2016.06.16,여수시,세균벼알마름병,0
2016.06.16,영광군,세균벼알마름병,0
2016.06.16,영암군,세균벼알마름병,0
2016.06.16,완도군,세균벼알마름병,0
2016.06.16,장성군,세균벼알마름병,0
2016.06.16,장흥군,세균벼알마름병,0
2016.06.16,진도군,세균벼알마름병,0
2016.06.16,함평군,세균벼알마름병,0
2016.06.16,해남군,세균벼알마름병,0
2016.06.16,화순군,세균벼알마름병,0
2016.07.01,강진군,세균벼알마름병,0
2016.07.01,고흥군,세균벼알마름병,0
2016.07.01,곡성군,세균벼알마름병,0
2016.07.01,광양시,세균벼알마름병,0
2016.07.01,구례군,세균벼알마름병,0
2016.07.01,나주시,세균벼알마름병,0
2016.07.01,담양군,세균벼알마름병,0
2016.07.01,무안군,세균벼알마름병,0
2016.07.01,보성군,세균벼알마름병,0
2016.07.01,순천시,세균벼알마름병,0
2016.07.01,신안군,세균벼알마름병,0
2016.07.01,여수시,세균벼알마름병,0
2016.07.01,영광군,세균벼알마름병,0
2016.07.01,영암군,세균벼알마름병,0
2016.07.01,완도군,세균벼알마름병,0
2016.07.01,장성군,세균벼알마름병,0
2016.07.01,장흥군,세균벼알마름병,0
2016.07.01,진도군,세균벼알마름병,0
2016.07.01,함평군,세균벼알마름병,0
2016.07.01,해남군,세균벼알마름병,0
2016.07.01,화순군,세균벼알마름병,0
2016.07.16,강진군,세균벼알마름병,0
2016.07.16,고흥군,세균벼알마름병,0
2016.07.16,곡성군,세균벼알마름병,0
2016.07.16,광양시,세균벼알마름병,0
2016.07.16,구례군,세균벼알마름병,0
2016.07.16,나주시,세균벼알마름병,0
2016.07.16,담양군,세균벼알마름병,0
2016.07.16,무안군,세균벼알마름병,0
2016.07.16,보성군,세균벼알마름병,0
2016.07.16,순천시,세균벼알마름병,0
2016.07.16,신안군,세균벼알마름병,0
2016.07.16,여수시,세균벼알마름병,0
2016.07.16,영광군,세균벼알마름병,0
2016.07.16,영암군,세균벼알마름병,0
2016.07.16,완도군,세균벼알마름병,0
2016.07.16,장성군,세균벼알마름병,0
2016.07.16,장흥군,세균벼알마름병,0
2016.07.16,진도군,세균벼알마름병,0
2016.07.16,함평군,세균벼알마름병,0
2016.07.16,해남군,세균벼알마름병,0
2016.07.16,화순군,세균벼알마름병,0
2016.08.01,강진군,세균벼알마름병,0
2016.08.01,고흥군,세균벼알마름병,0
2016.08.01,곡성군,세균벼알마름병,0
2016.08.01,광양시,세균벼알마름병,0
2016.08.01,구례군,세균벼알마름병,0
2016.08.01,나주시,세균벼알마름병,0
2016.08.01,담양군,세균벼알마름병,0
2016.08.01,무안군,세균벼알마름병,0
2016.08.01,보성군,세균벼알마름병,0
2016.08.01,순천시,세균벼알마름병,0
2016.08.01,신안군,세균벼알마름병,0
2016.08.01,여수시,세균벼알마름병,0
2016.08.01,영광군,세균벼알마름병,0
2016.08.01,영암군,세균벼알마름병,0
2016.08.01,완도군,세균벼알마름병,0
2016.08.01,장성군,세균벼알마름병,0
2016.08.01,장흥군,세균벼알마름병,0
2016.08.01,진도군,세균벼알마름병,0
2016.08.01,함평군,세균벼알마름병,0
2016.08.01,해남군,세균벼알마름병,0
2016.08.01,화순군,세균벼알마름병,0
2016.08.16,강진군,세균벼알마름병,0
2016.08.16,고흥군,세균벼알마름병,0
2016.08.16,곡성군,세균벼알마름병,0
2016.08.16,광양시,세균벼알마름병,0
2016.08.16,구례군,세균벼알마름병,0
2016.08.16,나주시,세균벼알마름병,0
2016.08.16,담양군,세균벼알마름병,0
2016.08.16,무안군,세균벼알마름병,0
2016.08.16,보성군,세균벼알마름병,0
2016.08.16,순천시,세균벼알마름병,0
2016.08.16,신안군,세균벼알마름병,0
2016.08.16,여수시,세균벼알마름병,0
2016.08.16,영광군,세균벼알마름병,0
2016.08.16,영암군,세균벼알마름병,0
2016.08.16,완도군,세균벼알마름병,0
2016.08.16,장성군,세균벼알마름병,0
2016.08.16,장흥군,세균벼알마름병,0
2016.08.16,진도군,세균벼알마름병,0
2016.08.16,함평군,세균벼알마름병,0
2016.08.16,해남군,세균벼알마름병,0
2016.08.16,화순군,세균벼알마름병,0
2016.09.01,강진군,세균벼알마름병,0
2016.09.01,고흥군,세균벼알마름병,0
2016.09.01,곡성군,세균벼알마름병,0
2016.09.01,광양시,세균벼알마름병,0
2016.09.01,구례군,세균벼알마름병,0
2016.09.01,나주시,세균벼알마름병,0
2016.09.01,담양군,세균벼알마름병,0
2016.09.01,무안군,세균벼알마름병,0
2016.09.01,보성군,세균벼알마름병,0
2016.09.01,순천시,세균벼알마름병,0
2016.09.01,신안군,세균벼알마름병,0
2016.09.01,여수시,세균벼알마름병,0
2016.09.01,영광군,세균벼알마름병,0
2016.09.01,영암군,세균벼알마름병,0
2016.09.01,완도군,세균벼알마름병,0
2016.09.01,장성군,세균벼알마름병,0
2016.09.01,장흥군,세균벼알마름병,0
2016.09.01,진도군,세균벼알마름병,0
2016.09.01,함평군,세균벼알마름병,0
2016.09.01,해남군,세균벼알마름병,0
2016.09.01,화순군,세균벼알마름병,0
2016.09.16,강진군,세균벼알마름병,0
2016.09.16,고흥군,세균벼알마름병,0
2016.09.16,곡성군,세균벼알마름병,0
2016.09.16,광양시,세균벼알마름병,0
2016.09.16,구례군,세균벼알마름병,0
2016.09.16,나주시,세균벼알마름병,0
2016.09.16,담양군,세균벼알마름병,0
2016.09.16,무안군,세균벼알마름병,0
2016.09.16,보성군,세균벼알마름병,0
2016.09.16,순천시,세균벼알마름병,0
2016.09.16,신안군,세균벼알마름병,0
2016.09.16,여수시,세균벼알마름병,0
2016.09.16,영광군,세균벼알마름병,0
2016.09.16,영암군,세균벼알마름병,0
2016.09.16,완도군,세균벼알마름병,0
2016.09.16,장성군,세균벼알마름병,0
2016.09.16,장흥군,세균벼알마름병,0
2016.09.16,진도군,세균벼알마름병,0
2016.09.16,함평군,세균벼알마름병,0
2016.09.16,해남군,세균벼알마름병,0
2016.09.16,화순군,세균벼알마름병,0
2017.06.01,강진군,세균벼알마름병,0
2017.06.01,고흥군,세균벼알마름병,0
2017.06.01,곡성군,세균벼알마름병,0
2017.06.01,광양시,세균벼알마름병,0
2017.06.01,구례군,세균벼알마름병,0
2017.06.01,나주시,세균벼알마름병,0
2017.06.01,담양군,세균벼알마름병,0
2017.06.01,무안군,세균벼알마름병,0
2017.06.01,보성군,세균벼알마름병,0
2017.06.01,순천시,세균벼알마름병,0
2017.06.01,신안군,세균벼알마름병,0
2017.06.01,여수시,세균벼알마름병,0
2017.06.01,영광군,세균벼알마름병,0
2017.06.01,영암군,세균벼알마름병,0
2017.06.01,완도군,세균벼알마름병,0
2017.06.01,장성군,세균벼알마름병,0
2017.06.01,장흥군,세균벼알마름병,0
2017.06.01,진도군,세균벼알마름병,0
2017.06.01,함평군,세균벼알마름병,0
2017.06.01,해남군,세균벼알마름병,0
2017.06.01,화순군,세균벼알마름병,0
2017.06.16,강진군,세균벼알마름병,0
2017.06.16,고흥군,세균벼알마름병,0
2017.06.16,곡성군,세균벼알마름병,0
2017.06.16,광양시,세균벼알마름병,0
2017.06.16,구례군,세균벼알마름병,0
2017.06.16,나주시,세균벼알마름병,0
2017.06.16,담양군,세균벼알마름병,0
2017.06.16,무안군,세균벼알마름병,0
2017.06.16,보성군,세균벼알마름병,0
2017.06.16,순천시,세균벼알마름병,0
2017.06.16,신안군,세균벼알마름병,0
2017.06.16,여수시,세균벼알마름병,0
2017.06.16,영광군,세균벼알마름병,0
2017.06.16,영암군,세균벼알마름병,0
2017.06.16,완도군,세균벼알마름병,0
2017.06.16,장성군,세균벼알마름병,0
2017.06.16,장흥군,세균벼알마름병,0
2017.06.16,진도군,세균벼알마름병,0
2017.06.16,함평군,세균벼알마름병,0
2017.06.16,해남군,세균벼알마름병,0
2017.06.16,화순군,세균벼알마름병,0
2017.07.01,강진군,세균벼알마름병,0
2017.07.01,고흥군,세균벼알마름병,0
2017.07.01,곡성군,세균벼알마름병,0
2017.07.01,광양시,세균벼알마름병,0
2017.07.01,구례군,세균벼알마름병,0
2017.07.01,나주시,세균벼알마름병,0
2017.07.01,담양군,세균벼알마름병,0
2017.07.01,무안군,세균벼알마름병,0
2017.07.01,보성군,세균벼알마름병,0
2017.07.01,순천시,세균벼알마름병,0
2017.07.01,신안군,세균벼알마름병,0
2017.07.01,여수시,세균벼알마름병,0
2017.07.01,영광군,세균벼알마름병,0
2017.07.01,영암군,세균벼알마름병,0
2017.07.01,완도군,세균벼알마름병,0
2017.07.01,장성군,세균벼알마름병,0
2017.07.01,장흥군,세균벼알마름병,0
2017.07.01,진도군,세균벼알마름병,0
2017.07.01,함평군,세균벼알마름병,0
2017.07.01,해남군,세균벼알마름병,0
2017.07.01,화순군,세균벼알마름병,0
2017.07.16,강진군,세균벼알마름병,0
2017.07.16,고흥군,세균벼알마름병,0
2017.07.16,곡성군,세균벼알마름병,0
2017.07.16,광양시,세균벼알마름병,0
2017.07.16,구례군,세균벼알마름병,0
2017.07.16,나주시,세균벼알마름병,0
2017.07.16,담양군,세균벼알마름병,0
2017.07.16,무안군,세균벼알마름병,0
2017.07.16,보성군,세균벼알마름병,0
2017.07.16,순천시,세균벼알마름병,0
2017.07.16,신안군,세균벼알마름병,0
2017.07.16,여수시,세균벼알마름병,0
2017.07.16,영광군,세균벼알마름병,0
2017.07.16,영암군,세균벼알마름병,0
2017.07.16,완도군,세균벼알마름병,0
2017.07.16,장성군,세균벼알마름병,0
2017.07.16,장흥군,세균벼알마름병,0
2017.07.16,진도군,세균벼알마름병,0
2017.07.16,함평군,세균벼알마름병,0
2017.07.16,해남군,세균벼알마름병,0
2017.07.16,화순군,세균벼알마름병,0
2017.08.01,강진군,세균벼알마름병,0
2017.08.01,고흥군,세균벼알마름병,0
2017.08.01,곡성군,세균벼알마름병,0
2017.08.01,광양시,세균벼알마름병,0
2017.08.01,구례군,세균벼알마름병,0
2017.08.01,나주시,세균벼알마름병,0
2017.08.01,담양군,세균벼알마름병,0
2017.08.01,무안군,세균벼알마름병,0
2017.08.01,보성군,세균벼알마름병,0
2017.08.01,순천시,세균벼알마름병,0
2017.08.01,신안군,세균벼알마름병,0
2017.08.01,여수시,세균벼알마름병,0
2017.08.01,영광군,세균벼알마름병,0
2017.08.01,영암군,세균벼알마름병,0
2017.08.01,완도군,세균벼알마름병,0
2017.08.01,장성군,세균벼알마름병,0
2017.08.01,장흥군,세균벼알마름병,0
2017.08.01,진도군,세균벼알마름병,0
2017.08.01,함평군,세균벼알마름병,0
2017.08.01,해남군,세균벼알마름병,0
2017.08.01,화순군,세균벼알마름병,0
2017.08.16,강진군,세균벼알마름병,0
2017.08.16,고흥군,세균벼알마름병,0
2017.08.16,곡성군,세균벼알마름병,0
2017.08.16,광양시,세균벼알마름병,0
2017.08.16,구례군,세균벼알마름병,0
2017.08.16,나주시,세균벼알마름병,0
2017.08.16,담양군,세균벼알마름병,0
2017.08.16,무안군,세균벼알마름병,0
2017.08.16,보성군,세균벼알마름병,0
2017.08.16,순천시,세균벼알마름병,0
2017.08.16,신안군,세균벼알마름병,0
2017.08.16,여수시,세균벼알마름병,0
2017.08.16,영광군,세균벼알마름병,0
2017.08.16,영암군,세균벼알마름병,0
2017.08.16,완도군,세균벼알마름병,0
2017.08.16,장성군,세균벼알마름병,0
2017.08.16,장흥군,세균벼알마름병,0
2017.08.16,진도군,세균벼알마름병,0
2017.08.16,함평군,세균벼알마름병,0
2017.08.16,해남군,세균벼알마름병,0
2017.08.16,화순군,세균벼알마름병,0
2017.09.01,강진군,세균벼알마름병,0
2017.09.01,고흥군,세균벼알마름병,0
2017.09.01,곡성군,세균벼알마름병,0
2017.09.01,광양시,세균벼알마름병,0
2017.09.01,구례군,세균벼알마름병,0
2017.09.01,나주시,세균벼알마름병,0
2017.09.01,담양군,세균벼알마름병,0
2017.09.01,무안군,세균벼알마름병,0
2017.09.01,보성군,세균벼알마름병,0
2017.09.01,순천시,세균벼알마름병,0
2017.09.01,신안군,세균벼알마름병,0
2017.09.01,여수시,세균벼알마름병,0
2017.09.01,영광군,세균벼알마름병,0
2017.09.01,영암군,세균벼알마름병,0
2017.09.01,완도군,세균벼알마름병,0
2017.09.01,장성군,세균벼알마름병,0
2017.09.01,장흥군,세균벼알마름병,0
2017.09.01,진도군,세균벼알마름병,0
2017.09.01,함평군,세균벼알마름병,0
2017.09.01,해남군,세균벼알마름병,0
2017.09.01,화순군,세균벼알마름병,0
2017.09.16,강진군,세균벼알마름병,0
2017.09.16,고흥군,세균벼알마름병,0
2017.09.16,곡성군,세균벼알마름병,0
2017.09.16,광양시,세균벼알마름병,0
2017.09.16,구례군,세균벼알마름병,0
2017.09.16,나주시,세균벼알마름병,0
2017.09.16,담양군,세균벼알마름병,0
2017.09.16,무안군,세균벼알마름병,0
2017.09.16,보성군,세균벼알마름병,0
2017.09.16,순천시,세균벼알마름병,0
2017.09.16,신안군,세균벼알마름병,0
2017.09.16,여수시,세균벼알마름병,0
2017.09.16,영광군,세균벼알마름병,0
2017.09.16,영암군,세균벼알마름병,0
2017.09.16,완도군,세균벼알마름병,0
2017.09.16,장성군,세균벼알마름병,0
2017.09.16,장흥군,세균벼알마름병,0
2017.09.16,진도군,세균벼알마름병,0
2017.09.16,함평군,세균벼알마름병,0
2017.09.16,해남군,세균벼알마름병,0
2017.09.16,화순군,세균벼알마름병,0
2018.06.01,강진군,세균벼알마름병,0
2018.06.01,고흥군,세균벼알마름병,0
2018.06.01,곡성군,세균벼알마름병,0
2018.06.01,광양시,세균벼알마름병,0
2018.06.01,구례군,세균벼알마름병,0
2018.06.01,나주시,세균벼알마름병,0
2018.06.01,담양군,세균벼알마름병,0
2018.06.01,무안군,세균벼알마름병,0
2018.06.01,보성군,세균벼알마름병,0
2018.06.01,순천시,세균벼알마름병,0
2018.06.01,신안군,세균벼알마름병,0
2018.06.01,여수시,세균벼알마름병,0
2018.06.01,영광군,세균벼알마름병,0
2018.06.01,영암군,세균벼알마름병,0
2018.06.01,완도군,세균벼알마름병,0
2018.06.01,장성군,세균벼알마름병,0
2018.06.01,장흥군,세균벼알마름병,0
2018.06.01,진도군,세균벼알마름병,0
2018.06.01,함평군,세균벼알마름병,0
2018.06.01,해남군,세균벼알마름병,0
2018.06.01,화순군,세균벼알마름병,0
2018.06.16,강진군,세균벼알마름병,0
2018.06.16,고흥군,세균벼알마름병,0
2018.06.16,곡성군,세균벼알마름병,0
2018.06.16,광양시,세균벼알마름병,0
2018.06.16,구례군,세균벼알마름병,0
2018.06.16,나주시,세균벼알마름병,0
2018.06.16,담양군,세균벼알마름병,0
2018.06.16,무안군,세균벼알마름병,0
2018.06.16,보성군,세균벼알마름병,0
2018.06.16,순천시,세균벼알마름병,0
2018.06.16,신안군,세균벼알마름병,0
2018.06.16,여수시,세균벼알마름병,0
2018.06.16,영광군,세균벼알마름병,0
2018.06.16,영암군,세균벼알마름병,0
2018.06.16,완도군,세균벼알마름병,0
2018.06.16,장성군,세균벼알마름병,0
2018.06.16,장흥군,세균벼알마름병,0
2018.06.16,진도군,세균벼알마름병,0
2018.06.16,함평군,세균벼알마름병,0
2018.06.16,해남군,세균벼알마름병,0
2018.06.16,화순군,세균벼알마름병,0
2018.07.01,강진군,세균벼알마름병,0
2018.07.01,고흥군,세균벼알마름병,0
2018.07.01,광양시,세균벼알마름병,0
2018.07.01,나주시,세균벼알마름병,0
2018.07.01,순천시,세균벼알마름병,0
2018.07.01,신안군,세균벼알마름병,0
2018.07.01,여수시,세균벼알마름병,0
2018.07.01,영광군,세균벼알마름병,0
2018.07.01,영암군,세균벼알마름병,0
2018.07.01,완도군,세균벼알마름병,0
2018.07.01,진도군,세균벼알마름병,0
2018.07.01,해남군,세균벼알마름병,0
2018.07.01,화순군,세균벼알마름병,0
2018.07.16,강진군,세균벼알마름병,0
2018.07.16,고흥군,세균벼알마름병,0
2018.07.16,곡성군,세균벼알마름병,0
2018.07.16,광양시,세균벼알마름병,0
2018.07.16,구례군,세균벼알마름병,0
2018.07.16,나주시,세균벼알마름병,0
2018.07.16,담양군,세균벼알마름병,0
2018.07.16,무안군,세균벼알마름병,0
2018.07.16,보성군,세균벼알마름병,0
2018.07.16,순천시,세균벼알마름병,0
2018.07.16,신안군,세균벼알마름병,0
2018.07.16,여수시,세균벼알마름병,0
2018.07.16,영광군,세균벼알마름병,0
2018.07.16,영암군,세균벼알마름병,0
2018.07.16,완도군,세균벼알마름병,0
2018.07.16,장성군,세균벼알마름병,0
2018.07.16,장흥군,세균벼알마름병,0
2018.07.16,진도군,세균벼알마름병,0
2018.07.16,함평군,세균벼알마름병,0
2018.07.16,해남군,세균벼알마름병,0
2018.07.16,화순군,세균벼알마름병,0
2018.08.01,강진군,세균벼알마름병,0
2018.08.01,고흥군,세균벼알마름병,0
2018.08.01,곡성군,세균벼알마름병,0
2018.08.01,광양시,세균벼알마름병,0
2018.08.01,구례군,세균벼알마름병,0
2018.08.01,나주시,세균벼알마름병,0
2018.08.01,담양군,세균벼알마름병,0
2018.08.01,무안군,세균벼알마름병,0
2018.08.01,보성군,세균벼알마름병,0
2018.08.01,순천시,세균벼알마름병,0
2018.08.01,신안군,세균벼알마름병,0
2018.08.01,여수시,세균벼알마름병,0
2018.08.01,영광군,세균벼알마름병,0
2018.08.01,영암군,세균벼알마름병,0
2018.08.01,완도군,세균벼알마름병,0
2018.08.01,장성군,세균벼알마름병,0
2018.08.01,장흥군,세균벼알마름병,0
2018.08.01,진도군,세균벼알마름병,0
2018.08.01,함평군,세균벼알마름병,0
2018.08.01,해남군,세균벼알마름병,0
2018.08.01,화순군,세균벼알마름병,0
2018.08.16,강진군,세균벼알마름병,0
2018.08.16,고흥군,세균벼알마름병,0
2018.08.16,곡성군,세균벼알마름병,0
2018.08.16,광양시,세균벼알마름병,0
2018.08.16,구례군,세균벼알마름병,0
2018.08.16,나주시,세균벼알마름병,0
2018.08.16,담양군,세균벼알마름병,0
2018.08.16,무안군,세균벼알마름병,0
2018.08.16,보성군,세균벼알마름병,0
2018.08.16,순천시,세균벼알마름병,0
2018.08.16,신안군,세균벼알마름병,0
2018.08.16,여수시,세균벼알마름병,0
2018.08.16,영광군,세균벼알마름병,0
2018.08.16,영암군,세균벼알마름병,0
2018.08.16,완도군,세균벼알마름병,0
2018.08.16,장성군,세균벼알마름병,0
2018.08.16,장흥군,세균벼알마름병,0
2018.08.16,진도군,세균벼알마름병,0
2018.08.16,함평군,세균벼알마름병,0
2018.08.16,해남군,세균벼알마름병,0
2018.08.16,화순군,세균벼알마름병,0
2018.09.01,강진군,세균벼알마름병,0
2018.09.01,고흥군,세균벼알마름병,0
2018.09.01,곡성군,세균벼알마름병,0
2018.09.01,광양시,세균벼알마름병,0
2018.09.01,구례군,세균벼알마름병,0
2018.09.01,나주시,세균벼알마름병,0
2018.09.01,담양군,세균벼알마름병,0
2018.09.01,무안군,세균벼알마름병,0
2018.09.01,보성군,세균벼알마름병,0
2018.09.01,순천시,세균벼알마름병,0
2018.09.01,신안군,세균벼알마름병,0
2018.09.01,여수시,세균벼알마름병,0
2018.09.01,영광군,세균벼알마름병,0
2018.09.01,영암군,세균벼알마름병,0
2018.09.01,완도군,세균벼알마름병,0
2018.09.01,장성군,세균벼알마름병,0
2018.09.01,장흥군,세균벼알마름병,0
2018.09.01,진도군,세균벼알마름병,0
2018.09.01,함평군,세균벼알마름병,0
2018.09.01,해남군,세균벼알마름병,0
2018.09.01,화순군,세균벼알마름병,0
2018.09.16,강진군,세균벼알마름병,0
2018.09.16,고흥군,세균벼알마름병,0
2018.09.16,곡성군,세균벼알마름병,0
2018.09.16,광양시,세균벼알마름병,0
2018.09.16,구례군,세균벼알마름병,0
2018.09.16,나주시,세균벼알마름병,0
2018.09.16,담양군,세균벼알마름병,0
2018.09.16,무안군,세균벼알마름병,0
2018.09.16,보성군,세균벼알마름병,0
2018.09.16,순천시,세균벼알마름병,0
2018.09.16,신안군,세균벼알마름병,0
2018.09.16,여수시,세균벼알마름병,0
2018.09.16,영광군,세균벼알마름병,0
2018.09.16,영암군,세균벼알마름병,0
2018.09.16,완도군,세균벼알마름병,0
2018.09.16,장성군,세균벼알마름병,0
2018.09.16,장흥군,세균벼알마름병,0
2018.09.16,진도군,세균벼알마름병,0
2018.09.16,함평군,세균벼알마름병,0
2018.09.16,해남군,세균벼알마름병,0
2018.09.16,화순군,세균벼알마름병,0
2019.06.01,강진군,세균벼알마름병,0
2019.06.01,고흥군,세균벼알마름병,0
2019.06.01,곡성군,세균벼알마름병,0
2019.06.01,광양시,세균벼알마름병,0
2019.06.01,구례군,세균벼알마름병,0
2019.06.01,나주시,세균벼알마름병,0
2019.06.01,담양군,세균벼알마름병,0
2019.06.01,무안군,세균벼알마름병,0
2019.06.01,보성군,세균벼알마름병,0
2019.06.01,순천시,세균벼알마름병,0
2019.06.01,신안군,세균벼알마름병,0
2019.06.01,여수시,세균벼알마름병,0
2019.06.01,영광군,세균벼알마름병,0
2019.06.01,영암군,세균벼알마름병,0
2019.06.01,완도군,세균벼알마름병,0
2019.06.01,장성군,세균벼알마름병,0
2019.06.01,장흥군,세균벼알마름병,0
2019.06.01,진도군,세균벼알마름병,0
2019.06.01,함평군,세균벼알마름병,0
2019.06.01,해남군,세균벼알마름병,0
2019.06.01,화순군,세균벼알마름병,0
2019.06.16,강진군,세균벼알마름병,0
2019.06.16,고흥군,세균벼알마름병,0
2019.06.16,곡성군,세균벼알마름병,0
2019.06.16,광양시,세균벼알마름병,0
2019.06.16,구례군,세균벼알마름병,0
2019.06.16,나주시,세균벼알마름병,0
2019.06.16,담양군,세균벼알마름병,0
2019.06.16,무안군,세균벼알마름병,0
2019.06.16,보성군,세균벼알마름병,0
2019.06.16,순천시,세균벼알마름병,0
2019.06.16,신안군,세균벼알마름병,0
2019.06.16,여수시,세균벼알마름병,0
2019.06.16,영광군,세균벼알마름병,0
2019.06.16,영암군,세균벼알마름병,0
2019.06.16,완도군,세균벼알마름병,0
2019.06.16,장성군,세균벼알마름병,0
2019.06.16,장흥군,세균벼알마름병,0
2019.06.16,진도군,세균벼알마름병,0
2019.06.16,함평군,세균벼알마름병,0
2019.06.16,해남군,세균벼알마름병,0
2019.06.16,화순군,세균벼알마름병,0
2019.07.01,강진군,세균벼알마름병,0
2019.07.01,고흥군,세균벼알마름병,0
2019.07.01,곡성군,세균벼알마름병,0
2019.07.01,광양시,세균벼알마름병,0
2019.07.01,구례군,세균벼알마름병,0
2019.07.01,나주시,세균벼알마름병,0
2019.07.01,담양군,세균벼알마름병,0
2019.07.01,무안군,세균벼알마름병,0
2019.07.01,보성군,세균벼알마름병,0
2019.07.01,순천시,세균벼알마름병,0
2019.07.01,신안군,세균벼알마름병,0
2019.07.01,여수시,세균벼알마름병,0
2019.07.01,영광군,세균벼알마름병,0
2019.07.01,영암군,세균벼알마름병,0
2019.07.01,완도군,세균벼알마름병,0
2019.07.01,장성군,세균벼알마름병,0
2019.07.01,장흥군,세균벼알마름병,0
2019.07.01,진도군,세균벼알마름병,0
2019.07.01,함평군,세균벼알마름병,0
2019.07.01,해남군,세균벼알마름병,0
2019.07.01,화순군,세균벼알마름병,0
2019.07.16,강진군,세균벼알마름병,0
2019.07.16,고흥군,세균벼알마름병,0
2019.07.16,곡성군,세균벼알마름병,0
2019.07.16,광양시,세균벼알마름병,0
2019.07.16,구례군,세균벼알마름병,0
2019.07.16,나주시,세균벼알마름병,0
2019.07.16,담양군,세균벼알마름병,0
2019.07.16,무안군,세균벼알마름병,0
2019.07.16,보성군,세균벼알마름병,0
2019.07.16,순천시,세균벼알마름병,0
2019.07.16,신안군,세균벼알마름병,0
2019.07.16,여수시,세균벼알마름병,0
2019.07.16,영광군,세균벼알마름병,0
2019.07.16,영암군,세균벼알마름병,0
2019.07.16,완도군,세균벼알마름병,0
2019.07.16,장성군,세균벼알마름병,0
2019.07.16,장흥군,세균벼알마름병,0
2019.07.16,진도군,세균벼알마름병,0
2019.07.16,함평군,세균벼알마름병,0
2019.07.16,해남군,세균벼알마름병,0
2019.07.16,화순군,세균벼알마름병,0
2019.08.01,강진군,세균벼알마름병,0
2019.08.01,고흥군,세균벼알마름병,0
2019.08.01,곡성군,세균벼알마름병,0
2019.08.01,광양시,세균벼알마름병,0
2019.08.01,구례군,세균벼알마름병,0
2019.08.01,나주시,세균벼알마름병,0
2019.08.01,담양군,세균벼알마름병,0
2019.08.01,무안군,세균벼알마름병,0
2019.08.01,보성군,세균벼알마름병,0
2019.08.01,순천시,세균벼알마름병,0
2019.08.01,신안군,세균벼알마름병,0
2019.08.01,여수시,세균벼알마름병,0
2019.08.01,영광군,세균벼알마름병,0
2019.08.01,영암군,세균벼알마름병,0
2019.08.01,완도군,세균벼알마름병,0
2019.08.01,장성군,세균벼알마름병,0
2019.08.01,장흥군,세균벼알마름병,0
2019.08.01,진도군,세균벼알마름병,0
2019.08.01,함평군,세균벼알마름병,0
2019.08.01,해남군,세균벼알마름병,0
2019.08.01,화순군,세균벼알마름병,0
2019.08.16,강진군,세균벼알마름병,0
2019.08.16,고흥군,세균벼알마름병,0
2019.08.16,광양시,세균벼알마름병,0
2019.08.16,구례군,세균벼알마름병,0
2019.08.16,무안군,세균벼알마름병,0
2019.08.16,보성군,세균벼알마름병,0
2019.08.16,순천시,세균벼알마름병,0
2019.08.16,신안군,세균벼알마름병,0
2019.08.16,여수시,세균벼알마름병,0
2019.08.16,영광군,세균벼알마름병,0
2019.08.16,완도군,세균벼알마름병,0
2019.08.16,장흥군,세균벼알마름병,0
2019.08.16,진도군,세균벼알마름병,0
2019.08.16,함평군,세균벼알마름병,0
2019.08.16,해남군,세균벼알마름병,0
2019.08.16,화순군,세균벼알마름병,0
2019.09.01,강진군,세균벼알마름병,0
2019.09.01,고흥군,세균벼알마름병,0
2019.09.01,곡성군,세균벼알마름병,0
2019.09.01,광양시,세균벼알마름병,0
2019.09.01,구례군,세균벼알마름병,0
2019.09.01,나주시,세균벼알마름병,0
2019.09.01,담양군,세균벼알마름병,0
2019.09.01,무안군,세균벼알마름병,0
2019.09.01,보성군,세균벼알마름병,0
2019.09.01,순천시,세균벼알마름병,0
2019.09.01,신안군,세균벼알마름병,0
2019.09.01,여수시,세균벼알마름병,0
2019.09.01,영광군,세균벼알마름병,0
2019.09.01,영암군,세균벼알마름병,0
2019.09.01,완도군,세균벼알마름병,0
2019.09.01,장성군,세균벼알마름병,0
2019.09.01,장흥군,세균벼알마름병,0
2019.09.01,진도군,세균벼알마름병,0
2019.09.01,함평군,세균벼알마름병,0
2019.09.01,해남군,세균벼알마름병,0
2019.09.01,화순군,세균벼알마름병,0
2019.09.16,강진군,세균벼알마름병,0
2019.09.16,고흥군,세균벼알마름병,0
2019.09.16,곡성군,세균벼알마름병,0
2019.09.16,광양시,세균벼알마름병,0
2019.09.16,구례군,세균벼알마름병,0
2019.09.16,나주시,세균벼알마름병,0
2019.09.16,담양군,세균벼알마름병,0
2019.09.16,무안군,세균벼알마름병,0
2019.09.16,보성군,세균벼알마름병,0
2019.09.16,순천시,세균벼알마름병,0
2019.09.16,여수시,세균벼알마름병,0
2019.09.16,영광군,세균벼알마름병,0
2019.09.16,영암군,세균벼알마름병,0
2019.09.16,완도군,세균벼알마름병,0
2019.09.16,장성군,세균벼알마름병,0
2019.09.16,장흥군,세균벼알마름병,0
2019.09.16,진도군,세균벼알마름병,0
2019.09.16,함평군,세균벼알마름병,0
2019.09.16,해남군,세균벼알마름병,0
2019.09.16,화순군,세균벼알마름병,0
2020.06.01,강진군,세균벼알마름병,0
2020.06.01,고흥군,세균벼알마름병,0
2020.06.01,광양시,세균벼알마름병,0
2020.06.01,구례군,세균벼알마름병,0
2020.06.01,나주시,세균벼알마름병,0
2020.06.01,담양군,세균벼알마름병,0
2020.06.01,무안군,세균벼알마름병,0
2020.06.01,보성군,세균벼알마름병,0
2020.06.01,순천시,세균벼알마름병,0
2020.06.01,신안군,세균벼알마름병,0
2020.06.01,여수시,세균벼알마름병,0
2020.06.01,영광군,세균벼알마름병,0
2020.06.01,영암군,세균벼알마름병,0
2020.06.01,완도군,세균벼알마름병,0
2020.06.01,장성군,세균벼알마름병,0
2020.06.01,장흥군,세균벼알마름병,0
2020.06.01,진도군,세균벼알마름병,0
2020.06.01,함평군,세균벼알마름병,0
2020.06.01,해남군,세균벼알마름병,0
2020.06.01,화순군,세균벼알마름병,0
2020.06.16,강진군,세균벼알마름병,0
2020.06.16,고흥군,세균벼알마름병,0
2020.06.16,곡성군,세균벼알마름병,0
2020.06.16,광양시,세균벼알마름병,0
2020.06.16,구례군,세균벼알마름병,0
2020.06.16,나주시,세균벼알마름병,0
2020.06.16,담양군,세균벼알마름병,0
2020.06.16,무안군,세균벼알마름병,0
2020.06.16,보성군,세균벼알마름병,0
2020.06.16,순천시,세균벼알마름병,0
2020.06.16,신안군,세균벼알마름병,0
2020.06.16,여수시,세균벼알마름병,0
2020.06.16,영광군,세균벼알마름병,0
2020.06.16,영암군,세균벼알마름병,0
2020.06.16,완도군,세균벼알마름병,0
2020.06.16,장성군,세균벼알마름병,0
2020.06.16,장흥군,세균벼알마름병,0
2020.06.16,진도군,세균벼알마름병,0
2020.06.16,함평군,세균벼알마름병,0
2020.06.16,해남군,세균벼알마름병,0
2020.06.16,화순군,세균벼알마름병,0
2020.07.01,강진군,세균벼알마름병,0
2020.07.01,고흥군,세균벼알마름병,0
2020.07.01,곡성군,세균벼알마름병,0
2020.07.01,광양시,세균벼알마름병,0
2020.07.01,구례군,세균벼알마름병,0
2020.07.01,담양군,세균벼알마름병,0
2020.07.01,무안군,세균벼알마름병,0
2020.07.01,보성군,세균벼알마름병,0
2020.07.01,순천시,세균벼알마름병,0
2020.07.01,신안군,세균벼알마름병,0
2020.07.01,여수시,세균벼알마름병,0
2020.07.01,영광군,세균벼알마름병,0
2020.07.01,영암군,세균벼알마름병,0
2020.07.01,완도군,세균벼알마름병,0
2020.07.01,장성군,세균벼알마름병,0
2020.07.01,장흥군,세균벼알마름병,0
2020.07.01,진도군,세균벼알마름병,0
2020.07.01,함평군,세균벼알마름병,0
2020.07.01,해남군,세균벼알마름병,0
2020.07.01,화순군,세균벼알마름병,0
2020.07.16,강진군,세균벼알마름병,0
2020.07.16,고흥군,세균벼알마름병,0
2020.07.16,곡성군,세균벼알마름병,0
2020.07.16,광양시,세균벼알마름병,0
2020.07.16,구례군,세균벼알마름병,0
2020.07.16,나주시,세균벼알마름병,0
2020.07.16,담양군,세균벼알마름병,0
2020.07.16,무안군,세균벼알마름병,0
2020.07.16,보성군,세균벼알마름병,0
2020.07.16,순천시,세균벼알마름병,0
2020.07.16,신안군,세균벼알마름병,0
2020.07.16,여수시,세균벼알마름병,0
2020.07.16,영광군,세균벼알마름병,0
2020.07.16,영암군,세균벼알마름병,0
2020.07.16,완도군,세균벼알마름병,0
2020.07.16,장성군,세균벼알마름병,0
2020.07.16,장흥군,세균벼알마름병,0
2020.07.16,진도군,세균벼알마름병,0
2020.07.16,함평군,세균벼알마름병,0
2020.07.16,해남군,세균벼알마름병,0
2020.07.16,화순군,세균벼알마름병,0
2020.08.01,강진군,세균벼알마름병,0
2020.08.01,고흥군,세균벼알마름병,0
2020.08.01,곡성군,세균벼알마름병,0
2020.08.01,광양시,세균벼알마름병,0
2020.08.01,구례군,세균벼알마름병,0
2020.08.01,나주시,세균벼알마름병,0
2020.08.01,담양군,세균벼알마름병,0
2020.08.01,무안군,세균벼알마름병,0
2020.08.01,보성군,세균벼알마름병,0
2020.08.01,순천시,세균벼알마름병,0
2020.08.01,신안군,세균벼알마름병,0
2020.08.01,여수시,세균벼알마름병,0
2020.08.01,영광군,세균벼알마름병,0
2020.08.01,영암군,세균벼알마름병,0
2020.08.01,완도군,세균벼알마름병,0
2020.08.01,장성군,세균벼알마름병,0
2020.08.01,장흥군,세균벼알마름병,0
2020.08.01,진도군,세균벼알마름병,0
2020.08.01,함평군,세균벼알마름병,0
2020.08.01,해남군,세균벼알마름병,0
2020.08.01,화순군,세균벼알마름병,0
2020.08.16,강진군,세균벼알마름병,0
2020.08.16,고흥군,세균벼알마름병,0
2020.08.16,곡성군,세균벼알마름병,0
2020.08.16,광양시,세균벼알마름병,0
2020.08.16,구례군,세균벼알마름병,0
2020.08.16,나주시,세균벼알마름병,0
2020.08.16,담양군,세균벼알마름병,0
2020.08.16,무안군,세균벼알마름병,0
2020.08.16,보성군,세균벼알마름병,0
2020.08.16,순천시,세균벼알마름병,0
2020.08.16,신안군,세균벼알마름병,0
2020.08.16,여수시,세균벼알마름병,0
2020.08.16,영광군,세균벼알마름병,0
2020.08.16,영암군,세균벼알마름병,0
2020.08.16,완도군,세균벼알마름병,0
2020.08.16,장성군,세균벼알마름병,0
2020.08.16,장흥군,세균벼알마름병,0
2020.08.16,진도군,세균벼알마름병,0
2020.08.16,함평군,세균벼알마름병,0
2020.08.16,해남군,세균벼알마름병,0
2020.08.16,화순군,세균벼알마름병,0
2020.09.01,강진군,세균벼알마름병,0
2020.09.01,고흥군,세균벼알마름병,0
2020.09.01,곡성군,세균벼알마름병,0
2020.09.01,광양시,세균벼알마름병,0
2020.09.01,구례군,세균벼알마름병,0
2020.09.01,나주시,세균벼알마름병,0
2020.09.01,담양군,세균벼알마름병,0
2020.09.01,무안군,세균벼알마름병,0
2020.09.01,보성군,세균벼알마름병,0
2020.09.01,순천시,세균벼알마름병,0
2020.09.01,신안군,세균벼알마름병,0
2020.09.01,여수시,세균벼알마름병,0
2020.09.01,영광군,세균벼알마름병,0
2020.09.01,영암군,세균벼알마름병,0
2020.09.01,완도군,세균벼알마름병,0
2020.09.01,장성군,세균벼알마름병,0
2020.09.01,장흥군,세균벼알마름병,0
2020.09.01,진도군,세균벼알마름병,0
2020.09.01,함평군,세균벼알마름병,0
2020.09.01,해남군,세균벼알마름병,0
2020.09.01,화순군,세균벼알마름병,0
2020.09.16,강진군,세균벼알마름병,0
2020.09.16,고흥군,세균벼알마름병,0
2020.09.16,곡성군,세균벼알마름병,0
2020.09.16,광양시,세균벼알마름병,0
2020.09.16,구례군,세균벼알마름병,0
2020.09.16,나주시,세균벼알마름병,0
2020.09.16,담양군,세균벼알마름병,0
2020.09.16,무안군,세균벼알마름병,0
2020.09.16,보성군,세균벼알마름병,0
2020.09.16,순천시,세균벼알마름병,0
2020.09.16,신안군,세균벼알마름병,0
2020.09.16,여수시,세균벼알마름병,0
2020.09.16,영광군,세균벼알마름병,0
2020.09.16,영암군,세균벼알마름병,0
2020.09.16,완도군,세균벼알마름병,0
2020.09.16,장성군,세균벼알마름병,0
2020.09.16,장흥군,세균벼알마름병,0
2020.09.16,진도군,세균벼알마름병,0
2020.09.16,함평군,세균벼알마름병,0
2020.09.16,해남군,세균벼알마름병,0
2020.09.16,화순군,세균벼알마름병,0
2021.06.01,강진군,세균벼알마름병,0
2021.06.01,고흥군,세균벼알마름병,0
2021.06.01,곡성군,세균벼알마름병,0
2021.06.01,광양시,세균벼알마름병,0
2021.06.01,구례군,세균벼알마름병,0
2021.06.01,나주시,세균벼알마름병,0
2021.06.01,담양군,세균벼알마름병,0
2021.06.01,무안군,세균벼알마름병,0
2021.06.01,보성군,세균벼알마름병,0
2021.06.01,순천시,세균벼알마름병,0
2021.06.01,신안군,세균벼알마름병,0
2021.06.01,여수시,세균벼알마름병,0
2021.06.01,영암군,세균벼알마름병,0
2021.06.01,완도군,세균벼알마름병,0
2021.06.01,장성군,세균벼알마름병,0
2021.06.01,장흥군,세균벼알마름병,0
2021.06.01,진도군,세균벼알마름병,0
2021.06.01,함평군,세균벼알마름병,0
2021.06.01,해남군,세균벼알마름병,0
2021.06.01,화순군,세균벼알마름병,0
2021.06.16,강진군,세균벼알마름병,0
2021.06.16,고흥군,세균벼알마름병,0
2021.06.16,곡성군,세균벼알마름병,0
2021.06.16,광양시,세균벼알마름병,0
2021.06.16,구례군,세균벼알마름병,0
2021.06.16,나주시,세균벼알마름병,0
2021.06.16,담양군,세균벼알마름병,0
2021.06.16,무안군,세균벼알마름병,0
2021.06.16,보성군,세균벼알마름병,0
2021.06.16,순천시,세균벼알마름병,0
2021.06.16,신안군,세균벼알마름병,0
2021.06.16,여수시,세균벼알마름병,0
2021.06.16,영광군,세균벼알마름병,0
2021.06.16,영암군,세균벼알마름병,0
2021.06.16,완도군,세균벼알마름병,0
2021.06.16,장성군,세균벼알마름병,0
2021.06.16,장흥군,세균벼알마름병,0
2021.06.16,진도군,세균벼알마름병,0
2021.06.16,함평군,세균벼알마름병,0
2021.06.16,해남군,세균벼알마름병,0
2021.06.16,화순군,세균벼알마름병,0
2021.07.01,강진군,세균벼알마름병,0
2021.07.01,고흥군,세균벼알마름병,0
2021.07.01,곡성군,세균벼알마름병,0
2021.07.01,광양시,세균벼알마름병,0
2021.07.01,구례군,세균벼알마름병,0
2021.07.01,나주시,세균벼알마름병,0
2021.07.01,담양군,세균벼알마름병,0
2021.07.01,무안군,세균벼알마름병,0
2021.07.01,보성군,세균벼알마름병,0
2021.07.01,순천시,세균벼알마름병,0
2021.07.01,신안군,세균벼알마름병,0
2021.07.01,여수시,세균벼알마름병,0
2021.07.01,영광군,세균벼알마름병,0
2021.07.01,영암군,세균벼알마름병,0
2021.07.01,완도군,세균벼알마름병,0
2021.07.01,장성군,세균벼알마름병,0
2021.07.01,장흥군,세균벼알마름병,0
2021.07.01,진도군,세균벼알마름병,0
2021.07.01,함평군,세균벼알마름병,0
2021.07.01,해남군,세균벼알마름병,0
2021.07.01,화순군,세균벼알마름병,0
2021.07.16,강진군,세균벼알마름병,0
2021.07.16,고흥군,세균벼알마름병,0
2021.07.16,곡성군,세균벼알마름병,0
2021.07.16,광양시,세균벼알마름병,0
2021.07.16,구례군,세균벼알마름병,0
2021.07.16,나주시,세균벼알마름병,0
2021.07.16,담양군,세균벼알마름병,0
2021.07.16,무안군,세균벼알마름병,0
2021.07.16,보성군,세균벼알마름병,0
2021.07.16,순천시,세균벼알마름병,0
2021.07.16,신안군,세균벼알마름병,0
2021.07.16,여수시,세균벼알마름병,0
2021.07.16,영광군,세균벼알마름병,0
2021.07.16,영암군,세균벼알마름병,0
2021.07.16,완도군,세균벼알마름병,0
2021.07.16,장성군,세균벼알마름병,0
2021.07.16,장흥군,세균벼알마름병,0
2021.07.16,진도군,세균벼알마름병,1
2021.07.16,함평군,세균벼알마름병,0
2021.07.16,해남군,세균벼알마름병,0
2021.07.16,화순군,세균벼알마름병,0
2021.08.01,강진군,세균벼알마름병,0
2021.08.01,고흥군,세균벼알마름병,0
2021.08.01,곡성군,세균벼알마름병,0
2021.08.01,광양시,세균벼알마름병,0
2021.08.01,구례군,세균벼알마름병,0
2021.08.01,보성군,세균벼알마름병,0
2021.08.01,여수시,세균벼알마름병,0
2021.08.01,영암군,세균벼알마름병,0
2021.08.01,완도군,세균벼알마름병,0
2021.08.01,장성군,세균벼알마름병,0
2021.08.01,진도군,세균벼알마름병,0
2021.08.01,함평군,세균벼알마름병,0
2021.08.01,해남군,세균벼알마름병,0
2021.08.01,화순군,세균벼알마름병,0
2021.08.16,강진군,세균벼알마름병,0
2021.08.16,고흥군,세균벼알마름병,0
2021.08.16,곡성군,세균벼알마름병,0
2021.08.16,광양시,세균벼알마름병,0
2021.08.16,구례군,세균벼알마름병,0
2021.08.16,나주시,세균벼알마름병,0
2021.08.16,담양군,세균벼알마름병,0
2021.08.16,무안군,세균벼알마름병,0
2021.08.16,보성군,세균벼알마름병,0
2021.08.16,순천시,세균벼알마름병,0
2021.08.16,신안군,세균벼알마름병,0
2021.08.16,여수시,세균벼알마름병,0
2021.08.16,영광군,세균벼알마름병,0
2021.08.16,영암군,세균벼알마름병,0
2021.08.16,완도군,세균벼알마름병,0
2021.08.16,장성군,세균벼알마름병,1
2021.08.16,장흥군,세균벼알마름병,0
2021.08.16,진도군,세균벼알마름병,0
2021.08.16,함평군,세균벼알마름병,0
2021.08.16,해남군,세균벼알마름병,0
2021.08.16,화순군,세균벼알마름병,0
2021.09.01,강진군,세균벼알마름병,1
2021.09.01,고흥군,세균벼알마름병,0
2021.09.01,곡성군,세균벼알마름병,0
2021.09.01,광양시,세균벼알마름병,0
2021.09.01,구례군,세균벼알마름병,0
2021.09.01,담양군,세균벼알마름병,1
2021.09.01,무안군,세균벼알마름병,0
2021.09.01,보성군,세균벼알마름병,1
2021.09.01,순천시,세균벼알마름병,1
2021.09.01,신안군,세균벼알마름병,0
2021.09.01,여수시,세균벼알마름병,0
2021.09.01,영암군,세균벼알마름병,1
2021.09.01,완도군,세균벼알마름병,0
2021.09.01,장성군,세균벼알마름병,1
2021.09.01,장흥군,세균벼알마름병,1
2021.09.01,진도군,세균벼알마름병,1
2021.09.01,함평군,세균벼알마름병,0
2021.09.01,해남군,세균벼알마름병,0
2021.09.01,화순군,세균벼알마름병,0
2021.09.16,강진군,세균벼알마름병,1
2021.09.16,고흥군,세균벼알마름병,1
2021.09.16,곡성군,세균벼알마름병,0
2021.09.16,광양시,세균벼알마름병,0
2021.09.16,구례군,세균벼알마름병,0
2021.09.16,나주시,세균벼알마름병,0
2021.09.16,담양군,세균벼알마름병,1
2021.09.16,무안군,세균벼알마름병,0
2021.09.16,보성군,세균벼알마름병,1
2021.09.16,순천시,세균벼알마름병,0
2021.09.16,신안군,세균벼알마름병,1
2021.09.16,여수시,세균벼알마름병,0
2021.09.16,영광군,세균벼알마름병,1
2021.09.16,영암군,세균벼알마름병,1
2021.09.16,완도군,세균벼알마름병,1
2021.09.16,장성군,세균벼알마름병,1
2021.09.16,장흥군,세균벼알마름병,1
2021.09.16,진도군,세균벼알마름병,1
2021.09.16,함평군,세균벼알마름병,0
2021.09.16,해남군,세균벼알마름병,1
2021.09.16,화순군,세균벼알마름병,0
2022.06.01,강진군,세균벼알마름병,0
2022.06.01,고흥군,세균벼알마름병,0
2022.06.01,곡성군,세균벼알마름병,0
2022.06.01,광양시,세균벼알마름병,0
2022.06.01,구례군,세균벼알마름병,0
2022.06.01,나주시,세균벼알마름병,0
2022.06.01,담양군,세균벼알마름병,0
2022.06.01,무안군,세균벼알마름병,0
2022.06.01,보성군,세균벼알마름병,0
2022.06.01,순천시,세균벼알마름병,0
2022.06.01,신안군,세균벼알마름병,0
2022.06.01,여수시,세균벼알마름병,0
2022.06.01,영광군,세균벼알마름병,0
2022.06.01,영암군,세균벼알마름병,0
2022.06.01,완도군,세균벼알마름병,0
2022.06.01,장성군,세균벼알마름병,0
2022.06.01,장흥군,세균벼알마름병,0
2022.06.01,진도군,세균벼알마름병,0
2022.06.01,함평군,세균벼알마름병,0
2022.06.01,해남군,세균벼알마름병,0
2022.06.01,화순군,세균벼알마름병,0
2022.06.16,강진군,세균벼알마름병,0
2022.06.16,고흥군,세균벼알마름병,0
2022.06.16,곡성군,세균벼알마름병,0
2022.06.16,광양시,세균벼알마름병,0
2022.06.16,구례군,세균벼알마름병,0
2022.06.16,나주시,세균벼알마름병,0
2022.06.16,담양군,세균벼알마름병,0
2022.06.16,무안군,세균벼알마름병,0
2022.06.16,보성군,세균벼알마름병,0
2022.06.16,순천시,세균벼알마름병,0
2022.06.16,신안군,세균벼알마름병,0
2022.06.16,여수시,세균벼알마름병,0
2022.06.16,영광군,세균벼알마름병,0
2022.06.16,영암군,세균벼알마름병,0
2022.06.16,완도군,세균벼알마름병,0
2022.06.16,장성군,세균벼알마름병,0
2022.06.16,장흥군,세균벼알마름병,0
2022.06.16,진도군,세균벼알마름병,0
2022.06.16,함평군,세균벼알마름병,0
2022.06.16,해남군,세균벼알마름병,0
2022.06.16,화순군,세균벼알마름병,0
2022.07.01,강진군,세균벼알마름병,0
2022.07.01,고흥군,세균벼알마름병,0
2022.07.01,곡성군,세균벼알마름병,0
2022.07.01,광양시,세균벼알마름병,0
2022.07.01,구례군,세균벼알마름병,0
2022.07.01,나주시,세균벼알마름병,0
2022.07.01,담양군,세균벼알마름병,0
2022.07.01,무안군,세균벼알마름병,0
2022.07.01,보성군,세균벼알마름병,0
2022.07.01,순천시,세균벼알마름병,0
2022.07.01,신안군,세균벼알마름병,0
2022.07.01,여수시,세균벼알마름병,0
2022.07.01,영광군,세균벼알마름병,0
2022.07.01,영암군,세균벼알마름병,0
2022.07.01,완도군,세균벼알마름병,0
2022.07.01,장성군,세균벼알마름병,0
2022.07.01,장흥군,세균벼알마름병,0
2022.07.01,진도군,세균벼알마름병,0
2022.07.01,함평군,세균벼알마름병,0
2022.07.01,해남군,세균벼알마름병,0
2022.07.01,화순군,세균벼알마름병,0
2022.07.16,강진군,세균벼알마름병,0
2022.07.16,고흥군,세균벼알마름병,0
2022.07.16,곡성군,세균벼알마름병,0
2022.07.16,광양시,세균벼알마름병,0
2022.07.16,구례군,세균벼알마름병,0
2022.07.16,나주시,세균벼알마름병,0
2022.07.16,담양군,세균벼알마름병,0
2022.07.16,무안군,세균벼알마름병,0
2022.07.16,보성군,세균벼알마름병,0
2022.07.16,순천시,세균벼알마름병,0
2022.07.16,신안군,세균벼알마름병,0
2022.07.16,여수시,세균벼알마름병,0
2022.07.16,영광군,세균벼알마름병,0
2022.07.16,영암군,세균벼알마름병,0
2022.07.16,완도군,세균벼알마름병,0
2022.07.16,장성군,세균벼알마름병,0
2022.07.16,장흥군,세균벼알마름병,0
2022.07.16,진도군,세균벼알마름병,0
2022.07.16,함평군,세균벼알마름병,0
2022.07.16,해남군,세균벼알마름병,0
2022.07.16,화순군,세균벼알마름병,0
2022.08.01,강진군,세균벼알마름병,0
2022.08.01,고흥군,세균벼알마름병,0
2022.08.01,곡성군,세균벼알마름병,0
2022.08.01,광양시,세균벼알마름병,0
2022.08.01,구례군,세균벼알마름병,0
2022.08.01,나주시,세균벼알마름병,0
2022.08.01,담양군,세균벼알마름병,0
2022.08.01,무안군,세균벼알마름병,0
2022.08.01,보성군,세균벼알마름병,0
2022.08.01,순천시,세균벼알마름병,0
2022.08.01,신안군,세균벼알마름병,0
2022.08.01,여수시,세균벼알마름병,0
2022.08.01,영광군,세균벼알마름병,0
2022.08.01,영암군,세균벼알마름병,0
2022.08.01,완도군,세균벼알마름병,0
2022.08.01,장성군,세균벼알마름병,0
2022.08.01,장흥군,세균벼알마름병,0
2022.08.01,진도군,세균벼알마름병,0
2022.08.01,함평군,세균벼알마름병,0
2022.08.01,화순군,세균벼알마름병,0
2022.08.16,강진군,세균벼알마름병,0
2022.08.16,고흥군,세균벼알마름병,0
2022.08.16,광양시,세균벼알마름병,0
2022.08.16,구례군,세균벼알마름병,0
2022.08.16,담양군,세균벼알마름병,0
2022.08.16,무안군,세균벼알마름병,0
2022.08.16,보성군,세균벼알마름병,0
2022.08.16,순천시,세균벼알마름병,0
2022.08.16,여수시,세균벼알마름병,1
2022.08.16,영암군,세균벼알마름병,0
2022.08.16,완도군,세균벼알마름병,0
2022.08.16,장성군,세균벼알마름병,0
2022.08.16,장흥군,세균벼알마름병,0
2022.08.16,진도군,세균벼알마름병,0
2022.08.16,함평군,세균벼알마름병,0
2022.08.16,해남군,세균벼알마름병,0
2022.08.16,화순군,세균벼알마름병,0
2022.09.01,강진군,세균벼알마름병,1
2022.09.01,고흥군,세균벼알마름병,1
2022.09.01,곡성군,세균벼알마름병,0
2022.09.01,광양시,세균벼알마름병,0
2022.09.01,구례군,세균벼알마름병,1
2022.09.01,담양군,세균벼알마름병,1
2022.09.01,보성군,세균벼알마름병,1
2022.09.01,순천시,세균벼알마름병,1
2022.09.01,신안군,세균벼알마름병,1
2022.09.01,여수시,세균벼알마름병,1
2022.09.01,영암군,세균벼알마름병,1
2022.09.01,완도군,세균벼알마름병,0
2022.09.01,장성군,세균벼알마름병,1
2022.09.01,장흥군,세균벼알마름병,1
2022.09.01,진도군,세균벼알마름병,1
2022.09.01,해남군,세균벼알마름병,1
2022.09.01,화순군,세균벼알마름병,0
2022.09.16,강진군,세균벼알마름병,1
2022.09.16,고흥군,세균벼알마름병,0
2022.09.16,곡성군,세균벼알마름병,0
2022.09.16,광양시,세균벼알마름병,0
2022.09.16,구례군,세균벼알마름병,1
2022.09.16,나주시,세균벼알마름병,1
2022.09.16,담양군,세균벼알마름병,1
2022.09.16,무안군,세균벼알마름병,1
2022.09.16,보성군,세균벼알마름병,0
2022.09.16,순천시,세균벼알마름병,1
2022.09.16,신안군,세균벼알마름병,0
2022.09.16,여수시,세균벼알마름병,1
2022.09.16,영광군,세균벼알마름병,1
2022.09.16,완도군,세균벼알마름병,0
2022.09.16,장성군,세균벼알마름병,1
2022.09.16,장흥군,세균벼알마름병,1
2022.09.16,진도군,세균벼알마름병,1
2022.09.16,함평군,세균벼알마름병,0
2022.09.16,해남군,세균벼알마름병,0
2022.09.16,화순군,세균벼알마름병,0
2023.06.01,강진군,세균벼알마름병,0
2023.06.01,곡성군,세균벼알마름병,0
2023.06.01,광양시,세균벼알마름병,0
2023.06.01,구례군,세균벼알마름병,0
2023.06.01,나주시,세균벼알마름병,0
2023.06.01,담양군,세균벼알마름병,0
2023.06.01,무안군,세균벼알마름병,0
2023.06.01,보성군,세균벼알마름병,0
2023.06.01,순천시,세균벼알마름병,0
2023.06.01,신안군,세균벼알마름병,0
2023.06.01,여수시,세균벼알마름병,0
2023.06.01,영광군,세균벼알마름병,0
2023.06.01,영암군,세균벼알마름병,0
2023.06.01,완도군,세균벼알마름병,0
2023.06.01,장성군,세균벼알마름병,0
2023.06.01,장흥군,세균벼알마름병,0
2023.06.01,진도군,세균벼알마름병,0
2023.06.01,함평군,세균벼알마름병,0
2023.06.01,해남군,세균벼알마름병,0
2023.06.01,화순군,세균벼알마름병,0
2023.06.16,강진군,세균벼알마름병,0
2023.06.16,곡성군,세균벼알마름병,0
2023.06.16,광양시,세균벼알마름병,0
2023.06.16,구례군,세균벼알마름병,0
2023.06.16,나주시,세균벼알마름병,0
2023.06.16,담양군,세균벼알마름병,0
2023.06.16,무안군,세균벼알마름병,0
2023.06.16,보성군,세균벼알마름병,0
2023.06.16,순천시,세균벼알마름병,0
2023.06.16,신안군,세균벼알마름병,0
2023.06.16,여수시,세균벼알마름병,0
2023.06.16,영광군,세균벼알마름병,0
2023.06.16,영암군,세균벼알마름병,0
2023.06.16,완도군,세균벼알마름병,0
2023.06.16,장성군,세균벼알마름병,0
2023.06.16,장흥군,세균벼알마름병,0
2023.06.16,진도군,세균벼알마름병,0
2023.06.16,함평군,세균벼알마름병,0
2023.06.16,해남군,세균벼알마름병,0
2023.06.16,화순군,세균벼알마름병,0
2023.07.01,강진군,세균벼알마름병,0
2023.07.01,고흥군,세균벼알마름병,0
2023.07.01,곡성군,세균벼알마름병,0
2023.07.01,광양시,세균벼알마름병,0
2023.07.01,구례군,세균벼알마름병,0
2023.07.01,나주시,세균벼알마름병,0
2023.07.01,담양군,세균벼알마름병,0
2023.07.01,무안군,세균벼알마름병,0
2023.07.01,보성군,세균벼알마름병,0
2023.07.01,순천시,세균벼알마름병,0
2023.07.01,신안군,세균벼알마름병,0
2023.07.01,여수시,세균벼알마름병,0
2023.07.01,영광군,세균벼알마름병,0
2023.07.01,영암군,세균벼알마름병,0
2023.07.01,완도군,세균벼알마름병,0
2023.07.01,장성군,세균벼알마름병,0
2023.07.01,장흥군,세균벼알마름병,0
2023.07.01,진도군,세균벼알마름병,0
2023.07.01,함평군,세균벼알마름병,0
2023.07.01,해남군,세균벼알마름병,0
2023.07.01,화순군,세균벼알마름병,0
2023.07.16,강진군,세균벼알마름병,0
2023.07.16,고흥군,세균벼알마름병,0
2023.07.16,곡성군,세균벼알마름병,0
2023.07.16,광양시,세균벼알마름병,0
2023.07.16,구례군,세균벼알마름병,0
2023.07.16,나주시,세균벼알마름병,0
2023.07.16,담양군,세균벼알마름병,0
2023.07.16,무안군,세균벼알마름병,0
2023.07.16,보성군,세균벼알마름병,0
2023.07.16,순천시,세균벼알마름병,0
2023.07.16,신안군,세균벼알마름병,0
2023.07.16,여수시,세균벼알마름병,0
2023.07.16,영광군,세균벼알마름병,0
2023.07.16,영암군,세균벼알마름병,0
2023.07.16,완도군,세균벼알마름병,0
2023.07.16,장성군,세균벼알마름병,0
2023.07.16,장흥군,세균벼알마름병,0
2023.07.16,진도군,세균벼알마름병,0
2023.07.16,함평군,세균벼알마름병,0
2023.07.16,해남군,세균벼알마름병,0
2023.07.16,화순군,세균벼알마름병,0
2023.08.01,강진군,세균벼알마름병,0
2023.08.01,고흥군,세균벼알마름병,0
2023.08.01,곡성군,세균벼알마름병,0
2023.08.01,광양시,세균벼알마름병,0
2023.08.01,구례군,세균벼알마름병,0
2023.08.01,나주시,세균벼알마름병,0
2023.08.01,담양군,세균벼알마름병,0
2023.08.01,무안군,세균벼알마름병,0
2023.08.01,보성군,세균벼알마름병,0
2023.08.01,순천시,세균벼알마름병,0
2023.08.01,신안군,세균벼알마름병,0
2023.08.01,여수시,세균벼알마름병,0
2023.08.01,영광군,세균벼알마름병,0
2023.08.01,영암군,세균벼알마름병,0
2023.08.01,완도군,세균벼알마름병,0
2023.08.01,장성군,세균벼알마름병,0
2023.08.01,장흥군,세균벼알마름병,0
2023.08.01,진도군,세균벼알마름병,0
2023.08.01,함평군,세균벼알마름병,0
2023.08.01,해남군,세균벼알마름병,0
2023.08.01,화순군,세균벼알마름병,0
2023.08.16,강진군,세균벼알마름병,0
2023.08.16,고흥군,세균벼알마름병,0
2023.08.16,곡성군,세균벼알마름병,0
2023.08.16,광양시,세균벼알마름병,0
2023.08.16,구례군,세균벼알마름병,0
2023.08.16,나주시,세균벼알마름병,0
2023.08.16,담양군,세균벼알마름병,0
2023.08.16,무안군,세균벼알마름병,0
2023.08.16,보성군,세균벼알마름병,1
2023.08.16,순천시,세균벼알마름병,0
2023.08.16,신안군,세균벼알마름병,0
2023.08.16,여수시,세균벼알마름병,0
2023.08.16,영광군,세균벼알마름병,0
2023.08.16,영암군,세균벼알마름병,0
2023.08.16,완도군,세균벼알마름병,0
2023.08.16,장성군,세균벼알마름병,1
2023.08.16,장흥군,세균벼알마름병,0
2023.08.16,진도군,세균벼알마름병,1
2023.08.16,함평군,세균벼알마름병,0
2023.08.16,해남군,세균벼알마름병,0
2023.08.16,화순군,세균벼알마름병,0
2023.09.01,강진군,세균벼알마름병,0
2023.09.01,고흥군,세균벼알마름병,0
2023.09.01,곡성군,세균벼알마름병,0
2023.09.01,광양시,세균벼알마름병,0
2023.09.01,구례군,세균벼알마름병,1
2023.09.01,나주시,세균벼알마름병,1
2023.09.01,담양군,세균벼알마름병,1
2023.09.01,무안군,세균벼알마름병,0
2023.09.01,보성군,세균벼알마름병,0
2023.09.01,순천시,세균벼알마름병,0
2023.09.01,신안군,세균벼알마름병,1
2023.09.01,여수시,세균벼알마름병,1
2023.09.01,영광군,세균벼알마름병,0
2023.09.01,영암군,세균벼알마름병,0
2023.09.01,완도군,세균벼알마름병,0
2023.09.01,장성군,세균벼알마름병,1
2023.09.01,장흥군,세균벼알마름병,0
2023.09.01,진도군,세균벼알마름병,1
2023.09.01,함평군,세균벼알마름병,1
2023.09.01,해남군,세균벼알마름병,0
2023.09.01,화순군,세균벼알마름병,1
2023.09.16,강진군,세균벼알마름병,1
2023.09.16,고흥군,세균벼알마름병,0
2023.09.16,곡성군,세균벼알마름병,0
2023.09.16,광양시,세균벼알마름병,0
2023.09.16,구례군,세균벼알마름병,1
2023.09.16,나주시,세균벼알마름병,1
2023.09.16,담양군,세균벼알마름병,1
2023.09.16,무안군,세균벼알마름병,0
2023.09.16,보성군,세균벼알마름병,1
2023.09.16,순천시,세균벼알마름병,0
2023.09.16,신안군,세균벼알마름병,1
2023.09.16,여수시,세균벼알마름병,1
2023.09.16,영광군,세균벼알마름병,0
2023.09.16,영암군,세균벼알마름병,0
2023.09.16,완도군,세균벼알마름병,0
2023.09.16,장성군,세균벼알마름병,1
2023.09.16,장흥군,세균벼알마름병,0
2023.09.16,진도군,세균벼알마름병,1
2023.09.16,함평군,세균벼알마름병,1
2023.09.16,해남군,세균벼알마름병,0
2023.09.16,화순군,세균벼알마름병,1
2024.06.01,강진군,세균벼알마름병,0
2024.06.01,고흥군,세균벼알마름병,0
2024.06.01,광양시,세균벼알마름병,0
2024.06.01,구례군,세균벼알마름병,0
2024.06.01,나주시,세균벼알마름병,0
2024.06.01,무안군,세균벼알마름병,0
2024.06.01,보성군,세균벼알마름병,0
2024.06.01,순천시,세균벼알마름병,0
2024.06.01,신안군,세균벼알마름병,0
2024.06.01,여수시,세균벼알마름병,0
2024.06.01,영암군,세균벼알마름병,0
2024.06.01,완도군,세균벼알마름병,0
2024.06.01,장성군,세균벼알마름병,0
2024.06.01,장흥군,세균벼알마름병,0
2024.06.01,진도군,세균벼알마름병,0
2024.06.01,해남군,세균벼알마름병,0
2024.06.01,화순군,세균벼알마름병,0
2024.06.16,강진군,세균벼알마름병,0
2024.06.16,고흥군,세균벼알마름병,0
2024.06.16,광양시,세균벼알마름병,0
2024.06.16,구례군,세균벼알마름병,0
2024.06.16,나주시,세균벼알마름병,0
2024.06.16,담양군,세균벼알마름병,0
2024.06.16,무안군,세균벼알마름병,0
2024.06.16,보성군,세균벼알마름병,0
2024.06.16,순천시,세균벼알마름병,0
2024.06.16,신안군,세균벼알마름병,0
2024.06.16,여수시,세균벼알마름병,0
2024.06.16,영광군,세균벼알마름병,0
2024.06.16,영암군,세균벼알마름병,0
2024.06.16,완도군,세균벼알마름병,0
2024.06.16,장성군,세균벼알마름병,0
2024.06.16,장흥군,세균벼알마름병,0
2024.06.16,진도군,세균벼알마름병,0
2024.06.16,해남군,세균벼알마름병,0
2024.06.16,화순군,세균벼알마름병,0
2024.07.01,강진군,세균벼알마름병,0
2024.07.01,고흥군,세균벼알마름병,0
2024.07.01,곡성군,세균벼알마름병,0
2024.07.01,광양시,세균벼알마름병,0
2024.07.01,구례군,세균벼알마름병,0
2024.07.01,나주시,세균벼알마름병,0
2024.07.01,담양군,세균벼알마름병,0
2024.07.01,무안군,세균벼알마름병,0
2024.07.01,보성군,세균벼알마름병,0
2024.07.01,순천시,세균벼알마름병,0
2024.07.01,신안군,세균벼알마름병,0
2024.07.01,여수시,세균벼알마름병,0
2024.07.01,영광군,세균벼알마름병,0
2024.07.01,영암군,세균벼알마름병,0
2024.07.01,완도군,세균벼알마름병,0
2024.07.01,장성군,세균벼알마름병,0
2024.07.01,장흥군,세균벼알마름병,0
2024.07.01,진도군,세균벼알마름병,0
2024.07.01,함평군,세균벼알마름병,0
2024.07.01,해남군,세균벼알마름병,0
2024.07.01,화순군,세균벼알마름병,0
2024.07.16,강진군,세균벼알마름병,0
2024.07.16,고흥군,세균벼알마름병,0
2024.07.16,곡성군,세균벼알마름병,0
2024.07.16,광양시,세균벼알마름병,0
2024.07.16,구례군,세균벼알마름병,0
2024.07.16,나주시,세균벼알마름병,0
2024.07.16,담양군,세균벼알마름병,0
2024.07.16,무안군,세균벼알마름병,0
2024.07.16,보성군,세균벼알마름병,0
2024.07.16,순천시,세균벼알마름병,0
2024.07.16,신안군,세균벼알마름병,0
2024.07.16,여수시,세균벼알마름병,0
2024.07.16,영광군,세균벼알마름병,0
2024.07.16,영암군,세균벼알마름병,0
2024.07.16,완도군,세균벼알마름병,0
2024.07.16,장성군,세균벼알마름병,0
2024.07.16,장흥군,세균벼알마름병,0
2024.07.16,진도군,세균벼알마름병,0
2024.07.16,함평군,세균벼알마름병,0
2024.07.16,해남군,세균벼알마름병,0
2024.07.16,화순군,세균벼알마름병,0
2024.08.01,강진군,세균벼알마름병,0
2024.08.01,고흥군,세균벼알마름병,0
2024.08.01,곡성군,세균벼알마름병,0
2024.08.01,광양시,세균벼알마름병,0
2024.08.01,구례군,세균벼알마름병,0
2024.08.01,나주시,세균벼알마름병,0
2024.08.01,담양군,세균벼알마름병,0
2024.08.01,무안군,세균벼알마름병,0
2024.08.01,보성군,세균벼알마름병,0
2024.08.01,순천시,세균벼알마름병,0
2024.08.01,신안군,세균벼알마름병,0
2024.08.01,여수시,세균벼알마름병,0
2024.08.01,영광군,세균벼알마름병,0
2024.08.01,영암군,세균벼알마름병,0
2024.08.01,완도군,세균벼알마름병,0
2024.08.01,장성군,세균벼알마름병,0
2024.08.01,장흥군,세균벼알마름병,0
2024.08.01,진도군,세균벼알마름병,1
2024.08.01,함평군,세균벼알마름병,0
2024.08.01,해남군,세균벼알마름병,0
2024.08.01,화순군,세균벼알마름병,0
2024.08.16,강진군,세균벼알마름병,0
2024.08.16,고흥군,세균벼알마름병,0
2024.08.16,곡성군,세균벼알마름병,0
2024.08.16,광양시,세균벼알마름병,0
2024.08.16,구례군,세균벼알마름병,0
2024.08.16,나주시,세균벼알마름병,0
2024.08.16,담양군,세균벼알마름병,0
2024.08.16,무안군,세균벼알마름병,0
2024.08.16,보성군,세균벼알마름병,0
2024.08.16,순천시,세균벼알마름병,0
2024.08.16,신안군,세균벼알마름병,0
2024.08.16,여수시,세균벼알마름병,0
2024.08.16,영광군,세균벼알마름병,0
2024.08.16,영암군,세균벼알마름병,0
2024.08.16,완도군,세균벼알마름병,0
2024.08.16,장성군,세균벼알마름병,0
2024.08.16,장흥군,세균벼알마름병,0
2024.08.16,진도군,세균벼알마름병,0
2024.08.16,함평군,세균벼알마름병,0
2024.08.16,해남군,세균벼알마름병,0
2024.08.16,화순군,세균벼알마름병,0
2024.09.01,강진군,세균벼알마름병,0
2024.09.01,고흥군,세균벼알마름병,0
2024.09.01,곡성군,세균벼알마름병,0
2024.09.01,광양시,세균벼알마름병,0
2024.09.01,구례군,세균벼알마름병,0
2024.09.01,나주시,세균벼알마름병,1
2024.09.01,담양군,세균벼알마름병,1
2024.09.01,무안군,세균벼알마름병,0
2024.09.01,보성군,세균벼알마름병,0
2024.09.01,순천시,세균벼알마름병,0
2024.09.01,신안군,세균벼알마름병,0
2024.09.01,여수시,세균벼알마름병,1
2024.09.01,영광군,세균벼알마름병,0
2024.09.01,영암군,세균벼알마름병,1
2024.09.01,완도군,세균벼알마름병,0
2024.09.01,장성군,세균벼알마름병,1
2024.09.01,장흥군,세균벼알마름병,1
2024.09.01,진도군,세균벼알마름병,1
2024.09.01,함평군,세균벼알마름병,1
2024.09.01,해남군,세균벼알마름병,0
2024.09.01,화순군,세균벼알마름병,0
2024.09.16,강진군,세균벼알마름병,0
2024.09.16,고흥군,세균벼알마름병,0
2024.09.16,곡성군,세균벼알마름병,0
2024.09.16,광양시,세균벼알마름병,0
2024.09.16,구례군,세균벼알마름병,0
2024.09.16,나주시,세균벼알마름병,1
2024.09.16,담양군,세균벼알마름병,1
2024.09.16,무안군,세균벼알마름병,0
2024.09.16,보성군,세균벼알마름병,0
2024.09.16,순천시,세균벼알마름병,0
2024.09.16,신안군,세균벼알마름병,0
2024.09.16,여수시,세균벼알마름병,1
2024.09.16,영광군,세균벼알마름병,0
2024.09.16,영암군,세균벼알마름병,1
2024.09.16,완도군,세균벼알마름병,0
2024.09.16,장성군,세균벼알마름병,1
2024.09.16,장흥군,세균벼알마름병,1
2024.09.16,진도군,세균벼알마름병,1
2024.09.16,함평군,세균벼알마름병,1
2024.09.16,해남군,세균벼알마름병,0
2024.09.16,화순군,세균벼알마름병,1
2025.06.01,강진군,세균벼알마름병,0
2025.06.01,고흥군,세균벼알마름병,0
2025.06.01,곡성군,세균벼알마름병,0
2025.06.01,광양시,세균벼알마름병,0
2025.06.01,구례군,세균벼알마름병,0
2025.06.01,나주시,세균벼알마름병,0
2025.06.01,담양군,세균벼알마름병,0
2025.06.01,무안군,세균벼알마름병,0
2025.06.01,보성군,세균벼알마름병,0
2025.06.01,순천시,세균벼알마름병,0
2025.06.01,신안군,세균벼알마름병,0
2025.06.01,여수시,세균벼알마름병,0
2025.06.01,영광군,세균벼알마름병,0
2025.06.01,영암군,세균벼알마름병,0
2025.06.01,완도군,세균벼알마름병,0
2025.06.01,장성군,세균벼알마름병,0
2025.06.01,장흥군,세균벼알마름병,0
2025.06.01,진도군,세균벼알마름병,0
2025.06.01,함평군,세균벼알마름병,0
2025.06.01,해남군,세균벼알마름병,0
2025.06.01,화순군,세균벼알마름병,0
2025.06.16,강진군,세균벼알마름병,0
2025.06.16,고흥군,세균벼알마름병,0
2025.06.16,곡성군,세균벼알마름병,0
2025.06.16,광양시,세균벼알마름병,0
2025.06.16,구례군,세균벼알마름병,0
2025.06.16,나주시,세균벼알마름병,0
2025.06.16,담양군,세균벼알마름병,0
2025.06.16,무안군,세균벼알마름병,0
2025.06.16,보성군,세균벼알마름병,0
2025.06.16,순천시,세균벼알마름병,0
2025.06.16,신안군,세균벼알마름병,0
2025.06.16,여수시,세균벼알마름병,0
2025.06.16,영광군,세균벼알마름병,0
2025.06.16,영암군,세균벼알마름병,0
2025.06.16,완도군,세균벼알마름병,0
2025.06.16,장성군,세균벼알마름병,0
2025.06.16,장흥군,세균벼알마름병,0
2025.06.16,진도군,세균벼알마름병,0
2025.06.16,함평군,세균벼알마름병,0
2025.06.16,해남군,세균벼알마름병,0
2025.06.16,화순군,세균벼알마름병,0
2025.07.01,강진군,세균벼알마름병,0
2025.07.01,고흥군,세균벼알마름병,0
2025.07.01,곡성군,세균벼알마름병,0
2025.07.01,광양시,세균벼알마름병,0
2025.07.01,구례군,세균벼알마름병,0
2025.07.01,나주시,세균벼알마름병,0
2025.07.01,담양군,세균벼알마름병,0
2025.07.01,무안군,세균벼알마름병,0
2025.07.01,보성군,세균벼알마름병,0
2025.07.01,순천시,세균벼알마름병,0
2025.07.01,신안군,세균벼알마름병,0
2025.07.01,여수시,세균벼알마름병,0
2025.07.01,영광군,세균벼알마름병,0
2025.07.01,영암군,세균벼알마름병,0
2025.07.01,완도군,세균벼알마름병,0
2025.07.01,장성군,세균벼알마름병,0
2025.07.01,진도군,세균벼알마름병,0
2025.07.01,함평군,세균벼알마름병,0
2025.07.01,해남군,세균벼알마름병,0
2025.07.01,화순군,세균벼알마름병,0
2025.07.16,강진군,세균벼알마름병,0
2025.07.16,고흥군,세균벼알마름병,0
2025.07.16,곡성군,세균벼알마름병,0
2025.07.16,광양시,세균벼알마름병,0
2025.07.16,구례군,세균벼알마름병,0
2025.07.16,나주시,세균벼알마름병,0
2025.07.16,담양군,세균벼알마름병,0
2025.07.16,무안군,세균벼알마름병,0
2025.07.16,보성군,세균벼알마름병,0
2025.07.16,순천시,세균벼알마름병,0
2025.07.16,신안군,세균벼알마름병,0
2025.07.16,여수시,세균벼알마름병,0
2025.07.16,영광군,세균벼알마름병,0
2025.07.16,영암군,세균벼알마름병,0
2025.07.16,완도군,세균벼알마름병,0
2025.07.16,장성군,세균벼알마름병,0
2025.07.16,장흥군,세균벼알마름병,0
2025.07.16,진도군,세균벼알마름병,0
2025.07.16,함평군,세균벼알마름병,0
2025.07.16,해남군,세균벼알마름병,0
2025.07.16,화순군,세균벼알마름병,0
2025.08.01,강진군,세균벼알마름병,0
2025.08.01,고흥군,세균벼알마름병,0
2025.08.01,광양시,세균벼알마름병,0
2025.08.01,구례군,세균벼알마름병,0
2025.08.01,담양군,세균벼알마름병,0
2025.08.01,무안군,세균벼알마름병,0
2025.08.01,보성군,세균벼알마름병,0
2025.08.01,신안군,세균벼알마름병,0
2025.08.01,여수시,세균벼알마름병,0
2025.08.01,영광군,세균벼알마름병,0
2025.08.01,영암군,세균벼알마름병,0
2025.08.01,완도군,세균벼알마름병,0
2025.08.01,장성군,세균벼알마름병,0
2025.08.01,장흥군,세균벼알마름병,0
2025.08.01,진도군,세균벼알마름병,0
2025.08.01,함평군,세균벼알마름병,0
2025.08.01,해남군,세균벼알마름병,0
2025.08.01,화순군,세균벼알마름병,0
2025.08.16,강진군,세균벼알마름병,0
2025.08.16,고흥군,세균벼알마름병,0
2025.08.16,곡성군,세균벼알마름병,0
2025.08.16,광양시,세균벼알마름병,0
2025.08.16,구례군,세균벼알마름병,0
2025.08.16,나주시,세균벼알마름병,0
2025.08.16,담양군,세균벼알마름병,0
2025.08.16,무안군,세균벼알마름병,0
2025.08.16,보성군,세균벼알마름병,0
2025.08.16,순천시,세균벼알마름병,0
2025.08.16,신안군,세균벼알마름병,0
2025.08.16,여수시,세균벼알마름병,0
2025.08.16,영광군,세균벼알마름병,0
2025.08.16,영암군,세균벼알마름병,0
2025.08.16,완도군,세균벼알마름병,0
2025.08.16,장성군,세균벼알마름병,0
2025.08.16,장흥군,세균벼알마름병,0
2025.08.16,진도군,세균벼알마름병,1
2025.08.16,함평군,세균벼알마름병,0
2025.08.16,해남군,세균벼알마름병,0
2025.08.16,화순군,세균벼알마름병,0
2025.09.01,강진군,세균벼알마름병,0
2025.09.01,고흥군,세균벼알마름병,0
2025.09.01,곡성군,세균벼알마름병,0
2025.09.01,광양시,세균벼알마름병,0
2025.09.01,구례군,세균벼알마름병,0
2025.09.01,나주시,세균벼알마름병,0
2025.09.01,담양군,세균벼알마름병,0
2025.09.01,무안군,세균벼알마름병,0
2025.09.01,보성군,세균벼알마름병,0
2025.09.01,순천시,세균벼알마름병,0
2025.09.01,신안군,세균벼알마름병,0
2025.09.01,여수시,세균벼알마름병,1
2025.09.01,영광군,세균벼알마름병,0
2025.09.01,영암군,세균벼알마름병,1
2025.09.01,완도군,세균벼알마름병,0
2025.09.01,장성군,세균벼알마름병,0
2025.09.01,장흥군,세균벼알마름병,0
2025.09.01,진도군,세균벼알마름병,0
2025.09.01,함평군,세균벼알마름병,1
2025.09.01,해남군,세균벼알마름병,0
2025.09.01,화순군,세균벼알마름병,1
2025.09.16,강진군,세균벼알마름병,0
2025.09.16,고흥군,세균벼알마름병,0
2025.09.16,곡성군,세균벼알마름병,0
2025.09.16,광양시,세균벼알마름병,0
2025.09.16,구례군,세균벼알마름병,1
2025.09.16,나주시,세균벼알마름병,0
2025.09.16,담양군,세균벼알마름병,1
2025.09.16,무안군,세균벼알마름병,0
2025.09.16,보성군,세균벼알마름병,0
2025.09.16,순천시,세균벼알마름병,1
2025.09.16,신안군,세균벼알마름병,0
2025.09.16,여수시,세균벼알마름병,1
2025.09.16,영광군,세균벼알마름병,0
2025.09.16,영암군,세균벼알마름병,1
2025.09.16,완도군,세균벼알마름병,0
2025.09.16,장성군,세균벼알마름병,0
2025.09.16,장흥군,세균벼알마름병,0
2025.09.16,진도군,세균벼알마름병,0
2025.09.16,함평군,세균벼알마름병,1
2025.09.16,해남군,세균벼알마름병,0
2025.09.16,화순군,세균벼알마름병,0
2014.09.16,강진군,애멸구,0
2014.09.16,고흥군,애멸구,0
2014.09.16,곡성군,애멸구,0
2014.09.16,광양시,애멸구,0
2014.09.16,구례군,애멸구,0
2014.09.16,나주시,애멸구,0
2014.09.16,담양군,애멸구,0
2014.09.16,무안군,애멸구,0
2014.09.16,보성군,애멸구,0
2014.09.16,순천시,애멸구,0
2014.09.16,신안군,애멸구,0
2014.09.16,여수시,애멸구,0
2014.09.16,영광군,애멸구,0
2014.09.16,영암군,애멸구,0
2014.09.16,완도군,애멸구,0
2014.09.16,장성군,애멸구,0
2014.09.16,장흥군,애멸구,0
2014.09.16,진도군,애멸구,0
2014.09.16,함평군,애멸구,0
2014.09.16,해남군,애멸구,0
2014.09.16,화순군,애멸구,0
2015.06.16,강진군,애멸구,0
2015.06.16,고흥군,애멸구,0
2015.06.16,곡성군,애멸구,0
2015.06.16,광양시,애멸구,0
2015.06.16,구례군,애멸구,0
2015.06.16,나주시,애멸구,0
2015.06.16,담양군,애멸구,0
2015.06.16,무안군,애멸구,0
2015.06.16,보성군,애멸구,0
2015.06.16,순천시,애멸구,0
2015.06.16,신안군,애멸구,0
2015.06.16,여수시,애멸구,0
2015.06.16,영광군,애멸구,0
2015.06.16,영암군,애멸구,0
2015.06.16,완도군,애멸구,0
2015.06.16,장성군,애멸구,0
2015.06.16,장흥군,애멸구,0
2015.06.16,진도군,애멸구,0
2015.06.16,함평군,애멸구,0
2015.06.16,해남군,애멸구,0
2015.06.16,화순군,애멸구,0
2015.07.01,강진군,애멸구,0
2015.07.01,고흥군,애멸구,0
2015.07.01,곡성군,애멸구,0
2015.07.01,광양시,애멸구,0
2015.07.01,구례군,애멸구,0
2015.07.01,나주시,애멸구,0
2015.07.01,담양군,애멸구,0
2015.07.01,무안군,애멸구,0
2015.07.01,보성군,애멸구,1
2015.07.01,순천시,애멸구,0
2015.07.01,신안군,애멸구,0
2015.07.01,여수시,애멸구,0
2015.07.01,영광군,애멸구,0
2015.07.01,영암군,애멸구,0
2015.07.01,완도군,애멸구,0
2015.07.01,장성군,애멸구,0
2015.07.01,장흥군,애멸구,1
2015.07.01,진도군,애멸구,1
2015.07.01,함평군,애멸구,0
2015.07.01,해남군,애멸구,0
2015.07.01,화순군,애멸구,0
2015.07.16,강진군,애멸구,0
2015.07.16,고흥군,애멸구,0
2015.07.16,곡성군,애멸구,0
2015.07.16,광양시,애멸구,0
2015.07.16,구례군,애멸구,0
2015.07.16,나주시,애멸구,0
2015.07.16,담양군,애멸구,0
2015.07.16,무안군,애멸구,0
2015.07.16,보성군,애멸구,1
2015.07.16,순천시,애멸구,0
2015.07.16,신안군,애멸구,1
2015.07.16,여수시,애멸구,0
2015.07.16,영광군,애멸구,0
2015.07.16,영암군,애멸구,1
2015.07.16,완도군,애멸구,0
2015.07.16,장성군,애멸구,0
2015.07.16,장흥군,애멸구,1
2015.07.16,진도군,애멸구,1
2015.07.16,함평군,애멸구,0
2015.07.16,해남군,애멸구,0
2015.07.16,화순군,애멸구,0
2015.08.01,강진군,애멸구,0
2015.08.01,고흥군,애멸구,0
2015.08.01,곡성군,애멸구,0
2015.08.01,광양시,애멸구,0
2015.08.01,구례군,애멸구,0
2015.08.01,나주시,애멸구,0
2015.08.01,담양군,애멸구,0
2015.08.01,무안군,애멸구,0
2015.08.01,보성군,애멸구,1
2015.08.01,순천시,애멸구,0
2015.08.01,신안군,애멸구,0
2015.08.01,여수시,애멸구,0
2015.08.01,영광군,애멸구,0
2015.08.01,영암군,애멸구,0
2015.08.01,완도군,애멸구,0
2015.08.01,장성군,애멸구,0
2015.08.01,장흥군,애멸구,1
2015.08.01,진도군,애멸구,0
2015.08.01,함평군,애멸구,0
2015.08.01,해남군,애멸구,1
2015.08.01,화순군,애멸구,0
2015.08.16,강진군,애멸구,0
2015.08.16,고흥군,애멸구,0
2015.08.16,곡성군,애멸구,0
2015.08.16,광양시,애멸구,0
2015.08.16,구례군,애멸구,0
2015.08.16,나주시,애멸구,0
2015.08.16,담양군,애멸구,0
2015.08.16,무안군,애멸구,0
2015.08.16,보성군,애멸구,1
2015.08.16,순천시,애멸구,0
2015.08.16,신안군,애멸구,0
2015.08.16,여수시,애멸구,0
2015.08.16,영광군,애멸구,0
2015.08.16,영암군,애멸구,0
2015.08.16,완도군,애멸구,0
2015.08.16,장성군,애멸구,0
2015.08.16,장흥군,애멸구,1
2015.08.16,진도군,애멸구,0
2015.08.16,함평군,애멸구,0
2015.08.16,해남군,애멸구,0
2015.08.16,화순군,애멸구,0
2016.06.01,강진군,애멸구,0
2016.06.01,고흥군,애멸구,0
2016.06.01,곡성군,애멸구,0
2016.06.01,광양시,애멸구,0
2016.06.01,구례군,애멸구,0
2016.06.01,나주시,애멸구,0
2016.06.01,담양군,애멸구,0
2016.06.01,무안군,애멸구,0
2016.06.01,보성군,애멸구,0
2016.06.01,순천시,애멸구,0
2016.06.01,신안군,애멸구,0
2016.06.01,여수시,애멸구,0
2016.06.01,영광군,애멸구,0
2016.06.01,영암군,애멸구,0
2016.06.01,완도군,애멸구,0
2016.06.01,장성군,애멸구,0
2016.06.01,장흥군,애멸구,0
2016.06.01,진도군,애멸구,0
2016.06.01,함평군,애멸구,0
2016.06.01,해남군,애멸구,0
2016.06.01,화순군,애멸구,0
2016.06.16,강진군,애멸구,0
2016.06.16,고흥군,애멸구,0
2016.06.16,곡성군,애멸구,0
2016.06.16,광양시,애멸구,0
2016.06.16,구례군,애멸구,0
2016.06.16,나주시,애멸구,0
2016.06.16,담양군,애멸구,0
2016.06.16,무안군,애멸구,0
2016.06.16,보성군,애멸구,0
2016.06.16,순천시,애멸구,0
2016.06.16,신안군,애멸구,0
2016.06.16,여수시,애멸구,0
2016.06.16,영광군,애멸구,0
2016.06.16,영암군,애멸구,0
2016.06.16,완도군,애멸구,0
2016.06.16,장성군,애멸구,0
2016.06.16,장흥군,애멸구,0
2016.06.16,진도군,애멸구,0
2016.06.16,함평군,애멸구,0
2016.06.16,해남군,애멸구,0
2016.06.16,화순군,애멸구,0
2016.07.01,강진군,애멸구,0
2016.07.01,고흥군,애멸구,0
2016.07.01,곡성군,애멸구,0
2016.07.01,광양시,애멸구,0
2016.07.01,구례군,애멸구,0
2016.07.01,나주시,애멸구,0
2016.07.01,담양군,애멸구,0
2016.07.01,무안군,애멸구,0
2016.07.01,보성군,애멸구,0
2016.07.01,순천시,애멸구,0
2016.07.01,신안군,애멸구,0
2016.07.01,여수시,애멸구,0
2016.07.01,영광군,애멸구,0
2016.07.01,영암군,애멸구,1
2016.07.01,완도군,애멸구,1
2016.07.01,장성군,애멸구,0
2016.07.01,장흥군,애멸구,1
2016.07.01,진도군,애멸구,1
2016.07.01,함평군,애멸구,0
2016.07.01,해남군,애멸구,0
2016.07.01,화순군,애멸구,0
2016.07.16,강진군,애멸구,0
2016.07.16,고흥군,애멸구,0
2016.07.16,곡성군,애멸구,0
2016.07.16,광양시,애멸구,0
2016.07.16,구례군,애멸구,0
2016.07.16,나주시,애멸구,0
2016.07.16,담양군,애멸구,1
2016.07.16,무안군,애멸구,0
2016.07.16,보성군,애멸구,0
2016.07.16,순천시,애멸구,0
2016.07.16,신안군,애멸구,1
2016.07.16,여수시,애멸구,0
2016.07.16,영광군,애멸구,1
2016.07.16,영암군,애멸구,0
2016.07.16,완도군,애멸구,0
2016.07.16,장성군,애멸구,0
2016.07.16,장흥군,애멸구,1
2016.07.16,진도군,애멸구,1
2016.07.16,함평군,애멸구,0
2016.07.16,해남군,애멸구,1
2016.07.16,화순군,애멸구,0
2016.08.01,강진군,애멸구,0
2016.08.01,고흥군,애멸구,0
2016.08.01,곡성군,애멸구,0
2016.08.01,광양시,애멸구,0
2016.08.01,구례군,애멸구,0
2016.08.01,나주시,애멸구,0
2016.08.01,담양군,애멸구,0
2016.08.01,무안군,애멸구,0
2016.08.01,보성군,애멸구,0
2016.08.01,순천시,애멸구,0
2016.08.01,신안군,애멸구,1
2016.08.01,여수시,애멸구,0
2016.08.01,영광군,애멸구,1
2016.08.01,영암군,애멸구,0
2016.08.01,완도군,애멸구,0
2016.08.01,장성군,애멸구,0
2016.08.01,장흥군,애멸구,1
2016.08.01,진도군,애멸구,1
2016.08.01,함평군,애멸구,0
2016.08.01,해남군,애멸구,0
2016.08.01,화순군,애멸구,0
2016.08.16,강진군,애멸구,0
2016.08.16,고흥군,애멸구,0
2016.08.16,곡성군,애멸구,0
2016.08.16,광양시,애멸구,0
2016.08.16,구례군,애멸구,0
2016.08.16,나주시,애멸구,0
2016.08.16,담양군,애멸구,0
2016.08.16,무안군,애멸구,0
2016.08.16,보성군,애멸구,0
2016.08.16,순천시,애멸구,0
2016.08.16,신안군,애멸구,0
2016.08.16,여수시,애멸구,0
2016.08.16,영광군,애멸구,0
2016.08.16,영암군,애멸구,0
2016.08.16,완도군,애멸구,0
2016.08.16,장성군,애멸구,0
2016.08.16,장흥군,애멸구,0
2016.08.16,진도군,애멸구,0
2016.08.16,함평군,애멸구,0
2016.08.16,해남군,애멸구,0
2016.08.16,화순군,애멸구,0
2016.09.01,강진군,애멸구,0
2016.09.01,고흥군,애멸구,0
2016.09.01,곡성군,애멸구,0
2016.09.01,광양시,애멸구,0
2016.09.01,구례군,애멸구,0
2016.09.01,나주시,애멸구,0
2016.09.01,담양군,애멸구,0
2016.09.01,무안군,애멸구,0
2016.09.01,보성군,애멸구,0
2016.09.01,순천시,애멸구,0
2016.09.01,신안군,애멸구,0
2016.09.01,여수시,애멸구,0
2016.09.01,영광군,애멸구,0
2016.09.01,영암군,애멸구,0
2016.09.01,완도군,애멸구,0
2016.09.01,장성군,애멸구,0
2016.09.01,장흥군,애멸구,0
2016.09.01,진도군,애멸구,0
2016.09.01,함평군,애멸구,0
2016.09.01,해남군,애멸구,0
2016.09.01,화순군,애멸구,0
2016.09.16,강진군,애멸구,0
2016.09.16,고흥군,애멸구,0
2016.09.16,곡성군,애멸구,0
2016.09.16,광양시,애멸구,0
2016.09.16,구례군,애멸구,0
2016.09.16,나주시,애멸구,0
2016.09.16,담양군,애멸구,0
2016.09.16,무안군,애멸구,0
2016.09.16,보성군,애멸구,0
2016.09.16,순천시,애멸구,0
2016.09.16,신안군,애멸구,0
2016.09.16,여수시,애멸구,0
2016.09.16,영광군,애멸구,0
2016.09.16,영암군,애멸구,0
2016.09.16,완도군,애멸구,0
2016.09.16,장성군,애멸구,0
2016.09.16,장흥군,애멸구,0
2016.09.16,진도군,애멸구,0
2016.09.16,함평군,애멸구,0
2016.09.16,해남군,애멸구,0
2016.09.16,화순군,애멸구,0
2017.06.01,강진군,애멸구,0
2017.06.01,고흥군,애멸구,0
2017.06.01,곡성군,애멸구,0
2017.06.01,광양시,애멸구,0
2017.06.01,구례군,애멸구,0
2017.06.01,나주시,애멸구,0
2017.06.01,담양군,애멸구,0
2017.06.01,무안군,애멸구,0
2017.06.01,보성군,애멸구,0
2017.06.01,순천시,애멸구,0
2017.06.01,신안군,애멸구,0
2017.06.01,여수시,애멸구,0
2017.06.01,영광군,애멸구,0
2017.06.01,영암군,애멸구,0
2017.06.01,완도군,애멸구,0
2017.06.01,장성군,애멸구,0
2017.06.01,장흥군,애멸구,0
2017.06.01,진도군,애멸구,0
2017.06.01,함평군,애멸구,0
2017.06.01,해남군,애멸구,0
2017.06.01,화순군,애멸구,0
2017.06.16,강진군,애멸구,0
2017.06.16,고흥군,애멸구,0
2017.06.16,곡성군,애멸구,0
2017.06.16,광양시,애멸구,0
2017.06.16,구례군,애멸구,0
2017.06.16,나주시,애멸구,0
2017.06.16,담양군,애멸구,0
2017.06.16,무안군,애멸구,0
2017.06.16,보성군,애멸구,1
2017.06.16,순천시,애멸구,0
2017.06.16,신안군,애멸구,0
2017.06.16,여수시,애멸구,0
2017.06.16,영광군,애멸구,0
2017.06.16,영암군,애멸구,0
2017.06.16,완도군,애멸구,0
2017.06.16,장성군,애멸구,0
2017.06.16,장흥군,애멸구,0
2017.06.16,진도군,애멸구,1
2017.06.16,함평군,애멸구,0
2017.06.16,해남군,애멸구,1
2017.06.16,화순군,애멸구,0
2017.07.01,강진군,애멸구,0
2017.07.01,고흥군,애멸구,0
2017.07.01,곡성군,애멸구,0
2017.07.01,광양시,애멸구,0
2017.07.01,구례군,애멸구,0
2017.07.01,나주시,애멸구,0
2017.07.01,담양군,애멸구,0
2017.07.01,무안군,애멸구,0
2017.07.01,보성군,애멸구,0
2017.07.01,순천시,애멸구,0
2017.07.01,신안군,애멸구,1
2017.07.01,여수시,애멸구,0
2017.07.01,영광군,애멸구,0
2017.07.01,영암군,애멸구,0
2017.07.01,완도군,애멸구,0
2017.07.01,장성군,애멸구,0
2017.07.01,장흥군,애멸구,0
2017.07.01,진도군,애멸구,1
2017.07.01,함평군,애멸구,0
2017.07.01,해남군,애멸구,1
2017.07.01,화순군,애멸구,0
2017.07.16,강진군,애멸구,0
2017.07.16,고흥군,애멸구,0
2017.07.16,곡성군,애멸구,0
2017.07.16,광양시,애멸구,0
2017.07.16,구례군,애멸구,0
2017.07.16,나주시,애멸구,0
2017.07.16,담양군,애멸구,0
2017.07.16,무안군,애멸구,0
2017.07.16,보성군,애멸구,0
2017.07.16,순천시,애멸구,0
2017.07.16,신안군,애멸구,1
2017.07.16,여수시,애멸구,0
2017.07.16,영광군,애멸구,1
2017.07.16,영암군,애멸구,0
2017.07.16,완도군,애멸구,0
2017.07.16,장성군,애멸구,0
2017.07.16,장흥군,애멸구,1
2017.07.16,진도군,애멸구,1
2017.07.16,함평군,애멸구,0
2017.07.16,해남군,애멸구,0
2017.07.16,화순군,애멸구,0
2017.08.01,강진군,애멸구,0
2017.08.01,고흥군,애멸구,0
2017.08.01,곡성군,애멸구,0
2017.08.01,광양시,애멸구,0
2017.08.01,구례군,애멸구,0
2017.08.01,나주시,애멸구,0
2017.08.01,담양군,애멸구,0
2017.08.01,무안군,애멸구,0
2017.08.01,보성군,애멸구,1
2017.08.01,순천시,애멸구,0
2017.08.01,신안군,애멸구,0
2017.08.01,여수시,애멸구,0
2017.08.01,영광군,애멸구,0
2017.08.01,영암군,애멸구,0
2017.08.01,완도군,애멸구,1
2017.08.01,장성군,애멸구,0
2017.08.01,장흥군,애멸구,1
2017.08.01,진도군,애멸구,1
2017.08.01,함평군,애멸구,0
2017.08.01,해남군,애멸구,0
2017.08.01,화순군,애멸구,0
2017.08.16,강진군,애멸구,0
2017.08.16,고흥군,애멸구,0
2017.08.16,곡성군,애멸구,0
2017.08.16,광양시,애멸구,0
2017.08.16,구례군,애멸구,0
2017.08.16,나주시,애멸구,0
2017.08.16,담양군,애멸구,0
2017.08.16,무안군,애멸구,0
2017.08.16,보성군,애멸구,1
2017.08.16,순천시,애멸구,0
2017.08.16,신안군,애멸구,0
2017.08.16,여수시,애멸구,0
2017.08.16,영광군,애멸구,0
2017.08.16,영암군,애멸구,0
2017.08.16,완도군,애멸구,1
2017.08.16,장성군,애멸구,0
2017.08.16,장흥군,애멸구,1
2017.08.16,진도군,애멸구,0
2017.08.16,함평군,애멸구,0
2017.08.16,해남군,애멸구,0
2017.08.16,화순군,애멸구,0
2017.09.01,강진군,애멸구,0
2017.09.01,고흥군,애멸구,0
2017.09.01,곡성군,애멸구,0
2017.09.01,광양시,애멸구,1
2017.09.01,구례군,애멸구,0
2017.09.01,나주시,애멸구,0
2017.09.01,담양군,애멸구,0
2017.09.01,무안군,애멸구,0
2017.09.01,보성군,애멸구,1
2017.09.01,순천시,애멸구,0
2017.09.01,신안군,애멸구,1
2017.09.01,여수시,애멸구,0
2017.09.01,영광군,애멸구,0
2017.09.01,영암군,애멸구,0
2017.09.01,완도군,애멸구,1
2017.09.01,장성군,애멸구,0
2017.09.01,장흥군,애멸구,0
2017.09.01,진도군,애멸구,0
2017.09.01,함평군,애멸구,0
2017.09.01,해남군,애멸구,0
2017.09.01,화순군,애멸구,0
2017.09.16,강진군,애멸구,0
2017.09.16,고흥군,애멸구,0
2017.09.16,곡성군,애멸구,0
2017.09.16,광양시,애멸구,0
2017.09.16,구례군,애멸구,0
2017.09.16,나주시,애멸구,0
2017.09.16,담양군,애멸구,0
2017.09.16,무안군,애멸구,0
2017.09.16,보성군,애멸구,0
2017.09.16,순천시,애멸구,0
2017.09.16,신안군,애멸구,0
2017.09.16,여수시,애멸구,0
2017.09.16,영광군,애멸구,1
2017.09.16,영암군,애멸구,0
2017.09.16,완도군,애멸구,0
2017.09.16,장성군,애멸구,0
2017.09.16,장흥군,애멸구,0
2017.09.16,진도군,애멸구,0
2017.09.16,함평군,애멸구,0
2017.09.16,해남군,애멸구,0
2017.09.16,화순군,애멸구,0
2018.06.01,강진군,애멸구,0
2018.06.01,고흥군,애멸구,0
2018.06.01,곡성군,애멸구,0
2018.06.01,광양시,애멸구,0
2018.06.01,구례군,애멸구,0
2018.06.01,나주시,애멸구,0
2018.06.01,담양군,애멸구,0
2018.06.01,무안군,애멸구,0
2018.06.01,보성군,애멸구,0
2018.06.01,순천시,애멸구,0
2018.06.01,신안군,애멸구,0
2018.06.01,여수시,애멸구,0
2018.06.01,영광군,애멸구,0
2018.06.01,영암군,애멸구,0
2018.06.01,완도군,애멸구,0
2018.06.01,장성군,애멸구,0
2018.06.01,장흥군,애멸구,0
2018.06.01,진도군,애멸구,0
2018.06.01,함평군,애멸구,0
2018.06.01,해남군,애멸구,0
2018.06.01,화순군,애멸구,0
2018.06.16,강진군,애멸구,0
2018.06.16,고흥군,애멸구,0
2018.06.16,곡성군,애멸구,0
2018.06.16,광양시,애멸구,0
2018.06.16,구례군,애멸구,0
2018.06.16,나주시,애멸구,0
2018.06.16,담양군,애멸구,0
2018.06.16,무안군,애멸구,0
2018.06.16,보성군,애멸구,0
2018.06.16,순천시,애멸구,0
2018.06.16,신안군,애멸구,0
2018.06.16,여수시,애멸구,0
2018.06.16,영광군,애멸구,0
2018.06.16,영암군,애멸구,0
2018.06.16,완도군,애멸구,0
2018.06.16,장성군,애멸구,0
2018.06.16,장흥군,애멸구,0
2018.06.16,진도군,애멸구,1
2018.06.16,함평군,애멸구,0
2018.06.16,해남군,애멸구,0
2018.06.16,화순군,애멸구,0
2018.07.01,강진군,애멸구,0
2018.07.01,고흥군,애멸구,0
2018.07.01,광양시,애멸구,0
2018.07.01,나주시,애멸구,0
2018.07.01,순천시,애멸구,0
2018.07.01,신안군,애멸구,1
2018.07.01,여수시,애멸구,0
2018.07.01,영광군,애멸구,0
2018.07.01,영암군,애멸구,0
2018.07.01,완도군,애멸구,0
2018.07.01,진도군,애멸구,0
2018.07.01,해남군,애멸구,0
2018.07.01,화순군,애멸구,0
2018.07.16,강진군,애멸구,0
2018.07.16,고흥군,애멸구,0
2018.07.16,곡성군,애멸구,0
2018.07.16,광양시,애멸구,0
2018.07.16,구례군,애멸구,0
2018.07.16,나주시,애멸구,0
2018.07.16,담양군,애멸구,0
2018.07.16,무안군,애멸구,0
2018.07.16,보성군,애멸구,0
2018.07.16,순천시,애멸구,0
2018.07.16,신안군,애멸구,1
2018.07.16,여수시,애멸구,0
2018.07.16,영광군,애멸구,0
2018.07.16,영암군,애멸구,0
2018.07.16,완도군,애멸구,0
2018.07.16,장성군,애멸구,0
2018.07.16,장흥군,애멸구,1
2018.07.16,진도군,애멸구,0
2018.07.16,함평군,애멸구,0
2018.07.16,해남군,애멸구,0
2018.07.16,화순군,애멸구,0
2018.08.01,강진군,애멸구,0
2018.08.01,고흥군,애멸구,0
2018.08.01,곡성군,애멸구,0
2018.08.01,광양시,애멸구,0
2018.08.01,구례군,애멸구,0
2018.08.01,나주시,애멸구,0
2018.08.01,담양군,애멸구,0
2018.08.01,무안군,애멸구,0
2018.08.01,보성군,애멸구,0
2018.08.01,순천시,애멸구,0
2018.08.01,신안군,애멸구,0
2018.08.01,여수시,애멸구,0
2018.08.01,영광군,애멸구,0
2018.08.01,영암군,애멸구,0
2018.08.01,완도군,애멸구,0
2018.08.01,장성군,애멸구,0
2018.08.01,장흥군,애멸구,0
2018.08.01,진도군,애멸구,1
2018.08.01,함평군,애멸구,0
2018.08.01,해남군,애멸구,0
2018.08.01,화순군,애멸구,0
2018.08.16,강진군,애멸구,0
2018.08.16,고흥군,애멸구,0
2018.08.16,곡성군,애멸구,0
2018.08.16,광양시,애멸구,0
2018.08.16,구례군,애멸구,0
2018.08.16,나주시,애멸구,0
2018.08.16,담양군,애멸구,0
2018.08.16,무안군,애멸구,0
2018.08.16,보성군,애멸구,0
2018.08.16,순천시,애멸구,0
2018.08.16,신안군,애멸구,0
2018.08.16,여수시,애멸구,0
2018.08.16,영광군,애멸구,0
2018.08.16,영암군,애멸구,0
2018.08.16,완도군,애멸구,0
2018.08.16,장성군,애멸구,0
2018.08.16,장흥군,애멸구,0
2018.08.16,진도군,애멸구,0
2018.08.16,함평군,애멸구,0
2018.08.16,해남군,애멸구,0
2018.08.16,화순군,애멸구,0
2018.09.01,강진군,애멸구,0
2018.09.01,고흥군,애멸구,0
2018.09.01,곡성군,애멸구,0
2018.09.01,광양시,애멸구,0
2018.09.01,구례군,애멸구,0
2018.09.01,나주시,애멸구,0
2018.09.01,담양군,애멸구,0
2018.09.01,무안군,애멸구,0
2018.09.01,보성군,애멸구,0
2018.09.01,순천시,애멸구,0
2018.09.01,신안군,애멸구,0
2018.09.01,여수시,애멸구,0
2018.09.01,영광군,애멸구,0
2018.09.01,영암군,애멸구,0
2018.09.01,완도군,애멸구,0
2018.09.01,장성군,애멸구,0
2018.09.01,장흥군,애멸구,0
2018.09.01,진도군,애멸구,0
2018.09.01,함평군,애멸구,0
2018.09.01,해남군,애멸구,0
2018.09.01,화순군,애멸구,0
2018.09.16,강진군,애멸구,0
2018.09.16,고흥군,애멸구,0
2018.09.16,곡성군,애멸구,0
2018.09.16,광양시,애멸구,0
2018.09.16,구례군,애멸구,0
2018.09.16,나주시,애멸구,0
2018.09.16,담양군,애멸구,0
2018.09.16,무안군,애멸구,0
2018.09.16,보성군,애멸구,0
2018.09.16,순천시,애멸구,0
2018.09.16,신안군,애멸구,0
2018.09.16,여수시,애멸구,0
2018.09.16,영광군,애멸구,0
2018.09.16,영암군,애멸구,0
2018.09.16,완도군,애멸구,0
2018.09.16,장성군,애멸구,0
2018.09.16,장흥군,애멸구,0
2018.09.16,진도군,애멸구,0
2018.09.16,함평군,애멸구,0
2018.09.16,해남군,애멸구,0
2018.09.16,화순군,애멸구,0
2019.06.01,강진군,애멸구,0
2019.06.01,고흥군,애멸구,0
2019.06.01,곡성군,애멸구,0
2019.06.01,광양시,애멸구,0
2019.06.01,구례군,애멸구,0
2019.06.01,나주시,애멸구,0
2019.06.01,담양군,애멸구,0
2019.06.01,무안군,애멸구,0
2019.06.01,보성군,애멸구,0
2019.06.01,순천시,애멸구,0
2019.06.01,신안군,애멸구,0
2019.06.01,여수시,애멸구,0
2019.06.01,영광군,애멸구,0
2019.06.01,영암군,애멸구,0
2019.06.01,완도군,애멸구,0
2019.06.01,장성군,애멸구,0
2019.06.01,장흥군,애멸구,0
2019.06.01,진도군,애멸구,0
2019.06.01,함평군,애멸구,0
2019.06.01,해남군,애멸구,0
2019.06.01,화순군,애멸구,0
2019.06.16,강진군,애멸구,0
2019.06.16,고흥군,애멸구,0
2019.06.16,곡성군,애멸구,0
2019.06.16,광양시,애멸구,0
2019.06.16,구례군,애멸구,0
2019.06.16,나주시,애멸구,0
2019.06.16,담양군,애멸구,0
2019.06.16,무안군,애멸구,0
2019.06.16,보성군,애멸구,0
2019.06.16,순천시,애멸구,0
2019.06.16,신안군,애멸구,0
2019.06.16,여수시,애멸구,0
2019.06.16,영광군,애멸구,0
2019.06.16,영암군,애멸구,0
2019.06.16,완도군,애멸구,0
2019.06.16,장성군,애멸구,0
2019.06.16,장흥군,애멸구,0
2019.06.16,진도군,애멸구,0
2019.06.16,함평군,애멸구,0
2019.06.16,해남군,애멸구,0
2019.06.16,화순군,애멸구,0
2019.07.01,강진군,애멸구,0
2019.07.01,고흥군,애멸구,0
2019.07.01,곡성군,애멸구,0
2019.07.01,광양시,애멸구,0
2019.07.01,구례군,애멸구,0
2019.07.01,나주시,애멸구,0
2019.07.01,담양군,애멸구,0
2019.07.01,무안군,애멸구,0
2019.07.01,보성군,애멸구,0
2019.07.01,순천시,애멸구,0
2019.07.01,신안군,애멸구,0
2019.07.01,여수시,애멸구,0
2019.07.01,영광군,애멸구,0
2019.07.01,영암군,애멸구,1
2019.07.01,완도군,애멸구,0
2019.07.01,장성군,애멸구,0
2019.07.01,장흥군,애멸구,0
2019.07.01,진도군,애멸구,1
2019.07.01,함평군,애멸구,0
2019.07.01,해남군,애멸구,0
2019.07.01,화순군,애멸구,0
2019.07.16,강진군,애멸구,0
2019.07.16,고흥군,애멸구,0
2019.07.16,곡성군,애멸구,0
2019.07.16,광양시,애멸구,0
2019.07.16,구례군,애멸구,0
2019.07.16,나주시,애멸구,0
2019.07.16,담양군,애멸구,0
2019.07.16,무안군,애멸구,0
2019.07.16,보성군,애멸구,0
2019.07.16,순천시,애멸구,0
2019.07.16,신안군,애멸구,0
2019.07.16,여수시,애멸구,0
2019.07.16,영광군,애멸구,1
2019.07.16,영암군,애멸구,0
2019.07.16,완도군,애멸구,0
2019.07.16,장성군,애멸구,0
2019.07.16,장흥군,애멸구,0
2019.07.16,진도군,애멸구,1
2019.07.16,함평군,애멸구,0
2019.07.16,해남군,애멸구,0
2019.07.16,화순군,애멸구,0
2019.08.01,강진군,애멸구,0
2019.08.01,고흥군,애멸구,0
2019.08.01,곡성군,애멸구,0
2019.08.01,광양시,애멸구,0
2019.08.01,구례군,애멸구,0
2019.08.01,나주시,애멸구,0
2019.08.01,담양군,애멸구,0
2019.08.01,무안군,애멸구,0
2019.08.01,보성군,애멸구,0
2019.08.01,순천시,애멸구,0
2019.08.01,신안군,애멸구,0
2019.08.01,여수시,애멸구,0
2019.08.01,영광군,애멸구,0
2019.08.01,영암군,애멸구,0
2019.08.01,완도군,애멸구,0
2019.08.01,장성군,애멸구,0
2019.08.01,장흥군,애멸구,0
2019.08.01,진도군,애멸구,1
2019.08.01,함평군,애멸구,0
2019.08.01,해남군,애멸구,0
2019.08.01,화순군,애멸구,0
2019.08.16,강진군,애멸구,0
2019.08.16,고흥군,애멸구,0
2019.08.16,광양시,애멸구,0
2019.08.16,구례군,애멸구,0
2019.08.16,무안군,애멸구,0
2019.08.16,보성군,애멸구,0
2019.08.16,순천시,애멸구,0
2019.08.16,신안군,애멸구,0
2019.08.16,여수시,애멸구,0
2019.08.16,영광군,애멸구,0
2019.08.16,완도군,애멸구,0
2019.08.16,장흥군,애멸구,0
2019.08.16,진도군,애멸구,1
2019.08.16,함평군,애멸구,0
2019.08.16,해남군,애멸구,0
2019.08.16,화순군,애멸구,0
2019.09.01,강진군,애멸구,0
2019.09.01,고흥군,애멸구,0
2019.09.01,곡성군,애멸구,0
2019.09.01,광양시,애멸구,0
2019.09.01,구례군,애멸구,0
2019.09.01,나주시,애멸구,0
2019.09.01,담양군,애멸구,0
2019.09.01,무안군,애멸구,0
2019.09.01,보성군,애멸구,0
2019.09.01,순천시,애멸구,0
2019.09.01,신안군,애멸구,0
2019.09.01,여수시,애멸구,0
2019.09.01,영광군,애멸구,0
2019.09.01,영암군,애멸구,0
2019.09.01,완도군,애멸구,0
2019.09.01,장성군,애멸구,0
2019.09.01,장흥군,애멸구,0
2019.09.01,진도군,애멸구,0
2019.09.01,함평군,애멸구,0
2019.09.01,해남군,애멸구,0
2019.09.01,화순군,애멸구,0
2019.09.16,강진군,애멸구,0
2019.09.16,고흥군,애멸구,0
2019.09.16,곡성군,애멸구,0
2019.09.16,광양시,애멸구,0
2019.09.16,구례군,애멸구,0
2019.09.16,나주시,애멸구,0
2019.09.16,담양군,애멸구,0
2019.09.16,무안군,애멸구,0
2019.09.16,보성군,애멸구,0
2019.09.16,순천시,애멸구,0
2019.09.16,여수시,애멸구,0
2019.09.16,영광군,애멸구,0
2019.09.16,영암군,애멸구,0
2019.09.16,완도군,애멸구,0
2019.09.16,장성군,애멸구,0
2019.09.16,장흥군,애멸구,0
2019.09.16,진도군,애멸구,1
2019.09.16,함평군,애멸구,0
2019.09.16,해남군,애멸구,0
2019.09.16,화순군,애멸구,0
2020.06.01,강진군,애멸구,0
2020.06.01,고흥군,애멸구,0
2020.06.01,광양시,애멸구,0
2020.06.01,구례군,애멸구,0
2020.06.01,나주시,애멸구,0
2020.06.01,담양군,애멸구,0
2020.06.01,무안군,애멸구,0
2020.06.01,보성군,애멸구,0
2020.06.01,순천시,애멸구,0
2020.06.01,신안군,애멸구,0
2020.06.01,여수시,애멸구,0
2020.06.01,영광군,애멸구,0
2020.06.01,영암군,애멸구,0
2020.06.01,완도군,애멸구,0
2020.06.01,장성군,애멸구,0
2020.06.01,장흥군,애멸구,0
2020.06.01,진도군,애멸구,0
2020.06.01,함평군,애멸구,0
2020.06.01,해남군,애멸구,0
2020.06.01,화순군,애멸구,0
2020.06.16,강진군,애멸구,0
2020.06.16,고흥군,애멸구,0
2020.06.16,곡성군,애멸구,0
2020.06.16,광양시,애멸구,0
2020.06.16,구례군,애멸구,0
2020.06.16,나주시,애멸구,0
2020.06.16,담양군,애멸구,0
2020.06.16,무안군,애멸구,0
2020.06.16,보성군,애멸구,0
2020.06.16,순천시,애멸구,0
2020.06.16,신안군,애멸구,0
2020.06.16,여수시,애멸구,0
2020.06.16,영광군,애멸구,0
2020.06.16,영암군,애멸구,0
2020.06.16,완도군,애멸구,0
2020.06.16,장성군,애멸구,0
2020.06.16,장흥군,애멸구,0
2020.06.16,진도군,애멸구,1
2020.06.16,함평군,애멸구,0
2020.06.16,해남군,애멸구,0
2020.06.16,화순군,애멸구,0
2020.07.01,강진군,애멸구,0
2020.07.01,고흥군,애멸구,0
2020.07.01,곡성군,애멸구,0
2020.07.01,광양시,애멸구,0
2020.07.01,구례군,애멸구,0
2020.07.01,담양군,애멸구,0
2020.07.01,무안군,애멸구,0
2020.07.01,보성군,애멸구,0
2020.07.01,순천시,애멸구,0
2020.07.01,신안군,애멸구,0
2020.07.01,여수시,애멸구,0
2020.07.01,영광군,애멸구,0
2020.07.01,영암군,애멸구,0
2020.07.01,완도군,애멸구,0
2020.07.01,장성군,애멸구,0
2020.07.01,장흥군,애멸구,0
2020.07.01,진도군,애멸구,1
2020.07.01,함평군,애멸구,0
2020.07.01,해남군,애멸구,0
2020.07.01,화순군,애멸구,0
2020.07.16,강진군,애멸구,0
2020.07.16,고흥군,애멸구,0
2020.07.16,곡성군,애멸구,0
2020.07.16,광양시,애멸구,0
2020.07.16,구례군,애멸구,0
2020.07.16,나주시,애멸구,0
2020.07.16,담양군,애멸구,0
2020.07.16,무안군,애멸구,0
2020.07.16,보성군,애멸구,0
2020.07.16,순천시,애멸구,0
2020.07.16,신안군,애멸구,0
2020.07.16,여수시,애멸구,0
2020.07.16,영광군,애멸구,0
2020.07.16,영암군,애멸구,1
2020.07.16,완도군,애멸구,1
2020.07.16,장성군,애멸구,0
2020.07.16,장흥군,애멸구,0
2020.07.16,진도군,애멸구,1
2020.07.16,함평군,애멸구,0
2020.07.16,해남군,애멸구,0
2020.07.16,화순군,애멸구,0
2020.08.01,강진군,애멸구,0
2020.08.01,고흥군,애멸구,0
2020.08.01,곡성군,애멸구,0
2020.08.01,광양시,애멸구,0
2020.08.01,구례군,애멸구,0
2020.08.01,나주시,애멸구,0
2020.08.01,담양군,애멸구,0
2020.08.01,무안군,애멸구,0
2020.08.01,보성군,애멸구,0
2020.08.01,순천시,애멸구,0
2020.08.01,신안군,애멸구,0
2020.08.01,여수시,애멸구,0
2020.08.01,영광군,애멸구,0
2020.08.01,영암군,애멸구,1
2020.08.01,완도군,애멸구,0
2020.08.01,장성군,애멸구,0
2020.08.01,장흥군,애멸구,0
2020.08.01,진도군,애멸구,1
2020.08.01,함평군,애멸구,0
2020.08.01,해남군,애멸구,0
2020.08.01,화순군,애멸구,0
2020.08.16,강진군,애멸구,0
2020.08.16,고흥군,애멸구,0
2020.08.16,곡성군,애멸구,0
2020.08.16,광양시,애멸구,0
2020.08.16,구례군,애멸구,0
2020.08.16,나주시,애멸구,0
2020.08.16,담양군,애멸구,0
2020.08.16,무안군,애멸구,0
2020.08.16,보성군,애멸구,0
2020.08.16,순천시,애멸구,0
2020.08.16,신안군,애멸구,0
2020.08.16,여수시,애멸구,0
2020.08.16,영광군,애멸구,0
2020.08.16,영암군,애멸구,1
2020.08.16,완도군,애멸구,0
2020.08.16,장성군,애멸구,0
2020.08.16,장흥군,애멸구,0
2020.08.16,진도군,애멸구,1
2020.08.16,함평군,애멸구,0
2020.08.16,해남군,애멸구,0
2020.08.16,화순군,애멸구,0
2020.09.01,강진군,애멸구,0
2020.09.01,고흥군,애멸구,1
2020.09.01,곡성군,애멸구,0
2020.09.01,광양시,애멸구,0
2020.09.01,구례군,애멸구,0
2020.09.01,나주시,애멸구,0
2020.09.01,담양군,애멸구,0
2020.09.01,무안군,애멸구,0
2020.09.01,보성군,애멸구,0
2020.09.01,순천시,애멸구,0
2020.09.01,신안군,애멸구,0
2020.09.01,여수시,애멸구,0
2020.09.01,영광군,애멸구,0
2020.09.01,영암군,애멸구,0
2020.09.01,완도군,애멸구,0
2020.09.01,장성군,애멸구,0
2020.09.01,장흥군,애멸구,0
2020.09.01,진도군,애멸구,1
2020.09.01,함평군,애멸구,0
2020.09.01,해남군,애멸구,0
2020.09.01,화순군,애멸구,0
2020.09.16,강진군,애멸구,0
2020.09.16,고흥군,애멸구,0
2020.09.16,곡성군,애멸구,0
2020.09.16,광양시,애멸구,0
2020.09.16,구례군,애멸구,0
2020.09.16,나주시,애멸구,0
2020.09.16,담양군,애멸구,0
2020.09.16,무안군,애멸구,0
2020.09.16,보성군,애멸구,0
2020.09.16,순천시,애멸구,0
2020.09.16,신안군,애멸구,0
2020.09.16,여수시,애멸구,0
2020.09.16,영광군,애멸구,0
2020.09.16,영암군,애멸구,0
2020.09.16,완도군,애멸구,0
2020.09.16,장성군,애멸구,0
2020.09.16,장흥군,애멸구,0
2020.09.16,진도군,애멸구,1
2020.09.16,함평군,애멸구,0
2020.09.16,해남군,애멸구,0
2020.09.16,화순군,애멸구,0
2021.06.01,강진군,애멸구,0
2021.06.01,고흥군,애멸구,0
2021.06.01,곡성군,애멸구,0
2021.06.01,광양시,애멸구,0
2021.06.01,구례군,애멸구,0
2021.06.01,나주시,애멸구,0
2021.06.01,담양군,애멸구,0
2021.06.01,무안군,애멸구,0
2021.06.01,보성군,애멸구,0
2021.06.01,순천시,애멸구,0
2021.06.01,신안군,애멸구,0
2021.06.01,여수시,애멸구,0
2021.06.01,영암군,애멸구,0
2021.06.01,완도군,애멸구,0
2021.06.01,장성군,애멸구,0
2021.06.01,장흥군,애멸구,0
2021.06.01,진도군,애멸구,0
2021.06.01,함평군,애멸구,0
2021.06.01,해남군,애멸구,0
2021.06.01,화순군,애멸구,0
2021.06.16,강진군,애멸구,0
2021.06.16,고흥군,애멸구,0
2021.06.16,곡성군,애멸구,0
2021.06.16,광양시,애멸구,0
2021.06.16,구례군,애멸구,0
2021.06.16,나주시,애멸구,0
2021.06.16,담양군,애멸구,0
2021.06.16,무안군,애멸구,0
2021.06.16,보성군,애멸구,0
2021.06.16,순천시,애멸구,0
2021.06.16,신안군,애멸구,0
2021.06.16,여수시,애멸구,0
2021.06.16,영광군,애멸구,0
2021.06.16,영암군,애멸구,0
2021.06.16,완도군,애멸구,0
2021.06.16,장성군,애멸구,0
2021.06.16,장흥군,애멸구,0
2021.06.16,진도군,애멸구,0
2021.06.16,함평군,애멸구,0
2021.06.16,해남군,애멸구,0
2021.06.16,화순군,애멸구,0
2021.07.01,강진군,애멸구,0
2021.07.01,고흥군,애멸구,0
2021.07.01,곡성군,애멸구,0
2021.07.01,광양시,애멸구,0
2021.07.01,구례군,애멸구,0
2021.07.01,나주시,애멸구,0
2021.07.01,담양군,애멸구,0
2021.07.01,무안군,애멸구,0
2021.07.01,보성군,애멸구,0
2021.07.01,순천시,애멸구,0
2021.07.01,신안군,애멸구,0
2021.07.01,여수시,애멸구,0
2021.07.01,영광군,애멸구,0
2021.07.01,영암군,애멸구,0
2021.07.01,완도군,애멸구,0
2021.07.01,장성군,애멸구,1
2021.07.01,장흥군,애멸구,0
2021.07.01,진도군,애멸구,1
2021.07.01,함평군,애멸구,0
2021.07.01,해남군,애멸구,0
2021.07.01,화순군,애멸구,0
2021.07.16,강진군,애멸구,0
2021.07.16,고흥군,애멸구,0
2021.07.16,곡성군,애멸구,0
2021.07.16,광양시,애멸구,0
2021.07.16,구례군,애멸구,0
2021.07.16,나주시,애멸구,0
2021.07.16,담양군,애멸구,0
2021.07.16,무안군,애멸구,0
2021.07.16,보성군,애멸구,0
2021.07.16,순천시,애멸구,0
2021.07.16,신안군,애멸구,0
2021.07.16,여수시,애멸구,0
2021.07.16,영광군,애멸구,0
2021.07.16,영암군,애멸구,0
2021.07.16,완도군,애멸구,1
2021.07.16,장성군,애멸구,1
2021.07.16,장흥군,애멸구,0
2021.07.16,진도군,애멸구,1
2021.07.16,함평군,애멸구,0
2021.07.16,해남군,애멸구,0
2021.07.16,화순군,애멸구,0
2021.08.01,강진군,애멸구,0
2021.08.01,고흥군,애멸구,0
2021.08.01,곡성군,애멸구,1
2021.08.01,광양시,애멸구,0
2021.08.01,구례군,애멸구,0
2021.08.01,보성군,애멸구,0
2021.08.01,여수시,애멸구,0
2021.08.01,영암군,애멸구,1
2021.08.01,완도군,애멸구,1
2021.08.01,장성군,애멸구,1
2021.08.01,진도군,애멸구,0
2021.08.01,함평군,애멸구,0
2021.08.01,해남군,애멸구,0
2021.08.01,화순군,애멸구,0
2021.08.16,강진군,애멸구,0
2021.08.16,고흥군,애멸구,1
2021.08.16,곡성군,애멸구,1
2021.08.16,광양시,애멸구,0
2021.08.16,구례군,애멸구,0
2021.08.16,나주시,애멸구,0
2021.08.16,담양군,애멸구,0
2021.08.16,무안군,애멸구,0
2021.08.16,보성군,애멸구,0
2021.08.16,순천시,애멸구,0
2021.08.16,신안군,애멸구,0
2021.08.16,여수시,애멸구,0
2021.08.16,영광군,애멸구,0
2021.08.16,영암군,애멸구,1
2021.08.16,완도군,애멸구,1
2021.08.16,장성군,애멸구,1
2021.08.16,장흥군,애멸구,0
2021.08.16,진도군,애멸구,1
2021.08.16,함평군,애멸구,0
2021.08.16,해남군,애멸구,0
2021.08.16,화순군,애멸구,0
2021.09.01,강진군,애멸구,0
2021.09.01,고흥군,애멸구,0
2021.09.01,곡성군,애멸구,1
2021.09.01,광양시,애멸구,0
2021.09.01,구례군,애멸구,0
2021.09.01,담양군,애멸구,0
2021.09.01,무안군,애멸구,0
2021.09.01,보성군,애멸구,0
2021.09.01,순천시,애멸구,0
2021.09.01,신안군,애멸구,0
2021.09.01,여수시,애멸구,0
2021.09.01,영암군,애멸구,0
2021.09.01,완도군,애멸구,0
2021.09.01,장성군,애멸구,0
2021.09.01,장흥군,애멸구,0
2021.09.01,진도군,애멸구,0
2021.09.01,함평군,애멸구,0
2021.09.01,해남군,애멸구,0
2021.09.01,화순군,애멸구,0
2021.09.16,강진군,애멸구,1
2021.09.16,고흥군,애멸구,0
2021.09.16,곡성군,애멸구,0
2021.09.16,광양시,애멸구,0
2021.09.16,구례군,애멸구,0
2021.09.16,나주시,애멸구,0
2021.09.16,담양군,애멸구,0
2021.09.16,무안군,애멸구,0
2021.09.16,보성군,애멸구,0
2021.09.16,순천시,애멸구,0
2021.09.16,신안군,애멸구,0
2021.09.16,여수시,애멸구,0
2021.09.16,영광군,애멸구,0
2021.09.16,영암군,애멸구,0
2021.09.16,완도군,애멸구,0
2021.09.16,장성군,애멸구,0
2021.09.16,장흥군,애멸구,0
2021.09.16,진도군,애멸구,0
2021.09.16,함평군,애멸구,0
2021.09.16,해남군,애멸구,0
2021.09.16,화순군,애멸구,0
2022.06.01,강진군,애멸구,0
2022.06.01,고흥군,애멸구,0
2022.06.01,곡성군,애멸구,0
2022.06.01,광양시,애멸구,0
2022.06.01,구례군,애멸구,0
2022.06.01,나주시,애멸구,0
2022.06.01,담양군,애멸구,0
2022.06.01,무안군,애멸구,0
2022.06.01,보성군,애멸구,0
2022.06.01,순천시,애멸구,0
2022.06.01,신안군,애멸구,0
2022.06.01,여수시,애멸구,0
2022.06.01,영광군,애멸구,0
2022.06.01,영암군,애멸구,0
2022.06.01,완도군,애멸구,0
2022.06.01,장성군,애멸구,0
2022.06.01,장흥군,애멸구,0
2022.06.01,진도군,애멸구,1
2022.06.01,함평군,애멸구,0
2022.06.01,해남군,애멸구,0
2022.06.01,화순군,애멸구,0
2022.06.16,강진군,애멸구,0
2022.06.16,고흥군,애멸구,0
2022.06.16,곡성군,애멸구,0
2022.06.16,광양시,애멸구,0
2022.06.16,구례군,애멸구,0
2022.06.16,나주시,애멸구,0
2022.06.16,담양군,애멸구,0
2022.06.16,무안군,애멸구,0
2022.06.16,보성군,애멸구,0
2022.06.16,순천시,애멸구,0
2022.06.16,신안군,애멸구,0
2022.06.16,여수시,애멸구,0
2022.06.16,영광군,애멸구,0
2022.06.16,영암군,애멸구,0
2022.06.16,완도군,애멸구,0
2022.06.16,장성군,애멸구,0
2022.06.16,장흥군,애멸구,0
2022.06.16,진도군,애멸구,1
2022.06.16,함평군,애멸구,0
2022.06.16,해남군,애멸구,0
2022.06.16,화순군,애멸구,0
2022.07.01,강진군,애멸구,0
2022.07.01,고흥군,애멸구,0
2022.07.01,곡성군,애멸구,0
2022.07.01,광양시,애멸구,0
2022.07.01,구례군,애멸구,0
2022.07.01,나주시,애멸구,0
2022.07.01,담양군,애멸구,0
2022.07.01,무안군,애멸구,0
2022.07.01,보성군,애멸구,0
2022.07.01,순천시,애멸구,0
2022.07.01,신안군,애멸구,0
2022.07.01,여수시,애멸구,0
2022.07.01,영광군,애멸구,0
2022.07.01,영암군,애멸구,0
2022.07.01,완도군,애멸구,0
2022.07.01,장성군,애멸구,1
2022.07.01,장흥군,애멸구,0
2022.07.01,진도군,애멸구,1
2022.07.01,함평군,애멸구,0
2022.07.01,해남군,애멸구,0
2022.07.01,화순군,애멸구,0
2022.07.16,강진군,애멸구,0
2022.07.16,고흥군,애멸구,0
2022.07.16,곡성군,애멸구,0
2022.07.16,광양시,애멸구,0
2022.07.16,구례군,애멸구,0
2022.07.16,나주시,애멸구,0
2022.07.16,담양군,애멸구,0
2022.07.16,무안군,애멸구,0
2022.07.16,보성군,애멸구,0
2022.07.16,순천시,애멸구,0
2022.07.16,신안군,애멸구,0
2022.07.16,여수시,애멸구,0
2022.07.16,영광군,애멸구,0
2022.07.16,영암군,애멸구,0
2022.07.16,완도군,애멸구,0
2022.07.16,장성군,애멸구,0
2022.07.16,장흥군,애멸구,0
2022.07.16,진도군,애멸구,1
2022.07.16,함평군,애멸구,0
2022.07.16,해남군,애멸구,0
2022.07.16,화순군,애멸구,1
2022.08.01,강진군,애멸구,0
2022.08.01,고흥군,애멸구,0
2022.08.01,곡성군,애멸구,0
2022.08.01,광양시,애멸구,0
2022.08.01,구례군,애멸구,0
2022.08.01,나주시,애멸구,0
2022.08.01,담양군,애멸구,0
2022.08.01,무안군,애멸구,0
2022.08.01,보성군,애멸구,0
2022.08.01,순천시,애멸구,0
2022.08.01,신안군,애멸구,0
2022.08.01,여수시,애멸구,0
2022.08.01,영광군,애멸구,0
2022.08.01,영암군,애멸구,0
2022.08.01,완도군,애멸구,0
2022.08.01,장성군,애멸구,1
2022.08.01,장흥군,애멸구,0
2022.08.01,진도군,애멸구,1
2022.08.01,함평군,애멸구,0
2022.08.01,화순군,애멸구,0
2022.08.16,강진군,애멸구,1
2022.08.16,고흥군,애멸구,0
2022.08.16,광양시,애멸구,0
2022.08.16,구례군,애멸구,0
2022.08.16,담양군,애멸구,0
2022.08.16,무안군,애멸구,0
2022.08.16,보성군,애멸구,0
2022.08.16,순천시,애멸구,0
2022.08.16,여수시,애멸구,0
2022.08.16,영암군,애멸구,0
2022.08.16,완도군,애멸구,0
2022.08.16,장성군,애멸구,1
2022.08.16,장흥군,애멸구,0
2022.08.16,진도군,애멸구,1
2022.08.16,함평군,애멸구,0
2022.08.16,해남군,애멸구,0
2022.08.16,화순군,애멸구,0
2022.09.01,강진군,애멸구,0
2022.09.01,고흥군,애멸구,0
2022.09.01,곡성군,애멸구,0
2022.09.01,광양시,애멸구,0
2022.09.01,구례군,애멸구,0
2022.09.01,담양군,애멸구,0
2022.09.01,보성군,애멸구,0
2022.09.01,순천시,애멸구,0
2022.09.01,신안군,애멸구,0
2022.09.01,여수시,애멸구,0
2022.09.01,영암군,애멸구,0
2022.09.01,완도군,애멸구,0
2022.09.01,장성군,애멸구,0
2022.09.01,장흥군,애멸구,0
2022.09.01,진도군,애멸구,0
2022.09.01,해남군,애멸구,0
2022.09.01,화순군,애멸구,0
2022.09.16,강진군,애멸구,0
2022.09.16,고흥군,애멸구,0
2022.09.16,곡성군,애멸구,0
2022.09.16,광양시,애멸구,0
2022.09.16,구례군,애멸구,0
2022.09.16,나주시,애멸구,0
2022.09.16,담양군,애멸구,0
2022.09.16,무안군,애멸구,0
2022.09.16,보성군,애멸구,0
2022.09.16,순천시,애멸구,0
2022.09.16,신안군,애멸구,0
2022.09.16,여수시,애멸구,0
2022.09.16,영광군,애멸구,0
2022.09.16,완도군,애멸구,0
2022.09.16,장성군,애멸구,0
2022.09.16,장흥군,애멸구,0
2022.09.16,진도군,애멸구,0
2022.09.16,함평군,애멸구,0
2022.09.16,해남군,애멸구,0
2022.09.16,화순군,애멸구,0
2023.06.01,강진군,애멸구,0
2023.06.01,곡성군,애멸구,0
2023.06.01,광양시,애멸구,0
2023.06.01,구례군,애멸구,0
2023.06.01,나주시,애멸구,0
2023.06.01,담양군,애멸구,0
2023.06.01,무안군,애멸구,0
2023.06.01,보성군,애멸구,0
2023.06.01,순천시,애멸구,0
2023.06.01,신안군,애멸구,0
2023.06.01,여수시,애멸구,0
2023.06.01,영광군,애멸구,0
2023.06.01,영암군,애멸구,0
2023.06.01,완도군,애멸구,0
2023.06.01,장성군,애멸구,0
2023.06.01,장흥군,애멸구,0
2023.06.01,진도군,애멸구,1
2023.06.01,함평군,애멸구,0
2023.06.01,해남군,애멸구,0
2023.06.01,화순군,애멸구,0
2023.06.16,강진군,애멸구,0
2023.06.16,곡성군,애멸구,0
2023.06.16,광양시,애멸구,0
2023.06.16,구례군,애멸구,0
2023.06.16,나주시,애멸구,0
2023.06.16,담양군,애멸구,0
2023.06.16,무안군,애멸구,0
2023.06.16,보성군,애멸구,0
2023.06.16,순천시,애멸구,0
2023.06.16,신안군,애멸구,0
2023.06.16,여수시,애멸구,0
2023.06.16,영광군,애멸구,0
2023.06.16,영암군,애멸구,0
2023.06.16,완도군,애멸구,0
2023.06.16,장성군,애멸구,1
2023.06.16,장흥군,애멸구,0
2023.06.16,진도군,애멸구,1
2023.06.16,함평군,애멸구,0
2023.06.16,해남군,애멸구,0
2023.06.16,화순군,애멸구,0
2023.07.01,강진군,애멸구,0
2023.07.01,고흥군,애멸구,0
2023.07.01,곡성군,애멸구,0
2023.07.01,광양시,애멸구,0
2023.07.01,구례군,애멸구,0
2023.07.01,나주시,애멸구,0
2023.07.01,담양군,애멸구,0
2023.07.01,무안군,애멸구,0
2023.07.01,보성군,애멸구,0
2023.07.01,순천시,애멸구,0
2023.07.01,신안군,애멸구,0
2023.07.01,여수시,애멸구,0
2023.07.01,영광군,애멸구,0
2023.07.01,영암군,애멸구,0
2023.07.01,완도군,애멸구,0
2023.07.01,장성군,애멸구,1
2023.07.01,장흥군,애멸구,0
2023.07.01,진도군,애멸구,1
2023.07.01,함평군,애멸구,0
2023.07.01,해남군,애멸구,0
2023.07.01,화순군,애멸구,0
2023.07.16,강진군,애멸구,0
2023.07.16,고흥군,애멸구,0
2023.07.16,곡성군,애멸구,0
2023.07.16,광양시,애멸구,0
2023.07.16,구례군,애멸구,0
2023.07.16,나주시,애멸구,0
2023.07.16,담양군,애멸구,0
2023.07.16,무안군,애멸구,0
2023.07.16,보성군,애멸구,0
2023.07.16,순천시,애멸구,0
2023.07.16,신안군,애멸구,0
2023.07.16,여수시,애멸구,0
2023.07.16,영광군,애멸구,0
2023.07.16,영암군,애멸구,0
2023.07.16,완도군,애멸구,0
2023.07.16,장성군,애멸구,1
2023.07.16,장흥군,애멸구,0
2023.07.16,진도군,애멸구,1
2023.07.16,함평군,애멸구,0
2023.07.16,해남군,애멸구,0
2023.07.16,화순군,애멸구,0
2023.08.01,강진군,애멸구,1
2023.08.01,고흥군,애멸구,0
2023.08.01,곡성군,애멸구,0
2023.08.01,광양시,애멸구,0
2023.08.01,구례군,애멸구,0
2023.08.01,나주시,애멸구,0
2023.08.01,담양군,애멸구,0
2023.08.01,무안군,애멸구,0
2023.08.01,보성군,애멸구,0
2023.08.01,순천시,애멸구,0
2023.08.01,신안군,애멸구,0
2023.08.01,여수시,애멸구,0
2023.08.01,영광군,애멸구,0
2023.08.01,영암군,애멸구,0
2023.08.01,완도군,애멸구,0
2023.08.01,장성군,애멸구,1
2023.08.01,장흥군,애멸구,0
2023.08.01,진도군,애멸구,1
2023.08.01,함평군,애멸구,0
2023.08.01,해남군,애멸구,0
2023.08.01,화순군,애멸구,0
2023.08.16,강진군,애멸구,1
2023.08.16,고흥군,애멸구,0
2023.08.16,곡성군,애멸구,0
2023.08.16,광양시,애멸구,0
2023.08.16,구례군,애멸구,0
2023.08.16,나주시,애멸구,0
2023.08.16,담양군,애멸구,0
2023.08.16,무안군,애멸구,0
2023.08.16,보성군,애멸구,0
2023.08.16,순천시,애멸구,0
2023.08.16,신안군,애멸구,0
2023.08.16,여수시,애멸구,0
2023.08.16,영광군,애멸구,0
2023.08.16,영암군,애멸구,0
2023.08.16,완도군,애멸구,0
2023.08.16,장성군,애멸구,1
2023.08.16,장흥군,애멸구,0
2023.08.16,진도군,애멸구,1
2023.08.16,함평군,애멸구,1
2023.08.16,해남군,애멸구,0
2023.08.16,화순군,애멸구,1
2023.09.01,강진군,애멸구,0
2023.09.01,고흥군,애멸구,0
2023.09.01,곡성군,애멸구,0
2023.09.01,광양시,애멸구,0
2023.09.01,구례군,애멸구,0
2023.09.01,나주시,애멸구,0
2023.09.01,담양군,애멸구,0
2023.09.01,무안군,애멸구,0
2023.09.01,보성군,애멸구,0
2023.09.01,순천시,애멸구,0
2023.09.01,신안군,애멸구,0
2023.09.01,여수시,애멸구,0
2023.09.01,영광군,애멸구,0
2023.09.01,영암군,애멸구,0
2023.09.01,완도군,애멸구,0
2023.09.01,장성군,애멸구,0
2023.09.01,장흥군,애멸구,0
2023.09.01,진도군,애멸구,0
2023.09.01,함평군,애멸구,0
2023.09.01,해남군,애멸구,0
2023.09.01,화순군,애멸구,0
2023.09.16,강진군,애멸구,1
2023.09.16,고흥군,애멸구,0
2023.09.16,곡성군,애멸구,0
2023.09.16,광양시,애멸구,0
2023.09.16,구례군,애멸구,0
2023.09.16,나주시,애멸구,0
2023.09.16,담양군,애멸구,0
2023.09.16,무안군,애멸구,0
2023.09.16,보성군,애멸구,0
2023.09.16,순천시,애멸구,0
2023.09.16,신안군,애멸구,0
2023.09.16,여수시,애멸구,0
2023.09.16,영광군,애멸구,0
2023.09.16,영암군,애멸구,0
2023.09.16,완도군,애멸구,0
2023.09.16,장성군,애멸구,0
2023.09.16,장흥군,애멸구,0
2023.09.16,진도군,애멸구,0
2023.09.16,함평군,애멸구,0
2023.09.16,해남군,애멸구,0
2023.09.16,화순군,애멸구,0
2024.06.01,강진군,애멸구,0
2024.06.01,고흥군,애멸구,0
2024.06.01,광양시,애멸구,0
2024.06.01,구례군,애멸구,0
2024.06.01,나주시,애멸구,0
2024.06.01,무안군,애멸구,0
2024.06.01,보성군,애멸구,0
2024.06.01,순천시,애멸구,0
2024.06.01,신안군,애멸구,0
2024.06.01,여수시,애멸구,0
2024.06.01,영암군,애멸구,0
2024.06.01,완도군,애멸구,0
2024.06.01,장성군,애멸구,0
2024.06.01,장흥군,애멸구,0
2024.06.01,진도군,애멸구,0
2024.06.01,해남군,애멸구,0
2024.06.01,화순군,애멸구,0
2024.06.16,강진군,애멸구,0
2024.06.16,고흥군,애멸구,0
2024.06.16,광양시,애멸구,0
2024.06.16,구례군,애멸구,0
2024.06.16,나주시,애멸구,0
2024.06.16,담양군,애멸구,0
2024.06.16,무안군,애멸구,0
2024.06.16,보성군,애멸구,0
2024.06.16,순천시,애멸구,0
2024.06.16,신안군,애멸구,0
2024.06.16,여수시,애멸구,0
2024.06.16,영광군,애멸구,0
2024.06.16,영암군,애멸구,0
2024.06.16,완도군,애멸구,0
2024.06.16,장성군,애멸구,0
2024.06.16,장흥군,애멸구,0
2024.06.16,진도군,애멸구,1
2024.06.16,해남군,애멸구,0
2024.06.16,화순군,애멸구,0
2024.07.01,강진군,애멸구,0
2024.07.01,고흥군,애멸구,0
2024.07.01,곡성군,애멸구,0
2024.07.01,광양시,애멸구,0
2024.07.01,구례군,애멸구,0
2024.07.01,나주시,애멸구,0
2024.07.01,담양군,애멸구,0
2024.07.01,무안군,애멸구,0
2024.07.01,보성군,애멸구,0
2024.07.01,순천시,애멸구,0
2024.07.01,신안군,애멸구,0
2024.07.01,여수시,애멸구,0
2024.07.01,영광군,애멸구,0
2024.07.01,영암군,애멸구,1
2024.07.01,완도군,애멸구,0
2024.07.01,장성군,애멸구,0
2024.07.01,장흥군,애멸구,0
2024.07.01,진도군,애멸구,1
2024.07.01,함평군,애멸구,0
2024.07.01,해남군,애멸구,0
2024.07.01,화순군,애멸구,0
2024.07.16,강진군,애멸구,0
2024.07.16,고흥군,애멸구,0
2024.07.16,곡성군,애멸구,0
2024.07.16,광양시,애멸구,0
2024.07.16,구례군,애멸구,0
2024.07.16,나주시,애멸구,0
2024.07.16,담양군,애멸구,0
2024.07.16,무안군,애멸구,0
2024.07.16,보성군,애멸구,0
2024.07.16,순천시,애멸구,0
2024.07.16,신안군,애멸구,0
2024.07.16,여수시,애멸구,0
2024.07.16,영광군,애멸구,0
2024.07.16,영암군,애멸구,1
2024.07.16,완도군,애멸구,0
2024.07.16,장성군,애멸구,1
2024.07.16,장흥군,애멸구,0
2024.07.16,진도군,애멸구,1
2024.07.16,함평군,애멸구,0
2024.07.16,해남군,애멸구,0
2024.07.16,화순군,애멸구,0
2024.08.01,강진군,애멸구,0
2024.08.01,고흥군,애멸구,0
2024.08.01,곡성군,애멸구,0
2024.08.01,광양시,애멸구,0
2024.08.01,구례군,애멸구,0
2024.08.01,나주시,애멸구,0
2024.08.01,담양군,애멸구,0
2024.08.01,무안군,애멸구,0
2024.08.01,보성군,애멸구,0
2024.08.01,순천시,애멸구,0
2024.08.01,신안군,애멸구,0
2024.08.01,여수시,애멸구,0
2024.08.01,영광군,애멸구,0
2024.08.01,영암군,애멸구,0
2024.08.01,완도군,애멸구,0
2024.08.01,장성군,애멸구,1
2024.08.01,장흥군,애멸구,0
2024.08.01,진도군,애멸구,0
2024.08.01,함평군,애멸구,0
2024.08.01,해남군,애멸구,0
2024.08.01,화순군,애멸구,0
2024.08.16,강진군,애멸구,0
2024.08.16,고흥군,애멸구,0
2024.08.16,곡성군,애멸구,0
2024.08.16,광양시,애멸구,0
2024.08.16,구례군,애멸구,0
2024.08.16,나주시,애멸구,0
2024.08.16,담양군,애멸구,0
2024.08.16,무안군,애멸구,0
2024.08.16,보성군,애멸구,0
2024.08.16,순천시,애멸구,0
2024.08.16,신안군,애멸구,0
2024.08.16,여수시,애멸구,0
2024.08.16,영광군,애멸구,0
2024.08.16,영암군,애멸구,0
2024.08.16,완도군,애멸구,0
2024.08.16,장성군,애멸구,1
2024.08.16,장흥군,애멸구,0
2024.08.16,진도군,애멸구,0
2024.08.16,함평군,애멸구,0
2024.08.16,해남군,애멸구,0
2024.08.16,화순군,애멸구,0
2024.09.01,강진군,애멸구,0
2024.09.01,고흥군,애멸구,0
2024.09.01,곡성군,애멸구,0
2024.09.01,광양시,애멸구,0
2024.09.01,구례군,애멸구,0
2024.09.01,나주시,애멸구,0
2024.09.01,담양군,애멸구,0
2024.09.01,무안군,애멸구,0
2024.09.01,보성군,애멸구,0
2024.09.01,순천시,애멸구,0
2024.09.01,신안군,애멸구,0
2024.09.01,여수시,애멸구,0
2024.09.01,영광군,애멸구,0
2024.09.01,영암군,애멸구,0
2024.09.01,완도군,애멸구,0
2024.09.01,장성군,애멸구,0
2024.09.01,장흥군,애멸구,0
2024.09.01,진도군,애멸구,0
2024.09.01,함평군,애멸구,0
2024.09.01,해남군,애멸구,0
2024.09.01,화순군,애멸구,0
2024.09.16,강진군,애멸구,0
2024.09.16,고흥군,애멸구,0
2024.09.16,곡성군,애멸구,0
2024.09.16,광양시,애멸구,0
2024.09.16,구례군,애멸구,0
2024.09.16,나주시,애멸구,0
2024.09.16,담양군,애멸구,0
2024.09.16,무안군,애멸구,0
2024.09.16,보성군,애멸구,0
2024.09.16,순천시,애멸구,0
2024.09.16,신안군,애멸구,0
2024.09.16,여수시,애멸구,0
2024.09.16,영광군,애멸구,0
2024.09.16,영암군,애멸구,0
2024.09.16,완도군,애멸구,0
2024.09.16,장성군,애멸구,0
2024.09.16,장흥군,애멸구,0
2024.09.16,진도군,애멸구,0
2024.09.16,함평군,애멸구,0
2024.09.16,해남군,애멸구,0
2024.09.16,화순군,애멸구,0
2025.06.01,강진군,애멸구,0
2025.06.01,고흥군,애멸구,0
2025.06.01,곡성군,애멸구,0
2025.06.01,광양시,애멸구,0
2025.06.01,구례군,애멸구,0
2025.06.01,나주시,애멸구,0
2025.06.01,담양군,애멸구,0
2025.06.01,무안군,애멸구,0
2025.06.01,보성군,애멸구,0
2025.06.01,순천시,애멸구,0
2025.06.01,신안군,애멸구,0
2025.06.01,여수시,애멸구,0
2025.06.01,영광군,애멸구,0
2025.06.01,영암군,애멸구,0
2025.06.01,완도군,애멸구,0
2025.06.01,장성군,애멸구,0
2025.06.01,장흥군,애멸구,0
2025.06.01,진도군,애멸구,0
2025.06.01,함평군,애멸구,0
2025.06.01,해남군,애멸구,0
2025.06.01,화순군,애멸구,0
2025.06.16,강진군,애멸구,0
2025.06.16,고흥군,애멸구,0
2025.06.16,곡성군,애멸구,0
2025.06.16,광양시,애멸구,0
2025.06.16,구례군,애멸구,0
2025.06.16,나주시,애멸구,0
2025.06.16,담양군,애멸구,0
2025.06.16,무안군,애멸구,0
2025.06.16,보성군,애멸구,0
2025.06.16,순천시,애멸구,0
2025.06.16,신안군,애멸구,0
2025.06.16,여수시,애멸구,0
2025.06.16,영광군,애멸구,0
2025.06.16,영암군,애멸구,0
2025.06.16,완도군,애멸구,0
2025.06.16,장성군,애멸구,0
2025.06.16,장흥군,애멸구,0
2025.06.16,진도군,애멸구,1
2025.06.16,함평군,애멸구,0
2025.06.16,해남군,애멸구,0
2025.06.16,화순군,애멸구,0
2025.07.01,강진군,애멸구,0
2025.07.01,고흥군,애멸구,0
2025.07.01,곡성군,애멸구,0
2025.07.01,광양시,애멸구,0
2025.07.01,구례군,애멸구,0
2025.07.01,나주시,애멸구,0
2025.07.01,담양군,애멸구,0
2025.07.01,무안군,애멸구,0
2025.07.01,보성군,애멸구,0
2025.07.01,순천시,애멸구,0
2025.07.01,신안군,애멸구,0
2025.07.01,여수시,애멸구,0
2025.07.01,영광군,애멸구,0
2025.07.01,영암군,애멸구,1
2025.07.01,완도군,애멸구,0
2025.07.01,장성군,애멸구,0
2025.07.01,진도군,애멸구,1
2025.07.01,함평군,애멸구,0
2025.07.01,해남군,애멸구,1
2025.07.01,화순군,애멸구,0
2025.07.16,강진군,애멸구,0
2025.07.16,고흥군,애멸구,1
2025.07.16,곡성군,애멸구,0
2025.07.16,광양시,애멸구,0
2025.07.16,구례군,애멸구,0
2025.07.16,나주시,애멸구,0
2025.07.16,담양군,애멸구,0
2025.07.16,무안군,애멸구,0
2025.07.16,보성군,애멸구,0
2025.07.16,순천시,애멸구,0
2025.07.16,신안군,애멸구,1
2025.07.16,여수시,애멸구,0
2025.07.16,영광군,애멸구,0
2025.07.16,영암군,애멸구,1
2025.07.16,완도군,애멸구,1
2025.07.16,장성군,애멸구,0
2025.07.16,장흥군,애멸구,0
2025.07.16,진도군,애멸구,1
2025.07.16,함평군,애멸구,0
2025.07.16,해남군,애멸구,0
2025.07.16,화순군,애멸구,1
2025.08.01,강진군,애멸구,0
2025.08.01,고흥군,애멸구,0
2025.08.01,광양시,애멸구,0
2025.08.01,구례군,애멸구,0
2025.08.01,담양군,애멸구,0
2025.08.01,무안군,애멸구,0
2025.08.01,보성군,애멸구,0
2025.08.01,신안군,애멸구,0
2025.08.01,여수시,애멸구,1
2025.08.01,영광군,애멸구,0
2025.08.01,영암군,애멸구,0
2025.08.01,완도군,애멸구,1
2025.08.01,장성군,애멸구,0
2025.08.01,장흥군,애멸구,0
2025.08.01,진도군,애멸구,1
2025.08.01,함평군,애멸구,0
2025.08.01,해남군,애멸구,0
2025.08.01,화순군,애멸구,1
2025.08.16,강진군,애멸구,0
2025.08.16,고흥군,애멸구,0
2025.08.16,곡성군,애멸구,0
2025.08.16,광양시,애멸구,0
2025.08.16,구례군,애멸구,0
2025.08.16,나주시,애멸구,1
2025.08.16,담양군,애멸구,0
2025.08.16,무안군,애멸구,0
2025.08.16,보성군,애멸구,0
2025.08.16,순천시,애멸구,0
2025.08.16,신안군,애멸구,0
2025.08.16,여수시,애멸구,0
2025.08.16,영광군,애멸구,0
2025.08.16,영암군,애멸구,0
2025.08.16,완도군,애멸구,0
2025.08.16,장성군,애멸구,0
2025.08.16,장흥군,애멸구,0
2025.08.16,진도군,애멸구,0
2025.08.16,함평군,애멸구,0
2025.08.16,해남군,애멸구,0
2025.08.16,화순군,애멸구,0
2025.09.01,강진군,애멸구,0
2025.09.01,고흥군,애멸구,0
2025.09.01,곡성군,애멸구,0
2025.09.01,광양시,애멸구,0
2025.09.01,구례군,애멸구,0
2025.09.01,나주시,애멸구,0
2025.09.01,담양군,애멸구,0
2025.09.01,무안군,애멸구,0
2025.09.01,보성군,애멸구,0
2025.09.01,순천시,애멸구,0
2025.09.01,신안군,애멸구,0
2025.09.01,여수시,애멸구,0
2025.09.01,영광군,애멸구,0
2025.09.01,영암군,애멸구,0
2025.09.01,완도군,애멸구,0
2025.09.01,장성군,애멸구,0
2025.09.01,장흥군,애멸구,0
2025.09.01,진도군,애멸구,0
2025.09.01,함평군,애멸구,0
2025.09.01,해남군,애멸구,0
2025.09.01,화순군,애멸구,1
2025.09.16,강진군,애멸구,0
2025.09.16,고흥군,애멸구,0
2025.09.16,곡성군,애멸구,0
2025.09.16,광양시,애멸구,0
2025.09.16,구례군,애멸구,0
2025.09.16,나주시,애멸구,0
2025.09.16,담양군,애멸구,0
2025.09.16,무안군,애멸구,0
2025.09.16,보성군,애멸구,0
2025.09.16,순천시,애멸구,0
2025.09.16,신안군,애멸구,0
2025.09.16,여수시,애멸구,0
2025.09.16,영광군,애멸구,0
2025.09.16,영암군,애멸구,0
2025.09.16,완도군,애멸구,0
2025.09.16,장성군,애멸구,0
2025.09.16,장흥군,애멸구,0
2025.09.16,진도군,애멸구,0
2025.09.16,함평군,애멸구,0
2025.09.16,해남군,애멸구,0
2025.09.16,화순군,애멸구,0
2014.09.16,강진군,오갈병,0
2014.09.16,고흥군,오갈병,0
2014.09.16,곡성군,오갈병,0
2014.09.16,광양시,오갈병,0
2014.09.16,구례군,오갈병,0
2014.09.16,나주시,오갈병,0
2014.09.16,담양군,오갈병,0
2014.09.16,무안군,오갈병,0
2014.09.16,보성군,오갈병,0
2014.09.16,순천시,오갈병,0
2014.09.16,신안군,오갈병,0
2014.09.16,여수시,오갈병,0
2014.09.16,영광군,오갈병,0
2014.09.16,영암군,오갈병,0
2014.09.16,완도군,오갈병,0
2014.09.16,장성군,오갈병,0
2014.09.16,장흥군,오갈병,0
2014.09.16,진도군,오갈병,0
2014.09.16,함평군,오갈병,0
2014.09.16,해남군,오갈병,0
2014.09.16,화순군,오갈병,0
2015.06.16,강진군,오갈병,0
2015.06.16,고흥군,오갈병,0
2015.06.16,곡성군,오갈병,0
2015.06.16,광양시,오갈병,0
2015.06.16,구례군,오갈병,0
2015.06.16,나주시,오갈병,0
2015.06.16,담양군,오갈병,0
2015.06.16,무안군,오갈병,0
2015.06.16,보성군,오갈병,0
2015.06.16,순천시,오갈병,0
2015.06.16,신안군,오갈병,0
2015.06.16,여수시,오갈병,0
2015.06.16,영광군,오갈병,0
2015.06.16,영암군,오갈병,0
2015.06.16,완도군,오갈병,0
2015.06.16,장성군,오갈병,0
2015.06.16,장흥군,오갈병,0
2015.06.16,진도군,오갈병,0
2015.06.16,함평군,오갈병,0
2015.06.16,해남군,오갈병,0
2015.06.16,화순군,오갈병,0
2015.07.01,강진군,오갈병,0
2015.07.01,고흥군,오갈병,0
2015.07.01,곡성군,오갈병,0
2015.07.01,광양시,오갈병,0
2015.07.01,구례군,오갈병,0
2015.07.01,나주시,오갈병,0
2015.07.01,담양군,오갈병,0
2015.07.01,무안군,오갈병,0
2015.07.01,보성군,오갈병,0
2015.07.01,순천시,오갈병,0
2015.07.01,신안군,오갈병,0
2015.07.01,여수시,오갈병,0
2015.07.01,영광군,오갈병,0
2015.07.01,영암군,오갈병,0
2015.07.01,완도군,오갈병,0
2015.07.01,장성군,오갈병,0
2015.07.01,장흥군,오갈병,0
2015.07.01,진도군,오갈병,0
2015.07.01,함평군,오갈병,0
2015.07.01,해남군,오갈병,0
2015.07.01,화순군,오갈병,0
2015.07.16,강진군,오갈병,0
2015.07.16,고흥군,오갈병,0
2015.07.16,곡성군,오갈병,0
2015.07.16,광양시,오갈병,0
2015.07.16,구례군,오갈병,0
2015.07.16,나주시,오갈병,0
2015.07.16,담양군,오갈병,0
2015.07.16,무안군,오갈병,0
2015.07.16,보성군,오갈병,0
2015.07.16,순천시,오갈병,0
2015.07.16,신안군,오갈병,0
2015.07.16,여수시,오갈병,0
2015.07.16,영광군,오갈병,0
2015.07.16,영암군,오갈병,0
2015.07.16,완도군,오갈병,0
2015.07.16,장성군,오갈병,0
2015.07.16,장흥군,오갈병,0
2015.07.16,진도군,오갈병,0
2015.07.16,함평군,오갈병,0
2015.07.16,해남군,오갈병,0
2015.07.16,화순군,오갈병,0
2015.08.01,강진군,오갈병,0
2015.08.01,고흥군,오갈병,0
2015.08.01,곡성군,오갈병,0
2015.08.01,광양시,오갈병,0
2015.08.01,구례군,오갈병,0
2015.08.01,나주시,오갈병,0
2015.08.01,담양군,오갈병,0
2015.08.01,무안군,오갈병,0
2015.08.01,보성군,오갈병,0
2015.08.01,순천시,오갈병,0
2015.08.01,신안군,오갈병,0
2015.08.01,여수시,오갈병,0
2015.08.01,영광군,오갈병,0
2015.08.01,영암군,오갈병,0
2015.08.01,완도군,오갈병,0
2015.08.01,장성군,오갈병,0
2015.08.01,장흥군,오갈병,0
2015.08.01,진도군,오갈병,0
2015.08.01,함평군,오갈병,0
2015.08.01,해남군,오갈병,0
2015.08.01,화순군,오갈병,0
2015.08.16,강진군,오갈병,0
2015.08.16,고흥군,오갈병,0
2015.08.16,곡성군,오갈병,0
2015.08.16,광양시,오갈병,0
2015.08.16,구례군,오갈병,0
2015.08.16,나주시,오갈병,0
2015.08.16,담양군,오갈병,0
2015.08.16,무안군,오갈병,0
2015.08.16,보성군,오갈병,0
2015.08.16,순천시,오갈병,0
2015.08.16,신안군,오갈병,0
2015.08.16,여수시,오갈병,0
2015.08.16,영광군,오갈병,0
2015.08.16,영암군,오갈병,0
2015.08.16,완도군,오갈병,0
2015.08.16,장성군,오갈병,0
2015.08.16,장흥군,오갈병,0
2015.08.16,진도군,오갈병,0
2015.08.16,함평군,오갈병,0
2015.08.16,해남군,오갈병,0
2015.08.16,화순군,오갈병,0
2016.06.01,강진군,오갈병,0
2016.06.01,고흥군,오갈병,0
2016.06.01,곡성군,오갈병,0
2016.06.01,광양시,오갈병,0
2016.06.01,구례군,오갈병,0
2016.06.01,나주시,오갈병,0
2016.06.01,담양군,오갈병,0
2016.06.01,무안군,오갈병,0
2016.06.01,보성군,오갈병,0
2016.06.01,순천시,오갈병,0
2016.06.01,신안군,오갈병,0
2016.06.01,여수시,오갈병,0
2016.06.01,영광군,오갈병,0
2016.06.01,영암군,오갈병,0
2016.06.01,완도군,오갈병,0
2016.06.01,장성군,오갈병,0
2016.06.01,장흥군,오갈병,0
2016.06.01,진도군,오갈병,0
2016.06.01,함평군,오갈병,0
2016.06.01,해남군,오갈병,0
2016.06.01,화순군,오갈병,0
2016.06.16,강진군,오갈병,0
2016.06.16,고흥군,오갈병,0
2016.06.16,곡성군,오갈병,0
2016.06.16,광양시,오갈병,0
2016.06.16,구례군,오갈병,0
2016.06.16,나주시,오갈병,0
2016.06.16,담양군,오갈병,0
2016.06.16,무안군,오갈병,0
2016.06.16,보성군,오갈병,0
2016.06.16,순천시,오갈병,0
2016.06.16,신안군,오갈병,0
2016.06.16,여수시,오갈병,0
2016.06.16,영광군,오갈병,0
2016.06.16,영암군,오갈병,0
2016.06.16,완도군,오갈병,0
2016.06.16,장성군,오갈병,0
2016.06.16,장흥군,오갈병,0
2016.06.16,진도군,오갈병,0
2016.06.16,함평군,오갈병,0
2016.06.16,해남군,오갈병,0
2016.06.16,화순군,오갈병,0
2016.07.01,강진군,오갈병,0
2016.07.01,고흥군,오갈병,0
2016.07.01,곡성군,오갈병,0
2016.07.01,광양시,오갈병,0
2016.07.01,구례군,오갈병,0
2016.07.01,나주시,오갈병,0
2016.07.01,담양군,오갈병,0
2016.07.01,무안군,오갈병,0
2016.07.01,보성군,오갈병,0
2016.07.01,순천시,오갈병,0
2016.07.01,신안군,오갈병,0
2016.07.01,여수시,오갈병,0
2016.07.01,영광군,오갈병,0
2016.07.01,영암군,오갈병,0
2016.07.01,완도군,오갈병,0
2016.07.01,장성군,오갈병,0
2016.07.01,장흥군,오갈병,0
2016.07.01,진도군,오갈병,0
2016.07.01,함평군,오갈병,0
2016.07.01,해남군,오갈병,0
2016.07.01,화순군,오갈병,0
2016.07.16,강진군,오갈병,0
2016.07.16,고흥군,오갈병,0
2016.07.16,곡성군,오갈병,0
2016.07.16,광양시,오갈병,0
2016.07.16,구례군,오갈병,0
2016.07.16,나주시,오갈병,0
2016.07.16,담양군,오갈병,0
2016.07.16,무안군,오갈병,0
2016.07.16,보성군,오갈병,0
2016.07.16,순천시,오갈병,0
2016.07.16,신안군,오갈병,0
2016.07.16,여수시,오갈병,0
2016.07.16,영광군,오갈병,0
2016.07.16,영암군,오갈병,0
2016.07.16,완도군,오갈병,0
2016.07.16,장성군,오갈병,0
2016.07.16,장흥군,오갈병,0
2016.07.16,진도군,오갈병,0
2016.07.16,함평군,오갈병,0
2016.07.16,해남군,오갈병,0
2016.07.16,화순군,오갈병,0
2016.08.01,강진군,오갈병,0
2016.08.01,고흥군,오갈병,0
2016.08.01,곡성군,오갈병,0
2016.08.01,광양시,오갈병,0
2016.08.01,구례군,오갈병,0
2016.08.01,나주시,오갈병,0
2016.08.01,담양군,오갈병,0
2016.08.01,무안군,오갈병,0
2016.08.01,보성군,오갈병,0
2016.08.01,순천시,오갈병,0
2016.08.01,신안군,오갈병,0
2016.08.01,여수시,오갈병,0
2016.08.01,영광군,오갈병,0
2016.08.01,영암군,오갈병,0
2016.08.01,완도군,오갈병,0
2016.08.01,장성군,오갈병,0
2016.08.01,장흥군,오갈병,0
2016.08.01,진도군,오갈병,0
2016.08.01,함평군,오갈병,0
2016.08.01,해남군,오갈병,0
2016.08.01,화순군,오갈병,0
2016.08.16,강진군,오갈병,0
2016.08.16,고흥군,오갈병,0
2016.08.16,곡성군,오갈병,0
2016.08.16,광양시,오갈병,0
2016.08.16,구례군,오갈병,0
2016.08.16,나주시,오갈병,0
2016.08.16,담양군,오갈병,0
2016.08.16,무안군,오갈병,0
2016.08.16,보성군,오갈병,0
2016.08.16,순천시,오갈병,0
2016.08.16,신안군,오갈병,0
2016.08.16,여수시,오갈병,0
2016.08.16,영광군,오갈병,0
2016.08.16,영암군,오갈병,0
2016.08.16,완도군,오갈병,0
2016.08.16,장성군,오갈병,0
2016.08.16,장흥군,오갈병,0
2016.08.16,진도군,오갈병,0
2016.08.16,함평군,오갈병,0
2016.08.16,해남군,오갈병,0
2016.08.16,화순군,오갈병,0
2016.09.01,강진군,오갈병,0
2016.09.01,고흥군,오갈병,0
2016.09.01,곡성군,오갈병,0
2016.09.01,광양시,오갈병,0
2016.09.01,구례군,오갈병,0
2016.09.01,나주시,오갈병,0
2016.09.01,담양군,오갈병,0
2016.09.01,무안군,오갈병,0
2016.09.01,보성군,오갈병,0
2016.09.01,순천시,오갈병,0
2016.09.01,신안군,오갈병,0
2016.09.01,여수시,오갈병,0
2016.09.01,영광군,오갈병,0
2016.09.01,영암군,오갈병,0
2016.09.01,완도군,오갈병,0
2016.09.01,장성군,오갈병,0
2016.09.01,장흥군,오갈병,0
2016.09.01,진도군,오갈병,0
2016.09.01,함평군,오갈병,0
2016.09.01,해남군,오갈병,0
2016.09.01,화순군,오갈병,0
2016.09.16,강진군,오갈병,0
2016.09.16,고흥군,오갈병,0
2016.09.16,곡성군,오갈병,0
2016.09.16,광양시,오갈병,0
2016.09.16,구례군,오갈병,0
2016.09.16,나주시,오갈병,0
2016.09.16,담양군,오갈병,0
2016.09.16,무안군,오갈병,0
2016.09.16,보성군,오갈병,0
2016.09.16,순천시,오갈병,0
2016.09.16,신안군,오갈병,0
2016.09.16,여수시,오갈병,0
2016.09.16,영광군,오갈병,0
2016.09.16,영암군,오갈병,0
2016.09.16,완도군,오갈병,0
2016.09.16,장성군,오갈병,0
2016.09.16,장흥군,오갈병,0
2016.09.16,진도군,오갈병,0
2016.09.16,함평군,오갈병,0
2016.09.16,해남군,오갈병,0
2016.09.16,화순군,오갈병,0
2017.06.01,강진군,오갈병,0
2017.06.01,고흥군,오갈병,0
2017.06.01,곡성군,오갈병,0
2017.06.01,광양시,오갈병,0
2017.06.01,구례군,오갈병,0
2017.06.01,나주시,오갈병,0
2017.06.01,담양군,오갈병,0
2017.06.01,무안군,오갈병,0
2017.06.01,보성군,오갈병,0
2017.06.01,순천시,오갈병,0
2017.06.01,신안군,오갈병,0
2017.06.01,여수시,오갈병,0
2017.06.01,영광군,오갈병,0
2017.06.01,영암군,오갈병,0
2017.06.01,완도군,오갈병,0
2017.06.01,장성군,오갈병,0
2017.06.01,장흥군,오갈병,0
2017.06.01,진도군,오갈병,0
2017.06.01,함평군,오갈병,0
2017.06.01,해남군,오갈병,0
2017.06.01,화순군,오갈병,0
2017.06.16,강진군,오갈병,0
2017.06.16,고흥군,오갈병,0
2017.06.16,곡성군,오갈병,0
2017.06.16,광양시,오갈병,0
2017.06.16,구례군,오갈병,0
2017.06.16,나주시,오갈병,0
2017.06.16,담양군,오갈병,0
2017.06.16,무안군,오갈병,0
2017.06.16,보성군,오갈병,0
2017.06.16,순천시,오갈병,0
2017.06.16,신안군,오갈병,0
2017.06.16,여수시,오갈병,0
2017.06.16,영광군,오갈병,0
2017.06.16,영암군,오갈병,0
2017.06.16,완도군,오갈병,0
2017.06.16,장성군,오갈병,0
2017.06.16,장흥군,오갈병,0
2017.06.16,진도군,오갈병,0
2017.06.16,함평군,오갈병,0
2017.06.16,해남군,오갈병,0
2017.06.16,화순군,오갈병,0
2017.07.01,강진군,오갈병,0
2017.07.01,고흥군,오갈병,0
2017.07.01,곡성군,오갈병,0
2017.07.01,광양시,오갈병,0
2017.07.01,구례군,오갈병,0
2017.07.01,나주시,오갈병,0
2017.07.01,담양군,오갈병,0
2017.07.01,무안군,오갈병,0
2017.07.01,보성군,오갈병,0
2017.07.01,순천시,오갈병,0
2017.07.01,신안군,오갈병,0
2017.07.01,여수시,오갈병,0
2017.07.01,영광군,오갈병,0
2017.07.01,영암군,오갈병,0
2017.07.01,완도군,오갈병,0
2017.07.01,장성군,오갈병,0
2017.07.01,장흥군,오갈병,0
2017.07.01,진도군,오갈병,0
2017.07.01,함평군,오갈병,0
2017.07.01,해남군,오갈병,0
2017.07.01,화순군,오갈병,0
2017.07.16,강진군,오갈병,0
2017.07.16,고흥군,오갈병,0
2017.07.16,곡성군,오갈병,0
2017.07.16,광양시,오갈병,0
2017.07.16,구례군,오갈병,0
2017.07.16,나주시,오갈병,0
2017.07.16,담양군,오갈병,0
2017.07.16,무안군,오갈병,0
2017.07.16,보성군,오갈병,0
2017.07.16,순천시,오갈병,0
2017.07.16,신안군,오갈병,0
2017.07.16,여수시,오갈병,0
2017.07.16,영광군,오갈병,0
2017.07.16,영암군,오갈병,0
2017.07.16,완도군,오갈병,0
2017.07.16,장성군,오갈병,0
2017.07.16,장흥군,오갈병,0
2017.07.16,진도군,오갈병,0
2017.07.16,함평군,오갈병,0
2017.07.16,해남군,오갈병,0
2017.07.16,화순군,오갈병,0
2017.08.01,강진군,오갈병,0
2017.08.01,고흥군,오갈병,0
2017.08.01,곡성군,오갈병,0
2017.08.01,광양시,오갈병,0
2017.08.01,구례군,오갈병,0
2017.08.01,나주시,오갈병,0
2017.08.01,담양군,오갈병,0
2017.08.01,무안군,오갈병,0
2017.08.01,보성군,오갈병,0
2017.08.01,순천시,오갈병,0
2017.08.01,신안군,오갈병,0
2017.08.01,여수시,오갈병,0
2017.08.01,영광군,오갈병,0
2017.08.01,영암군,오갈병,0
2017.08.01,완도군,오갈병,0
2017.08.01,장성군,오갈병,0
2017.08.01,장흥군,오갈병,0
2017.08.01,진도군,오갈병,0
2017.08.01,함평군,오갈병,0
2017.08.01,해남군,오갈병,0
2017.08.01,화순군,오갈병,0
2017.08.16,강진군,오갈병,0
2017.08.16,고흥군,오갈병,0
2017.08.16,곡성군,오갈병,0
2017.08.16,광양시,오갈병,0
2017.08.16,구례군,오갈병,0
2017.08.16,나주시,오갈병,0
2017.08.16,담양군,오갈병,0
2017.08.16,무안군,오갈병,0
2017.08.16,보성군,오갈병,0
2017.08.16,순천시,오갈병,0
2017.08.16,신안군,오갈병,0
2017.08.16,여수시,오갈병,0
2017.08.16,영광군,오갈병,0
2017.08.16,영암군,오갈병,0
2017.08.16,완도군,오갈병,0
2017.08.16,장성군,오갈병,0
2017.08.16,장흥군,오갈병,0
2017.08.16,진도군,오갈병,0
2017.08.16,함평군,오갈병,0
2017.08.16,해남군,오갈병,0
2017.08.16,화순군,오갈병,0
2017.09.01,강진군,오갈병,0
2017.09.01,고흥군,오갈병,0
2017.09.01,곡성군,오갈병,0
2017.09.01,광양시,오갈병,0
2017.09.01,구례군,오갈병,0
2017.09.01,나주시,오갈병,0
2017.09.01,담양군,오갈병,0
2017.09.01,무안군,오갈병,0
2017.09.01,보성군,오갈병,0
2017.09.01,순천시,오갈병,0
2017.09.01,신안군,오갈병,0
2017.09.01,여수시,오갈병,0
2017.09.01,영광군,오갈병,0
2017.09.01,영암군,오갈병,0
2017.09.01,완도군,오갈병,0
2017.09.01,장성군,오갈병,0
2017.09.01,장흥군,오갈병,0
2017.09.01,진도군,오갈병,0
2017.09.01,함평군,오갈병,0
2017.09.01,해남군,오갈병,0
2017.09.01,화순군,오갈병,0
2017.09.16,강진군,오갈병,0
2017.09.16,고흥군,오갈병,0
2017.09.16,곡성군,오갈병,0
2017.09.16,광양시,오갈병,0
2017.09.16,구례군,오갈병,0
2017.09.16,나주시,오갈병,0
2017.09.16,담양군,오갈병,0
2017.09.16,무안군,오갈병,0
2017.09.16,보성군,오갈병,0
2017.09.16,순천시,오갈병,0
2017.09.16,신안군,오갈병,0
2017.09.16,여수시,오갈병,0
2017.09.16,영광군,오갈병,0
2017.09.16,영암군,오갈병,0
2017.09.16,완도군,오갈병,0
2017.09.16,장성군,오갈병,0
2017.09.16,장흥군,오갈병,0
2017.09.16,진도군,오갈병,0
2017.09.16,함평군,오갈병,0
2017.09.16,해남군,오갈병,0
2017.09.16,화순군,오갈병,0
2018.06.01,강진군,오갈병,0
2018.06.01,고흥군,오갈병,0
2018.06.01,곡성군,오갈병,0
2018.06.01,광양시,오갈병,0
2018.06.01,구례군,오갈병,0
2018.06.01,나주시,오갈병,0
2018.06.01,담양군,오갈병,0
2018.06.01,무안군,오갈병,0
2018.06.01,보성군,오갈병,0
2018.06.01,순천시,오갈병,0
2018.06.01,신안군,오갈병,0
2018.06.01,여수시,오갈병,0
2018.06.01,영광군,오갈병,0
2018.06.01,영암군,오갈병,0
2018.06.01,완도군,오갈병,0
2018.06.01,장성군,오갈병,0
2018.06.01,장흥군,오갈병,0
2018.06.01,진도군,오갈병,0
2018.06.01,함평군,오갈병,0
2018.06.01,해남군,오갈병,0
2018.06.01,화순군,오갈병,0
2018.06.16,강진군,오갈병,0
2018.06.16,고흥군,오갈병,0
2018.06.16,곡성군,오갈병,0
2018.06.16,광양시,오갈병,0
2018.06.16,구례군,오갈병,0
2018.06.16,나주시,오갈병,0
2018.06.16,담양군,오갈병,0
2018.06.16,무안군,오갈병,0
2018.06.16,보성군,오갈병,0
2018.06.16,순천시,오갈병,0
2018.06.16,신안군,오갈병,0
2018.06.16,여수시,오갈병,0
2018.06.16,영광군,오갈병,0
2018.06.16,영암군,오갈병,0
2018.06.16,완도군,오갈병,0
2018.06.16,장성군,오갈병,0
2018.06.16,장흥군,오갈병,0
2018.06.16,진도군,오갈병,0
2018.06.16,함평군,오갈병,0
2018.06.16,해남군,오갈병,0
2018.06.16,화순군,오갈병,0
2018.07.01,강진군,오갈병,0
2018.07.01,고흥군,오갈병,0
2018.07.01,광양시,오갈병,0
2018.07.01,나주시,오갈병,0
2018.07.01,순천시,오갈병,0
2018.07.01,신안군,오갈병,0
2018.07.01,여수시,오갈병,0
2018.07.01,영광군,오갈병,0
2018.07.01,영암군,오갈병,0
2018.07.01,완도군,오갈병,0
2018.07.01,진도군,오갈병,0
2018.07.01,해남군,오갈병,0
2018.07.01,화순군,오갈병,0
2018.07.16,강진군,오갈병,0
2018.07.16,고흥군,오갈병,0
2018.07.16,곡성군,오갈병,0
2018.07.16,광양시,오갈병,0
2018.07.16,구례군,오갈병,0
2018.07.16,나주시,오갈병,0
2018.07.16,담양군,오갈병,0
2018.07.16,무안군,오갈병,0
2018.07.16,보성군,오갈병,0
2018.07.16,순천시,오갈병,0
2018.07.16,신안군,오갈병,0
2018.07.16,여수시,오갈병,0
2018.07.16,영광군,오갈병,0
2018.07.16,영암군,오갈병,0
2018.07.16,완도군,오갈병,0
2018.07.16,장성군,오갈병,0
2018.07.16,장흥군,오갈병,0
2018.07.16,진도군,오갈병,0
2018.07.16,함평군,오갈병,0
2018.07.16,해남군,오갈병,0
2018.07.16,화순군,오갈병,0
2018.08.01,강진군,오갈병,0
2018.08.01,고흥군,오갈병,0
2018.08.01,곡성군,오갈병,0
2018.08.01,광양시,오갈병,0
2018.08.01,구례군,오갈병,0
2018.08.01,나주시,오갈병,0
2018.08.01,담양군,오갈병,0
2018.08.01,무안군,오갈병,0
2018.08.01,보성군,오갈병,0
2018.08.01,순천시,오갈병,0
2018.08.01,신안군,오갈병,0
2018.08.01,여수시,오갈병,0
2018.08.01,영광군,오갈병,0
2018.08.01,영암군,오갈병,0
2018.08.01,완도군,오갈병,0
2018.08.01,장성군,오갈병,0
2018.08.01,장흥군,오갈병,0
2018.08.01,진도군,오갈병,0
2018.08.01,함평군,오갈병,0
2018.08.01,해남군,오갈병,0
2018.08.01,화순군,오갈병,0
2018.08.16,강진군,오갈병,0
2018.08.16,고흥군,오갈병,0
2018.08.16,곡성군,오갈병,0
2018.08.16,광양시,오갈병,0
2018.08.16,구례군,오갈병,0
2018.08.16,나주시,오갈병,0
2018.08.16,담양군,오갈병,0
2018.08.16,무안군,오갈병,0
2018.08.16,보성군,오갈병,0
2018.08.16,순천시,오갈병,0
2018.08.16,신안군,오갈병,0
2018.08.16,여수시,오갈병,0
2018.08.16,영광군,오갈병,0
2018.08.16,영암군,오갈병,0
2018.08.16,완도군,오갈병,0
2018.08.16,장성군,오갈병,0
2018.08.16,장흥군,오갈병,0
2018.08.16,진도군,오갈병,0
2018.08.16,함평군,오갈병,0
2018.08.16,해남군,오갈병,0
2018.08.16,화순군,오갈병,0
2018.09.01,강진군,오갈병,0
2018.09.01,고흥군,오갈병,0
2018.09.01,곡성군,오갈병,0
2018.09.01,광양시,오갈병,0
2018.09.01,구례군,오갈병,0
2018.09.01,나주시,오갈병,0
2018.09.01,담양군,오갈병,0
2018.09.01,무안군,오갈병,0
2018.09.01,보성군,오갈병,0
2018.09.01,순천시,오갈병,0
2018.09.01,신안군,오갈병,0
2018.09.01,여수시,오갈병,0
2018.09.01,영광군,오갈병,0
2018.09.01,영암군,오갈병,0
2018.09.01,완도군,오갈병,0
2018.09.01,장성군,오갈병,0
2018.09.01,장흥군,오갈병,0
2018.09.01,진도군,오갈병,0
2018.09.01,함평군,오갈병,0
2018.09.01,해남군,오갈병,0
2018.09.01,화순군,오갈병,0
2018.09.16,강진군,오갈병,0
2018.09.16,고흥군,오갈병,0
2018.09.16,곡성군,오갈병,0
2018.09.16,광양시,오갈병,0
2018.09.16,구례군,오갈병,0
2018.09.16,나주시,오갈병,0
2018.09.16,담양군,오갈병,0
2018.09.16,무안군,오갈병,0
2018.09.16,보성군,오갈병,0
2018.09.16,순천시,오갈병,0
2018.09.16,신안군,오갈병,0
2018.09.16,여수시,오갈병,0
2018.09.16,영광군,오갈병,0
2018.09.16,영암군,오갈병,0
2018.09.16,완도군,오갈병,0
2018.09.16,장성군,오갈병,0
2018.09.16,장흥군,오갈병,0
2018.09.16,진도군,오갈병,0
2018.09.16,함평군,오갈병,0
2018.09.16,해남군,오갈병,0
2018.09.16,화순군,오갈병,0
2019.06.01,강진군,오갈병,0
2019.06.01,고흥군,오갈병,0
2019.06.01,곡성군,오갈병,0
2019.06.01,광양시,오갈병,0
2019.06.01,구례군,오갈병,0
2019.06.01,나주시,오갈병,0
2019.06.01,담양군,오갈병,0
2019.06.01,무안군,오갈병,0
2019.06.01,보성군,오갈병,0
2019.06.01,순천시,오갈병,0
2019.06.01,신안군,오갈병,0
2019.06.01,여수시,오갈병,0
2019.06.01,영광군,오갈병,0
2019.06.01,영암군,오갈병,0
2019.06.01,완도군,오갈병,0
2019.06.01,장성군,오갈병,0
2019.06.01,장흥군,오갈병,0
2019.06.01,진도군,오갈병,0
2019.06.01,함평군,오갈병,0
2019.06.01,해남군,오갈병,0
2019.06.01,화순군,오갈병,0
2019.06.16,강진군,오갈병,0
2019.06.16,고흥군,오갈병,0
2019.06.16,곡성군,오갈병,0
2019.06.16,광양시,오갈병,0
2019.06.16,구례군,오갈병,0
2019.06.16,나주시,오갈병,0
2019.06.16,담양군,오갈병,0
2019.06.16,무안군,오갈병,0
2019.06.16,보성군,오갈병,0
2019.06.16,순천시,오갈병,0
2019.06.16,신안군,오갈병,0
2019.06.16,여수시,오갈병,0
2019.06.16,영광군,오갈병,0
2019.06.16,영암군,오갈병,0
2019.06.16,완도군,오갈병,0
2019.06.16,장성군,오갈병,0
2019.06.16,장흥군,오갈병,0
2019.06.16,진도군,오갈병,0
2019.06.16,함평군,오갈병,0
2019.06.16,해남군,오갈병,0
2019.06.16,화순군,오갈병,0
2019.07.01,강진군,오갈병,0
2019.07.01,고흥군,오갈병,0
2019.07.01,곡성군,오갈병,0
2019.07.01,광양시,오갈병,0
2019.07.01,구례군,오갈병,0
2019.07.01,나주시,오갈병,0
2019.07.01,담양군,오갈병,0
2019.07.01,무안군,오갈병,0
2019.07.01,보성군,오갈병,0
2019.07.01,순천시,오갈병,0
2019.07.01,신안군,오갈병,0
2019.07.01,여수시,오갈병,0
2019.07.01,영광군,오갈병,0
2019.07.01,영암군,오갈병,0
2019.07.01,완도군,오갈병,0
2019.07.01,장성군,오갈병,0
2019.07.01,장흥군,오갈병,0
2019.07.01,진도군,오갈병,0
2019.07.01,함평군,오갈병,0
2019.07.01,해남군,오갈병,0
2019.07.01,화순군,오갈병,0
2019.07.16,강진군,오갈병,0
2019.07.16,고흥군,오갈병,0
2019.07.16,곡성군,오갈병,0
2019.07.16,광양시,오갈병,0
2019.07.16,구례군,오갈병,0
2019.07.16,나주시,오갈병,0
2019.07.16,담양군,오갈병,0
2019.07.16,무안군,오갈병,0
2019.07.16,보성군,오갈병,0
2019.07.16,순천시,오갈병,0
2019.07.16,신안군,오갈병,0
2019.07.16,여수시,오갈병,0
2019.07.16,영광군,오갈병,0
2019.07.16,영암군,오갈병,0
2019.07.16,완도군,오갈병,0
2019.07.16,장성군,오갈병,0
2019.07.16,장흥군,오갈병,0
2019.07.16,진도군,오갈병,0
2019.07.16,함평군,오갈병,0
2019.07.16,해남군,오갈병,0
2019.07.16,화순군,오갈병,0
2019.08.01,강진군,오갈병,0
2019.08.01,고흥군,오갈병,0
2019.08.01,곡성군,오갈병,0
2019.08.01,광양시,오갈병,0
2019.08.01,구례군,오갈병,0
2019.08.01,나주시,오갈병,0
2019.08.01,담양군,오갈병,0
2019.08.01,무안군,오갈병,0
2019.08.01,보성군,오갈병,0
2019.08.01,순천시,오갈병,0
2019.08.01,신안군,오갈병,0
2019.08.01,여수시,오갈병,0
2019.08.01,영광군,오갈병,0
2019.08.01,영암군,오갈병,0
2019.08.01,완도군,오갈병,0
2019.08.01,장성군,오갈병,0
2019.08.01,장흥군,오갈병,0
2019.08.01,진도군,오갈병,0
2019.08.01,함평군,오갈병,0
2019.08.01,해남군,오갈병,0
2019.08.01,화순군,오갈병,0
2019.08.16,강진군,오갈병,0
2019.08.16,고흥군,오갈병,0
2019.08.16,광양시,오갈병,0
2019.08.16,구례군,오갈병,0
2019.08.16,무안군,오갈병,0
2019.08.16,보성군,오갈병,0
2019.08.16,순천시,오갈병,0
2019.08.16,신안군,오갈병,0
2019.08.16,여수시,오갈병,0
2019.08.16,영광군,오갈병,0
2019.08.16,완도군,오갈병,0
2019.08.16,장흥군,오갈병,0
2019.08.16,진도군,오갈병,0
2019.08.16,함평군,오갈병,0
2019.08.16,해남군,오갈병,0
2019.08.16,화순군,오갈병,0
2019.09.01,강진군,오갈병,0
2019.09.01,고흥군,오갈병,0
2019.09.01,곡성군,오갈병,0
2019.09.01,광양시,오갈병,0
2019.09.01,구례군,오갈병,0
2019.09.01,나주시,오갈병,0
2019.09.01,담양군,오갈병,0
2019.09.01,무안군,오갈병,0
2019.09.01,보성군,오갈병,0
2019.09.01,순천시,오갈병,0
2019.09.01,신안군,오갈병,0
2019.09.01,여수시,오갈병,0
2019.09.01,영광군,오갈병,0
2019.09.01,영암군,오갈병,0
2019.09.01,완도군,오갈병,0
2019.09.01,장성군,오갈병,0
2019.09.01,장흥군,오갈병,0
2019.09.01,진도군,오갈병,0
2019.09.01,함평군,오갈병,0
2019.09.01,해남군,오갈병,0
2019.09.01,화순군,오갈병,0
2019.09.16,강진군,오갈병,0
2019.09.16,고흥군,오갈병,0
2019.09.16,곡성군,오갈병,0
2019.09.16,광양시,오갈병,0
2019.09.16,구례군,오갈병,0
2019.09.16,나주시,오갈병,0
2019.09.16,담양군,오갈병,0
2019.09.16,무안군,오갈병,0
2019.09.16,보성군,오갈병,0
2019.09.16,순천시,오갈병,0
2019.09.16,여수시,오갈병,0
2019.09.16,영광군,오갈병,0
2019.09.16,영암군,오갈병,0
2019.09.16,완도군,오갈병,0
2019.09.16,장성군,오갈병,0
2019.09.16,장흥군,오갈병,0
2019.09.16,진도군,오갈병,0
2019.09.16,함평군,오갈병,0
2019.09.16,해남군,오갈병,0
2019.09.16,화순군,오갈병,0
2020.06.01,강진군,오갈병,0
2020.06.01,고흥군,오갈병,0
2020.06.01,광양시,오갈병,0
2020.06.01,구례군,오갈병,0
2020.06.01,나주시,오갈병,0
2020.06.01,담양군,오갈병,0
2020.06.01,무안군,오갈병,0
2020.06.01,보성군,오갈병,0
2020.06.01,순천시,오갈병,0
2020.06.01,신안군,오갈병,0
2020.06.01,여수시,오갈병,0
2020.06.01,영광군,오갈병,0
2020.06.01,영암군,오갈병,0
2020.06.01,완도군,오갈병,0
2020.06.01,장성군,오갈병,0
2020.06.01,장흥군,오갈병,0
2020.06.01,진도군,오갈병,0
2020.06.01,함평군,오갈병,0
2020.06.01,해남군,오갈병,0
2020.06.01,화순군,오갈병,0
2020.06.16,강진군,오갈병,0
2020.06.16,고흥군,오갈병,0
2020.06.16,곡성군,오갈병,0
2020.06.16,광양시,오갈병,0
2020.06.16,구례군,오갈병,0
2020.06.16,나주시,오갈병,0
2020.06.16,담양군,오갈병,0
2020.06.16,무안군,오갈병,0
2020.06.16,보성군,오갈병,0
2020.06.16,순천시,오갈병,0
2020.06.16,신안군,오갈병,0
2020.06.16,여수시,오갈병,0
2020.06.16,영광군,오갈병,0
2020.06.16,영암군,오갈병,0
2020.06.16,완도군,오갈병,0
2020.06.16,장성군,오갈병,0
2020.06.16,장흥군,오갈병,0
2020.06.16,진도군,오갈병,0
2020.06.16,함평군,오갈병,0
2020.06.16,해남군,오갈병,0
2020.06.16,화순군,오갈병,0
2020.07.01,강진군,오갈병,0
2020.07.01,고흥군,오갈병,0
2020.07.01,곡성군,오갈병,0
2020.07.01,광양시,오갈병,0
2020.07.01,구례군,오갈병,0
2020.07.01,담양군,오갈병,0
2020.07.01,무안군,오갈병,0
2020.07.01,보성군,오갈병,0
2020.07.01,순천시,오갈병,0
2020.07.01,신안군,오갈병,0
2020.07.01,여수시,오갈병,0
2020.07.01,영광군,오갈병,0
2020.07.01,영암군,오갈병,0
2020.07.01,완도군,오갈병,0
2020.07.01,장성군,오갈병,0
2020.07.01,장흥군,오갈병,0
2020.07.01,진도군,오갈병,0
2020.07.01,함평군,오갈병,0
2020.07.01,해남군,오갈병,0
2020.07.01,화순군,오갈병,0
2020.07.16,강진군,오갈병,0
2020.07.16,고흥군,오갈병,0
2020.07.16,곡성군,오갈병,0
2020.07.16,광양시,오갈병,0
2020.07.16,구례군,오갈병,0
2020.07.16,나주시,오갈병,0
2020.07.16,담양군,오갈병,0
2020.07.16,무안군,오갈병,0
2020.07.16,보성군,오갈병,0
2020.07.16,순천시,오갈병,0
2020.07.16,신안군,오갈병,0
2020.07.16,여수시,오갈병,0
2020.07.16,영광군,오갈병,0
2020.07.16,영암군,오갈병,0
2020.07.16,완도군,오갈병,0
2020.07.16,장성군,오갈병,0
2020.07.16,장흥군,오갈병,0
2020.07.16,진도군,오갈병,0
2020.07.16,함평군,오갈병,0
2020.07.16,해남군,오갈병,0
2020.07.16,화순군,오갈병,0
2020.08.01,강진군,오갈병,0
2020.08.01,고흥군,오갈병,0
2020.08.01,곡성군,오갈병,0
2020.08.01,광양시,오갈병,0
2020.08.01,구례군,오갈병,0
2020.08.01,나주시,오갈병,0
2020.08.01,담양군,오갈병,0
2020.08.01,무안군,오갈병,0
2020.08.01,보성군,오갈병,0
2020.08.01,순천시,오갈병,0
2020.08.01,신안군,오갈병,0
2020.08.01,여수시,오갈병,0
2020.08.01,영광군,오갈병,0
2020.08.01,영암군,오갈병,0
2020.08.01,완도군,오갈병,0
2020.08.01,장성군,오갈병,0
2020.08.01,장흥군,오갈병,0
2020.08.01,진도군,오갈병,0
2020.08.01,함평군,오갈병,0
2020.08.01,해남군,오갈병,0
2020.08.01,화순군,오갈병,0
2020.08.16,강진군,오갈병,0
2020.08.16,고흥군,오갈병,0
2020.08.16,곡성군,오갈병,0
2020.08.16,광양시,오갈병,0
2020.08.16,구례군,오갈병,0
2020.08.16,나주시,오갈병,0
2020.08.16,담양군,오갈병,0
2020.08.16,무안군,오갈병,0
2020.08.16,보성군,오갈병,0
2020.08.16,순천시,오갈병,0
2020.08.16,신안군,오갈병,0
2020.08.16,여수시,오갈병,0
2020.08.16,영광군,오갈병,0
2020.08.16,영암군,오갈병,0
2020.08.16,완도군,오갈병,0
2020.08.16,장성군,오갈병,0
2020.08.16,장흥군,오갈병,0
2020.08.16,진도군,오갈병,0
2020.08.16,함평군,오갈병,0
2020.08.16,해남군,오갈병,0
2020.08.16,화순군,오갈병,0
2020.09.01,강진군,오갈병,0
2020.09.01,고흥군,오갈병,0
2020.09.01,곡성군,오갈병,0
2020.09.01,광양시,오갈병,0
2020.09.01,구례군,오갈병,0
2020.09.01,나주시,오갈병,0
2020.09.01,담양군,오갈병,0
2020.09.01,무안군,오갈병,0
2020.09.01,보성군,오갈병,0
2020.09.01,순천시,오갈병,0
2020.09.01,신안군,오갈병,0
2020.09.01,여수시,오갈병,0
2020.09.01,영광군,오갈병,0
2020.09.01,영암군,오갈병,0
2020.09.01,완도군,오갈병,0
2020.09.01,장성군,오갈병,0
2020.09.01,장흥군,오갈병,0
2020.09.01,진도군,오갈병,0
2020.09.01,함평군,오갈병,0
2020.09.01,해남군,오갈병,0
2020.09.01,화순군,오갈병,0
2020.09.16,강진군,오갈병,0
2020.09.16,고흥군,오갈병,0
2020.09.16,곡성군,오갈병,0
2020.09.16,광양시,오갈병,0
2020.09.16,구례군,오갈병,0
2020.09.16,나주시,오갈병,0
2020.09.16,담양군,오갈병,0
2020.09.16,무안군,오갈병,0
2020.09.16,보성군,오갈병,0
2020.09.16,순천시,오갈병,0
2020.09.16,신안군,오갈병,0
2020.09.16,여수시,오갈병,0
2020.09.16,영광군,오갈병,0
2020.09.16,영암군,오갈병,0
2020.09.16,완도군,오갈병,0
2020.09.16,장성군,오갈병,0
2020.09.16,장흥군,오갈병,0
2020.09.16,진도군,오갈병,0
2020.09.16,함평군,오갈병,0
2020.09.16,해남군,오갈병,0
2020.09.16,화순군,오갈병,0
2021.06.01,강진군,오갈병,0
2021.06.01,고흥군,오갈병,0
2021.06.01,곡성군,오갈병,0
2021.06.01,광양시,오갈병,0
2021.06.01,구례군,오갈병,0
2021.06.01,나주시,오갈병,0
2021.06.01,담양군,오갈병,0
2021.06.01,무안군,오갈병,0
2021.06.01,보성군,오갈병,0
2021.06.01,순천시,오갈병,0
2021.06.01,신안군,오갈병,0
2021.06.01,여수시,오갈병,0
2021.06.01,영암군,오갈병,0
2021.06.01,완도군,오갈병,0
2021.06.01,장성군,오갈병,0
2021.06.01,장흥군,오갈병,0
2021.06.01,진도군,오갈병,0
2021.06.01,함평군,오갈병,0
2021.06.01,해남군,오갈병,0
2021.06.01,화순군,오갈병,0
2021.06.16,강진군,오갈병,0
2021.06.16,고흥군,오갈병,0
2021.06.16,곡성군,오갈병,0
2021.06.16,광양시,오갈병,0
2021.06.16,구례군,오갈병,0
2021.06.16,나주시,오갈병,0
2021.06.16,담양군,오갈병,0
2021.06.16,무안군,오갈병,0
2021.06.16,보성군,오갈병,0
2021.06.16,순천시,오갈병,0
2021.06.16,신안군,오갈병,0
2021.06.16,여수시,오갈병,0
2021.06.16,영광군,오갈병,0
2021.06.16,영암군,오갈병,0
2021.06.16,완도군,오갈병,0
2021.06.16,장성군,오갈병,0
2021.06.16,장흥군,오갈병,0
2021.06.16,진도군,오갈병,0
2021.06.16,함평군,오갈병,0
2021.06.16,해남군,오갈병,0
2021.06.16,화순군,오갈병,0
2021.07.01,강진군,오갈병,0
2021.07.01,고흥군,오갈병,0
2021.07.01,곡성군,오갈병,0
2021.07.01,광양시,오갈병,0
2021.07.01,구례군,오갈병,0
2021.07.01,나주시,오갈병,0
2021.07.01,담양군,오갈병,0
2021.07.01,무안군,오갈병,0
2021.07.01,보성군,오갈병,0
2021.07.01,순천시,오갈병,0
2021.07.01,신안군,오갈병,0
2021.07.01,여수시,오갈병,0
2021.07.01,영광군,오갈병,0
2021.07.01,영암군,오갈병,0
2021.07.01,완도군,오갈병,0
2021.07.01,장성군,오갈병,0
2021.07.01,장흥군,오갈병,0
2021.07.01,진도군,오갈병,0
2021.07.01,함평군,오갈병,0
2021.07.01,해남군,오갈병,0
2021.07.01,화순군,오갈병,0
2021.07.16,강진군,오갈병,0
2021.07.16,고흥군,오갈병,0
2021.07.16,곡성군,오갈병,0
2021.07.16,광양시,오갈병,0
2021.07.16,구례군,오갈병,0
2021.07.16,나주시,오갈병,0
2021.07.16,담양군,오갈병,0
2021.07.16,무안군,오갈병,0
2021.07.16,보성군,오갈병,0
2021.07.16,순천시,오갈병,0
2021.07.16,신안군,오갈병,0
2021.07.16,여수시,오갈병,0
2021.07.16,영광군,오갈병,0
2021.07.16,영암군,오갈병,0
2021.07.16,완도군,오갈병,0
2021.07.16,장성군,오갈병,0
2021.07.16,장흥군,오갈병,0
2021.07.16,진도군,오갈병,0
2021.07.16,함평군,오갈병,0
2021.07.16,해남군,오갈병,0
2021.07.16,화순군,오갈병,0
2021.08.01,강진군,오갈병,0
2021.08.01,고흥군,오갈병,0
2021.08.01,곡성군,오갈병,0
2021.08.01,광양시,오갈병,0
2021.08.01,구례군,오갈병,0
2021.08.01,보성군,오갈병,0
2021.08.01,여수시,오갈병,0
2021.08.01,영암군,오갈병,0
2021.08.01,완도군,오갈병,0
2021.08.01,장성군,오갈병,0
2021.08.01,진도군,오갈병,0
2021.08.01,함평군,오갈병,0
2021.08.01,해남군,오갈병,0
2021.08.01,화순군,오갈병,0
2021.08.16,강진군,오갈병,0
2021.08.16,고흥군,오갈병,0
2021.08.16,곡성군,오갈병,0
2021.08.16,광양시,오갈병,0
2021.08.16,구례군,오갈병,0
2021.08.16,나주시,오갈병,0
2021.08.16,담양군,오갈병,0
2021.08.16,무안군,오갈병,0
2021.08.16,보성군,오갈병,0
2021.08.16,순천시,오갈병,0
2021.08.16,신안군,오갈병,0
2021.08.16,여수시,오갈병,0
2021.08.16,영광군,오갈병,0
2021.08.16,영암군,오갈병,0
2021.08.16,완도군,오갈병,0
2021.08.16,장성군,오갈병,0
2021.08.16,장흥군,오갈병,0
2021.08.16,진도군,오갈병,0
2021.08.16,함평군,오갈병,0
2021.08.16,해남군,오갈병,0
2021.08.16,화순군,오갈병,0
2021.09.01,강진군,오갈병,0
2021.09.01,고흥군,오갈병,0
2021.09.01,곡성군,오갈병,0
2021.09.01,광양시,오갈병,0
2021.09.01,구례군,오갈병,0
2021.09.01,담양군,오갈병,0
2021.09.01,무안군,오갈병,0
2021.09.01,보성군,오갈병,0
2021.09.01,순천시,오갈병,0
2021.09.01,신안군,오갈병,0
2021.09.01,여수시,오갈병,0
2021.09.01,영암군,오갈병,0
2021.09.01,완도군,오갈병,0
2021.09.01,장성군,오갈병,0
2021.09.01,장흥군,오갈병,0
2021.09.01,진도군,오갈병,0
2021.09.01,함평군,오갈병,0
2021.09.01,해남군,오갈병,0
2021.09.01,화순군,오갈병,0
2021.09.16,강진군,오갈병,0
2021.09.16,고흥군,오갈병,0
2021.09.16,곡성군,오갈병,0
2021.09.16,광양시,오갈병,0
2021.09.16,구례군,오갈병,0
2021.09.16,나주시,오갈병,0
2021.09.16,담양군,오갈병,0
2021.09.16,무안군,오갈병,0
2021.09.16,보성군,오갈병,0
2021.09.16,순천시,오갈병,0
2021.09.16,신안군,오갈병,0
2021.09.16,여수시,오갈병,0
2021.09.16,영광군,오갈병,0
2021.09.16,영암군,오갈병,0
2021.09.16,완도군,오갈병,0
2021.09.16,장성군,오갈병,0
2021.09.16,장흥군,오갈병,0
2021.09.16,진도군,오갈병,0
2021.09.16,함평군,오갈병,0
2021.09.16,해남군,오갈병,0
2021.09.16,화순군,오갈병,0
2022.06.01,강진군,오갈병,0
2022.06.01,고흥군,오갈병,0
2022.06.01,곡성군,오갈병,0
2022.06.01,광양시,오갈병,0
2022.06.01,구례군,오갈병,0
2022.06.01,나주시,오갈병,0
2022.06.01,담양군,오갈병,0
2022.06.01,무안군,오갈병,0
2022.06.01,보성군,오갈병,0
2022.06.01,순천시,오갈병,0
2022.06.01,신안군,오갈병,0
2022.06.01,여수시,오갈병,0
2022.06.01,영광군,오갈병,0
2022.06.01,영암군,오갈병,0
2022.06.01,완도군,오갈병,0
2022.06.01,장성군,오갈병,0
2022.06.01,장흥군,오갈병,0
2022.06.01,진도군,오갈병,0
2022.06.01,함평군,오갈병,0
2022.06.01,해남군,오갈병,0
2022.06.01,화순군,오갈병,0
2022.06.16,강진군,오갈병,0
2022.06.16,고흥군,오갈병,0
2022.06.16,곡성군,오갈병,0
2022.06.16,광양시,오갈병,0
2022.06.16,구례군,오갈병,0
2022.06.16,나주시,오갈병,0
2022.06.16,담양군,오갈병,0
2022.06.16,무안군,오갈병,0
2022.06.16,보성군,오갈병,0
2022.06.16,순천시,오갈병,0
2022.06.16,신안군,오갈병,0
2022.06.16,여수시,오갈병,0
2022.06.16,영광군,오갈병,0
2022.06.16,영암군,오갈병,0
2022.06.16,완도군,오갈병,0
2022.06.16,장성군,오갈병,0
2022.06.16,장흥군,오갈병,0
2022.06.16,진도군,오갈병,0
2022.06.16,함평군,오갈병,0
2022.06.16,해남군,오갈병,0
2022.06.16,화순군,오갈병,0
2022.07.01,강진군,오갈병,0
2022.07.01,고흥군,오갈병,0
2022.07.01,곡성군,오갈병,0
2022.07.01,광양시,오갈병,0
2022.07.01,구례군,오갈병,0
2022.07.01,나주시,오갈병,0
2022.07.01,담양군,오갈병,0
2022.07.01,무안군,오갈병,0
2022.07.01,보성군,오갈병,0
2022.07.01,순천시,오갈병,0
2022.07.01,신안군,오갈병,0
2022.07.01,여수시,오갈병,0
2022.07.01,영광군,오갈병,0
2022.07.01,영암군,오갈병,0
2022.07.01,완도군,오갈병,0
2022.07.01,장성군,오갈병,0
2022.07.01,장흥군,오갈병,0
2022.07.01,진도군,오갈병,0
2022.07.01,함평군,오갈병,0
2022.07.01,해남군,오갈병,0
2022.07.01,화순군,오갈병,0
2022.07.16,강진군,오갈병,0
2022.07.16,고흥군,오갈병,0
2022.07.16,곡성군,오갈병,0
2022.07.16,광양시,오갈병,0
2022.07.16,구례군,오갈병,0
2022.07.16,나주시,오갈병,0
2022.07.16,담양군,오갈병,0
2022.07.16,무안군,오갈병,0
2022.07.16,보성군,오갈병,0
2022.07.16,순천시,오갈병,0
2022.07.16,신안군,오갈병,0
2022.07.16,여수시,오갈병,0
2022.07.16,영광군,오갈병,0
2022.07.16,영암군,오갈병,0
2022.07.16,완도군,오갈병,0
2022.07.16,장성군,오갈병,0
2022.07.16,장흥군,오갈병,0
2022.07.16,진도군,오갈병,0
2022.07.16,함평군,오갈병,0
2022.07.16,해남군,오갈병,0
2022.07.16,화순군,오갈병,0
2022.08.01,강진군,오갈병,0
2022.08.01,고흥군,오갈병,0
2022.08.01,곡성군,오갈병,0
2022.08.01,광양시,오갈병,0
2022.08.01,구례군,오갈병,0
2022.08.01,나주시,오갈병,0
2022.08.01,담양군,오갈병,0
2022.08.01,무안군,오갈병,0
2022.08.01,보성군,오갈병,0
2022.08.01,순천시,오갈병,0
2022.08.01,신안군,오갈병,0
2022.08.01,여수시,오갈병,0
2022.08.01,영광군,오갈병,0
2022.08.01,영암군,오갈병,0
2022.08.01,완도군,오갈병,0
2022.08.01,장성군,오갈병,0
2022.08.01,장흥군,오갈병,0
2022.08.01,진도군,오갈병,0
2022.08.01,함평군,오갈병,0
2022.08.01,화순군,오갈병,0
2022.08.16,강진군,오갈병,0
2022.08.16,고흥군,오갈병,0
2022.08.16,광양시,오갈병,0
2022.08.16,구례군,오갈병,0
2022.08.16,담양군,오갈병,0
2022.08.16,무안군,오갈병,0
2022.08.16,보성군,오갈병,0
2022.08.16,순천시,오갈병,0
2022.08.16,여수시,오갈병,0
2022.08.16,영암군,오갈병,0
2022.08.16,완도군,오갈병,0
2022.08.16,장성군,오갈병,0
2022.08.16,장흥군,오갈병,0
2022.08.16,진도군,오갈병,0
2022.08.16,함평군,오갈병,0
2022.08.16,해남군,오갈병,0
2022.08.16,화순군,오갈병,0
2022.09.01,강진군,오갈병,0
2022.09.01,고흥군,오갈병,0
2022.09.01,곡성군,오갈병,0
2022.09.01,광양시,오갈병,0
2022.09.01,구례군,오갈병,0
2022.09.01,담양군,오갈병,0
2022.09.01,보성군,오갈병,0
2022.09.01,순천시,오갈병,0
2022.09.01,신안군,오갈병,0
2022.09.01,여수시,오갈병,0
2022.09.01,영암군,오갈병,0
2022.09.01,완도군,오갈병,0
2022.09.01,장성군,오갈병,0
2022.09.01,장흥군,오갈병,0
2022.09.01,진도군,오갈병,0
2022.09.01,해남군,오갈병,0
2022.09.01,화순군,오갈병,0
2022.09.16,강진군,오갈병,0
2022.09.16,고흥군,오갈병,0
2022.09.16,곡성군,오갈병,0
2022.09.16,광양시,오갈병,0
2022.09.16,구례군,오갈병,0
2022.09.16,나주시,오갈병,0
2022.09.16,담양군,오갈병,0
2022.09.16,무안군,오갈병,0
2022.09.16,보성군,오갈병,0
2022.09.16,순천시,오갈병,0
2022.09.16,신안군,오갈병,0
2022.09.16,여수시,오갈병,0
2022.09.16,영광군,오갈병,0
2022.09.16,완도군,오갈병,0
2022.09.16,장성군,오갈병,0
2022.09.16,장흥군,오갈병,0
2022.09.16,진도군,오갈병,0
2022.09.16,함평군,오갈병,0
2022.09.16,해남군,오갈병,0
2022.09.16,화순군,오갈병,0
2023.06.01,강진군,오갈병,0
2023.06.01,곡성군,오갈병,0
2023.06.01,광양시,오갈병,0
2023.06.01,구례군,오갈병,0
2023.06.01,나주시,오갈병,0
2023.06.01,담양군,오갈병,0
2023.06.01,무안군,오갈병,0
2023.06.01,보성군,오갈병,0
2023.06.01,순천시,오갈병,0
2023.06.01,신안군,오갈병,0
2023.06.01,여수시,오갈병,0
2023.06.01,영광군,오갈병,0
2023.06.01,영암군,오갈병,0
2023.06.01,완도군,오갈병,0
2023.06.01,장성군,오갈병,0
2023.06.01,장흥군,오갈병,0
2023.06.01,진도군,오갈병,0
2023.06.01,함평군,오갈병,0
2023.06.01,해남군,오갈병,0
2023.06.01,화순군,오갈병,0
2023.06.16,강진군,오갈병,0
2023.06.16,곡성군,오갈병,0
2023.06.16,광양시,오갈병,0
2023.06.16,구례군,오갈병,0
2023.06.16,나주시,오갈병,0
2023.06.16,담양군,오갈병,0
2023.06.16,무안군,오갈병,0
2023.06.16,보성군,오갈병,0
2023.06.16,순천시,오갈병,0
2023.06.16,신안군,오갈병,0
2023.06.16,여수시,오갈병,0
2023.06.16,영광군,오갈병,0
2023.06.16,영암군,오갈병,0
2023.06.16,완도군,오갈병,0
2023.06.16,장성군,오갈병,0
2023.06.16,장흥군,오갈병,0
2023.06.16,진도군,오갈병,0
2023.06.16,함평군,오갈병,0
2023.06.16,해남군,오갈병,0
2023.06.16,화순군,오갈병,0
2023.07.01,강진군,오갈병,0
2023.07.01,고흥군,오갈병,0
2023.07.01,곡성군,오갈병,0
2023.07.01,광양시,오갈병,0
2023.07.01,구례군,오갈병,0
2023.07.01,나주시,오갈병,0
2023.07.01,담양군,오갈병,0
2023.07.01,무안군,오갈병,0
2023.07.01,보성군,오갈병,0
2023.07.01,순천시,오갈병,0
2023.07.01,신안군,오갈병,0
2023.07.01,여수시,오갈병,0
2023.07.01,영광군,오갈병,0
2023.07.01,영암군,오갈병,0
2023.07.01,완도군,오갈병,0
2023.07.01,장성군,오갈병,0
2023.07.01,장흥군,오갈병,0
2023.07.01,진도군,오갈병,0
2023.07.01,함평군,오갈병,0
2023.07.01,해남군,오갈병,0
2023.07.01,화순군,오갈병,0
2023.07.16,강진군,오갈병,0
2023.07.16,고흥군,오갈병,0
2023.07.16,곡성군,오갈병,0
2023.07.16,광양시,오갈병,0
2023.07.16,구례군,오갈병,0
2023.07.16,나주시,오갈병,0
2023.07.16,담양군,오갈병,0
2023.07.16,무안군,오갈병,0
2023.07.16,보성군,오갈병,0
2023.07.16,순천시,오갈병,0
2023.07.16,신안군,오갈병,0
2023.07.16,여수시,오갈병,0
2023.07.16,영광군,오갈병,0
2023.07.16,영암군,오갈병,0
2023.07.16,완도군,오갈병,0
2023.07.16,장성군,오갈병,0
2023.07.16,장흥군,오갈병,0
2023.07.16,진도군,오갈병,0
2023.07.16,함평군,오갈병,0
2023.07.16,해남군,오갈병,0
2023.07.16,화순군,오갈병,0
2023.08.01,강진군,오갈병,0
2023.08.01,고흥군,오갈병,0
2023.08.01,곡성군,오갈병,0
2023.08.01,광양시,오갈병,0
2023.08.01,구례군,오갈병,0
2023.08.01,나주시,오갈병,0
2023.08.01,담양군,오갈병,0
2023.08.01,무안군,오갈병,0
2023.08.01,보성군,오갈병,0
2023.08.01,순천시,오갈병,0
2023.08.01,신안군,오갈병,0
2023.08.01,여수시,오갈병,0
2023.08.01,영광군,오갈병,0
2023.08.01,영암군,오갈병,0
2023.08.01,완도군,오갈병,0
2023.08.01,장성군,오갈병,0
2023.08.01,장흥군,오갈병,0
2023.08.01,진도군,오갈병,0
2023.08.01,함평군,오갈병,0
2023.08.01,해남군,오갈병,0
2023.08.01,화순군,오갈병,0
2023.08.16,강진군,오갈병,0
2023.08.16,고흥군,오갈병,0
2023.08.16,곡성군,오갈병,0
2023.08.16,광양시,오갈병,0
2023.08.16,구례군,오갈병,0
2023.08.16,나주시,오갈병,0
2023.08.16,담양군,오갈병,0
2023.08.16,무안군,오갈병,0
2023.08.16,보성군,오갈병,0
2023.08.16,순천시,오갈병,0
2023.08.16,신안군,오갈병,0
2023.08.16,여수시,오갈병,0
2023.08.16,영광군,오갈병,0
2023.08.16,영암군,오갈병,0
2023.08.16,완도군,오갈병,0
2023.08.16,장성군,오갈병,0
2023.08.16,장흥군,오갈병,0
2023.08.16,진도군,오갈병,0
2023.08.16,함평군,오갈병,0
2023.08.16,해남군,오갈병,0
2023.08.16,화순군,오갈병,0
2023.09.01,강진군,오갈병,0
2023.09.01,고흥군,오갈병,0
2023.09.01,곡성군,오갈병,0
2023.09.01,광양시,오갈병,0
2023.09.01,구례군,오갈병,0
2023.09.01,나주시,오갈병,0
2023.09.01,담양군,오갈병,0
2023.09.01,무안군,오갈병,0
2023.09.01,보성군,오갈병,0
2023.09.01,순천시,오갈병,0
2023.09.01,신안군,오갈병,0
2023.09.01,여수시,오갈병,0
2023.09.01,영광군,오갈병,0
2023.09.01,영암군,오갈병,0
2023.09.01,완도군,오갈병,0
2023.09.01,장성군,오갈병,0
2023.09.01,장흥군,오갈병,0
2023.09.01,진도군,오갈병,0
2023.09.01,함평군,오갈병,0
2023.09.01,해남군,오갈병,0
2023.09.01,화순군,오갈병,0
2023.09.16,강진군,오갈병,0
2023.09.16,고흥군,오갈병,0
2023.09.16,곡성군,오갈병,0
2023.09.16,광양시,오갈병,0
2023.09.16,구례군,오갈병,0
2023.09.16,나주시,오갈병,0
2023.09.16,담양군,오갈병,0
2023.09.16,무안군,오갈병,0
2023.09.16,보성군,오갈병,0
2023.09.16,순천시,오갈병,0
2023.09.16,신안군,오갈병,0
2023.09.16,여수시,오갈병,0
2023.09.16,영광군,오갈병,0
2023.09.16,영암군,오갈병,0
2023.09.16,완도군,오갈병,0
2023.09.16,장성군,오갈병,0
2023.09.16,장흥군,오갈병,0
2023.09.16,진도군,오갈병,0
2023.09.16,함평군,오갈병,0
2023.09.16,해남군,오갈병,0
2023.09.16,화순군,오갈병,0
2024.06.01,강진군,오갈병,0
2024.06.01,고흥군,오갈병,0
2024.06.01,광양시,오갈병,0
2024.06.01,구례군,오갈병,0
2024.06.01,나주시,오갈병,0
2024.06.01,무안군,오갈병,0
2024.06.01,보성군,오갈병,0
2024.06.01,순천시,오갈병,0
2024.06.01,신안군,오갈병,0
2024.06.01,여수시,오갈병,0
2024.06.01,영암군,오갈병,0
2024.06.01,완도군,오갈병,0
2024.06.01,장성군,오갈병,0
2024.06.01,장흥군,오갈병,0
2024.06.01,진도군,오갈병,0
2024.06.01,해남군,오갈병,0
2024.06.01,화순군,오갈병,0
2024.06.16,강진군,오갈병,0
2024.06.16,고흥군,오갈병,0
2024.06.16,광양시,오갈병,0
2024.06.16,구례군,오갈병,0
2024.06.16,나주시,오갈병,0
2024.06.16,담양군,오갈병,0
2024.06.16,무안군,오갈병,0
2024.06.16,보성군,오갈병,0
2024.06.16,순천시,오갈병,0
2024.06.16,신안군,오갈병,0
2024.06.16,여수시,오갈병,0
2024.06.16,영광군,오갈병,0
2024.06.16,영암군,오갈병,0
2024.06.16,완도군,오갈병,0
2024.06.16,장성군,오갈병,0
2024.06.16,장흥군,오갈병,0
2024.06.16,진도군,오갈병,0
2024.06.16,해남군,오갈병,0
2024.06.16,화순군,오갈병,0
2024.07.01,강진군,오갈병,0
2024.07.01,고흥군,오갈병,0
2024.07.01,곡성군,오갈병,0
2024.07.01,광양시,오갈병,0
2024.07.01,구례군,오갈병,0
2024.07.01,나주시,오갈병,0
2024.07.01,담양군,오갈병,0
2024.07.01,무안군,오갈병,0
2024.07.01,보성군,오갈병,0
2024.07.01,순천시,오갈병,0
2024.07.01,신안군,오갈병,0
2024.07.01,여수시,오갈병,0
2024.07.01,영광군,오갈병,0
2024.07.01,영암군,오갈병,0
2024.07.01,완도군,오갈병,0
2024.07.01,장성군,오갈병,0
2024.07.01,장흥군,오갈병,0
2024.07.01,진도군,오갈병,0
2024.07.01,함평군,오갈병,0
2024.07.01,해남군,오갈병,0
2024.07.01,화순군,오갈병,0
2024.07.16,강진군,오갈병,0
2024.07.16,고흥군,오갈병,0
2024.07.16,곡성군,오갈병,0
2024.07.16,광양시,오갈병,0
2024.07.16,구례군,오갈병,0
2024.07.16,나주시,오갈병,0
2024.07.16,담양군,오갈병,0
2024.07.16,무안군,오갈병,0
2024.07.16,보성군,오갈병,0
2024.07.16,순천시,오갈병,0
2024.07.16,신안군,오갈병,0
2024.07.16,여수시,오갈병,0
2024.07.16,영광군,오갈병,0
2024.07.16,영암군,오갈병,0
2024.07.16,완도군,오갈병,0
2024.07.16,장성군,오갈병,0
2024.07.16,장흥군,오갈병,0
2024.07.16,진도군,오갈병,0
2024.07.16,함평군,오갈병,0
2024.07.16,해남군,오갈병,0
2024.07.16,화순군,오갈병,0
2024.08.01,강진군,오갈병,0
2024.08.01,고흥군,오갈병,0
2024.08.01,곡성군,오갈병,0
2024.08.01,광양시,오갈병,0
2024.08.01,구례군,오갈병,0
2024.08.01,나주시,오갈병,0
2024.08.01,담양군,오갈병,0
2024.08.01,무안군,오갈병,0
2024.08.01,보성군,오갈병,0
2024.08.01,순천시,오갈병,0
2024.08.01,신안군,오갈병,0
2024.08.01,여수시,오갈병,0
2024.08.01,영광군,오갈병,0
2024.08.01,영암군,오갈병,0
2024.08.01,완도군,오갈병,0
2024.08.01,장성군,오갈병,0
2024.08.01,장흥군,오갈병,0
2024.08.01,진도군,오갈병,0
2024.08.01,함평군,오갈병,0
2024.08.01,해남군,오갈병,0
2024.08.01,화순군,오갈병,0
2024.08.16,강진군,오갈병,0
2024.08.16,고흥군,오갈병,0
2024.08.16,곡성군,오갈병,0
2024.08.16,광양시,오갈병,0
2024.08.16,구례군,오갈병,0
2024.08.16,나주시,오갈병,0
2024.08.16,담양군,오갈병,0
2024.08.16,무안군,오갈병,0
2024.08.16,보성군,오갈병,0
2024.08.16,순천시,오갈병,0
2024.08.16,신안군,오갈병,0
2024.08.16,여수시,오갈병,0
2024.08.16,영광군,오갈병,0
2024.08.16,영암군,오갈병,0
2024.08.16,완도군,오갈병,0
2024.08.16,장성군,오갈병,0
2024.08.16,장흥군,오갈병,0
2024.08.16,진도군,오갈병,0
2024.08.16,함평군,오갈병,0
2024.08.16,해남군,오갈병,0
2024.08.16,화순군,오갈병,0
2024.09.01,강진군,오갈병,0
2024.09.01,고흥군,오갈병,0
2024.09.01,곡성군,오갈병,0
2024.09.01,광양시,오갈병,0
2024.09.01,구례군,오갈병,0
2024.09.01,나주시,오갈병,0
2024.09.01,담양군,오갈병,0
2024.09.01,무안군,오갈병,0
2024.09.01,보성군,오갈병,0
2024.09.01,순천시,오갈병,0
2024.09.01,신안군,오갈병,0
2024.09.01,여수시,오갈병,0
2024.09.01,영광군,오갈병,0
2024.09.01,영암군,오갈병,0
2024.09.01,완도군,오갈병,0
2024.09.01,장성군,오갈병,0
2024.09.01,장흥군,오갈병,0
2024.09.01,진도군,오갈병,0
2024.09.01,함평군,오갈병,0
2024.09.01,해남군,오갈병,0
2024.09.01,화순군,오갈병,0
2024.09.16,강진군,오갈병,0
2024.09.16,고흥군,오갈병,0
2024.09.16,곡성군,오갈병,0
2024.09.16,광양시,오갈병,0
2024.09.16,구례군,오갈병,0
2024.09.16,나주시,오갈병,0
2024.09.16,담양군,오갈병,0
2024.09.16,무안군,오갈병,0
2024.09.16,보성군,오갈병,0
2024.09.16,순천시,오갈병,0
2024.09.16,신안군,오갈병,0
2024.09.16,여수시,오갈병,0
2024.09.16,영광군,오갈병,0
2024.09.16,영암군,오갈병,0
2024.09.16,완도군,오갈병,0
2024.09.16,장성군,오갈병,0
2024.09.16,장흥군,오갈병,0
2024.09.16,진도군,오갈병,0
2024.09.16,함평군,오갈병,0
2024.09.16,해남군,오갈병,0
2024.09.16,화순군,오갈병,0
2025.06.01,강진군,오갈병,0
2025.06.01,고흥군,오갈병,0
2025.06.01,곡성군,오갈병,0
2025.06.01,광양시,오갈병,0
2025.06.01,구례군,오갈병,0
2025.06.01,나주시,오갈병,0
2025.06.01,담양군,오갈병,0
2025.06.01,무안군,오갈병,0
2025.06.01,보성군,오갈병,0
2025.06.01,순천시,오갈병,0
2025.06.01,신안군,오갈병,0
2025.06.01,여수시,오갈병,0
2025.06.01,영광군,오갈병,0
2025.06.01,영암군,오갈병,0
2025.06.01,완도군,오갈병,0
2025.06.01,장성군,오갈병,0
2025.06.01,장흥군,오갈병,0
2025.06.01,진도군,오갈병,0
2025.06.01,함평군,오갈병,0
2025.06.01,해남군,오갈병,0
2025.06.01,화순군,오갈병,0
2025.06.16,강진군,오갈병,0
2025.06.16,고흥군,오갈병,0
2025.06.16,곡성군,오갈병,0
2025.06.16,광양시,오갈병,0
2025.06.16,구례군,오갈병,0
2025.06.16,나주시,오갈병,0
2025.06.16,담양군,오갈병,0
2025.06.16,무안군,오갈병,0
2025.06.16,보성군,오갈병,0
2025.06.16,순천시,오갈병,0
2025.06.16,신안군,오갈병,0
2025.06.16,여수시,오갈병,0
2025.06.16,영광군,오갈병,0
2025.06.16,영암군,오갈병,0
2025.06.16,완도군,오갈병,0
2025.06.16,장성군,오갈병,0
2025.06.16,장흥군,오갈병,0
2025.06.16,진도군,오갈병,0
2025.06.16,함평군,오갈병,0
2025.06.16,해남군,오갈병,0
2025.06.16,화순군,오갈병,0
2025.07.01,강진군,오갈병,0
2025.07.01,고흥군,오갈병,0
2025.07.01,곡성군,오갈병,0
2025.07.01,광양시,오갈병,0
2025.07.01,구례군,오갈병,0
2025.07.01,나주시,오갈병,0
2025.07.01,담양군,오갈병,0
2025.07.01,무안군,오갈병,0
2025.07.01,보성군,오갈병,0
2025.07.01,순천시,오갈병,0
2025.07.01,신안군,오갈병,0
2025.07.01,여수시,오갈병,0
2025.07.01,영광군,오갈병,0
2025.07.01,영암군,오갈병,0
2025.07.01,완도군,오갈병,0
2025.07.01,장성군,오갈병,0
2025.07.01,진도군,오갈병,0
2025.07.01,함평군,오갈병,0
2025.07.01,해남군,오갈병,0
2025.07.01,화순군,오갈병,0
2025.07.16,강진군,오갈병,0
2025.07.16,고흥군,오갈병,0
2025.07.16,곡성군,오갈병,0
2025.07.16,광양시,오갈병,0
2025.07.16,구례군,오갈병,0
2025.07.16,나주시,오갈병,0
2025.07.16,담양군,오갈병,0
2025.07.16,무안군,오갈병,0
2025.07.16,보성군,오갈병,0
2025.07.16,순천시,오갈병,0
2025.07.16,신안군,오갈병,0
2025.07.16,여수시,오갈병,0
2025.07.16,영광군,오갈병,0
2025.07.16,영암군,오갈병,0
2025.07.16,완도군,오갈병,0
2025.07.16,장성군,오갈병,0
2025.07.16,장흥군,오갈병,0
2025.07.16,진도군,오갈병,0
2025.07.16,함평군,오갈병,0
2025.07.16,해남군,오갈병,0
2025.07.16,화순군,오갈병,0
2025.08.01,강진군,오갈병,0
2025.08.01,고흥군,오갈병,0
2025.08.01,광양시,오갈병,0
2025.08.01,구례군,오갈병,0
2025.08.01,담양군,오갈병,0
2025.08.01,무안군,오갈병,0
2025.08.01,보성군,오갈병,0
2025.08.01,신안군,오갈병,0
2025.08.01,여수시,오갈병,0
2025.08.01,영광군,오갈병,0
2025.08.01,영암군,오갈병,0
2025.08.01,완도군,오갈병,0
2025.08.01,장성군,오갈병,0
2025.08.01,장흥군,오갈병,0
2025.08.01,진도군,오갈병,0
2025.08.01,함평군,오갈병,0
2025.08.01,해남군,오갈병,0
2025.08.01,화순군,오갈병,0
2025.08.16,강진군,오갈병,0
2025.08.16,고흥군,오갈병,0
2025.08.16,곡성군,오갈병,0
2025.08.16,광양시,오갈병,0
2025.08.16,구례군,오갈병,0
2025.08.16,나주시,오갈병,0
2025.08.16,담양군,오갈병,0
2025.08.16,무안군,오갈병,0
2025.08.16,보성군,오갈병,0
2025.08.16,순천시,오갈병,0
2025.08.16,신안군,오갈병,0
2025.08.16,여수시,오갈병,0
2025.08.16,영광군,오갈병,0
2025.08.16,영암군,오갈병,0
2025.08.16,완도군,오갈병,0
2025.08.16,장성군,오갈병,0
2025.08.16,장흥군,오갈병,0
2025.08.16,진도군,오갈병,0
2025.08.16,함평군,오갈병,0
2025.08.16,해남군,오갈병,0
2025.08.16,화순군,오갈병,0
2025.09.01,강진군,오갈병,0
2025.09.01,고흥군,오갈병,0
2025.09.01,곡성군,오갈병,0
2025.09.01,광양시,오갈병,0
2025.09.01,구례군,오갈병,0
2025.09.01,나주시,오갈병,0
2025.09.01,담양군,오갈병,0
2025.09.01,무안군,오갈병,0
2025.09.01,보성군,오갈병,0
2025.09.01,순천시,오갈병,0
2025.09.01,신안군,오갈병,0
2025.09.01,여수시,오갈병,0
2025.09.01,영광군,오갈병,0
2025.09.01,영암군,오갈병,0
2025.09.01,완도군,오갈병,0
2025.09.01,장성군,오갈병,0
2025.09.01,장흥군,오갈병,0
2025.09.01,진도군,오갈병,0
2025.09.01,함평군,오갈병,0
2025.09.01,해남군,오갈병,0
2025.09.01,화순군,오갈병,0
2025.09.16,강진군,오갈병,0
2025.09.16,고흥군,오갈병,0
2025.09.16,곡성군,오갈병,0
2025.09.16,광양시,오갈병,0
2025.09.16,구례군,오갈병,0
2025.09.16,나주시,오갈병,0
2025.09.16,담양군,오갈병,0
2025.09.16,무안군,오갈병,0
2025.09.16,보성군,오갈병,0
2025.09.16,순천시,오갈병,0
2025.09.16,신안군,오갈병,0
2025.09.16,여수시,오갈병,0
2025.09.16,영광군,오갈병,0
2025.09.16,영암군,오갈병,0
2025.09.16,완도군,오갈병,0
2025.09.16,장성군,오갈병,0
2025.09.16,장흥군,오갈병,0
2025.09.16,진도군,오갈병,0
2025.09.16,함평군,오갈병,0
2025.09.16,해남군,오갈병,0
2025.09.16,화순군,오갈병,0
2014.09.16,강진군,이삭누룩병,0
2014.09.16,고흥군,이삭누룩병,0
2014.09.16,곡성군,이삭누룩병,0
2014.09.16,광양시,이삭누룩병,0
2014.09.16,구례군,이삭누룩병,0
2014.09.16,나주시,이삭누룩병,0
2014.09.16,담양군,이삭누룩병,0
2014.09.16,무안군,이삭누룩병,0
2014.09.16,보성군,이삭누룩병,0
2014.09.16,순천시,이삭누룩병,0
2014.09.16,신안군,이삭누룩병,0
2014.09.16,여수시,이삭누룩병,0
2014.09.16,영광군,이삭누룩병,0
2014.09.16,영암군,이삭누룩병,0
2014.09.16,완도군,이삭누룩병,0
2014.09.16,장성군,이삭누룩병,0
2014.09.16,장흥군,이삭누룩병,0
2014.09.16,진도군,이삭누룩병,0
2014.09.16,함평군,이삭누룩병,0
2014.09.16,해남군,이삭누룩병,0
2014.09.16,화순군,이삭누룩병,0
2015.06.16,강진군,이삭누룩병,0
2015.06.16,고흥군,이삭누룩병,0
2015.06.16,곡성군,이삭누룩병,0
2015.06.16,광양시,이삭누룩병,0
2015.06.16,구례군,이삭누룩병,0
2015.06.16,나주시,이삭누룩병,0
2015.06.16,담양군,이삭누룩병,0
2015.06.16,무안군,이삭누룩병,0
2015.06.16,보성군,이삭누룩병,0
2015.06.16,순천시,이삭누룩병,0
2015.06.16,신안군,이삭누룩병,0
2015.06.16,여수시,이삭누룩병,0
2015.06.16,영광군,이삭누룩병,0
2015.06.16,영암군,이삭누룩병,0
2015.06.16,완도군,이삭누룩병,0
2015.06.16,장성군,이삭누룩병,0
2015.06.16,장흥군,이삭누룩병,0
2015.06.16,진도군,이삭누룩병,0
2015.06.16,함평군,이삭누룩병,0
2015.06.16,해남군,이삭누룩병,0
2015.06.16,화순군,이삭누룩병,0
2015.07.01,강진군,이삭누룩병,0
2015.07.01,고흥군,이삭누룩병,0
2015.07.01,곡성군,이삭누룩병,0
2015.07.01,광양시,이삭누룩병,0
2015.07.01,구례군,이삭누룩병,0
2015.07.01,나주시,이삭누룩병,0
2015.07.01,담양군,이삭누룩병,0
2015.07.01,무안군,이삭누룩병,0
2015.07.01,보성군,이삭누룩병,0
2015.07.01,순천시,이삭누룩병,0
2015.07.01,신안군,이삭누룩병,0
2015.07.01,여수시,이삭누룩병,0
2015.07.01,영광군,이삭누룩병,0
2015.07.01,영암군,이삭누룩병,0
2015.07.01,완도군,이삭누룩병,0
2015.07.01,장성군,이삭누룩병,0
2015.07.01,장흥군,이삭누룩병,0
2015.07.01,진도군,이삭누룩병,0
2015.07.01,함평군,이삭누룩병,0
2015.07.01,해남군,이삭누룩병,0
2015.07.01,화순군,이삭누룩병,0
2015.07.16,강진군,이삭누룩병,0
2015.07.16,고흥군,이삭누룩병,0
2015.07.16,곡성군,이삭누룩병,0
2015.07.16,광양시,이삭누룩병,0
2015.07.16,구례군,이삭누룩병,0
2015.07.16,나주시,이삭누룩병,0
2015.07.16,담양군,이삭누룩병,0
2015.07.16,무안군,이삭누룩병,0
2015.07.16,보성군,이삭누룩병,0
2015.07.16,순천시,이삭누룩병,0
2015.07.16,신안군,이삭누룩병,0
2015.07.16,여수시,이삭누룩병,0
2015.07.16,영광군,이삭누룩병,0
2015.07.16,영암군,이삭누룩병,0
2015.07.16,완도군,이삭누룩병,0
2015.07.16,장성군,이삭누룩병,0
2015.07.16,장흥군,이삭누룩병,0
2015.07.16,진도군,이삭누룩병,0
2015.07.16,함평군,이삭누룩병,0
2015.07.16,해남군,이삭누룩병,0
2015.07.16,화순군,이삭누룩병,0
2015.08.01,강진군,이삭누룩병,0
2015.08.01,고흥군,이삭누룩병,0
2015.08.01,곡성군,이삭누룩병,0
2015.08.01,광양시,이삭누룩병,0
2015.08.01,구례군,이삭누룩병,0
2015.08.01,나주시,이삭누룩병,0
2015.08.01,담양군,이삭누룩병,0
2015.08.01,무안군,이삭누룩병,0
2015.08.01,보성군,이삭누룩병,0
2015.08.01,순천시,이삭누룩병,0
2015.08.01,신안군,이삭누룩병,0
2015.08.01,여수시,이삭누룩병,0
2015.08.01,영광군,이삭누룩병,0
2015.08.01,영암군,이삭누룩병,0
2015.08.01,완도군,이삭누룩병,0
2015.08.01,장성군,이삭누룩병,0
2015.08.01,장흥군,이삭누룩병,0
2015.08.01,진도군,이삭누룩병,0
2015.08.01,함평군,이삭누룩병,0
2015.08.01,해남군,이삭누룩병,0
2015.08.01,화순군,이삭누룩병,0
2015.08.16,강진군,이삭누룩병,0
2015.08.16,고흥군,이삭누룩병,0
2015.08.16,곡성군,이삭누룩병,0
2015.08.16,광양시,이삭누룩병,0
2015.08.16,구례군,이삭누룩병,0
2015.08.16,나주시,이삭누룩병,0
2015.08.16,담양군,이삭누룩병,0
2015.08.16,무안군,이삭누룩병,0
2015.08.16,보성군,이삭누룩병,0
2015.08.16,순천시,이삭누룩병,0
2015.08.16,신안군,이삭누룩병,0
2015.08.16,여수시,이삭누룩병,0
2015.08.16,영광군,이삭누룩병,0
2015.08.16,영암군,이삭누룩병,0
2015.08.16,완도군,이삭누룩병,0
2015.08.16,장성군,이삭누룩병,0
2015.08.16,장흥군,이삭누룩병,0
2015.08.16,진도군,이삭누룩병,0
2015.08.16,함평군,이삭누룩병,0
2015.08.16,해남군,이삭누룩병,0
2015.08.16,화순군,이삭누룩병,0
2016.06.01,강진군,이삭누룩병,0
2016.06.01,고흥군,이삭누룩병,0
2016.06.01,곡성군,이삭누룩병,0
2016.06.01,광양시,이삭누룩병,0
2016.06.01,구례군,이삭누룩병,0
2016.06.01,나주시,이삭누룩병,0
2016.06.01,담양군,이삭누룩병,0
2016.06.01,무안군,이삭누룩병,0
2016.06.01,보성군,이삭누룩병,0
2016.06.01,순천시,이삭누룩병,0
2016.06.01,신안군,이삭누룩병,0
2016.06.01,여수시,이삭누룩병,0
2016.06.01,영광군,이삭누룩병,0
2016.06.01,영암군,이삭누룩병,0
2016.06.01,완도군,이삭누룩병,0
2016.06.01,장성군,이삭누룩병,0
2016.06.01,장흥군,이삭누룩병,0
2016.06.01,진도군,이삭누룩병,0
2016.06.01,함평군,이삭누룩병,0
2016.06.01,해남군,이삭누룩병,0
2016.06.01,화순군,이삭누룩병,0
2016.06.16,강진군,이삭누룩병,0
2016.06.16,고흥군,이삭누룩병,0
2016.06.16,곡성군,이삭누룩병,0
2016.06.16,광양시,이삭누룩병,0
2016.06.16,구례군,이삭누룩병,0
2016.06.16,나주시,이삭누룩병,0
2016.06.16,담양군,이삭누룩병,0
2016.06.16,무안군,이삭누룩병,0
2016.06.16,보성군,이삭누룩병,0
2016.06.16,순천시,이삭누룩병,0
2016.06.16,신안군,이삭누룩병,0
2016.06.16,여수시,이삭누룩병,0
2016.06.16,영광군,이삭누룩병,0
2016.06.16,영암군,이삭누룩병,0
2016.06.16,완도군,이삭누룩병,0
2016.06.16,장성군,이삭누룩병,0
2016.06.16,장흥군,이삭누룩병,0
2016.06.16,진도군,이삭누룩병,0
2016.06.16,함평군,이삭누룩병,0
2016.06.16,해남군,이삭누룩병,0
2016.06.16,화순군,이삭누룩병,0
2016.07.01,강진군,이삭누룩병,0
2016.07.01,고흥군,이삭누룩병,0
2016.07.01,곡성군,이삭누룩병,0
2016.07.01,광양시,이삭누룩병,0
2016.07.01,구례군,이삭누룩병,0
2016.07.01,나주시,이삭누룩병,0
2016.07.01,담양군,이삭누룩병,0
2016.07.01,무안군,이삭누룩병,0
2016.07.01,보성군,이삭누룩병,0
2016.07.01,순천시,이삭누룩병,0
2016.07.01,신안군,이삭누룩병,0
2016.07.01,여수시,이삭누룩병,0
2016.07.01,영광군,이삭누룩병,0
2016.07.01,영암군,이삭누룩병,0
2016.07.01,완도군,이삭누룩병,0
2016.07.01,장성군,이삭누룩병,0
2016.07.01,장흥군,이삭누룩병,0
2016.07.01,진도군,이삭누룩병,0
2016.07.01,함평군,이삭누룩병,0
2016.07.01,해남군,이삭누룩병,0
2016.07.01,화순군,이삭누룩병,0
2016.07.16,강진군,이삭누룩병,0
2016.07.16,고흥군,이삭누룩병,0
2016.07.16,곡성군,이삭누룩병,0
2016.07.16,광양시,이삭누룩병,0
2016.07.16,구례군,이삭누룩병,0
2016.07.16,나주시,이삭누룩병,0
2016.07.16,담양군,이삭누룩병,0
2016.07.16,무안군,이삭누룩병,0
2016.07.16,보성군,이삭누룩병,0
2016.07.16,순천시,이삭누룩병,0
2016.07.16,신안군,이삭누룩병,0
2016.07.16,여수시,이삭누룩병,0
2016.07.16,영광군,이삭누룩병,0
2016.07.16,영암군,이삭누룩병,0
2016.07.16,완도군,이삭누룩병,0
2016.07.16,장성군,이삭누룩병,0
2016.07.16,장흥군,이삭누룩병,0
2016.07.16,진도군,이삭누룩병,0
2016.07.16,함평군,이삭누룩병,0
2016.07.16,해남군,이삭누룩병,0
2016.07.16,화순군,이삭누룩병,0
2016.08.01,강진군,이삭누룩병,0
2016.08.01,고흥군,이삭누룩병,0
2016.08.01,곡성군,이삭누룩병,0
2016.08.01,광양시,이삭누룩병,0
2016.08.01,구례군,이삭누룩병,0
2016.08.01,나주시,이삭누룩병,0
2016.08.01,담양군,이삭누룩병,0
2016.08.01,무안군,이삭누룩병,0
2016.08.01,보성군,이삭누룩병,0
2016.08.01,순천시,이삭누룩병,0
2016.08.01,신안군,이삭누룩병,0
2016.08.01,여수시,이삭누룩병,0
2016.08.01,영광군,이삭누룩병,0
2016.08.01,영암군,이삭누룩병,0
2016.08.01,완도군,이삭누룩병,0
2016.08.01,장성군,이삭누룩병,0
2016.08.01,장흥군,이삭누룩병,0
2016.08.01,진도군,이삭누룩병,0
2016.08.01,함평군,이삭누룩병,0
2016.08.01,해남군,이삭누룩병,0
2016.08.01,화순군,이삭누룩병,0
2016.08.16,강진군,이삭누룩병,0
2016.08.16,고흥군,이삭누룩병,0
2016.08.16,곡성군,이삭누룩병,0
2016.08.16,광양시,이삭누룩병,0
2016.08.16,구례군,이삭누룩병,0
2016.08.16,나주시,이삭누룩병,0
2016.08.16,담양군,이삭누룩병,0
2016.08.16,무안군,이삭누룩병,0
2016.08.16,보성군,이삭누룩병,0
2016.08.16,순천시,이삭누룩병,0
2016.08.16,신안군,이삭누룩병,0
2016.08.16,여수시,이삭누룩병,0
2016.08.16,영광군,이삭누룩병,0
2016.08.16,영암군,이삭누룩병,0
2016.08.16,완도군,이삭누룩병,0
2016.08.16,장성군,이삭누룩병,0
2016.08.16,장흥군,이삭누룩병,0
2016.08.16,진도군,이삭누룩병,0
2016.08.16,함평군,이삭누룩병,0
2016.08.16,해남군,이삭누룩병,0
2016.08.16,화순군,이삭누룩병,0
2016.09.01,강진군,이삭누룩병,0
2016.09.01,고흥군,이삭누룩병,0
2016.09.01,곡성군,이삭누룩병,0
2016.09.01,광양시,이삭누룩병,0
2016.09.01,구례군,이삭누룩병,0
2016.09.01,나주시,이삭누룩병,0
2016.09.01,담양군,이삭누룩병,0
2016.09.01,무안군,이삭누룩병,0
2016.09.01,보성군,이삭누룩병,0
2016.09.01,순천시,이삭누룩병,0
2016.09.01,신안군,이삭누룩병,0
2016.09.01,여수시,이삭누룩병,0
2016.09.01,영광군,이삭누룩병,0
2016.09.01,영암군,이삭누룩병,0
2016.09.01,완도군,이삭누룩병,0
2016.09.01,장성군,이삭누룩병,0
2016.09.01,장흥군,이삭누룩병,0
2016.09.01,진도군,이삭누룩병,0
2016.09.01,함평군,이삭누룩병,0
2016.09.01,해남군,이삭누룩병,0
2016.09.01,화순군,이삭누룩병,0
2016.09.16,강진군,이삭누룩병,0
2016.09.16,고흥군,이삭누룩병,0
2016.09.16,곡성군,이삭누룩병,0
2016.09.16,광양시,이삭누룩병,0
2016.09.16,구례군,이삭누룩병,0
2016.09.16,나주시,이삭누룩병,0
2016.09.16,담양군,이삭누룩병,0
2016.09.16,무안군,이삭누룩병,0
2016.09.16,보성군,이삭누룩병,0
2016.09.16,순천시,이삭누룩병,0
2016.09.16,신안군,이삭누룩병,0
2016.09.16,여수시,이삭누룩병,0
2016.09.16,영광군,이삭누룩병,0
2016.09.16,영암군,이삭누룩병,0
2016.09.16,완도군,이삭누룩병,0
2016.09.16,장성군,이삭누룩병,0
2016.09.16,장흥군,이삭누룩병,0
2016.09.16,진도군,이삭누룩병,0
2016.09.16,함평군,이삭누룩병,0
2016.09.16,해남군,이삭누룩병,0
2016.09.16,화순군,이삭누룩병,0
2017.06.01,강진군,이삭누룩병,0
2017.06.01,고흥군,이삭누룩병,0
2017.06.01,곡성군,이삭누룩병,0
2017.06.01,광양시,이삭누룩병,0
2017.06.01,구례군,이삭누룩병,0
2017.06.01,나주시,이삭누룩병,0
2017.06.01,담양군,이삭누룩병,0
2017.06.01,무안군,이삭누룩병,0
2017.06.01,보성군,이삭누룩병,0
2017.06.01,순천시,이삭누룩병,0
2017.06.01,신안군,이삭누룩병,0
2017.06.01,여수시,이삭누룩병,0
2017.06.01,영광군,이삭누룩병,0
2017.06.01,영암군,이삭누룩병,0
2017.06.01,완도군,이삭누룩병,0
2017.06.01,장성군,이삭누룩병,0
2017.06.01,장흥군,이삭누룩병,0
2017.06.01,진도군,이삭누룩병,0
2017.06.01,함평군,이삭누룩병,0
2017.06.01,해남군,이삭누룩병,0
2017.06.01,화순군,이삭누룩병,0
2017.06.16,강진군,이삭누룩병,0
2017.06.16,고흥군,이삭누룩병,0
2017.06.16,곡성군,이삭누룩병,0
2017.06.16,광양시,이삭누룩병,0
2017.06.16,구례군,이삭누룩병,0
2017.06.16,나주시,이삭누룩병,0
2017.06.16,담양군,이삭누룩병,0
2017.06.16,무안군,이삭누룩병,0
2017.06.16,보성군,이삭누룩병,0
2017.06.16,순천시,이삭누룩병,0
2017.06.16,신안군,이삭누룩병,0
2017.06.16,여수시,이삭누룩병,0
2017.06.16,영광군,이삭누룩병,0
2017.06.16,영암군,이삭누룩병,0
2017.06.16,완도군,이삭누룩병,0
2017.06.16,장성군,이삭누룩병,0
2017.06.16,장흥군,이삭누룩병,0
2017.06.16,진도군,이삭누룩병,0
2017.06.16,함평군,이삭누룩병,0
2017.06.16,해남군,이삭누룩병,0
2017.06.16,화순군,이삭누룩병,0
2017.07.01,강진군,이삭누룩병,0
2017.07.01,고흥군,이삭누룩병,0
2017.07.01,곡성군,이삭누룩병,0
2017.07.01,광양시,이삭누룩병,0
2017.07.01,구례군,이삭누룩병,0
2017.07.01,나주시,이삭누룩병,0
2017.07.01,담양군,이삭누룩병,0
2017.07.01,무안군,이삭누룩병,0
2017.07.01,보성군,이삭누룩병,0
2017.07.01,순천시,이삭누룩병,0
2017.07.01,신안군,이삭누룩병,0
2017.07.01,여수시,이삭누룩병,0
2017.07.01,영광군,이삭누룩병,0
2017.07.01,영암군,이삭누룩병,0
2017.07.01,완도군,이삭누룩병,0
2017.07.01,장성군,이삭누룩병,0
2017.07.01,장흥군,이삭누룩병,0
2017.07.01,진도군,이삭누룩병,0
2017.07.01,함평군,이삭누룩병,0
2017.07.01,해남군,이삭누룩병,0
2017.07.01,화순군,이삭누룩병,0
2017.07.16,강진군,이삭누룩병,0
2017.07.16,고흥군,이삭누룩병,0
2017.07.16,곡성군,이삭누룩병,0
2017.07.16,광양시,이삭누룩병,0
2017.07.16,구례군,이삭누룩병,0
2017.07.16,나주시,이삭누룩병,0
2017.07.16,담양군,이삭누룩병,0
2017.07.16,무안군,이삭누룩병,0
2017.07.16,보성군,이삭누룩병,0
2017.07.16,순천시,이삭누룩병,0
2017.07.16,신안군,이삭누룩병,0
2017.07.16,여수시,이삭누룩병,0
2017.07.16,영광군,이삭누룩병,0
2017.07.16,영암군,이삭누룩병,0
2017.07.16,완도군,이삭누룩병,0
2017.07.16,장성군,이삭누룩병,0
2017.07.16,장흥군,이삭누룩병,0
2017.07.16,진도군,이삭누룩병,0
2017.07.16,함평군,이삭누룩병,0
2017.07.16,해남군,이삭누룩병,0
2017.07.16,화순군,이삭누룩병,0
2017.08.01,강진군,이삭누룩병,0
2017.08.01,고흥군,이삭누룩병,0
2017.08.01,곡성군,이삭누룩병,0
2017.08.01,광양시,이삭누룩병,0
2017.08.01,구례군,이삭누룩병,0
2017.08.01,나주시,이삭누룩병,0
2017.08.01,담양군,이삭누룩병,0
2017.08.01,무안군,이삭누룩병,0
2017.08.01,보성군,이삭누룩병,0
2017.08.01,순천시,이삭누룩병,0
2017.08.01,신안군,이삭누룩병,0
2017.08.01,여수시,이삭누룩병,0
2017.08.01,영광군,이삭누룩병,0
2017.08.01,영암군,이삭누룩병,0
2017.08.01,완도군,이삭누룩병,0
2017.08.01,장성군,이삭누룩병,0
2017.08.01,장흥군,이삭누룩병,0
2017.08.01,진도군,이삭누룩병,0
2017.08.01,함평군,이삭누룩병,0
2017.08.01,해남군,이삭누룩병,0
2017.08.01,화순군,이삭누룩병,0
2017.08.16,강진군,이삭누룩병,0
2017.08.16,고흥군,이삭누룩병,0
2017.08.16,곡성군,이삭누룩병,0
2017.08.16,광양시,이삭누룩병,0
2017.08.16,구례군,이삭누룩병,0
2017.08.16,나주시,이삭누룩병,0
2017.08.16,담양군,이삭누룩병,0
2017.08.16,무안군,이삭누룩병,0
2017.08.16,보성군,이삭누룩병,0
2017.08.16,순천시,이삭누룩병,0
2017.08.16,신안군,이삭누룩병,0
2017.08.16,여수시,이삭누룩병,0
2017.08.16,영광군,이삭누룩병,0
2017.08.16,영암군,이삭누룩병,0
2017.08.16,완도군,이삭누룩병,0
2017.08.16,장성군,이삭누룩병,0
2017.08.16,장흥군,이삭누룩병,0
2017.08.16,진도군,이삭누룩병,0
2017.08.16,함평군,이삭누룩병,0
2017.08.16,해남군,이삭누룩병,0
2017.08.16,화순군,이삭누룩병,0
2017.09.01,강진군,이삭누룩병,0
2017.09.01,고흥군,이삭누룩병,0
2017.09.01,곡성군,이삭누룩병,0
2017.09.01,광양시,이삭누룩병,0
2017.09.01,구례군,이삭누룩병,0
2017.09.01,나주시,이삭누룩병,0
2017.09.01,담양군,이삭누룩병,0
2017.09.01,무안군,이삭누룩병,0
2017.09.01,보성군,이삭누룩병,0
2017.09.01,순천시,이삭누룩병,0
2017.09.01,신안군,이삭누룩병,0
2017.09.01,여수시,이삭누룩병,0
2017.09.01,영광군,이삭누룩병,0
2017.09.01,영암군,이삭누룩병,0
2017.09.01,완도군,이삭누룩병,0
2017.09.01,장성군,이삭누룩병,0
2017.09.01,장흥군,이삭누룩병,0
2017.09.01,진도군,이삭누룩병,0
2017.09.01,함평군,이삭누룩병,0
2017.09.01,해남군,이삭누룩병,0
2017.09.01,화순군,이삭누룩병,0
2017.09.16,강진군,이삭누룩병,0
2017.09.16,고흥군,이삭누룩병,0
2017.09.16,곡성군,이삭누룩병,0
2017.09.16,광양시,이삭누룩병,0
2017.09.16,구례군,이삭누룩병,0
2017.09.16,나주시,이삭누룩병,0
2017.09.16,담양군,이삭누룩병,0
2017.09.16,무안군,이삭누룩병,0
2017.09.16,보성군,이삭누룩병,0
2017.09.16,순천시,이삭누룩병,0
2017.09.16,신안군,이삭누룩병,0
2017.09.16,여수시,이삭누룩병,0
2017.09.16,영광군,이삭누룩병,0
2017.09.16,영암군,이삭누룩병,0
2017.09.16,완도군,이삭누룩병,0
2017.09.16,장성군,이삭누룩병,0
2017.09.16,장흥군,이삭누룩병,0
2017.09.16,진도군,이삭누룩병,0
2017.09.16,함평군,이삭누룩병,0
2017.09.16,해남군,이삭누룩병,0
2017.09.16,화순군,이삭누룩병,0
2018.06.01,강진군,이삭누룩병,0
2018.06.01,고흥군,이삭누룩병,0
2018.06.01,곡성군,이삭누룩병,0
2018.06.01,광양시,이삭누룩병,0
2018.06.01,구례군,이삭누룩병,0
2018.06.01,나주시,이삭누룩병,0
2018.06.01,담양군,이삭누룩병,0
2018.06.01,무안군,이삭누룩병,0
2018.06.01,보성군,이삭누룩병,0
2018.06.01,순천시,이삭누룩병,0
2018.06.01,신안군,이삭누룩병,0
2018.06.01,여수시,이삭누룩병,0
2018.06.01,영광군,이삭누룩병,0
2018.06.01,영암군,이삭누룩병,0
2018.06.01,완도군,이삭누룩병,0
2018.06.01,장성군,이삭누룩병,0
2018.06.01,장흥군,이삭누룩병,0
2018.06.01,진도군,이삭누룩병,0
2018.06.01,함평군,이삭누룩병,0
2018.06.01,해남군,이삭누룩병,0
2018.06.01,화순군,이삭누룩병,0
2018.06.16,강진군,이삭누룩병,0
2018.06.16,고흥군,이삭누룩병,0
2018.06.16,곡성군,이삭누룩병,0
2018.06.16,광양시,이삭누룩병,0
2018.06.16,구례군,이삭누룩병,0
2018.06.16,나주시,이삭누룩병,0
2018.06.16,담양군,이삭누룩병,0
2018.06.16,무안군,이삭누룩병,0
2018.06.16,보성군,이삭누룩병,0
2018.06.16,순천시,이삭누룩병,0
2018.06.16,신안군,이삭누룩병,0
2018.06.16,여수시,이삭누룩병,0
2018.06.16,영광군,이삭누룩병,0
2018.06.16,영암군,이삭누룩병,0
2018.06.16,완도군,이삭누룩병,0
2018.06.16,장성군,이삭누룩병,0
2018.06.16,장흥군,이삭누룩병,0
2018.06.16,진도군,이삭누룩병,0
2018.06.16,함평군,이삭누룩병,0
2018.06.16,해남군,이삭누룩병,0
2018.06.16,화순군,이삭누룩병,0
2018.07.01,강진군,이삭누룩병,0
2018.07.01,고흥군,이삭누룩병,0
2018.07.01,광양시,이삭누룩병,0
2018.07.01,나주시,이삭누룩병,0
2018.07.01,순천시,이삭누룩병,0
2018.07.01,신안군,이삭누룩병,0
2018.07.01,여수시,이삭누룩병,0
2018.07.01,영광군,이삭누룩병,0
2018.07.01,영암군,이삭누룩병,0
2018.07.01,완도군,이삭누룩병,0
2018.07.01,진도군,이삭누룩병,0
2018.07.01,해남군,이삭누룩병,0
2018.07.01,화순군,이삭누룩병,0
2018.07.16,강진군,이삭누룩병,0
2018.07.16,고흥군,이삭누룩병,0
2018.07.16,곡성군,이삭누룩병,0
2018.07.16,광양시,이삭누룩병,0
2018.07.16,구례군,이삭누룩병,0
2018.07.16,나주시,이삭누룩병,0
2018.07.16,담양군,이삭누룩병,0
2018.07.16,무안군,이삭누룩병,0
2018.07.16,보성군,이삭누룩병,0
2018.07.16,순천시,이삭누룩병,0
2018.07.16,신안군,이삭누룩병,0
2018.07.16,여수시,이삭누룩병,0
2018.07.16,영광군,이삭누룩병,0
2018.07.16,영암군,이삭누룩병,0
2018.07.16,완도군,이삭누룩병,0
2018.07.16,장성군,이삭누룩병,0
2018.07.16,장흥군,이삭누룩병,0
2018.07.16,진도군,이삭누룩병,0
2018.07.16,함평군,이삭누룩병,0
2018.07.16,해남군,이삭누룩병,0
2018.07.16,화순군,이삭누룩병,0
2018.08.01,강진군,이삭누룩병,0
2018.08.01,고흥군,이삭누룩병,0
2018.08.01,곡성군,이삭누룩병,0
2018.08.01,광양시,이삭누룩병,0
2018.08.01,구례군,이삭누룩병,0
2018.08.01,나주시,이삭누룩병,0
2018.08.01,담양군,이삭누룩병,0
2018.08.01,무안군,이삭누룩병,0
2018.08.01,보성군,이삭누룩병,0
2018.08.01,순천시,이삭누룩병,0
2018.08.01,신안군,이삭누룩병,0
2018.08.01,여수시,이삭누룩병,0
2018.08.01,영광군,이삭누룩병,0
2018.08.01,영암군,이삭누룩병,0
2018.08.01,완도군,이삭누룩병,0
2018.08.01,장성군,이삭누룩병,0
2018.08.01,장흥군,이삭누룩병,0
2018.08.01,진도군,이삭누룩병,0
2018.08.01,함평군,이삭누룩병,0
2018.08.01,해남군,이삭누룩병,0
2018.08.01,화순군,이삭누룩병,0
2018.08.16,강진군,이삭누룩병,0
2018.08.16,고흥군,이삭누룩병,0
2018.08.16,곡성군,이삭누룩병,0
2018.08.16,광양시,이삭누룩병,0
2018.08.16,구례군,이삭누룩병,0
2018.08.16,나주시,이삭누룩병,0
2018.08.16,담양군,이삭누룩병,0
2018.08.16,무안군,이삭누룩병,0
2018.08.16,보성군,이삭누룩병,0
2018.08.16,순천시,이삭누룩병,0
2018.08.16,신안군,이삭누룩병,0
2018.08.16,여수시,이삭누룩병,0
2018.08.16,영광군,이삭누룩병,0
2018.08.16,영암군,이삭누룩병,0
2018.08.16,완도군,이삭누룩병,0
2018.08.16,장성군,이삭누룩병,0
2018.08.16,장흥군,이삭누룩병,0
2018.08.16,진도군,이삭누룩병,0
2018.08.16,함평군,이삭누룩병,0
2018.08.16,해남군,이삭누룩병,0
2018.08.16,화순군,이삭누룩병,0
2018.09.01,강진군,이삭누룩병,0
2018.09.01,고흥군,이삭누룩병,0
2018.09.01,곡성군,이삭누룩병,0
2018.09.01,광양시,이삭누룩병,0
2018.09.01,구례군,이삭누룩병,0
2018.09.01,나주시,이삭누룩병,0
2018.09.01,담양군,이삭누룩병,0
2018.09.01,무안군,이삭누룩병,0
2018.09.01,보성군,이삭누룩병,0
2018.09.01,순천시,이삭누룩병,0
2018.09.01,신안군,이삭누룩병,0
2018.09.01,여수시,이삭누룩병,0
2018.09.01,영광군,이삭누룩병,0
2018.09.01,영암군,이삭누룩병,0
2018.09.01,완도군,이삭누룩병,0
2018.09.01,장성군,이삭누룩병,0
2018.09.01,장흥군,이삭누룩병,0
2018.09.01,진도군,이삭누룩병,0
2018.09.01,함평군,이삭누룩병,0
2018.09.01,해남군,이삭누룩병,0
2018.09.01,화순군,이삭누룩병,0
2018.09.16,강진군,이삭누룩병,0
2018.09.16,고흥군,이삭누룩병,0
2018.09.16,곡성군,이삭누룩병,0
2018.09.16,광양시,이삭누룩병,0
2018.09.16,구례군,이삭누룩병,0
2018.09.16,나주시,이삭누룩병,0
2018.09.16,담양군,이삭누룩병,0
2018.09.16,무안군,이삭누룩병,0
2018.09.16,보성군,이삭누룩병,0
2018.09.16,순천시,이삭누룩병,0
2018.09.16,신안군,이삭누룩병,0
2018.09.16,여수시,이삭누룩병,0
2018.09.16,영광군,이삭누룩병,0
2018.09.16,영암군,이삭누룩병,0
2018.09.16,완도군,이삭누룩병,0
2018.09.16,장성군,이삭누룩병,0
2018.09.16,장흥군,이삭누룩병,0
2018.09.16,진도군,이삭누룩병,0
2018.09.16,함평군,이삭누룩병,0
2018.09.16,해남군,이삭누룩병,0
2018.09.16,화순군,이삭누룩병,0
2019.06.01,강진군,이삭누룩병,0
2019.06.01,고흥군,이삭누룩병,0
2019.06.01,곡성군,이삭누룩병,0
2019.06.01,광양시,이삭누룩병,0
2019.06.01,구례군,이삭누룩병,0
2019.06.01,나주시,이삭누룩병,0
2019.06.01,담양군,이삭누룩병,0
2019.06.01,무안군,이삭누룩병,0
2019.06.01,보성군,이삭누룩병,0
2019.06.01,순천시,이삭누룩병,0
2019.06.01,신안군,이삭누룩병,0
2019.06.01,여수시,이삭누룩병,0
2019.06.01,영광군,이삭누룩병,0
2019.06.01,영암군,이삭누룩병,0
2019.06.01,완도군,이삭누룩병,0
2019.06.01,장성군,이삭누룩병,0
2019.06.01,장흥군,이삭누룩병,0
2019.06.01,진도군,이삭누룩병,0
2019.06.01,함평군,이삭누룩병,0
2019.06.01,해남군,이삭누룩병,0
2019.06.01,화순군,이삭누룩병,0
2019.06.16,강진군,이삭누룩병,0
2019.06.16,고흥군,이삭누룩병,0
2019.06.16,곡성군,이삭누룩병,0
2019.06.16,광양시,이삭누룩병,0
2019.06.16,구례군,이삭누룩병,0
2019.06.16,나주시,이삭누룩병,0
2019.06.16,담양군,이삭누룩병,0
2019.06.16,무안군,이삭누룩병,0
2019.06.16,보성군,이삭누룩병,0
2019.06.16,순천시,이삭누룩병,0
2019.06.16,신안군,이삭누룩병,0
2019.06.16,여수시,이삭누룩병,0
2019.06.16,영광군,이삭누룩병,0
2019.06.16,영암군,이삭누룩병,0
2019.06.16,완도군,이삭누룩병,0
2019.06.16,장성군,이삭누룩병,0
2019.06.16,장흥군,이삭누룩병,0
2019.06.16,진도군,이삭누룩병,0
2019.06.16,함평군,이삭누룩병,0
2019.06.16,해남군,이삭누룩병,0
2019.06.16,화순군,이삭누룩병,0
2019.07.01,강진군,이삭누룩병,0
2019.07.01,고흥군,이삭누룩병,0
2019.07.01,곡성군,이삭누룩병,0
2019.07.01,광양시,이삭누룩병,0
2019.07.01,구례군,이삭누룩병,0
2019.07.01,나주시,이삭누룩병,0
2019.07.01,담양군,이삭누룩병,0
2019.07.01,무안군,이삭누룩병,0
2019.07.01,보성군,이삭누룩병,0
2019.07.01,순천시,이삭누룩병,0
2019.07.01,신안군,이삭누룩병,0
2019.07.01,여수시,이삭누룩병,0
2019.07.01,영광군,이삭누룩병,0
2019.07.01,영암군,이삭누룩병,0
2019.07.01,완도군,이삭누룩병,0
2019.07.01,장성군,이삭누룩병,0
2019.07.01,장흥군,이삭누룩병,0
2019.07.01,진도군,이삭누룩병,0
2019.07.01,함평군,이삭누룩병,0
2019.07.01,해남군,이삭누룩병,0
2019.07.01,화순군,이삭누룩병,0
2019.07.16,강진군,이삭누룩병,0
2019.07.16,고흥군,이삭누룩병,0
2019.07.16,곡성군,이삭누룩병,0
2019.07.16,광양시,이삭누룩병,0
2019.07.16,구례군,이삭누룩병,0
2019.07.16,나주시,이삭누룩병,0
2019.07.16,담양군,이삭누룩병,0
2019.07.16,무안군,이삭누룩병,0
2019.07.16,보성군,이삭누룩병,0
2019.07.16,순천시,이삭누룩병,0
2019.07.16,신안군,이삭누룩병,0
2019.07.16,여수시,이삭누룩병,0
2019.07.16,영광군,이삭누룩병,0
2019.07.16,영암군,이삭누룩병,0
2019.07.16,완도군,이삭누룩병,0
2019.07.16,장성군,이삭누룩병,0
2019.07.16,장흥군,이삭누룩병,0
2019.07.16,진도군,이삭누룩병,0
2019.07.16,함평군,이삭누룩병,0
2019.07.16,해남군,이삭누룩병,0
2019.07.16,화순군,이삭누룩병,0
2019.08.01,강진군,이삭누룩병,0
2019.08.01,고흥군,이삭누룩병,0
2019.08.01,곡성군,이삭누룩병,0
2019.08.01,광양시,이삭누룩병,0
2019.08.01,구례군,이삭누룩병,0
2019.08.01,나주시,이삭누룩병,0
2019.08.01,담양군,이삭누룩병,0
2019.08.01,무안군,이삭누룩병,0
2019.08.01,보성군,이삭누룩병,0
2019.08.01,순천시,이삭누룩병,0
2019.08.01,신안군,이삭누룩병,0
2019.08.01,여수시,이삭누룩병,0
2019.08.01,영광군,이삭누룩병,0
2019.08.01,영암군,이삭누룩병,0
2019.08.01,완도군,이삭누룩병,0
2019.08.01,장성군,이삭누룩병,0
2019.08.01,장흥군,이삭누룩병,0
2019.08.01,진도군,이삭누룩병,0
2019.08.01,함평군,이삭누룩병,0
2019.08.01,해남군,이삭누룩병,0
2019.08.01,화순군,이삭누룩병,0
2019.08.16,강진군,이삭누룩병,0
2019.08.16,고흥군,이삭누룩병,0
2019.08.16,광양시,이삭누룩병,0
2019.08.16,구례군,이삭누룩병,0
2019.08.16,무안군,이삭누룩병,0
2019.08.16,보성군,이삭누룩병,0
2019.08.16,순천시,이삭누룩병,0
2019.08.16,신안군,이삭누룩병,0
2019.08.16,여수시,이삭누룩병,0
2019.08.16,영광군,이삭누룩병,0
2019.08.16,완도군,이삭누룩병,0
2019.08.16,장흥군,이삭누룩병,0
2019.08.16,진도군,이삭누룩병,0
2019.08.16,함평군,이삭누룩병,0
2019.08.16,해남군,이삭누룩병,0
2019.08.16,화순군,이삭누룩병,0
2019.09.01,강진군,이삭누룩병,0
2019.09.01,고흥군,이삭누룩병,0
2019.09.01,곡성군,이삭누룩병,0
2019.09.01,광양시,이삭누룩병,0
2019.09.01,구례군,이삭누룩병,0
2019.09.01,나주시,이삭누룩병,0
2019.09.01,담양군,이삭누룩병,0
2019.09.01,무안군,이삭누룩병,0
2019.09.01,보성군,이삭누룩병,0
2019.09.01,순천시,이삭누룩병,0
2019.09.01,신안군,이삭누룩병,0
2019.09.01,여수시,이삭누룩병,0
2019.09.01,영광군,이삭누룩병,0
2019.09.01,영암군,이삭누룩병,0
2019.09.01,완도군,이삭누룩병,0
2019.09.01,장성군,이삭누룩병,0
2019.09.01,장흥군,이삭누룩병,0
2019.09.01,진도군,이삭누룩병,0
2019.09.01,함평군,이삭누룩병,0
2019.09.01,해남군,이삭누룩병,0
2019.09.01,화순군,이삭누룩병,0
2019.09.16,강진군,이삭누룩병,0
2019.09.16,고흥군,이삭누룩병,0
2019.09.16,곡성군,이삭누룩병,0
2019.09.16,광양시,이삭누룩병,0
2019.09.16,구례군,이삭누룩병,0
2019.09.16,나주시,이삭누룩병,0
2019.09.16,담양군,이삭누룩병,0
2019.09.16,무안군,이삭누룩병,0
2019.09.16,보성군,이삭누룩병,0
2019.09.16,순천시,이삭누룩병,0
2019.09.16,여수시,이삭누룩병,0
2019.09.16,영광군,이삭누룩병,0
2019.09.16,영암군,이삭누룩병,0
2019.09.16,완도군,이삭누룩병,0
2019.09.16,장성군,이삭누룩병,0
2019.09.16,장흥군,이삭누룩병,0
2019.09.16,진도군,이삭누룩병,0
2019.09.16,함평군,이삭누룩병,0
2019.09.16,해남군,이삭누룩병,0
2019.09.16,화순군,이삭누룩병,0
2020.06.01,강진군,이삭누룩병,0
2020.06.01,고흥군,이삭누룩병,0
2020.06.01,광양시,이삭누룩병,0
2020.06.01,구례군,이삭누룩병,0
2020.06.01,나주시,이삭누룩병,0
2020.06.01,담양군,이삭누룩병,0
2020.06.01,무안군,이삭누룩병,0
2020.06.01,보성군,이삭누룩병,0
2020.06.01,순천시,이삭누룩병,0
2020.06.01,신안군,이삭누룩병,0
2020.06.01,여수시,이삭누룩병,0
2020.06.01,영광군,이삭누룩병,0
2020.06.01,영암군,이삭누룩병,0
2020.06.01,완도군,이삭누룩병,0
2020.06.01,장성군,이삭누룩병,0
2020.06.01,장흥군,이삭누룩병,0
2020.06.01,진도군,이삭누룩병,0
2020.06.01,함평군,이삭누룩병,0
2020.06.01,해남군,이삭누룩병,0
2020.06.01,화순군,이삭누룩병,0
2020.06.16,강진군,이삭누룩병,0
2020.06.16,고흥군,이삭누룩병,0
2020.06.16,곡성군,이삭누룩병,0
2020.06.16,광양시,이삭누룩병,0
2020.06.16,구례군,이삭누룩병,0
2020.06.16,나주시,이삭누룩병,0
2020.06.16,담양군,이삭누룩병,0
2020.06.16,무안군,이삭누룩병,0
2020.06.16,보성군,이삭누룩병,0
2020.06.16,순천시,이삭누룩병,0
2020.06.16,신안군,이삭누룩병,0
2020.06.16,여수시,이삭누룩병,0
2020.06.16,영광군,이삭누룩병,0
2020.06.16,영암군,이삭누룩병,0
2020.06.16,완도군,이삭누룩병,0
2020.06.16,장성군,이삭누룩병,0
2020.06.16,장흥군,이삭누룩병,0
2020.06.16,진도군,이삭누룩병,0
2020.06.16,함평군,이삭누룩병,0
2020.06.16,해남군,이삭누룩병,0
2020.06.16,화순군,이삭누룩병,0
2020.07.01,강진군,이삭누룩병,0
2020.07.01,고흥군,이삭누룩병,0
2020.07.01,곡성군,이삭누룩병,0
2020.07.01,광양시,이삭누룩병,0
2020.07.01,구례군,이삭누룩병,0
2020.07.01,담양군,이삭누룩병,0
2020.07.01,무안군,이삭누룩병,0
2020.07.01,보성군,이삭누룩병,0
2020.07.01,순천시,이삭누룩병,0
2020.07.01,신안군,이삭누룩병,0
2020.07.01,여수시,이삭누룩병,0
2020.07.01,영광군,이삭누룩병,0
2020.07.01,영암군,이삭누룩병,0
2020.07.01,완도군,이삭누룩병,0
2020.07.01,장성군,이삭누룩병,0
2020.07.01,장흥군,이삭누룩병,0
2020.07.01,진도군,이삭누룩병,0
2020.07.01,함평군,이삭누룩병,0
2020.07.01,해남군,이삭누룩병,0
2020.07.01,화순군,이삭누룩병,0
2020.07.16,강진군,이삭누룩병,0
2020.07.16,고흥군,이삭누룩병,0
2020.07.16,곡성군,이삭누룩병,0
2020.07.16,광양시,이삭누룩병,0
2020.07.16,구례군,이삭누룩병,0
2020.07.16,나주시,이삭누룩병,0
2020.07.16,담양군,이삭누룩병,0
2020.07.16,무안군,이삭누룩병,0
2020.07.16,보성군,이삭누룩병,0
2020.07.16,순천시,이삭누룩병,0
2020.07.16,신안군,이삭누룩병,0
2020.07.16,여수시,이삭누룩병,0
2020.07.16,영광군,이삭누룩병,0
2020.07.16,영암군,이삭누룩병,0
2020.07.16,완도군,이삭누룩병,0
2020.07.16,장성군,이삭누룩병,0
2020.07.16,장흥군,이삭누룩병,0
2020.07.16,진도군,이삭누룩병,0
2020.07.16,함평군,이삭누룩병,0
2020.07.16,해남군,이삭누룩병,0
2020.07.16,화순군,이삭누룩병,0
2020.08.01,강진군,이삭누룩병,0
2020.08.01,고흥군,이삭누룩병,0
2020.08.01,곡성군,이삭누룩병,0
2020.08.01,광양시,이삭누룩병,0
2020.08.01,구례군,이삭누룩병,0
2020.08.01,나주시,이삭누룩병,0
2020.08.01,담양군,이삭누룩병,0
2020.08.01,무안군,이삭누룩병,0
2020.08.01,보성군,이삭누룩병,0
2020.08.01,순천시,이삭누룩병,0
2020.08.01,신안군,이삭누룩병,0
2020.08.01,여수시,이삭누룩병,0
2020.08.01,영광군,이삭누룩병,0
2020.08.01,영암군,이삭누룩병,0
2020.08.01,완도군,이삭누룩병,0
2020.08.01,장성군,이삭누룩병,0
2020.08.01,장흥군,이삭누룩병,0
2020.08.01,진도군,이삭누룩병,0
2020.08.01,함평군,이삭누룩병,0
2020.08.01,해남군,이삭누룩병,0
2020.08.01,화순군,이삭누룩병,0
2020.08.16,강진군,이삭누룩병,0
2020.08.16,고흥군,이삭누룩병,0
2020.08.16,곡성군,이삭누룩병,0
2020.08.16,광양시,이삭누룩병,0
2020.08.16,구례군,이삭누룩병,0
2020.08.16,나주시,이삭누룩병,0
2020.08.16,담양군,이삭누룩병,0
2020.08.16,무안군,이삭누룩병,0
2020.08.16,보성군,이삭누룩병,0
2020.08.16,순천시,이삭누룩병,0
2020.08.16,신안군,이삭누룩병,0
2020.08.16,여수시,이삭누룩병,0
2020.08.16,영광군,이삭누룩병,0
2020.08.16,영암군,이삭누룩병,0
2020.08.16,완도군,이삭누룩병,0
2020.08.16,장성군,이삭누룩병,0
2020.08.16,장흥군,이삭누룩병,0
2020.08.16,진도군,이삭누룩병,0
2020.08.16,함평군,이삭누룩병,0
2020.08.16,해남군,이삭누룩병,0
2020.08.16,화순군,이삭누룩병,0
2020.09.01,강진군,이삭누룩병,0
2020.09.01,고흥군,이삭누룩병,0
2020.09.01,곡성군,이삭누룩병,0
2020.09.01,광양시,이삭누룩병,0
2020.09.01,구례군,이삭누룩병,0
2020.09.01,나주시,이삭누룩병,0
2020.09.01,담양군,이삭누룩병,0
2020.09.01,무안군,이삭누룩병,0
2020.09.01,보성군,이삭누룩병,0
2020.09.01,순천시,이삭누룩병,0
2020.09.01,신안군,이삭누룩병,0
2020.09.01,여수시,이삭누룩병,0
2020.09.01,영광군,이삭누룩병,0
2020.09.01,영암군,이삭누룩병,0
2020.09.01,완도군,이삭누룩병,0
2020.09.01,장성군,이삭누룩병,0
2020.09.01,장흥군,이삭누룩병,0
2020.09.01,진도군,이삭누룩병,0
2020.09.01,함평군,이삭누룩병,0
2020.09.01,해남군,이삭누룩병,0
2020.09.01,화순군,이삭누룩병,0
2020.09.16,강진군,이삭누룩병,0
2020.09.16,고흥군,이삭누룩병,0
2020.09.16,곡성군,이삭누룩병,0
2020.09.16,광양시,이삭누룩병,0
2020.09.16,구례군,이삭누룩병,0
2020.09.16,나주시,이삭누룩병,0
2020.09.16,담양군,이삭누룩병,0
2020.09.16,무안군,이삭누룩병,0
2020.09.16,보성군,이삭누룩병,0
2020.09.16,순천시,이삭누룩병,0
2020.09.16,신안군,이삭누룩병,0
2020.09.16,여수시,이삭누룩병,0
2020.09.16,영광군,이삭누룩병,0
2020.09.16,영암군,이삭누룩병,0
2020.09.16,완도군,이삭누룩병,0
2020.09.16,장성군,이삭누룩병,0
2020.09.16,장흥군,이삭누룩병,0
2020.09.16,진도군,이삭누룩병,0
2020.09.16,함평군,이삭누룩병,0
2020.09.16,해남군,이삭누룩병,0
2020.09.16,화순군,이삭누룩병,0
2021.06.01,강진군,이삭누룩병,0
2021.06.01,고흥군,이삭누룩병,0
2021.06.01,곡성군,이삭누룩병,0
2021.06.01,광양시,이삭누룩병,0
2021.06.01,구례군,이삭누룩병,0
2021.06.01,나주시,이삭누룩병,0
2021.06.01,담양군,이삭누룩병,0
2021.06.01,무안군,이삭누룩병,0
2021.06.01,보성군,이삭누룩병,0
2021.06.01,순천시,이삭누룩병,0
2021.06.01,신안군,이삭누룩병,0
2021.06.01,여수시,이삭누룩병,0
2021.06.01,영암군,이삭누룩병,0
2021.06.01,완도군,이삭누룩병,0
2021.06.01,장성군,이삭누룩병,0
2021.06.01,장흥군,이삭누룩병,0
2021.06.01,진도군,이삭누룩병,0
2021.06.01,함평군,이삭누룩병,0
2021.06.01,해남군,이삭누룩병,0
2021.06.01,화순군,이삭누룩병,0
2021.06.16,강진군,이삭누룩병,0
2021.06.16,고흥군,이삭누룩병,0
2021.06.16,곡성군,이삭누룩병,0
2021.06.16,광양시,이삭누룩병,0
2021.06.16,구례군,이삭누룩병,0
2021.06.16,나주시,이삭누룩병,0
2021.06.16,담양군,이삭누룩병,0
2021.06.16,무안군,이삭누룩병,0
2021.06.16,보성군,이삭누룩병,0
2021.06.16,순천시,이삭누룩병,0
2021.06.16,신안군,이삭누룩병,0
2021.06.16,여수시,이삭누룩병,0
2021.06.16,영광군,이삭누룩병,0
2021.06.16,영암군,이삭누룩병,0
2021.06.16,완도군,이삭누룩병,0
2021.06.16,장성군,이삭누룩병,0
2021.06.16,장흥군,이삭누룩병,0
2021.06.16,진도군,이삭누룩병,0
2021.06.16,함평군,이삭누룩병,0
2021.06.16,해남군,이삭누룩병,0
2021.06.16,화순군,이삭누룩병,0
2021.07.01,강진군,이삭누룩병,0
2021.07.01,고흥군,이삭누룩병,0
2021.07.01,곡성군,이삭누룩병,0
2021.07.01,광양시,이삭누룩병,0
2021.07.01,구례군,이삭누룩병,0
2021.07.01,나주시,이삭누룩병,0
2021.07.01,담양군,이삭누룩병,0
2021.07.01,무안군,이삭누룩병,0
2021.07.01,보성군,이삭누룩병,0
2021.07.01,순천시,이삭누룩병,0
2021.07.01,신안군,이삭누룩병,0
2021.07.01,여수시,이삭누룩병,0
2021.07.01,영광군,이삭누룩병,0
2021.07.01,영암군,이삭누룩병,0
2021.07.01,완도군,이삭누룩병,0
2021.07.01,장성군,이삭누룩병,0
2021.07.01,장흥군,이삭누룩병,0
2021.07.01,진도군,이삭누룩병,0
2021.07.01,함평군,이삭누룩병,0
2021.07.01,해남군,이삭누룩병,0
2021.07.01,화순군,이삭누룩병,0
2021.07.16,강진군,이삭누룩병,0
2021.07.16,고흥군,이삭누룩병,0
2021.07.16,곡성군,이삭누룩병,0
2021.07.16,광양시,이삭누룩병,0
2021.07.16,구례군,이삭누룩병,0
2021.07.16,나주시,이삭누룩병,0
2021.07.16,담양군,이삭누룩병,0
2021.07.16,무안군,이삭누룩병,0
2021.07.16,보성군,이삭누룩병,0
2021.07.16,순천시,이삭누룩병,0
2021.07.16,신안군,이삭누룩병,0
2021.07.16,여수시,이삭누룩병,0
2021.07.16,영광군,이삭누룩병,0
2021.07.16,영암군,이삭누룩병,0
2021.07.16,완도군,이삭누룩병,0
2021.07.16,장성군,이삭누룩병,0
2021.07.16,장흥군,이삭누룩병,0
2021.07.16,진도군,이삭누룩병,0
2021.07.16,함평군,이삭누룩병,0
2021.07.16,해남군,이삭누룩병,0
2021.07.16,화순군,이삭누룩병,0
2021.08.01,강진군,이삭누룩병,0
2021.08.01,고흥군,이삭누룩병,0
2021.08.01,곡성군,이삭누룩병,0
2021.08.01,광양시,이삭누룩병,0
2021.08.01,구례군,이삭누룩병,0
2021.08.01,보성군,이삭누룩병,0
2021.08.01,여수시,이삭누룩병,0
2021.08.01,영암군,이삭누룩병,0
2021.08.01,완도군,이삭누룩병,0
2021.08.01,장성군,이삭누룩병,0
2021.08.01,진도군,이삭누룩병,0
2021.08.01,함평군,이삭누룩병,0
2021.08.01,해남군,이삭누룩병,0
2021.08.01,화순군,이삭누룩병,0
2021.08.16,강진군,이삭누룩병,0
2021.08.16,고흥군,이삭누룩병,0
2021.08.16,곡성군,이삭누룩병,0
2021.08.16,광양시,이삭누룩병,0
2021.08.16,구례군,이삭누룩병,0
2021.08.16,나주시,이삭누룩병,0
2021.08.16,담양군,이삭누룩병,0
2021.08.16,무안군,이삭누룩병,0
2021.08.16,보성군,이삭누룩병,0
2021.08.16,순천시,이삭누룩병,0
2021.08.16,신안군,이삭누룩병,0
2021.08.16,여수시,이삭누룩병,0
2021.08.16,영광군,이삭누룩병,0
2021.08.16,영암군,이삭누룩병,0
2021.08.16,완도군,이삭누룩병,0
2021.08.16,장성군,이삭누룩병,0
2021.08.16,장흥군,이삭누룩병,0
2021.08.16,진도군,이삭누룩병,0
2021.08.16,함평군,이삭누룩병,0
2021.08.16,해남군,이삭누룩병,0
2021.08.16,화순군,이삭누룩병,0
2021.09.01,강진군,이삭누룩병,0
2021.09.01,고흥군,이삭누룩병,0
2021.09.01,곡성군,이삭누룩병,1
2021.09.01,광양시,이삭누룩병,0
2021.09.01,구례군,이삭누룩병,0
2021.09.01,담양군,이삭누룩병,0
2021.09.01,무안군,이삭누룩병,0
2021.09.01,보성군,이삭누룩병,1
2021.09.01,순천시,이삭누룩병,0
2021.09.01,신안군,이삭누룩병,0
2021.09.01,여수시,이삭누룩병,0
2021.09.01,영암군,이삭누룩병,0
2021.09.01,완도군,이삭누룩병,0
2021.09.01,장성군,이삭누룩병,0
2021.09.01,장흥군,이삭누룩병,0
2021.09.01,진도군,이삭누룩병,0
2021.09.01,함평군,이삭누룩병,0
2021.09.01,해남군,이삭누룩병,0
2021.09.01,화순군,이삭누룩병,0
2021.09.16,강진군,이삭누룩병,0
2021.09.16,고흥군,이삭누룩병,0
2021.09.16,곡성군,이삭누룩병,1
2021.09.16,광양시,이삭누룩병,0
2021.09.16,구례군,이삭누룩병,0
2021.09.16,나주시,이삭누룩병,0
2021.09.16,담양군,이삭누룩병,0
2021.09.16,무안군,이삭누룩병,0
2021.09.16,보성군,이삭누룩병,1
2021.09.16,순천시,이삭누룩병,0
2021.09.16,신안군,이삭누룩병,0
2021.09.16,여수시,이삭누룩병,0
2021.09.16,영광군,이삭누룩병,0
2021.09.16,영암군,이삭누룩병,0
2021.09.16,완도군,이삭누룩병,1
2021.09.16,장성군,이삭누룩병,0
2021.09.16,장흥군,이삭누룩병,0
2021.09.16,진도군,이삭누룩병,0
2021.09.16,함평군,이삭누룩병,0
2021.09.16,해남군,이삭누룩병,0
2021.09.16,화순군,이삭누룩병,0
2022.06.01,강진군,이삭누룩병,0
2022.06.01,고흥군,이삭누룩병,0
2022.06.01,곡성군,이삭누룩병,0
2022.06.01,광양시,이삭누룩병,0
2022.06.01,구례군,이삭누룩병,0
2022.06.01,나주시,이삭누룩병,0
2022.06.01,담양군,이삭누룩병,0
2022.06.01,무안군,이삭누룩병,0
2022.06.01,보성군,이삭누룩병,0
2022.06.01,순천시,이삭누룩병,0
2022.06.01,신안군,이삭누룩병,0
2022.06.01,여수시,이삭누룩병,0
2022.06.01,영광군,이삭누룩병,0
2022.06.01,영암군,이삭누룩병,0
2022.06.01,완도군,이삭누룩병,0
2022.06.01,장성군,이삭누룩병,0
2022.06.01,장흥군,이삭누룩병,0
2022.06.01,진도군,이삭누룩병,0
2022.06.01,함평군,이삭누룩병,0
2022.06.01,해남군,이삭누룩병,0
2022.06.01,화순군,이삭누룩병,0
2022.06.16,강진군,이삭누룩병,0
2022.06.16,고흥군,이삭누룩병,0
2022.06.16,곡성군,이삭누룩병,0
2022.06.16,광양시,이삭누룩병,0
2022.06.16,구례군,이삭누룩병,0
2022.06.16,나주시,이삭누룩병,0
2022.06.16,담양군,이삭누룩병,0
2022.06.16,무안군,이삭누룩병,0
2022.06.16,보성군,이삭누룩병,0
2022.06.16,순천시,이삭누룩병,0
2022.06.16,신안군,이삭누룩병,0
2022.06.16,여수시,이삭누룩병,0
2022.06.16,영광군,이삭누룩병,0
2022.06.16,영암군,이삭누룩병,0
2022.06.16,완도군,이삭누룩병,0
2022.06.16,장성군,이삭누룩병,0
2022.06.16,장흥군,이삭누룩병,0
2022.06.16,진도군,이삭누룩병,0
2022.06.16,함평군,이삭누룩병,0
2022.06.16,해남군,이삭누룩병,0
2022.06.16,화순군,이삭누룩병,0
2022.07.01,강진군,이삭누룩병,0
2022.07.01,고흥군,이삭누룩병,0
2022.07.01,곡성군,이삭누룩병,0
2022.07.01,광양시,이삭누룩병,0
2022.07.01,구례군,이삭누룩병,0
2022.07.01,나주시,이삭누룩병,0
2022.07.01,담양군,이삭누룩병,0
2022.07.01,무안군,이삭누룩병,0
2022.07.01,보성군,이삭누룩병,0
2022.07.01,순천시,이삭누룩병,0
2022.07.01,신안군,이삭누룩병,0
2022.07.01,여수시,이삭누룩병,0
2022.07.01,영광군,이삭누룩병,0
2022.07.01,영암군,이삭누룩병,0
2022.07.01,완도군,이삭누룩병,0
2022.07.01,장성군,이삭누룩병,0
2022.07.01,장흥군,이삭누룩병,0
2022.07.01,진도군,이삭누룩병,0
2022.07.01,함평군,이삭누룩병,0
2022.07.01,해남군,이삭누룩병,0
2022.07.01,화순군,이삭누룩병,0
2022.07.16,강진군,이삭누룩병,0
2022.07.16,고흥군,이삭누룩병,0
2022.07.16,곡성군,이삭누룩병,0
2022.07.16,광양시,이삭누룩병,0
2022.07.16,구례군,이삭누룩병,0
2022.07.16,나주시,이삭누룩병,0
2022.07.16,담양군,이삭누룩병,0
2022.07.16,무안군,이삭누룩병,0
2022.07.16,보성군,이삭누룩병,0
2022.07.16,순천시,이삭누룩병,0
2022.07.16,신안군,이삭누룩병,0
2022.07.16,여수시,이삭누룩병,0
2022.07.16,영광군,이삭누룩병,0
2022.07.16,영암군,이삭누룩병,0
2022.07.16,완도군,이삭누룩병,0
2022.07.16,장성군,이삭누룩병,0
2022.07.16,장흥군,이삭누룩병,0
2022.07.16,진도군,이삭누룩병,0
2022.07.16,함평군,이삭누룩병,0
2022.07.16,해남군,이삭누룩병,0
2022.07.16,화순군,이삭누룩병,0
2022.08.01,강진군,이삭누룩병,0
2022.08.01,고흥군,이삭누룩병,0
2022.08.01,곡성군,이삭누룩병,0
2022.08.01,광양시,이삭누룩병,0
2022.08.01,구례군,이삭누룩병,0
2022.08.01,나주시,이삭누룩병,0
2022.08.01,담양군,이삭누룩병,0
2022.08.01,무안군,이삭누룩병,0
2022.08.01,보성군,이삭누룩병,0
2022.08.01,순천시,이삭누룩병,0
2022.08.01,신안군,이삭누룩병,0
2022.08.01,여수시,이삭누룩병,0
2022.08.01,영광군,이삭누룩병,0
2022.08.01,영암군,이삭누룩병,0
2022.08.01,완도군,이삭누룩병,0
2022.08.01,장성군,이삭누룩병,0
2022.08.01,장흥군,이삭누룩병,0
2022.08.01,진도군,이삭누룩병,0
2022.08.01,함평군,이삭누룩병,0
2022.08.01,화순군,이삭누룩병,0
2022.08.16,강진군,이삭누룩병,0
2022.08.16,고흥군,이삭누룩병,0
2022.08.16,광양시,이삭누룩병,0
2022.08.16,구례군,이삭누룩병,0
2022.08.16,담양군,이삭누룩병,0
2022.08.16,무안군,이삭누룩병,0
2022.08.16,보성군,이삭누룩병,0
2022.08.16,순천시,이삭누룩병,0
2022.08.16,여수시,이삭누룩병,0
2022.08.16,영암군,이삭누룩병,0
2022.08.16,완도군,이삭누룩병,0
2022.08.16,장성군,이삭누룩병,0
2022.08.16,장흥군,이삭누룩병,0
2022.08.16,진도군,이삭누룩병,0
2022.08.16,함평군,이삭누룩병,0
2022.08.16,해남군,이삭누룩병,0
2022.08.16,화순군,이삭누룩병,0
2022.09.01,강진군,이삭누룩병,0
2022.09.01,고흥군,이삭누룩병,0
2022.09.01,곡성군,이삭누룩병,0
2022.09.01,광양시,이삭누룩병,0
2022.09.01,구례군,이삭누룩병,0
2022.09.01,담양군,이삭누룩병,0
2022.09.01,보성군,이삭누룩병,0
2022.09.01,순천시,이삭누룩병,0
2022.09.01,신안군,이삭누룩병,0
2022.09.01,여수시,이삭누룩병,0
2022.09.01,영암군,이삭누룩병,0
2022.09.01,완도군,이삭누룩병,0
2022.09.01,장성군,이삭누룩병,0
2022.09.01,장흥군,이삭누룩병,0
2022.09.01,진도군,이삭누룩병,1
2022.09.01,해남군,이삭누룩병,0
2022.09.01,화순군,이삭누룩병,0
2022.09.16,강진군,이삭누룩병,0
2022.09.16,고흥군,이삭누룩병,0
2022.09.16,곡성군,이삭누룩병,0
2022.09.16,광양시,이삭누룩병,0
2022.09.16,구례군,이삭누룩병,0
2022.09.16,나주시,이삭누룩병,0
2022.09.16,담양군,이삭누룩병,0
2022.09.16,무안군,이삭누룩병,0
2022.09.16,보성군,이삭누룩병,1
2022.09.16,순천시,이삭누룩병,0
2022.09.16,신안군,이삭누룩병,0
2022.09.16,여수시,이삭누룩병,0
2022.09.16,영광군,이삭누룩병,0
2022.09.16,완도군,이삭누룩병,0
2022.09.16,장성군,이삭누룩병,0
2022.09.16,장흥군,이삭누룩병,1
2022.09.16,진도군,이삭누룩병,0
2022.09.16,함평군,이삭누룩병,0
2022.09.16,해남군,이삭누룩병,0
2022.09.16,화순군,이삭누룩병,0
2023.06.01,강진군,이삭누룩병,0
2023.06.01,곡성군,이삭누룩병,0
2023.06.01,광양시,이삭누룩병,0
2023.06.01,구례군,이삭누룩병,0
2023.06.01,나주시,이삭누룩병,0
2023.06.01,담양군,이삭누룩병,0
2023.06.01,무안군,이삭누룩병,0
2023.06.01,보성군,이삭누룩병,0
2023.06.01,순천시,이삭누룩병,0
2023.06.01,신안군,이삭누룩병,0
2023.06.01,여수시,이삭누룩병,0
2023.06.01,영광군,이삭누룩병,0
2023.06.01,영암군,이삭누룩병,0
2023.06.01,완도군,이삭누룩병,0
2023.06.01,장성군,이삭누룩병,0
2023.06.01,장흥군,이삭누룩병,0
2023.06.01,진도군,이삭누룩병,0
2023.06.01,함평군,이삭누룩병,0
2023.06.01,해남군,이삭누룩병,0
2023.06.01,화순군,이삭누룩병,0
2023.06.16,강진군,이삭누룩병,0
2023.06.16,곡성군,이삭누룩병,0
2023.06.16,광양시,이삭누룩병,0
2023.06.16,구례군,이삭누룩병,0
2023.06.16,나주시,이삭누룩병,0
2023.06.16,담양군,이삭누룩병,0
2023.06.16,무안군,이삭누룩병,0
2023.06.16,보성군,이삭누룩병,0
2023.06.16,순천시,이삭누룩병,0
2023.06.16,신안군,이삭누룩병,0
2023.06.16,여수시,이삭누룩병,0
2023.06.16,영광군,이삭누룩병,0
2023.06.16,영암군,이삭누룩병,0
2023.06.16,완도군,이삭누룩병,0
2023.06.16,장성군,이삭누룩병,0
2023.06.16,장흥군,이삭누룩병,0
2023.06.16,진도군,이삭누룩병,0
2023.06.16,함평군,이삭누룩병,0
2023.06.16,해남군,이삭누룩병,0
2023.06.16,화순군,이삭누룩병,0
2023.07.01,강진군,이삭누룩병,0
2023.07.01,고흥군,이삭누룩병,0
2023.07.01,곡성군,이삭누룩병,0
2023.07.01,광양시,이삭누룩병,0
2023.07.01,구례군,이삭누룩병,0
2023.07.01,나주시,이삭누룩병,0
2023.07.01,담양군,이삭누룩병,0
2023.07.01,무안군,이삭누룩병,0
2023.07.01,보성군,이삭누룩병,0
2023.07.01,순천시,이삭누룩병,0
2023.07.01,신안군,이삭누룩병,0
2023.07.01,여수시,이삭누룩병,0
2023.07.01,영광군,이삭누룩병,0
2023.07.01,영암군,이삭누룩병,0
2023.07.01,완도군,이삭누룩병,0
2023.07.01,장성군,이삭누룩병,0
2023.07.01,장흥군,이삭누룩병,0
2023.07.01,진도군,이삭누룩병,0
2023.07.01,함평군,이삭누룩병,0
2023.07.01,해남군,이삭누룩병,0
2023.07.01,화순군,이삭누룩병,0
2023.07.16,강진군,이삭누룩병,0
2023.07.16,고흥군,이삭누룩병,0
2023.07.16,곡성군,이삭누룩병,0
2023.07.16,광양시,이삭누룩병,0
2023.07.16,구례군,이삭누룩병,0
2023.07.16,나주시,이삭누룩병,0
2023.07.16,담양군,이삭누룩병,0
2023.07.16,무안군,이삭누룩병,0
2023.07.16,보성군,이삭누룩병,0
2023.07.16,순천시,이삭누룩병,0
2023.07.16,신안군,이삭누룩병,0
2023.07.16,여수시,이삭누룩병,0
2023.07.16,영광군,이삭누룩병,0
2023.07.16,영암군,이삭누룩병,0
2023.07.16,완도군,이삭누룩병,0
2023.07.16,장성군,이삭누룩병,0
2023.07.16,장흥군,이삭누룩병,0
2023.07.16,진도군,이삭누룩병,0
2023.07.16,함평군,이삭누룩병,0
2023.07.16,해남군,이삭누룩병,0
2023.07.16,화순군,이삭누룩병,0
2023.08.01,강진군,이삭누룩병,0
2023.08.01,고흥군,이삭누룩병,0
2023.08.01,곡성군,이삭누룩병,0
2023.08.01,광양시,이삭누룩병,0
2023.08.01,구례군,이삭누룩병,0
2023.08.01,나주시,이삭누룩병,0
2023.08.01,담양군,이삭누룩병,0
2023.08.01,무안군,이삭누룩병,0
2023.08.01,보성군,이삭누룩병,0
2023.08.01,순천시,이삭누룩병,0
2023.08.01,신안군,이삭누룩병,0
2023.08.01,여수시,이삭누룩병,0
2023.08.01,영광군,이삭누룩병,0
2023.08.01,영암군,이삭누룩병,0
2023.08.01,완도군,이삭누룩병,0
2023.08.01,장성군,이삭누룩병,0
2023.08.01,장흥군,이삭누룩병,0
2023.08.01,진도군,이삭누룩병,0
2023.08.01,함평군,이삭누룩병,0
2023.08.01,해남군,이삭누룩병,0
2023.08.01,화순군,이삭누룩병,0
2023.08.16,강진군,이삭누룩병,0
2023.08.16,고흥군,이삭누룩병,0
2023.08.16,곡성군,이삭누룩병,0
2023.08.16,광양시,이삭누룩병,0
2023.08.16,구례군,이삭누룩병,0
2023.08.16,나주시,이삭누룩병,0
2023.08.16,담양군,이삭누룩병,0
2023.08.16,무안군,이삭누룩병,0
2023.08.16,보성군,이삭누룩병,0
2023.08.16,순천시,이삭누룩병,0
2023.08.16,신안군,이삭누룩병,0
2023.08.16,여수시,이삭누룩병,0
2023.08.16,영광군,이삭누룩병,0
2023.08.16,영암군,이삭누룩병,0
2023.08.16,완도군,이삭누룩병,0
2023.08.16,장성군,이삭누룩병,1
2023.08.16,장흥군,이삭누룩병,0
2023.08.16,진도군,이삭누룩병,0
2023.08.16,함평군,이삭누룩병,0
2023.08.16,해남군,이삭누룩병,0
2023.08.16,화순군,이삭누룩병,0
2023.09.01,강진군,이삭누룩병,0
2023.09.01,고흥군,이삭누룩병,0
2023.09.01,곡성군,이삭누룩병,0
2023.09.01,광양시,이삭누룩병,0
2023.09.01,구례군,이삭누룩병,0
2023.09.01,나주시,이삭누룩병,0
2023.09.01,담양군,이삭누룩병,0
2023.09.01,무안군,이삭누룩병,0
2023.09.01,보성군,이삭누룩병,0
2023.09.01,순천시,이삭누룩병,0
2023.09.01,신안군,이삭누룩병,0
2023.09.01,여수시,이삭누룩병,0
2023.09.01,영광군,이삭누룩병,0
2023.09.01,영암군,이삭누룩병,0
2023.09.01,완도군,이삭누룩병,0
2023.09.01,장성군,이삭누룩병,1
2023.09.01,장흥군,이삭누룩병,0
2023.09.01,진도군,이삭누룩병,0
2023.09.01,함평군,이삭누룩병,0
2023.09.01,해남군,이삭누룩병,0
2023.09.01,화순군,이삭누룩병,0
2023.09.16,강진군,이삭누룩병,0
2023.09.16,고흥군,이삭누룩병,1
2023.09.16,곡성군,이삭누룩병,0
2023.09.16,광양시,이삭누룩병,0
2023.09.16,구례군,이삭누룩병,0
2023.09.16,나주시,이삭누룩병,1
2023.09.16,담양군,이삭누룩병,0
2023.09.16,무안군,이삭누룩병,0
2023.09.16,보성군,이삭누룩병,0
2023.09.16,순천시,이삭누룩병,0
2023.09.16,신안군,이삭누룩병,0
2023.09.16,여수시,이삭누룩병,0
2023.09.16,영광군,이삭누룩병,0
2023.09.16,영암군,이삭누룩병,0
2023.09.16,완도군,이삭누룩병,0
2023.09.16,장성군,이삭누룩병,1
2023.09.16,장흥군,이삭누룩병,1
2023.09.16,진도군,이삭누룩병,1
2023.09.16,함평군,이삭누룩병,0
2023.09.16,해남군,이삭누룩병,0
2023.09.16,화순군,이삭누룩병,1
2024.06.01,강진군,이삭누룩병,0
2024.06.01,고흥군,이삭누룩병,0
2024.06.01,광양시,이삭누룩병,0
2024.06.01,구례군,이삭누룩병,0
2024.06.01,나주시,이삭누룩병,0
2024.06.01,무안군,이삭누룩병,0
2024.06.01,보성군,이삭누룩병,0
2024.06.01,순천시,이삭누룩병,0
2024.06.01,신안군,이삭누룩병,0
2024.06.01,여수시,이삭누룩병,0
2024.06.01,영암군,이삭누룩병,0
2024.06.01,완도군,이삭누룩병,0
2024.06.01,장성군,이삭누룩병,0
2024.06.01,장흥군,이삭누룩병,0
2024.06.01,진도군,이삭누룩병,0
2024.06.01,해남군,이삭누룩병,0
2024.06.01,화순군,이삭누룩병,0
2024.06.16,강진군,이삭누룩병,0
2024.06.16,고흥군,이삭누룩병,0
2024.06.16,광양시,이삭누룩병,0
2024.06.16,구례군,이삭누룩병,0
2024.06.16,나주시,이삭누룩병,0
2024.06.16,담양군,이삭누룩병,0
2024.06.16,무안군,이삭누룩병,0
2024.06.16,보성군,이삭누룩병,0
2024.06.16,순천시,이삭누룩병,0
2024.06.16,신안군,이삭누룩병,0
2024.06.16,여수시,이삭누룩병,0
2024.06.16,영광군,이삭누룩병,0
2024.06.16,영암군,이삭누룩병,0
2024.06.16,완도군,이삭누룩병,0
2024.06.16,장성군,이삭누룩병,0
2024.06.16,장흥군,이삭누룩병,0
2024.06.16,진도군,이삭누룩병,0
2024.06.16,해남군,이삭누룩병,0
2024.06.16,화순군,이삭누룩병,0
2024.07.01,강진군,이삭누룩병,0
2024.07.01,고흥군,이삭누룩병,0
2024.07.01,곡성군,이삭누룩병,0
2024.07.01,광양시,이삭누룩병,0
2024.07.01,구례군,이삭누룩병,0
2024.07.01,나주시,이삭누룩병,0
2024.07.01,담양군,이삭누룩병,0
2024.07.01,무안군,이삭누룩병,0
2024.07.01,보성군,이삭누룩병,0
2024.07.01,순천시,이삭누룩병,0
2024.07.01,신안군,이삭누룩병,0
2024.07.01,여수시,이삭누룩병,0
2024.07.01,영광군,이삭누룩병,0
2024.07.01,영암군,이삭누룩병,0
2024.07.01,완도군,이삭누룩병,0
2024.07.01,장성군,이삭누룩병,0
2024.07.01,장흥군,이삭누룩병,0
2024.07.01,진도군,이삭누룩병,0
2024.07.01,함평군,이삭누룩병,0
2024.07.01,해남군,이삭누룩병,0
2024.07.01,화순군,이삭누룩병,0
2024.07.16,강진군,이삭누룩병,0
2024.07.16,고흥군,이삭누룩병,0
2024.07.16,곡성군,이삭누룩병,0
2024.07.16,광양시,이삭누룩병,0
2024.07.16,구례군,이삭누룩병,0
2024.07.16,나주시,이삭누룩병,0
2024.07.16,담양군,이삭누룩병,0
2024.07.16,무안군,이삭누룩병,0
2024.07.16,보성군,이삭누룩병,0
2024.07.16,순천시,이삭누룩병,0
2024.07.16,신안군,이삭누룩병,0
2024.07.16,여수시,이삭누룩병,0
2024.07.16,영광군,이삭누룩병,0
2024.07.16,영암군,이삭누룩병,0
2024.07.16,완도군,이삭누룩병,0
2024.07.16,장성군,이삭누룩병,0
2024.07.16,장흥군,이삭누룩병,0
2024.07.16,진도군,이삭누룩병,0
2024.07.16,함평군,이삭누룩병,0
2024.07.16,해남군,이삭누룩병,0
2024.07.16,화순군,이삭누룩병,0
2024.08.01,강진군,이삭누룩병,0
2024.08.01,고흥군,이삭누룩병,0
2024.08.01,곡성군,이삭누룩병,0
2024.08.01,광양시,이삭누룩병,0
2024.08.01,구례군,이삭누룩병,0
2024.08.01,나주시,이삭누룩병,0
2024.08.01,담양군,이삭누룩병,0
2024.08.01,무안군,이삭누룩병,0
2024.08.01,보성군,이삭누룩병,0
2024.08.01,순천시,이삭누룩병,0
2024.08.01,신안군,이삭누룩병,0
2024.08.01,여수시,이삭누룩병,0
2024.08.01,영광군,이삭누룩병,0
2024.08.01,영암군,이삭누룩병,0
2024.08.01,완도군,이삭누룩병,0
2024.08.01,장성군,이삭누룩병,0
2024.08.01,장흥군,이삭누룩병,0
2024.08.01,진도군,이삭누룩병,1
2024.08.01,함평군,이삭누룩병,0
2024.08.01,해남군,이삭누룩병,0
2024.08.01,화순군,이삭누룩병,0
2024.08.16,강진군,이삭누룩병,0
2024.08.16,고흥군,이삭누룩병,0
2024.08.16,곡성군,이삭누룩병,0
2024.08.16,광양시,이삭누룩병,0
2024.08.16,구례군,이삭누룩병,0
2024.08.16,나주시,이삭누룩병,0
2024.08.16,담양군,이삭누룩병,0
2024.08.16,무안군,이삭누룩병,0
2024.08.16,보성군,이삭누룩병,0
2024.08.16,순천시,이삭누룩병,0
2024.08.16,신안군,이삭누룩병,0
2024.08.16,여수시,이삭누룩병,0
2024.08.16,영광군,이삭누룩병,0
2024.08.16,영암군,이삭누룩병,0
2024.08.16,완도군,이삭누룩병,0
2024.08.16,장성군,이삭누룩병,0
2024.08.16,장흥군,이삭누룩병,0
2024.08.16,진도군,이삭누룩병,0
2024.08.16,함평군,이삭누룩병,0
2024.08.16,해남군,이삭누룩병,0
2024.08.16,화순군,이삭누룩병,0
2024.09.01,강진군,이삭누룩병,0
2024.09.01,고흥군,이삭누룩병,0
2024.09.01,곡성군,이삭누룩병,0
2024.09.01,광양시,이삭누룩병,0
2024.09.01,구례군,이삭누룩병,0
2024.09.01,나주시,이삭누룩병,0
2024.09.01,담양군,이삭누룩병,0
2024.09.01,무안군,이삭누룩병,0
2024.09.01,보성군,이삭누룩병,0
2024.09.01,순천시,이삭누룩병,0
2024.09.01,신안군,이삭누룩병,0
2024.09.01,여수시,이삭누룩병,0
2024.09.01,영광군,이삭누룩병,0
2024.09.01,영암군,이삭누룩병,0
2024.09.01,완도군,이삭누룩병,0
2024.09.01,장성군,이삭누룩병,0
2024.09.01,장흥군,이삭누룩병,0
2024.09.01,진도군,이삭누룩병,0
2024.09.01,함평군,이삭누룩병,0
2024.09.01,해남군,이삭누룩병,0
2024.09.01,화순군,이삭누룩병,0
2024.09.16,강진군,이삭누룩병,0
2024.09.16,고흥군,이삭누룩병,0
2024.09.16,곡성군,이삭누룩병,0
2024.09.16,광양시,이삭누룩병,0
2024.09.16,구례군,이삭누룩병,0
2024.09.16,나주시,이삭누룩병,0
2024.09.16,담양군,이삭누룩병,0
2024.09.16,무안군,이삭누룩병,0
2024.09.16,보성군,이삭누룩병,0
2024.09.16,순천시,이삭누룩병,0
2024.09.16,신안군,이삭누룩병,0
2024.09.16,여수시,이삭누룩병,0
2024.09.16,영광군,이삭누룩병,0
2024.09.16,영암군,이삭누룩병,0
2024.09.16,완도군,이삭누룩병,0
2024.09.16,장성군,이삭누룩병,0
2024.09.16,장흥군,이삭누룩병,1
2024.09.16,진도군,이삭누룩병,0
2024.09.16,함평군,이삭누룩병,0
2024.09.16,해남군,이삭누룩병,0
2024.09.16,화순군,이삭누룩병,1
2025.06.01,강진군,이삭누룩병,0
2025.06.01,고흥군,이삭누룩병,0
2025.06.01,곡성군,이삭누룩병,0
2025.06.01,광양시,이삭누룩병,0
2025.06.01,구례군,이삭누룩병,0
2025.06.01,나주시,이삭누룩병,0
2025.06.01,담양군,이삭누룩병,0
2025.06.01,무안군,이삭누룩병,0
2025.06.01,보성군,이삭누룩병,0
2025.06.01,순천시,이삭누룩병,0
2025.06.01,신안군,이삭누룩병,0
2025.06.01,여수시,이삭누룩병,0
2025.06.01,영광군,이삭누룩병,0
2025.06.01,영암군,이삭누룩병,0
2025.06.01,완도군,이삭누룩병,0
2025.06.01,장성군,이삭누룩병,0
2025.06.01,장흥군,이삭누룩병,0
2025.06.01,진도군,이삭누룩병,0
2025.06.01,함평군,이삭누룩병,0
2025.06.01,해남군,이삭누룩병,0
2025.06.01,화순군,이삭누룩병,0
2025.06.16,강진군,이삭누룩병,0
2025.06.16,고흥군,이삭누룩병,0
2025.06.16,곡성군,이삭누룩병,0
2025.06.16,광양시,이삭누룩병,0
2025.06.16,구례군,이삭누룩병,0
2025.06.16,나주시,이삭누룩병,0
2025.06.16,담양군,이삭누룩병,0
2025.06.16,무안군,이삭누룩병,0
2025.06.16,보성군,이삭누룩병,0
2025.06.16,순천시,이삭누룩병,0
2025.06.16,신안군,이삭누룩병,0
2025.06.16,여수시,이삭누룩병,0
2025.06.16,영광군,이삭누룩병,0
2025.06.16,영암군,이삭누룩병,0
2025.06.16,완도군,이삭누룩병,0
2025.06.16,장성군,이삭누룩병,0
2025.06.16,장흥군,이삭누룩병,0
2025.06.16,진도군,이삭누룩병,0
2025.06.16,함평군,이삭누룩병,0
2025.06.16,해남군,이삭누룩병,0
2025.06.16,화순군,이삭누룩병,0
2025.07.01,강진군,이삭누룩병,0
2025.07.01,고흥군,이삭누룩병,0
2025.07.01,곡성군,이삭누룩병,0
2025.07.01,광양시,이삭누룩병,0
2025.07.01,구례군,이삭누룩병,0
2025.07.01,나주시,이삭누룩병,0
2025.07.01,담양군,이삭누룩병,0
2025.07.01,무안군,이삭누룩병,0
2025.07.01,보성군,이삭누룩병,0
2025.07.01,순천시,이삭누룩병,0
2025.07.01,신안군,이삭누룩병,0
2025.07.01,여수시,이삭누룩병,0
2025.07.01,영광군,이삭누룩병,0
2025.07.01,영암군,이삭누룩병,0
2025.07.01,완도군,이삭누룩병,0
2025.07.01,장성군,이삭누룩병,0
2025.07.01,진도군,이삭누룩병,0
2025.07.01,함평군,이삭누룩병,0
2025.07.01,해남군,이삭누룩병,0
2025.07.01,화순군,이삭누룩병,0
2025.07.16,강진군,이삭누룩병,0
2025.07.16,고흥군,이삭누룩병,0
2025.07.16,곡성군,이삭누룩병,0
2025.07.16,광양시,이삭누룩병,0
2025.07.16,구례군,이삭누룩병,0
2025.07.16,나주시,이삭누룩병,0
2025.07.16,담양군,이삭누룩병,0
2025.07.16,무안군,이삭누룩병,0
2025.07.16,보성군,이삭누룩병,0
2025.07.16,순천시,이삭누룩병,0
2025.07.16,신안군,이삭누룩병,0
2025.07.16,여수시,이삭누룩병,0
2025.07.16,영광군,이삭누룩병,0
2025.07.16,영암군,이삭누룩병,0
2025.07.16,완도군,이삭누룩병,0
2025.07.16,장성군,이삭누룩병,0
2025.07.16,장흥군,이삭누룩병,0
2025.07.16,진도군,이삭누룩병,0
2025.07.16,함평군,이삭누룩병,0
2025.07.16,해남군,이삭누룩병,0
2025.07.16,화순군,이삭누룩병,0
2025.08.01,강진군,이삭누룩병,0
2025.08.01,고흥군,이삭누룩병,0
2025.08.01,광양시,이삭누룩병,0
2025.08.01,구례군,이삭누룩병,0
2025.08.01,담양군,이삭누룩병,0
2025.08.01,무안군,이삭누룩병,0
2025.08.01,보성군,이삭누룩병,0
2025.08.01,신안군,이삭누룩병,0
2025.08.01,여수시,이삭누룩병,0
2025.08.01,영광군,이삭누룩병,0
2025.08.01,영암군,이삭누룩병,0
2025.08.01,완도군,이삭누룩병,0
2025.08.01,장성군,이삭누룩병,0
2025.08.01,장흥군,이삭누룩병,0
2025.08.01,진도군,이삭누룩병,0
2025.08.01,함평군,이삭누룩병,0
2025.08.01,해남군,이삭누룩병,0
2025.08.01,화순군,이삭누룩병,0
2025.08.16,강진군,이삭누룩병,0
2025.08.16,고흥군,이삭누룩병,0
2025.08.16,곡성군,이삭누룩병,0
2025.08.16,광양시,이삭누룩병,0
2025.08.16,구례군,이삭누룩병,0
2025.08.16,나주시,이삭누룩병,0
2025.08.16,담양군,이삭누룩병,0
2025.08.16,무안군,이삭누룩병,0
2025.08.16,보성군,이삭누룩병,0
2025.08.16,순천시,이삭누룩병,0
2025.08.16,신안군,이삭누룩병,0
2025.08.16,여수시,이삭누룩병,0
2025.08.16,영광군,이삭누룩병,0
2025.08.16,영암군,이삭누룩병,0
2025.08.16,완도군,이삭누룩병,0
2025.08.16,장성군,이삭누룩병,0
2025.08.16,장흥군,이삭누룩병,0
2025.08.16,진도군,이삭누룩병,0
2025.08.16,함평군,이삭누룩병,0
2025.08.16,해남군,이삭누룩병,0
2025.08.16,화순군,이삭누룩병,0
2025.09.01,강진군,이삭누룩병,0
2025.09.01,고흥군,이삭누룩병,0
2025.09.01,곡성군,이삭누룩병,0
2025.09.01,광양시,이삭누룩병,0
2025.09.01,구례군,이삭누룩병,0
2025.09.01,나주시,이삭누룩병,0
2025.09.01,담양군,이삭누룩병,0
2025.09.01,무안군,이삭누룩병,0
2025.09.01,보성군,이삭누룩병,0
2025.09.01,순천시,이삭누룩병,0
2025.09.01,신안군,이삭누룩병,0
2025.09.01,여수시,이삭누룩병,0
2025.09.01,영광군,이삭누룩병,0
2025.09.01,영암군,이삭누룩병,0
2025.09.01,완도군,이삭누룩병,0
2025.09.01,장성군,이삭누룩병,0
2025.09.01,장흥군,이삭누룩병,0
2025.09.01,진도군,이삭누룩병,0
2025.09.01,함평군,이삭누룩병,0
2025.09.01,해남군,이삭누룩병,0
2025.09.01,화순군,이삭누룩병,0
2025.09.16,강진군,이삭누룩병,0
2025.09.16,고흥군,이삭누룩병,0
2025.09.16,곡성군,이삭누룩병,0
2025.09.16,광양시,이삭누룩병,0
2025.09.16,구례군,이삭누룩병,0
2025.09.16,나주시,이삭누룩병,0
2025.09.16,담양군,이삭누룩병,0
2025.09.16,무안군,이삭누룩병,0
2025.09.16,보성군,이삭누룩병,0
2025.09.16,순천시,이삭누룩병,0
2025.09.16,신안군,이삭누룩병,0
2025.09.16,여수시,이삭누룩병,0
2025.09.16,영광군,이삭누룩병,0
2025.09.16,영암군,이삭누룩병,0
2025.09.16,완도군,이삭누룩병,0
2025.09.16,장성군,이삭누룩병,0
2025.09.16,장흥군,이삭누룩병,0
2025.09.16,진도군,이삭누룩병,0
2025.09.16,함평군,이삭누룩병,0
2025.09.16,해남군,이삭누룩병,0
2025.09.16,화순군,이삭누룩병,0
2014.09.16,강진군,이삭도열병,1
2014.09.16,고흥군,이삭도열병,1
2014.09.16,곡성군,이삭도열병,1
2014.09.16,광양시,이삭도열병,0
2014.09.16,구례군,이삭도열병,0
2014.09.16,나주시,이삭도열병,1
2014.09.16,담양군,이삭도열병,1
2014.09.16,무안군,이삭도열병,0
2014.09.16,보성군,이삭도열병,0
2014.09.16,순천시,이삭도열병,1
2014.09.16,신안군,이삭도열병,0
2014.09.16,여수시,이삭도열병,0
2014.09.16,영광군,이삭도열병,1
2014.09.16,영암군,이삭도열병,1
2014.09.16,완도군,이삭도열병,1
2014.09.16,장성군,이삭도열병,1
2014.09.16,장흥군,이삭도열병,1
2014.09.16,진도군,이삭도열병,1
2014.09.16,함평군,이삭도열병,1
2014.09.16,해남군,이삭도열병,1
2014.09.16,화순군,이삭도열병,0
2015.06.16,강진군,이삭도열병,0
2015.06.16,고흥군,이삭도열병,0
2015.06.16,곡성군,이삭도열병,0
2015.06.16,광양시,이삭도열병,0
2015.06.16,구례군,이삭도열병,0
2015.06.16,나주시,이삭도열병,0
2015.06.16,담양군,이삭도열병,0
2015.06.16,무안군,이삭도열병,0
2015.06.16,보성군,이삭도열병,0
2015.06.16,순천시,이삭도열병,0
2015.06.16,신안군,이삭도열병,0
2015.06.16,여수시,이삭도열병,0
2015.06.16,영광군,이삭도열병,0
2015.06.16,영암군,이삭도열병,0
2015.06.16,완도군,이삭도열병,0
2015.06.16,장성군,이삭도열병,0
2015.06.16,장흥군,이삭도열병,0
2015.06.16,진도군,이삭도열병,0
2015.06.16,함평군,이삭도열병,0
2015.06.16,해남군,이삭도열병,0
2015.06.16,화순군,이삭도열병,0
2015.07.01,강진군,이삭도열병,0
2015.07.01,고흥군,이삭도열병,0
2015.07.01,곡성군,이삭도열병,0
2015.07.01,광양시,이삭도열병,0
2015.07.01,구례군,이삭도열병,0
2015.07.01,나주시,이삭도열병,0
2015.07.01,담양군,이삭도열병,0
2015.07.01,무안군,이삭도열병,0
2015.07.01,보성군,이삭도열병,0
2015.07.01,순천시,이삭도열병,0
2015.07.01,신안군,이삭도열병,0
2015.07.01,여수시,이삭도열병,0
2015.07.01,영광군,이삭도열병,0
2015.07.01,영암군,이삭도열병,0
2015.07.01,완도군,이삭도열병,0
2015.07.01,장성군,이삭도열병,0
2015.07.01,장흥군,이삭도열병,0
2015.07.01,진도군,이삭도열병,0
2015.07.01,함평군,이삭도열병,0
2015.07.01,해남군,이삭도열병,0
2015.07.01,화순군,이삭도열병,0
2015.07.16,강진군,이삭도열병,0
2015.07.16,고흥군,이삭도열병,0
2015.07.16,곡성군,이삭도열병,0
2015.07.16,광양시,이삭도열병,0
2015.07.16,구례군,이삭도열병,0
2015.07.16,나주시,이삭도열병,0
2015.07.16,담양군,이삭도열병,0
2015.07.16,무안군,이삭도열병,0
2015.07.16,보성군,이삭도열병,0
2015.07.16,순천시,이삭도열병,0
2015.07.16,신안군,이삭도열병,0
2015.07.16,여수시,이삭도열병,0
2015.07.16,영광군,이삭도열병,0
2015.07.16,영암군,이삭도열병,0
2015.07.16,완도군,이삭도열병,0
2015.07.16,장성군,이삭도열병,0
2015.07.16,장흥군,이삭도열병,0
2015.07.16,진도군,이삭도열병,0
2015.07.16,함평군,이삭도열병,0
2015.07.16,해남군,이삭도열병,0
2015.07.16,화순군,이삭도열병,0
2015.08.01,강진군,이삭도열병,0
2015.08.01,고흥군,이삭도열병,0
2015.08.01,곡성군,이삭도열병,0
2015.08.01,광양시,이삭도열병,0
2015.08.01,구례군,이삭도열병,0
2015.08.01,나주시,이삭도열병,0
2015.08.01,담양군,이삭도열병,0
2015.08.01,무안군,이삭도열병,0
2015.08.01,보성군,이삭도열병,0
2015.08.01,순천시,이삭도열병,0
2015.08.01,신안군,이삭도열병,0
2015.08.01,여수시,이삭도열병,0
2015.08.01,영광군,이삭도열병,0
2015.08.01,영암군,이삭도열병,0
2015.08.01,완도군,이삭도열병,0
2015.08.01,장성군,이삭도열병,0
2015.08.01,장흥군,이삭도열병,0
2015.08.01,진도군,이삭도열병,0
2015.08.01,함평군,이삭도열병,0
2015.08.01,해남군,이삭도열병,0
2015.08.01,화순군,이삭도열병,0
2015.08.16,강진군,이삭도열병,0
2015.08.16,고흥군,이삭도열병,0
2015.08.16,곡성군,이삭도열병,0
2015.08.16,광양시,이삭도열병,0
2015.08.16,구례군,이삭도열병,0
2015.08.16,나주시,이삭도열병,0
2015.08.16,담양군,이삭도열병,0
2015.08.16,무안군,이삭도열병,0
2015.08.16,보성군,이삭도열병,0
2015.08.16,순천시,이삭도열병,0
2015.08.16,신안군,이삭도열병,0
2015.08.16,여수시,이삭도열병,0
2015.08.16,영광군,이삭도열병,0
2015.08.16,영암군,이삭도열병,0
2015.08.16,완도군,이삭도열병,0
2015.08.16,장성군,이삭도열병,0
2015.08.16,장흥군,이삭도열병,0
2015.08.16,진도군,이삭도열병,0
2015.08.16,함평군,이삭도열병,0
2015.08.16,해남군,이삭도열병,0
2015.08.16,화순군,이삭도열병,0
2016.06.01,강진군,이삭도열병,0
2016.06.01,고흥군,이삭도열병,0
2016.06.01,곡성군,이삭도열병,0
2016.06.01,광양시,이삭도열병,0
2016.06.01,구례군,이삭도열병,0
2016.06.01,나주시,이삭도열병,0
2016.06.01,담양군,이삭도열병,0
2016.06.01,무안군,이삭도열병,0
2016.06.01,보성군,이삭도열병,0
2016.06.01,순천시,이삭도열병,0
2016.06.01,신안군,이삭도열병,0
2016.06.01,여수시,이삭도열병,0
2016.06.01,영광군,이삭도열병,0
2016.06.01,영암군,이삭도열병,0
2016.06.01,완도군,이삭도열병,0
2016.06.01,장성군,이삭도열병,0
2016.06.01,장흥군,이삭도열병,0
2016.06.01,진도군,이삭도열병,0
2016.06.01,함평군,이삭도열병,0
2016.06.01,해남군,이삭도열병,0
2016.06.01,화순군,이삭도열병,0
2016.06.16,강진군,이삭도열병,0
2016.06.16,고흥군,이삭도열병,0
2016.06.16,곡성군,이삭도열병,0
2016.06.16,광양시,이삭도열병,0
2016.06.16,구례군,이삭도열병,0
2016.06.16,나주시,이삭도열병,0
2016.06.16,담양군,이삭도열병,0
2016.06.16,무안군,이삭도열병,0
2016.06.16,보성군,이삭도열병,0
2016.06.16,순천시,이삭도열병,0
2016.06.16,신안군,이삭도열병,0
2016.06.16,여수시,이삭도열병,0
2016.06.16,영광군,이삭도열병,0
2016.06.16,영암군,이삭도열병,0
2016.06.16,완도군,이삭도열병,0
2016.06.16,장성군,이삭도열병,0
2016.06.16,장흥군,이삭도열병,0
2016.06.16,진도군,이삭도열병,0
2016.06.16,함평군,이삭도열병,0
2016.06.16,해남군,이삭도열병,0
2016.06.16,화순군,이삭도열병,0
2016.07.01,강진군,이삭도열병,0
2016.07.01,고흥군,이삭도열병,0
2016.07.01,곡성군,이삭도열병,0
2016.07.01,광양시,이삭도열병,0
2016.07.01,구례군,이삭도열병,0
2016.07.01,나주시,이삭도열병,0
2016.07.01,담양군,이삭도열병,0
2016.07.01,무안군,이삭도열병,0
2016.07.01,보성군,이삭도열병,0
2016.07.01,순천시,이삭도열병,0
2016.07.01,신안군,이삭도열병,0
2016.07.01,여수시,이삭도열병,0
2016.07.01,영광군,이삭도열병,0
2016.07.01,영암군,이삭도열병,0
2016.07.01,완도군,이삭도열병,0
2016.07.01,장성군,이삭도열병,0
2016.07.01,장흥군,이삭도열병,0
2016.07.01,진도군,이삭도열병,0
2016.07.01,함평군,이삭도열병,0
2016.07.01,해남군,이삭도열병,0
2016.07.01,화순군,이삭도열병,0
2016.07.16,강진군,이삭도열병,0
2016.07.16,고흥군,이삭도열병,0
2016.07.16,곡성군,이삭도열병,0
2016.07.16,광양시,이삭도열병,0
2016.07.16,구례군,이삭도열병,0
2016.07.16,나주시,이삭도열병,0
2016.07.16,담양군,이삭도열병,0
2016.07.16,무안군,이삭도열병,0
2016.07.16,보성군,이삭도열병,0
2016.07.16,순천시,이삭도열병,0
2016.07.16,신안군,이삭도열병,0
2016.07.16,여수시,이삭도열병,0
2016.07.16,영광군,이삭도열병,0
2016.07.16,영암군,이삭도열병,0
2016.07.16,완도군,이삭도열병,0
2016.07.16,장성군,이삭도열병,0
2016.07.16,장흥군,이삭도열병,0
2016.07.16,진도군,이삭도열병,0
2016.07.16,함평군,이삭도열병,0
2016.07.16,해남군,이삭도열병,0
2016.07.16,화순군,이삭도열병,0
2016.08.01,강진군,이삭도열병,0
2016.08.01,고흥군,이삭도열병,0
2016.08.01,곡성군,이삭도열병,0
2016.08.01,광양시,이삭도열병,0
2016.08.01,구례군,이삭도열병,0
2016.08.01,나주시,이삭도열병,0
2016.08.01,담양군,이삭도열병,0
2016.08.01,무안군,이삭도열병,0
2016.08.01,보성군,이삭도열병,0
2016.08.01,순천시,이삭도열병,0
2016.08.01,신안군,이삭도열병,0
2016.08.01,여수시,이삭도열병,0
2016.08.01,영광군,이삭도열병,0
2016.08.01,영암군,이삭도열병,0
2016.08.01,완도군,이삭도열병,0
2016.08.01,장성군,이삭도열병,0
2016.08.01,장흥군,이삭도열병,0
2016.08.01,진도군,이삭도열병,0
2016.08.01,함평군,이삭도열병,0
2016.08.01,해남군,이삭도열병,0
2016.08.01,화순군,이삭도열병,0
2016.08.16,강진군,이삭도열병,0
2016.08.16,고흥군,이삭도열병,0
2016.08.16,곡성군,이삭도열병,0
2016.08.16,광양시,이삭도열병,0
2016.08.16,구례군,이삭도열병,0
2016.08.16,나주시,이삭도열병,0
2016.08.16,담양군,이삭도열병,0
2016.08.16,무안군,이삭도열병,0
2016.08.16,보성군,이삭도열병,0
2016.08.16,순천시,이삭도열병,0
2016.08.16,신안군,이삭도열병,0
2016.08.16,여수시,이삭도열병,0
2016.08.16,영광군,이삭도열병,0
2016.08.16,영암군,이삭도열병,0
2016.08.16,완도군,이삭도열병,0
2016.08.16,장성군,이삭도열병,0
2016.08.16,장흥군,이삭도열병,0
2016.08.16,진도군,이삭도열병,0
2016.08.16,함평군,이삭도열병,0
2016.08.16,해남군,이삭도열병,0
2016.08.16,화순군,이삭도열병,0
2016.09.01,강진군,이삭도열병,0
2016.09.01,고흥군,이삭도열병,0
2016.09.01,곡성군,이삭도열병,0
2016.09.01,광양시,이삭도열병,0
2016.09.01,구례군,이삭도열병,0
2016.09.01,나주시,이삭도열병,0
2016.09.01,담양군,이삭도열병,0
2016.09.01,무안군,이삭도열병,0
2016.09.01,보성군,이삭도열병,0
2016.09.01,순천시,이삭도열병,0
2016.09.01,신안군,이삭도열병,0
2016.09.01,여수시,이삭도열병,0
2016.09.01,영광군,이삭도열병,0
2016.09.01,영암군,이삭도열병,0
2016.09.01,완도군,이삭도열병,0
2016.09.01,장성군,이삭도열병,0
2016.09.01,장흥군,이삭도열병,0
2016.09.01,진도군,이삭도열병,0
2016.09.01,함평군,이삭도열병,0
2016.09.01,해남군,이삭도열병,0
2016.09.01,화순군,이삭도열병,0
2016.09.16,강진군,이삭도열병,0
2016.09.16,고흥군,이삭도열병,0
2016.09.16,곡성군,이삭도열병,0
2016.09.16,광양시,이삭도열병,0
2016.09.16,구례군,이삭도열병,0
2016.09.16,나주시,이삭도열병,0
2016.09.16,담양군,이삭도열병,0
2016.09.16,무안군,이삭도열병,0
2016.09.16,보성군,이삭도열병,0
2016.09.16,순천시,이삭도열병,0
2016.09.16,신안군,이삭도열병,0
2016.09.16,여수시,이삭도열병,0
2016.09.16,영광군,이삭도열병,0
2016.09.16,영암군,이삭도열병,0
2016.09.16,완도군,이삭도열병,0
2016.09.16,장성군,이삭도열병,0
2016.09.16,장흥군,이삭도열병,0
2016.09.16,진도군,이삭도열병,0
2016.09.16,함평군,이삭도열병,0
2016.09.16,해남군,이삭도열병,0
2016.09.16,화순군,이삭도열병,0
2017.06.01,강진군,이삭도열병,0
2017.06.01,고흥군,이삭도열병,0
2017.06.01,곡성군,이삭도열병,0
2017.06.01,광양시,이삭도열병,0
2017.06.01,구례군,이삭도열병,0
2017.06.01,나주시,이삭도열병,0
2017.06.01,담양군,이삭도열병,0
2017.06.01,무안군,이삭도열병,0
2017.06.01,보성군,이삭도열병,0
2017.06.01,순천시,이삭도열병,0
2017.06.01,신안군,이삭도열병,0
2017.06.01,여수시,이삭도열병,0
2017.06.01,영광군,이삭도열병,0
2017.06.01,영암군,이삭도열병,0
2017.06.01,완도군,이삭도열병,0
2017.06.01,장성군,이삭도열병,0
2017.06.01,장흥군,이삭도열병,0
2017.06.01,진도군,이삭도열병,0
2017.06.01,함평군,이삭도열병,0
2017.06.01,해남군,이삭도열병,0
2017.06.01,화순군,이삭도열병,0
2017.06.16,강진군,이삭도열병,0
2017.06.16,고흥군,이삭도열병,0
2017.06.16,곡성군,이삭도열병,0
2017.06.16,광양시,이삭도열병,0
2017.06.16,구례군,이삭도열병,0
2017.06.16,나주시,이삭도열병,0
2017.06.16,담양군,이삭도열병,0
2017.06.16,무안군,이삭도열병,0
2017.06.16,보성군,이삭도열병,0
2017.06.16,순천시,이삭도열병,0
2017.06.16,신안군,이삭도열병,0
2017.06.16,여수시,이삭도열병,0
2017.06.16,영광군,이삭도열병,0
2017.06.16,영암군,이삭도열병,0
2017.06.16,완도군,이삭도열병,0
2017.06.16,장성군,이삭도열병,0
2017.06.16,장흥군,이삭도열병,0
2017.06.16,진도군,이삭도열병,0
2017.06.16,함평군,이삭도열병,0
2017.06.16,해남군,이삭도열병,0
2017.06.16,화순군,이삭도열병,0
2017.07.01,강진군,이삭도열병,0
2017.07.01,고흥군,이삭도열병,0
2017.07.01,곡성군,이삭도열병,0
2017.07.01,광양시,이삭도열병,0
2017.07.01,구례군,이삭도열병,0
2017.07.01,나주시,이삭도열병,0
2017.07.01,담양군,이삭도열병,0
2017.07.01,무안군,이삭도열병,0
2017.07.01,보성군,이삭도열병,0
2017.07.01,순천시,이삭도열병,0
2017.07.01,신안군,이삭도열병,0
2017.07.01,여수시,이삭도열병,0
2017.07.01,영광군,이삭도열병,0
2017.07.01,영암군,이삭도열병,0
2017.07.01,완도군,이삭도열병,0
2017.07.01,장성군,이삭도열병,0
2017.07.01,장흥군,이삭도열병,0
2017.07.01,진도군,이삭도열병,0
2017.07.01,함평군,이삭도열병,0
2017.07.01,해남군,이삭도열병,0
2017.07.01,화순군,이삭도열병,0
2017.07.16,강진군,이삭도열병,0
2017.07.16,고흥군,이삭도열병,0
2017.07.16,곡성군,이삭도열병,0
2017.07.16,광양시,이삭도열병,0
2017.07.16,구례군,이삭도열병,0
2017.07.16,나주시,이삭도열병,0
2017.07.16,담양군,이삭도열병,0
2017.07.16,무안군,이삭도열병,0
2017.07.16,보성군,이삭도열병,0
2017.07.16,순천시,이삭도열병,0
2017.07.16,신안군,이삭도열병,0
2017.07.16,여수시,이삭도열병,0
2017.07.16,영광군,이삭도열병,0
2017.07.16,영암군,이삭도열병,0
2017.07.16,완도군,이삭도열병,0
2017.07.16,장성군,이삭도열병,0
2017.07.16,장흥군,이삭도열병,0
2017.07.16,진도군,이삭도열병,0
2017.07.16,함평군,이삭도열병,0
2017.07.16,해남군,이삭도열병,0
2017.07.16,화순군,이삭도열병,0
2017.08.01,강진군,이삭도열병,0
2017.08.01,고흥군,이삭도열병,0
2017.08.01,곡성군,이삭도열병,0
2017.08.01,광양시,이삭도열병,0
2017.08.01,구례군,이삭도열병,0
2017.08.01,나주시,이삭도열병,0
2017.08.01,담양군,이삭도열병,0
2017.08.01,무안군,이삭도열병,0
2017.08.01,보성군,이삭도열병,0
2017.08.01,순천시,이삭도열병,0
2017.08.01,신안군,이삭도열병,0
2017.08.01,여수시,이삭도열병,0
2017.08.01,영광군,이삭도열병,0
2017.08.01,영암군,이삭도열병,0
2017.08.01,완도군,이삭도열병,0
2017.08.01,장성군,이삭도열병,0
2017.08.01,장흥군,이삭도열병,0
2017.08.01,진도군,이삭도열병,0
2017.08.01,함평군,이삭도열병,0
2017.08.01,해남군,이삭도열병,0
2017.08.01,화순군,이삭도열병,0
2017.08.16,강진군,이삭도열병,0
2017.08.16,고흥군,이삭도열병,0
2017.08.16,곡성군,이삭도열병,0
2017.08.16,광양시,이삭도열병,0
2017.08.16,구례군,이삭도열병,0
2017.08.16,나주시,이삭도열병,0
2017.08.16,담양군,이삭도열병,0
2017.08.16,무안군,이삭도열병,0
2017.08.16,보성군,이삭도열병,0
2017.08.16,순천시,이삭도열병,0
2017.08.16,신안군,이삭도열병,0
2017.08.16,여수시,이삭도열병,0
2017.08.16,영광군,이삭도열병,0
2017.08.16,영암군,이삭도열병,0
2017.08.16,완도군,이삭도열병,0
2017.08.16,장성군,이삭도열병,0
2017.08.16,장흥군,이삭도열병,0
2017.08.16,진도군,이삭도열병,0
2017.08.16,함평군,이삭도열병,0
2017.08.16,해남군,이삭도열병,0
2017.08.16,화순군,이삭도열병,0
2017.09.01,강진군,이삭도열병,0
2017.09.01,고흥군,이삭도열병,0
2017.09.01,곡성군,이삭도열병,0
2017.09.01,광양시,이삭도열병,0
2017.09.01,구례군,이삭도열병,0
2017.09.01,나주시,이삭도열병,0
2017.09.01,담양군,이삭도열병,0
2017.09.01,무안군,이삭도열병,0
2017.09.01,보성군,이삭도열병,0
2017.09.01,순천시,이삭도열병,0
2017.09.01,신안군,이삭도열병,0
2017.09.01,여수시,이삭도열병,0
2017.09.01,영광군,이삭도열병,0
2017.09.01,영암군,이삭도열병,0
2017.09.01,완도군,이삭도열병,0
2017.09.01,장성군,이삭도열병,0
2017.09.01,장흥군,이삭도열병,0
2017.09.01,진도군,이삭도열병,0
2017.09.01,함평군,이삭도열병,0
2017.09.01,해남군,이삭도열병,0
2017.09.01,화순군,이삭도열병,0
2017.09.16,강진군,이삭도열병,0
2017.09.16,고흥군,이삭도열병,0
2017.09.16,곡성군,이삭도열병,0
2017.09.16,광양시,이삭도열병,0
2017.09.16,구례군,이삭도열병,0
2017.09.16,나주시,이삭도열병,0
2017.09.16,담양군,이삭도열병,0
2017.09.16,무안군,이삭도열병,0
2017.09.16,보성군,이삭도열병,0
2017.09.16,순천시,이삭도열병,0
2017.09.16,신안군,이삭도열병,0
2017.09.16,여수시,이삭도열병,0
2017.09.16,영광군,이삭도열병,0
2017.09.16,영암군,이삭도열병,0
2017.09.16,완도군,이삭도열병,0
2017.09.16,장성군,이삭도열병,0
2017.09.16,장흥군,이삭도열병,0
2017.09.16,진도군,이삭도열병,0
2017.09.16,함평군,이삭도열병,0
2017.09.16,해남군,이삭도열병,0
2017.09.16,화순군,이삭도열병,0
2018.06.01,강진군,이삭도열병,0
2018.06.01,고흥군,이삭도열병,0
2018.06.01,곡성군,이삭도열병,0
2018.06.01,광양시,이삭도열병,0
2018.06.01,구례군,이삭도열병,0
2018.06.01,나주시,이삭도열병,0
2018.06.01,담양군,이삭도열병,0
2018.06.01,무안군,이삭도열병,0
2018.06.01,보성군,이삭도열병,0
2018.06.01,순천시,이삭도열병,0
2018.06.01,신안군,이삭도열병,0
2018.06.01,여수시,이삭도열병,0
2018.06.01,영광군,이삭도열병,0
2018.06.01,영암군,이삭도열병,0
2018.06.01,완도군,이삭도열병,0
2018.06.01,장성군,이삭도열병,0
2018.06.01,장흥군,이삭도열병,0
2018.06.01,진도군,이삭도열병,0
2018.06.01,함평군,이삭도열병,0
2018.06.01,해남군,이삭도열병,0
2018.06.01,화순군,이삭도열병,0
2018.06.16,강진군,이삭도열병,0
2018.06.16,고흥군,이삭도열병,0
2018.06.16,곡성군,이삭도열병,0
2018.06.16,광양시,이삭도열병,0
2018.06.16,구례군,이삭도열병,0
2018.06.16,나주시,이삭도열병,0
2018.06.16,담양군,이삭도열병,0
2018.06.16,무안군,이삭도열병,0
2018.06.16,보성군,이삭도열병,0
2018.06.16,순천시,이삭도열병,0
2018.06.16,신안군,이삭도열병,0
2018.06.16,여수시,이삭도열병,0
2018.06.16,영광군,이삭도열병,0
2018.06.16,영암군,이삭도열병,0
2018.06.16,완도군,이삭도열병,0
2018.06.16,장성군,이삭도열병,0
2018.06.16,장흥군,이삭도열병,0
2018.06.16,진도군,이삭도열병,0
2018.06.16,함평군,이삭도열병,0
2018.06.16,해남군,이삭도열병,0
2018.06.16,화순군,이삭도열병,0
2018.07.01,강진군,이삭도열병,0
2018.07.01,고흥군,이삭도열병,0
2018.07.01,광양시,이삭도열병,0
2018.07.01,나주시,이삭도열병,0
2018.07.01,순천시,이삭도열병,0
2018.07.01,신안군,이삭도열병,0
2018.07.01,여수시,이삭도열병,0
2018.07.01,영광군,이삭도열병,0
2018.07.01,영암군,이삭도열병,0
2018.07.01,완도군,이삭도열병,0
2018.07.01,진도군,이삭도열병,0
2018.07.01,해남군,이삭도열병,0
2018.07.01,화순군,이삭도열병,0
2018.07.16,강진군,이삭도열병,0
2018.07.16,고흥군,이삭도열병,0
2018.07.16,곡성군,이삭도열병,0
2018.07.16,광양시,이삭도열병,0
2018.07.16,구례군,이삭도열병,0
2018.07.16,나주시,이삭도열병,0
2018.07.16,담양군,이삭도열병,0
2018.07.16,무안군,이삭도열병,0
2018.07.16,보성군,이삭도열병,0
2018.07.16,순천시,이삭도열병,0
2018.07.16,신안군,이삭도열병,0
2018.07.16,여수시,이삭도열병,0
2018.07.16,영광군,이삭도열병,0
2018.07.16,영암군,이삭도열병,0
2018.07.16,완도군,이삭도열병,0
2018.07.16,장성군,이삭도열병,0
2018.07.16,장흥군,이삭도열병,0
2018.07.16,진도군,이삭도열병,0
2018.07.16,함평군,이삭도열병,0
2018.07.16,해남군,이삭도열병,0
2018.07.16,화순군,이삭도열병,0
2018.08.01,강진군,이삭도열병,0
2018.08.01,고흥군,이삭도열병,0
2018.08.01,곡성군,이삭도열병,0
2018.08.01,광양시,이삭도열병,0
2018.08.01,구례군,이삭도열병,0
2018.08.01,나주시,이삭도열병,0
2018.08.01,담양군,이삭도열병,0
2018.08.01,무안군,이삭도열병,0
2018.08.01,보성군,이삭도열병,0
2018.08.01,순천시,이삭도열병,0
2018.08.01,신안군,이삭도열병,0
2018.08.01,여수시,이삭도열병,0
2018.08.01,영광군,이삭도열병,0
2018.08.01,영암군,이삭도열병,0
2018.08.01,완도군,이삭도열병,0
2018.08.01,장성군,이삭도열병,0
2018.08.01,장흥군,이삭도열병,0
2018.08.01,진도군,이삭도열병,0
2018.08.01,함평군,이삭도열병,0
2018.08.01,해남군,이삭도열병,0
2018.08.01,화순군,이삭도열병,0
2018.08.16,강진군,이삭도열병,0
2018.08.16,고흥군,이삭도열병,0
2018.08.16,곡성군,이삭도열병,0
2018.08.16,광양시,이삭도열병,0
2018.08.16,구례군,이삭도열병,0
2018.08.16,나주시,이삭도열병,0
2018.08.16,담양군,이삭도열병,0
2018.08.16,무안군,이삭도열병,0
2018.08.16,보성군,이삭도열병,0
2018.08.16,순천시,이삭도열병,0
2018.08.16,신안군,이삭도열병,0
2018.08.16,여수시,이삭도열병,0
2018.08.16,영광군,이삭도열병,0
2018.08.16,영암군,이삭도열병,0
2018.08.16,완도군,이삭도열병,0
2018.08.16,장성군,이삭도열병,0
2018.08.16,장흥군,이삭도열병,0
2018.08.16,진도군,이삭도열병,0
2018.08.16,함평군,이삭도열병,0
2018.08.16,해남군,이삭도열병,0
2018.08.16,화순군,이삭도열병,0
2018.09.01,강진군,이삭도열병,0
2018.09.01,고흥군,이삭도열병,0
2018.09.01,곡성군,이삭도열병,0
2018.09.01,광양시,이삭도열병,0
2018.09.01,구례군,이삭도열병,0
2018.09.01,나주시,이삭도열병,0
2018.09.01,담양군,이삭도열병,0
2018.09.01,무안군,이삭도열병,0
2018.09.01,보성군,이삭도열병,0
2018.09.01,순천시,이삭도열병,0
2018.09.01,신안군,이삭도열병,0
2018.09.01,여수시,이삭도열병,0
2018.09.01,영광군,이삭도열병,0
2018.09.01,영암군,이삭도열병,0
2018.09.01,완도군,이삭도열병,0
2018.09.01,장성군,이삭도열병,0
2018.09.01,장흥군,이삭도열병,0
2018.09.01,진도군,이삭도열병,0
2018.09.01,함평군,이삭도열병,0
2018.09.01,해남군,이삭도열병,0
2018.09.01,화순군,이삭도열병,0
2018.09.16,강진군,이삭도열병,0
2018.09.16,고흥군,이삭도열병,0
2018.09.16,곡성군,이삭도열병,0
2018.09.16,광양시,이삭도열병,0
2018.09.16,구례군,이삭도열병,0
2018.09.16,나주시,이삭도열병,0
2018.09.16,담양군,이삭도열병,0
2018.09.16,무안군,이삭도열병,0
2018.09.16,보성군,이삭도열병,0
2018.09.16,순천시,이삭도열병,0
2018.09.16,신안군,이삭도열병,0
2018.09.16,여수시,이삭도열병,0
2018.09.16,영광군,이삭도열병,0
2018.09.16,영암군,이삭도열병,0
2018.09.16,완도군,이삭도열병,0
2018.09.16,장성군,이삭도열병,0
2018.09.16,장흥군,이삭도열병,0
2018.09.16,진도군,이삭도열병,0
2018.09.16,함평군,이삭도열병,0
2018.09.16,해남군,이삭도열병,0
2018.09.16,화순군,이삭도열병,0
2019.06.01,강진군,이삭도열병,0
2019.06.01,고흥군,이삭도열병,0
2019.06.01,곡성군,이삭도열병,0
2019.06.01,광양시,이삭도열병,0
2019.06.01,구례군,이삭도열병,0
2019.06.01,나주시,이삭도열병,0
2019.06.01,담양군,이삭도열병,0
2019.06.01,무안군,이삭도열병,0
2019.06.01,보성군,이삭도열병,0
2019.06.01,순천시,이삭도열병,0
2019.06.01,신안군,이삭도열병,0
2019.06.01,여수시,이삭도열병,0
2019.06.01,영광군,이삭도열병,0
2019.06.01,영암군,이삭도열병,0
2019.06.01,완도군,이삭도열병,0
2019.06.01,장성군,이삭도열병,0
2019.06.01,장흥군,이삭도열병,0
2019.06.01,진도군,이삭도열병,0
2019.06.01,함평군,이삭도열병,0
2019.06.01,해남군,이삭도열병,0
2019.06.01,화순군,이삭도열병,0
2019.06.16,강진군,이삭도열병,0
2019.06.16,고흥군,이삭도열병,0
2019.06.16,곡성군,이삭도열병,0
2019.06.16,광양시,이삭도열병,0
2019.06.16,구례군,이삭도열병,0
2019.06.16,나주시,이삭도열병,0
2019.06.16,담양군,이삭도열병,0
2019.06.16,무안군,이삭도열병,0
2019.06.16,보성군,이삭도열병,0
2019.06.16,순천시,이삭도열병,0
2019.06.16,신안군,이삭도열병,0
2019.06.16,여수시,이삭도열병,0
2019.06.16,영광군,이삭도열병,0
2019.06.16,영암군,이삭도열병,0
2019.06.16,완도군,이삭도열병,0
2019.06.16,장성군,이삭도열병,0
2019.06.16,장흥군,이삭도열병,0
2019.06.16,진도군,이삭도열병,0
2019.06.16,함평군,이삭도열병,0
2019.06.16,해남군,이삭도열병,0
2019.06.16,화순군,이삭도열병,0
2019.07.01,강진군,이삭도열병,0
2019.07.01,고흥군,이삭도열병,0
2019.07.01,곡성군,이삭도열병,0
2019.07.01,광양시,이삭도열병,0
2019.07.01,구례군,이삭도열병,0
2019.07.01,나주시,이삭도열병,0
2019.07.01,담양군,이삭도열병,0
2019.07.01,무안군,이삭도열병,0
2019.07.01,보성군,이삭도열병,0
2019.07.01,순천시,이삭도열병,0
2019.07.01,신안군,이삭도열병,0
2019.07.01,여수시,이삭도열병,0
2019.07.01,영광군,이삭도열병,0
2019.07.01,영암군,이삭도열병,0
2019.07.01,완도군,이삭도열병,0
2019.07.01,장성군,이삭도열병,0
2019.07.01,장흥군,이삭도열병,0
2019.07.01,진도군,이삭도열병,0
2019.07.01,함평군,이삭도열병,0
2019.07.01,해남군,이삭도열병,0
2019.07.01,화순군,이삭도열병,0
2019.07.16,강진군,이삭도열병,0
2019.07.16,고흥군,이삭도열병,0
2019.07.16,곡성군,이삭도열병,0
2019.07.16,광양시,이삭도열병,0
2019.07.16,구례군,이삭도열병,0
2019.07.16,나주시,이삭도열병,0
2019.07.16,담양군,이삭도열병,0
2019.07.16,무안군,이삭도열병,0
2019.07.16,보성군,이삭도열병,0
2019.07.16,순천시,이삭도열병,0
2019.07.16,신안군,이삭도열병,0
2019.07.16,여수시,이삭도열병,0
2019.07.16,영광군,이삭도열병,0
2019.07.16,영암군,이삭도열병,0
2019.07.16,완도군,이삭도열병,0
2019.07.16,장성군,이삭도열병,0
2019.07.16,장흥군,이삭도열병,0
2019.07.16,진도군,이삭도열병,0
2019.07.16,함평군,이삭도열병,0
2019.07.16,해남군,이삭도열병,0
2019.07.16,화순군,이삭도열병,0
2019.08.01,강진군,이삭도열병,0
2019.08.01,고흥군,이삭도열병,0
2019.08.01,곡성군,이삭도열병,0
2019.08.01,광양시,이삭도열병,0
2019.08.01,구례군,이삭도열병,0
2019.08.01,나주시,이삭도열병,0
2019.08.01,담양군,이삭도열병,0
2019.08.01,무안군,이삭도열병,0
2019.08.01,보성군,이삭도열병,0
2019.08.01,순천시,이삭도열병,0
2019.08.01,신안군,이삭도열병,0
2019.08.01,여수시,이삭도열병,0
2019.08.01,영광군,이삭도열병,0
2019.08.01,영암군,이삭도열병,0
2019.08.01,완도군,이삭도열병,0
2019.08.01,장성군,이삭도열병,0
2019.08.01,장흥군,이삭도열병,0
2019.08.01,진도군,이삭도열병,0
2019.08.01,함평군,이삭도열병,0
2019.08.01,해남군,이삭도열병,0
2019.08.01,화순군,이삭도열병,0
2019.08.16,강진군,이삭도열병,0
2019.08.16,고흥군,이삭도열병,0
2019.08.16,광양시,이삭도열병,0
2019.08.16,구례군,이삭도열병,0
2019.08.16,무안군,이삭도열병,0
2019.08.16,보성군,이삭도열병,0
2019.08.16,순천시,이삭도열병,0
2019.08.16,신안군,이삭도열병,0
2019.08.16,여수시,이삭도열병,0
2019.08.16,영광군,이삭도열병,0
2019.08.16,완도군,이삭도열병,0
2019.08.16,장흥군,이삭도열병,0
2019.08.16,진도군,이삭도열병,0
2019.08.16,함평군,이삭도열병,0
2019.08.16,해남군,이삭도열병,0
2019.08.16,화순군,이삭도열병,0
2019.09.01,강진군,이삭도열병,0
2019.09.01,고흥군,이삭도열병,0
2019.09.01,곡성군,이삭도열병,0
2019.09.01,광양시,이삭도열병,0
2019.09.01,구례군,이삭도열병,0
2019.09.01,나주시,이삭도열병,0
2019.09.01,담양군,이삭도열병,0
2019.09.01,무안군,이삭도열병,0
2019.09.01,보성군,이삭도열병,0
2019.09.01,순천시,이삭도열병,0
2019.09.01,신안군,이삭도열병,0
2019.09.01,여수시,이삭도열병,0
2019.09.01,영광군,이삭도열병,0
2019.09.01,영암군,이삭도열병,0
2019.09.01,완도군,이삭도열병,0
2019.09.01,장성군,이삭도열병,0
2019.09.01,장흥군,이삭도열병,0
2019.09.01,진도군,이삭도열병,0
2019.09.01,함평군,이삭도열병,0
2019.09.01,해남군,이삭도열병,0
2019.09.01,화순군,이삭도열병,0
2019.09.16,강진군,이삭도열병,0
2019.09.16,고흥군,이삭도열병,0
2019.09.16,곡성군,이삭도열병,0
2019.09.16,광양시,이삭도열병,0
2019.09.16,구례군,이삭도열병,0
2019.09.16,나주시,이삭도열병,0
2019.09.16,담양군,이삭도열병,0
2019.09.16,무안군,이삭도열병,0
2019.09.16,보성군,이삭도열병,0
2019.09.16,순천시,이삭도열병,0
2019.09.16,여수시,이삭도열병,0
2019.09.16,영광군,이삭도열병,0
2019.09.16,영암군,이삭도열병,0
2019.09.16,완도군,이삭도열병,0
2019.09.16,장성군,이삭도열병,0
2019.09.16,장흥군,이삭도열병,0
2019.09.16,진도군,이삭도열병,0
2019.09.16,함평군,이삭도열병,0
2019.09.16,해남군,이삭도열병,0
2019.09.16,화순군,이삭도열병,0
2020.06.01,강진군,이삭도열병,0
2020.06.01,고흥군,이삭도열병,0
2020.06.01,광양시,이삭도열병,0
2020.06.01,구례군,이삭도열병,0
2020.06.01,나주시,이삭도열병,0
2020.06.01,담양군,이삭도열병,0
2020.06.01,무안군,이삭도열병,0
2020.06.01,보성군,이삭도열병,0
2020.06.01,순천시,이삭도열병,0
2020.06.01,신안군,이삭도열병,0
2020.06.01,여수시,이삭도열병,0
2020.06.01,영광군,이삭도열병,0
2020.06.01,영암군,이삭도열병,0
2020.06.01,완도군,이삭도열병,0
2020.06.01,장성군,이삭도열병,0
2020.06.01,장흥군,이삭도열병,0
2020.06.01,진도군,이삭도열병,0
2020.06.01,함평군,이삭도열병,0
2020.06.01,해남군,이삭도열병,0
2020.06.01,화순군,이삭도열병,0
2020.06.16,강진군,이삭도열병,0
2020.06.16,고흥군,이삭도열병,0
2020.06.16,곡성군,이삭도열병,0
2020.06.16,광양시,이삭도열병,0
2020.06.16,구례군,이삭도열병,0
2020.06.16,나주시,이삭도열병,0
2020.06.16,담양군,이삭도열병,0
2020.06.16,무안군,이삭도열병,0
2020.06.16,보성군,이삭도열병,0
2020.06.16,순천시,이삭도열병,0
2020.06.16,신안군,이삭도열병,0
2020.06.16,여수시,이삭도열병,0
2020.06.16,영광군,이삭도열병,0
2020.06.16,영암군,이삭도열병,0
2020.06.16,완도군,이삭도열병,0
2020.06.16,장성군,이삭도열병,0
2020.06.16,장흥군,이삭도열병,0
2020.06.16,진도군,이삭도열병,0
2020.06.16,함평군,이삭도열병,0
2020.06.16,해남군,이삭도열병,0
2020.06.16,화순군,이삭도열병,0
2020.07.01,강진군,이삭도열병,0
2020.07.01,고흥군,이삭도열병,0
2020.07.01,곡성군,이삭도열병,0
2020.07.01,광양시,이삭도열병,0
2020.07.01,구례군,이삭도열병,0
2020.07.01,담양군,이삭도열병,0
2020.07.01,무안군,이삭도열병,0
2020.07.01,보성군,이삭도열병,0
2020.07.01,순천시,이삭도열병,0
2020.07.01,신안군,이삭도열병,0
2020.07.01,여수시,이삭도열병,0
2020.07.01,영광군,이삭도열병,0
2020.07.01,영암군,이삭도열병,0
2020.07.01,완도군,이삭도열병,0
2020.07.01,장성군,이삭도열병,0
2020.07.01,장흥군,이삭도열병,0
2020.07.01,진도군,이삭도열병,0
2020.07.01,함평군,이삭도열병,0
2020.07.01,해남군,이삭도열병,0
2020.07.01,화순군,이삭도열병,0
2020.07.16,강진군,이삭도열병,0
2020.07.16,고흥군,이삭도열병,0
2020.07.16,곡성군,이삭도열병,0
2020.07.16,광양시,이삭도열병,0
2020.07.16,구례군,이삭도열병,0
2020.07.16,나주시,이삭도열병,0
2020.07.16,담양군,이삭도열병,0
2020.07.16,무안군,이삭도열병,0
2020.07.16,보성군,이삭도열병,0
2020.07.16,순천시,이삭도열병,0
2020.07.16,신안군,이삭도열병,0
2020.07.16,여수시,이삭도열병,0
2020.07.16,영광군,이삭도열병,0
2020.07.16,영암군,이삭도열병,0
2020.07.16,완도군,이삭도열병,0
2020.07.16,장성군,이삭도열병,0
2020.07.16,장흥군,이삭도열병,0
2020.07.16,진도군,이삭도열병,0
2020.07.16,함평군,이삭도열병,0
2020.07.16,해남군,이삭도열병,0
2020.07.16,화순군,이삭도열병,0
2020.08.01,강진군,이삭도열병,0
2020.08.01,고흥군,이삭도열병,0
2020.08.01,곡성군,이삭도열병,0
2020.08.01,광양시,이삭도열병,0
2020.08.01,구례군,이삭도열병,0
2020.08.01,나주시,이삭도열병,0
2020.08.01,담양군,이삭도열병,0
2020.08.01,무안군,이삭도열병,0
2020.08.01,보성군,이삭도열병,0
2020.08.01,순천시,이삭도열병,0
2020.08.01,신안군,이삭도열병,0
2020.08.01,여수시,이삭도열병,0
2020.08.01,영광군,이삭도열병,0
2020.08.01,영암군,이삭도열병,0
2020.08.01,완도군,이삭도열병,0
2020.08.01,장성군,이삭도열병,0
2020.08.01,장흥군,이삭도열병,0
2020.08.01,진도군,이삭도열병,0
2020.08.01,함평군,이삭도열병,0
2020.08.01,해남군,이삭도열병,0
2020.08.01,화순군,이삭도열병,0
2020.08.16,강진군,이삭도열병,0
2020.08.16,고흥군,이삭도열병,0
2020.08.16,곡성군,이삭도열병,0
2020.08.16,광양시,이삭도열병,0
2020.08.16,구례군,이삭도열병,0
2020.08.16,나주시,이삭도열병,0
2020.08.16,담양군,이삭도열병,0
2020.08.16,무안군,이삭도열병,0
2020.08.16,보성군,이삭도열병,0
2020.08.16,순천시,이삭도열병,0
2020.08.16,신안군,이삭도열병,0
2020.08.16,여수시,이삭도열병,0
2020.08.16,영광군,이삭도열병,0
2020.08.16,영암군,이삭도열병,0
2020.08.16,완도군,이삭도열병,0
2020.08.16,장성군,이삭도열병,0
2020.08.16,장흥군,이삭도열병,0
2020.08.16,진도군,이삭도열병,0
2020.08.16,함평군,이삭도열병,0
2020.08.16,해남군,이삭도열병,0
2020.08.16,화순군,이삭도열병,0
2020.09.01,강진군,이삭도열병,0
2020.09.01,고흥군,이삭도열병,0
2020.09.01,곡성군,이삭도열병,0
2020.09.01,광양시,이삭도열병,0
2020.09.01,구례군,이삭도열병,0
2020.09.01,나주시,이삭도열병,0
2020.09.01,담양군,이삭도열병,0
2020.09.01,무안군,이삭도열병,0
2020.09.01,보성군,이삭도열병,0
2020.09.01,순천시,이삭도열병,0
2020.09.01,신안군,이삭도열병,0
2020.09.01,여수시,이삭도열병,0
2020.09.01,영광군,이삭도열병,0
2020.09.01,영암군,이삭도열병,0
2020.09.01,완도군,이삭도열병,0
2020.09.01,장성군,이삭도열병,0
2020.09.01,장흥군,이삭도열병,0
2020.09.01,진도군,이삭도열병,0
2020.09.01,함평군,이삭도열병,0
2020.09.01,해남군,이삭도열병,0
2020.09.01,화순군,이삭도열병,0
2020.09.16,강진군,이삭도열병,0
2020.09.16,고흥군,이삭도열병,0
2020.09.16,곡성군,이삭도열병,0
2020.09.16,광양시,이삭도열병,0
2020.09.16,구례군,이삭도열병,0
2020.09.16,나주시,이삭도열병,0
2020.09.16,담양군,이삭도열병,0
2020.09.16,무안군,이삭도열병,0
2020.09.16,보성군,이삭도열병,0
2020.09.16,순천시,이삭도열병,0
2020.09.16,신안군,이삭도열병,0
2020.09.16,여수시,이삭도열병,0
2020.09.16,영광군,이삭도열병,0
2020.09.16,영암군,이삭도열병,0
2020.09.16,완도군,이삭도열병,0
2020.09.16,장성군,이삭도열병,0
2020.09.16,장흥군,이삭도열병,0
2020.09.16,진도군,이삭도열병,0
2020.09.16,함평군,이삭도열병,0
2020.09.16,해남군,이삭도열병,0
2020.09.16,화순군,이삭도열병,0
2021.06.01,강진군,이삭도열병,0
2021.06.01,고흥군,이삭도열병,0
2021.06.01,곡성군,이삭도열병,0
2021.06.01,광양시,이삭도열병,0
2021.06.01,구례군,이삭도열병,0
2021.06.01,나주시,이삭도열병,0
2021.06.01,담양군,이삭도열병,0
2021.06.01,무안군,이삭도열병,0
2021.06.01,보성군,이삭도열병,0
2021.06.01,순천시,이삭도열병,0
2021.06.01,신안군,이삭도열병,0
2021.06.01,여수시,이삭도열병,0
2021.06.01,영암군,이삭도열병,0
2021.06.01,완도군,이삭도열병,0
2021.06.01,장성군,이삭도열병,0
2021.06.01,장흥군,이삭도열병,0
2021.06.01,진도군,이삭도열병,0
2021.06.01,함평군,이삭도열병,0
2021.06.01,해남군,이삭도열병,0
2021.06.01,화순군,이삭도열병,0
2021.06.16,강진군,이삭도열병,0
2021.06.16,고흥군,이삭도열병,0
2021.06.16,곡성군,이삭도열병,0
2021.06.16,광양시,이삭도열병,0
2021.06.16,구례군,이삭도열병,0
2021.06.16,나주시,이삭도열병,0
2021.06.16,담양군,이삭도열병,0
2021.06.16,무안군,이삭도열병,0
2021.06.16,보성군,이삭도열병,0
2021.06.16,순천시,이삭도열병,0
2021.06.16,신안군,이삭도열병,0
2021.06.16,여수시,이삭도열병,0
2021.06.16,영광군,이삭도열병,0
2021.06.16,영암군,이삭도열병,0
2021.06.16,완도군,이삭도열병,0
2021.06.16,장성군,이삭도열병,0
2021.06.16,장흥군,이삭도열병,0
2021.06.16,진도군,이삭도열병,0
2021.06.16,함평군,이삭도열병,0
2021.06.16,해남군,이삭도열병,0
2021.06.16,화순군,이삭도열병,0
2021.07.01,강진군,이삭도열병,0
2021.07.01,고흥군,이삭도열병,0
2021.07.01,곡성군,이삭도열병,0
2021.07.01,광양시,이삭도열병,0
2021.07.01,구례군,이삭도열병,0
2021.07.01,나주시,이삭도열병,0
2021.07.01,담양군,이삭도열병,0
2021.07.01,무안군,이삭도열병,0
2021.07.01,보성군,이삭도열병,0
2021.07.01,순천시,이삭도열병,0
2021.07.01,신안군,이삭도열병,0
2021.07.01,여수시,이삭도열병,0
2021.07.01,영광군,이삭도열병,0
2021.07.01,영암군,이삭도열병,0
2021.07.01,완도군,이삭도열병,0
2021.07.01,장성군,이삭도열병,0
2021.07.01,장흥군,이삭도열병,0
2021.07.01,진도군,이삭도열병,0
2021.07.01,함평군,이삭도열병,0
2021.07.01,해남군,이삭도열병,0
2021.07.01,화순군,이삭도열병,0
2021.07.16,강진군,이삭도열병,0
2021.07.16,고흥군,이삭도열병,0
2021.07.16,곡성군,이삭도열병,0
2021.07.16,광양시,이삭도열병,0
2021.07.16,구례군,이삭도열병,0
2021.07.16,나주시,이삭도열병,0
2021.07.16,담양군,이삭도열병,0
2021.07.16,무안군,이삭도열병,0
2021.07.16,보성군,이삭도열병,0
2021.07.16,순천시,이삭도열병,0
2021.07.16,신안군,이삭도열병,0
2021.07.16,여수시,이삭도열병,0
2021.07.16,영광군,이삭도열병,0
2021.07.16,영암군,이삭도열병,0
2021.07.16,완도군,이삭도열병,0
2021.07.16,장성군,이삭도열병,0
2021.07.16,장흥군,이삭도열병,0
2021.07.16,진도군,이삭도열병,0
2021.07.16,함평군,이삭도열병,0
2021.07.16,해남군,이삭도열병,0
2021.07.16,화순군,이삭도열병,0
2021.08.01,강진군,이삭도열병,0
2021.08.01,고흥군,이삭도열병,0
2021.08.01,곡성군,이삭도열병,0
2021.08.01,광양시,이삭도열병,0
2021.08.01,구례군,이삭도열병,0
2021.08.01,보성군,이삭도열병,0
2021.08.01,여수시,이삭도열병,0
2021.08.01,영암군,이삭도열병,0
2021.08.01,완도군,이삭도열병,0
2021.08.01,장성군,이삭도열병,0
2021.08.01,진도군,이삭도열병,0
2021.08.01,함평군,이삭도열병,0
2021.08.01,해남군,이삭도열병,0
2021.08.01,화순군,이삭도열병,0
2021.08.16,강진군,이삭도열병,0
2021.08.16,고흥군,이삭도열병,0
2021.08.16,곡성군,이삭도열병,0
2021.08.16,광양시,이삭도열병,0
2021.08.16,구례군,이삭도열병,0
2021.08.16,나주시,이삭도열병,0
2021.08.16,담양군,이삭도열병,1
2021.08.16,무안군,이삭도열병,0
2021.08.16,보성군,이삭도열병,0
2021.08.16,순천시,이삭도열병,0
2021.08.16,신안군,이삭도열병,0
2021.08.16,여수시,이삭도열병,0
2021.08.16,영광군,이삭도열병,0
2021.08.16,영암군,이삭도열병,0
2021.08.16,완도군,이삭도열병,0
2021.08.16,장성군,이삭도열병,0
2021.08.16,장흥군,이삭도열병,0
2021.08.16,진도군,이삭도열병,1
2021.08.16,함평군,이삭도열병,0
2021.08.16,해남군,이삭도열병,0
2021.08.16,화순군,이삭도열병,0
2021.09.01,강진군,이삭도열병,0
2021.09.01,고흥군,이삭도열병,0
2021.09.01,곡성군,이삭도열병,1
2021.09.01,광양시,이삭도열병,0
2021.09.01,구례군,이삭도열병,0
2021.09.01,담양군,이삭도열병,1
2021.09.01,무안군,이삭도열병,0
2021.09.01,보성군,이삭도열병,1
2021.09.01,순천시,이삭도열병,1
2021.09.01,신안군,이삭도열병,0
2021.09.01,여수시,이삭도열병,0
2021.09.01,영암군,이삭도열병,0
2021.09.01,완도군,이삭도열병,0
2021.09.01,장성군,이삭도열병,1
2021.09.01,장흥군,이삭도열병,1
2021.09.01,진도군,이삭도열병,1
2021.09.01,함평군,이삭도열병,0
2021.09.01,해남군,이삭도열병,0
2021.09.01,화순군,이삭도열병,0
2021.09.16,강진군,이삭도열병,0
2021.09.16,고흥군,이삭도열병,0
2021.09.16,곡성군,이삭도열병,1
2021.09.16,광양시,이삭도열병,0
2021.09.16,구례군,이삭도열병,1
2021.09.16,나주시,이삭도열병,0
2021.09.16,담양군,이삭도열병,1
2021.09.16,무안군,이삭도열병,1
2021.09.16,보성군,이삭도열병,1
2021.09.16,순천시,이삭도열병,1
2021.09.16,신안군,이삭도열병,1
2021.09.16,여수시,이삭도열병,1
2021.09.16,영광군,이삭도열병,1
2021.09.16,영암군,이삭도열병,1
2021.09.16,완도군,이삭도열병,1
2021.09.16,장성군,이삭도열병,1
2021.09.16,장흥군,이삭도열병,1
2021.09.16,진도군,이삭도열병,1
2021.09.16,함평군,이삭도열병,0
2021.09.16,해남군,이삭도열병,1
2021.09.16,화순군,이삭도열병,0
2022.06.01,강진군,이삭도열병,0
2022.06.01,고흥군,이삭도열병,0
2022.06.01,곡성군,이삭도열병,0
2022.06.01,광양시,이삭도열병,0
2022.06.01,구례군,이삭도열병,0
2022.06.01,나주시,이삭도열병,0
2022.06.01,담양군,이삭도열병,0
2022.06.01,무안군,이삭도열병,0
2022.06.01,보성군,이삭도열병,0
2022.06.01,순천시,이삭도열병,0
2022.06.01,신안군,이삭도열병,0
2022.06.01,여수시,이삭도열병,0
2022.06.01,영광군,이삭도열병,0
2022.06.01,영암군,이삭도열병,0
2022.06.01,완도군,이삭도열병,0
2022.06.01,장성군,이삭도열병,0
2022.06.01,장흥군,이삭도열병,0
2022.06.01,진도군,이삭도열병,0
2022.06.01,함평군,이삭도열병,0
2022.06.01,해남군,이삭도열병,0
2022.06.01,화순군,이삭도열병,0
2022.06.16,강진군,이삭도열병,0
2022.06.16,고흥군,이삭도열병,0
2022.06.16,곡성군,이삭도열병,0
2022.06.16,광양시,이삭도열병,0
2022.06.16,구례군,이삭도열병,0
2022.06.16,나주시,이삭도열병,0
2022.06.16,담양군,이삭도열병,0
2022.06.16,무안군,이삭도열병,0
2022.06.16,보성군,이삭도열병,0
2022.06.16,순천시,이삭도열병,0
2022.06.16,신안군,이삭도열병,0
2022.06.16,여수시,이삭도열병,0
2022.06.16,영광군,이삭도열병,0
2022.06.16,영암군,이삭도열병,0
2022.06.16,완도군,이삭도열병,0
2022.06.16,장성군,이삭도열병,0
2022.06.16,장흥군,이삭도열병,0
2022.06.16,진도군,이삭도열병,0
2022.06.16,함평군,이삭도열병,0
2022.06.16,해남군,이삭도열병,0
2022.06.16,화순군,이삭도열병,0
2022.07.01,강진군,이삭도열병,0
2022.07.01,고흥군,이삭도열병,0
2022.07.01,곡성군,이삭도열병,0
2022.07.01,광양시,이삭도열병,0
2022.07.01,구례군,이삭도열병,0
2022.07.01,나주시,이삭도열병,0
2022.07.01,담양군,이삭도열병,0
2022.07.01,무안군,이삭도열병,0
2022.07.01,보성군,이삭도열병,0
2022.07.01,순천시,이삭도열병,0
2022.07.01,신안군,이삭도열병,0
2022.07.01,여수시,이삭도열병,0
2022.07.01,영광군,이삭도열병,0
2022.07.01,영암군,이삭도열병,0
2022.07.01,완도군,이삭도열병,0
2022.07.01,장성군,이삭도열병,0
2022.07.01,장흥군,이삭도열병,0
2022.07.01,진도군,이삭도열병,0
2022.07.01,함평군,이삭도열병,0
2022.07.01,해남군,이삭도열병,0
2022.07.01,화순군,이삭도열병,0
2022.07.16,강진군,이삭도열병,0
2022.07.16,고흥군,이삭도열병,0
2022.07.16,곡성군,이삭도열병,0
2022.07.16,광양시,이삭도열병,0
2022.07.16,구례군,이삭도열병,0
2022.07.16,나주시,이삭도열병,0
2022.07.16,담양군,이삭도열병,0
2022.07.16,무안군,이삭도열병,0
2022.07.16,보성군,이삭도열병,0
2022.07.16,순천시,이삭도열병,0
2022.07.16,신안군,이삭도열병,0
2022.07.16,여수시,이삭도열병,0
2022.07.16,영광군,이삭도열병,0
2022.07.16,영암군,이삭도열병,0
2022.07.16,완도군,이삭도열병,0
2022.07.16,장성군,이삭도열병,0
2022.07.16,장흥군,이삭도열병,0
2022.07.16,진도군,이삭도열병,0
2022.07.16,함평군,이삭도열병,0
2022.07.16,해남군,이삭도열병,0
2022.07.16,화순군,이삭도열병,0
2022.08.01,강진군,이삭도열병,0
2022.08.01,고흥군,이삭도열병,0
2022.08.01,곡성군,이삭도열병,0
2022.08.01,광양시,이삭도열병,0
2022.08.01,구례군,이삭도열병,0
2022.08.01,나주시,이삭도열병,0
2022.08.01,담양군,이삭도열병,0
2022.08.01,무안군,이삭도열병,0
2022.08.01,보성군,이삭도열병,0
2022.08.01,순천시,이삭도열병,0
2022.08.01,신안군,이삭도열병,0
2022.08.01,여수시,이삭도열병,0
2022.08.01,영광군,이삭도열병,0
2022.08.01,영암군,이삭도열병,0
2022.08.01,완도군,이삭도열병,0
2022.08.01,장성군,이삭도열병,0
2022.08.01,장흥군,이삭도열병,0
2022.08.01,진도군,이삭도열병,0
2022.08.01,함평군,이삭도열병,0
2022.08.01,화순군,이삭도열병,0
2022.08.16,강진군,이삭도열병,0
2022.08.16,고흥군,이삭도열병,0
2022.08.16,광양시,이삭도열병,0
2022.08.16,구례군,이삭도열병,0
2022.08.16,담양군,이삭도열병,0
2022.08.16,무안군,이삭도열병,0
2022.08.16,보성군,이삭도열병,0
2022.08.16,순천시,이삭도열병,0
2022.08.16,여수시,이삭도열병,1
2022.08.16,영암군,이삭도열병,0
2022.08.16,완도군,이삭도열병,0
2022.08.16,장성군,이삭도열병,0
2022.08.16,장흥군,이삭도열병,0
2022.08.16,진도군,이삭도열병,0
2022.08.16,함평군,이삭도열병,0
2022.08.16,해남군,이삭도열병,0
2022.08.16,화순군,이삭도열병,0
2022.09.01,강진군,이삭도열병,0
2022.09.01,고흥군,이삭도열병,0
2022.09.01,곡성군,이삭도열병,0
2022.09.01,광양시,이삭도열병,0
2022.09.01,구례군,이삭도열병,0
2022.09.01,담양군,이삭도열병,1
2022.09.01,보성군,이삭도열병,1
2022.09.01,순천시,이삭도열병,0
2022.09.01,신안군,이삭도열병,0
2022.09.01,여수시,이삭도열병,1
2022.09.01,영암군,이삭도열병,1
2022.09.01,완도군,이삭도열병,0
2022.09.01,장성군,이삭도열병,1
2022.09.01,장흥군,이삭도열병,1
2022.09.01,진도군,이삭도열병,0
2022.09.01,해남군,이삭도열병,0
2022.09.01,화순군,이삭도열병,0
2022.09.16,강진군,이삭도열병,1
2022.09.16,고흥군,이삭도열병,0
2022.09.16,곡성군,이삭도열병,0
2022.09.16,광양시,이삭도열병,0
2022.09.16,구례군,이삭도열병,0
2022.09.16,나주시,이삭도열병,0
2022.09.16,담양군,이삭도열병,1
2022.09.16,무안군,이삭도열병,0
2022.09.16,보성군,이삭도열병,1
2022.09.16,순천시,이삭도열병,0
2022.09.16,신안군,이삭도열병,0
2022.09.16,여수시,이삭도열병,1
2022.09.16,영광군,이삭도열병,1
2022.09.16,완도군,이삭도열병,0
2022.09.16,장성군,이삭도열병,1
2022.09.16,장흥군,이삭도열병,0
2022.09.16,진도군,이삭도열병,1
2022.09.16,함평군,이삭도열병,0
2022.09.16,해남군,이삭도열병,0
2022.09.16,화순군,이삭도열병,0
2023.06.01,강진군,이삭도열병,0
2023.06.01,곡성군,이삭도열병,0
2023.06.01,광양시,이삭도열병,0
2023.06.01,구례군,이삭도열병,0
2023.06.01,나주시,이삭도열병,0
2023.06.01,담양군,이삭도열병,0
2023.06.01,무안군,이삭도열병,0
2023.06.01,보성군,이삭도열병,0
2023.06.01,순천시,이삭도열병,0
2023.06.01,신안군,이삭도열병,0
2023.06.01,여수시,이삭도열병,0
2023.06.01,영광군,이삭도열병,0
2023.06.01,영암군,이삭도열병,0
2023.06.01,완도군,이삭도열병,0
2023.06.01,장성군,이삭도열병,0
2023.06.01,장흥군,이삭도열병,0
2023.06.01,진도군,이삭도열병,0
2023.06.01,함평군,이삭도열병,0
2023.06.01,해남군,이삭도열병,0
2023.06.01,화순군,이삭도열병,0
2023.06.16,강진군,이삭도열병,0
2023.06.16,곡성군,이삭도열병,0
2023.06.16,광양시,이삭도열병,0
2023.06.16,구례군,이삭도열병,0
2023.06.16,나주시,이삭도열병,0
2023.06.16,담양군,이삭도열병,0
2023.06.16,무안군,이삭도열병,0
2023.06.16,보성군,이삭도열병,0
2023.06.16,순천시,이삭도열병,0
2023.06.16,신안군,이삭도열병,0
2023.06.16,여수시,이삭도열병,0
2023.06.16,영광군,이삭도열병,0
2023.06.16,영암군,이삭도열병,0
2023.06.16,완도군,이삭도열병,0
2023.06.16,장성군,이삭도열병,0
2023.06.16,장흥군,이삭도열병,0
2023.06.16,진도군,이삭도열병,0
2023.06.16,함평군,이삭도열병,0
2023.06.16,해남군,이삭도열병,0
2023.06.16,화순군,이삭도열병,0
2023.07.01,강진군,이삭도열병,0
2023.07.01,고흥군,이삭도열병,0
2023.07.01,곡성군,이삭도열병,0
2023.07.01,광양시,이삭도열병,0
2023.07.01,구례군,이삭도열병,0
2023.07.01,나주시,이삭도열병,0
2023.07.01,담양군,이삭도열병,0
2023.07.01,무안군,이삭도열병,0
2023.07.01,보성군,이삭도열병,0
2023.07.01,순천시,이삭도열병,0
2023.07.01,신안군,이삭도열병,0
2023.07.01,여수시,이삭도열병,0
2023.07.01,영광군,이삭도열병,0
2023.07.01,영암군,이삭도열병,0
2023.07.01,완도군,이삭도열병,0
2023.07.01,장성군,이삭도열병,0
2023.07.01,장흥군,이삭도열병,0
2023.07.01,진도군,이삭도열병,0
2023.07.01,함평군,이삭도열병,0
2023.07.01,해남군,이삭도열병,0
2023.07.01,화순군,이삭도열병,0
2023.07.16,강진군,이삭도열병,0
2023.07.16,고흥군,이삭도열병,0
2023.07.16,곡성군,이삭도열병,0
2023.07.16,광양시,이삭도열병,0
2023.07.16,구례군,이삭도열병,0
2023.07.16,나주시,이삭도열병,0
2023.07.16,담양군,이삭도열병,0
2023.07.16,무안군,이삭도열병,0
2023.07.16,보성군,이삭도열병,0
2023.07.16,순천시,이삭도열병,0
2023.07.16,신안군,이삭도열병,0
2023.07.16,여수시,이삭도열병,0
2023.07.16,영광군,이삭도열병,0
2023.07.16,영암군,이삭도열병,0
2023.07.16,완도군,이삭도열병,0
2023.07.16,장성군,이삭도열병,0
2023.07.16,장흥군,이삭도열병,0
2023.07.16,진도군,이삭도열병,0
2023.07.16,함평군,이삭도열병,0
2023.07.16,해남군,이삭도열병,0
2023.07.16,화순군,이삭도열병,0
2023.08.01,강진군,이삭도열병,0
2023.08.01,고흥군,이삭도열병,0
2023.08.01,곡성군,이삭도열병,0
2023.08.01,광양시,이삭도열병,0
2023.08.01,구례군,이삭도열병,0
2023.08.01,나주시,이삭도열병,0
2023.08.01,담양군,이삭도열병,0
2023.08.01,무안군,이삭도열병,0
2023.08.01,보성군,이삭도열병,0
2023.08.01,순천시,이삭도열병,0
2023.08.01,신안군,이삭도열병,0
2023.08.01,여수시,이삭도열병,0
2023.08.01,영광군,이삭도열병,0
2023.08.01,영암군,이삭도열병,0
2023.08.01,완도군,이삭도열병,1
2023.08.01,장성군,이삭도열병,0
2023.08.01,장흥군,이삭도열병,0
2023.08.01,진도군,이삭도열병,0
2023.08.01,함평군,이삭도열병,0
2023.08.01,해남군,이삭도열병,0
2023.08.01,화순군,이삭도열병,0
2023.08.16,강진군,이삭도열병,0
2023.08.16,고흥군,이삭도열병,0
2023.08.16,곡성군,이삭도열병,0
2023.08.16,광양시,이삭도열병,0
2023.08.16,구례군,이삭도열병,0
2023.08.16,나주시,이삭도열병,0
2023.08.16,담양군,이삭도열병,0
2023.08.16,무안군,이삭도열병,0
2023.08.16,보성군,이삭도열병,0
2023.08.16,순천시,이삭도열병,0
2023.08.16,신안군,이삭도열병,0
2023.08.16,여수시,이삭도열병,0
2023.08.16,영광군,이삭도열병,0
2023.08.16,영암군,이삭도열병,0
2023.08.16,완도군,이삭도열병,1
2023.08.16,장성군,이삭도열병,1
2023.08.16,장흥군,이삭도열병,0
2023.08.16,진도군,이삭도열병,0
2023.08.16,함평군,이삭도열병,0
2023.08.16,해남군,이삭도열병,0
2023.08.16,화순군,이삭도열병,0
2023.09.01,강진군,이삭도열병,0
2023.09.01,고흥군,이삭도열병,0
2023.09.01,곡성군,이삭도열병,0
2023.09.01,광양시,이삭도열병,0
2023.09.01,구례군,이삭도열병,0
2023.09.01,나주시,이삭도열병,0
2023.09.01,담양군,이삭도열병,1
2023.09.01,무안군,이삭도열병,0
2023.09.01,보성군,이삭도열병,1
2023.09.01,순천시,이삭도열병,0
2023.09.01,신안군,이삭도열병,0
2023.09.01,여수시,이삭도열병,1
2023.09.01,영광군,이삭도열병,0
2023.09.01,영암군,이삭도열병,0
2023.09.01,완도군,이삭도열병,1
2023.09.01,장성군,이삭도열병,1
2023.09.01,장흥군,이삭도열병,0
2023.09.01,진도군,이삭도열병,1
2023.09.01,함평군,이삭도열병,0
2023.09.01,해남군,이삭도열병,0
2023.09.01,화순군,이삭도열병,0
2023.09.16,강진군,이삭도열병,1
2023.09.16,고흥군,이삭도열병,1
2023.09.16,곡성군,이삭도열병,0
2023.09.16,광양시,이삭도열병,0
2023.09.16,구례군,이삭도열병,1
2023.09.16,나주시,이삭도열병,0
2023.09.16,담양군,이삭도열병,1
2023.09.16,무안군,이삭도열병,0
2023.09.16,보성군,이삭도열병,1
2023.09.16,순천시,이삭도열병,0
2023.09.16,신안군,이삭도열병,0
2023.09.16,여수시,이삭도열병,1
2023.09.16,영광군,이삭도열병,0
2023.09.16,영암군,이삭도열병,0
2023.09.16,완도군,이삭도열병,1
2023.09.16,장성군,이삭도열병,1
2023.09.16,장흥군,이삭도열병,1
2023.09.16,진도군,이삭도열병,1
2023.09.16,함평군,이삭도열병,0
2023.09.16,해남군,이삭도열병,0
2023.09.16,화순군,이삭도열병,0
2024.06.01,강진군,이삭도열병,0
2024.06.01,고흥군,이삭도열병,0
2024.06.01,광양시,이삭도열병,0
2024.06.01,구례군,이삭도열병,0
2024.06.01,나주시,이삭도열병,0
2024.06.01,무안군,이삭도열병,0
2024.06.01,보성군,이삭도열병,0
2024.06.01,순천시,이삭도열병,0
2024.06.01,신안군,이삭도열병,0
2024.06.01,여수시,이삭도열병,0
2024.06.01,영암군,이삭도열병,0
2024.06.01,완도군,이삭도열병,0
2024.06.01,장성군,이삭도열병,0
2024.06.01,장흥군,이삭도열병,0
2024.06.01,진도군,이삭도열병,0
2024.06.01,해남군,이삭도열병,0
2024.06.01,화순군,이삭도열병,0
2024.06.16,강진군,이삭도열병,0
2024.06.16,고흥군,이삭도열병,0
2024.06.16,광양시,이삭도열병,0
2024.06.16,구례군,이삭도열병,0
2024.06.16,나주시,이삭도열병,0
2024.06.16,담양군,이삭도열병,0
2024.06.16,무안군,이삭도열병,0
2024.06.16,보성군,이삭도열병,0
2024.06.16,순천시,이삭도열병,0
2024.06.16,신안군,이삭도열병,0
2024.06.16,여수시,이삭도열병,0
2024.06.16,영광군,이삭도열병,0
2024.06.16,영암군,이삭도열병,0
2024.06.16,완도군,이삭도열병,0
2024.06.16,장성군,이삭도열병,0
2024.06.16,장흥군,이삭도열병,0
2024.06.16,진도군,이삭도열병,0
2024.06.16,해남군,이삭도열병,0
2024.06.16,화순군,이삭도열병,0
2024.07.01,강진군,이삭도열병,0
2024.07.01,고흥군,이삭도열병,0
2024.07.01,곡성군,이삭도열병,0
2024.07.01,광양시,이삭도열병,0
2024.07.01,구례군,이삭도열병,0
2024.07.01,나주시,이삭도열병,0
2024.07.01,담양군,이삭도열병,0
2024.07.01,무안군,이삭도열병,0
2024.07.01,보성군,이삭도열병,0
2024.07.01,순천시,이삭도열병,0
2024.07.01,신안군,이삭도열병,0
2024.07.01,여수시,이삭도열병,0
2024.07.01,영광군,이삭도열병,0
2024.07.01,영암군,이삭도열병,0
2024.07.01,완도군,이삭도열병,0
2024.07.01,장성군,이삭도열병,0
2024.07.01,장흥군,이삭도열병,0
2024.07.01,진도군,이삭도열병,0
2024.07.01,함평군,이삭도열병,0
2024.07.01,해남군,이삭도열병,0
2024.07.01,화순군,이삭도열병,0
2024.07.16,강진군,이삭도열병,0
2024.07.16,고흥군,이삭도열병,0
2024.07.16,곡성군,이삭도열병,0
2024.07.16,광양시,이삭도열병,0
2024.07.16,구례군,이삭도열병,0
2024.07.16,나주시,이삭도열병,0
2024.07.16,담양군,이삭도열병,0
2024.07.16,무안군,이삭도열병,0
2024.07.16,보성군,이삭도열병,0
2024.07.16,순천시,이삭도열병,0
2024.07.16,신안군,이삭도열병,0
2024.07.16,여수시,이삭도열병,0
2024.07.16,영광군,이삭도열병,0
2024.07.16,영암군,이삭도열병,0
2024.07.16,완도군,이삭도열병,0
2024.07.16,장성군,이삭도열병,0
2024.07.16,장흥군,이삭도열병,0
2024.07.16,진도군,이삭도열병,0
2024.07.16,함평군,이삭도열병,0
2024.07.16,해남군,이삭도열병,0
2024.07.16,화순군,이삭도열병,0
2024.08.01,강진군,이삭도열병,0
2024.08.01,고흥군,이삭도열병,0
2024.08.01,곡성군,이삭도열병,0
2024.08.01,광양시,이삭도열병,0
2024.08.01,구례군,이삭도열병,0
2024.08.01,나주시,이삭도열병,0
2024.08.01,담양군,이삭도열병,0
2024.08.01,무안군,이삭도열병,0
2024.08.01,보성군,이삭도열병,0
2024.08.01,순천시,이삭도열병,0
2024.08.01,신안군,이삭도열병,0
2024.08.01,여수시,이삭도열병,0
2024.08.01,영광군,이삭도열병,0
2024.08.01,영암군,이삭도열병,0
2024.08.01,완도군,이삭도열병,0
2024.08.01,장성군,이삭도열병,0
2024.08.01,장흥군,이삭도열병,0
2024.08.01,진도군,이삭도열병,0
2024.08.01,함평군,이삭도열병,0
2024.08.01,해남군,이삭도열병,0
2024.08.01,화순군,이삭도열병,0
2024.08.16,강진군,이삭도열병,0
2024.08.16,고흥군,이삭도열병,0
2024.08.16,곡성군,이삭도열병,0
2024.08.16,광양시,이삭도열병,0
2024.08.16,구례군,이삭도열병,0
2024.08.16,나주시,이삭도열병,0
2024.08.16,담양군,이삭도열병,0
2024.08.16,무안군,이삭도열병,0
2024.08.16,보성군,이삭도열병,0
2024.08.16,순천시,이삭도열병,0
2024.08.16,신안군,이삭도열병,0
2024.08.16,여수시,이삭도열병,0
2024.08.16,영광군,이삭도열병,0
2024.08.16,영암군,이삭도열병,0
2024.08.16,완도군,이삭도열병,0
2024.08.16,장성군,이삭도열병,0
2024.08.16,장흥군,이삭도열병,0
2024.08.16,진도군,이삭도열병,0
2024.08.16,함평군,이삭도열병,0
2024.08.16,해남군,이삭도열병,0
2024.08.16,화순군,이삭도열병,0
2024.09.01,강진군,이삭도열병,0
2024.09.01,고흥군,이삭도열병,0
2024.09.01,곡성군,이삭도열병,0
2024.09.01,광양시,이삭도열병,0
2024.09.01,구례군,이삭도열병,0
2024.09.01,나주시,이삭도열병,1
2024.09.01,담양군,이삭도열병,1
2024.09.01,무안군,이삭도열병,0
2024.09.01,보성군,이삭도열병,0
2024.09.01,순천시,이삭도열병,0
2024.09.01,신안군,이삭도열병,0
2024.09.01,여수시,이삭도열병,1
2024.09.01,영광군,이삭도열병,0
2024.09.01,영암군,이삭도열병,0
2024.09.01,완도군,이삭도열병,0
2024.09.01,장성군,이삭도열병,1
2024.09.01,장흥군,이삭도열병,1
2024.09.01,진도군,이삭도열병,1
2024.09.01,함평군,이삭도열병,1
2024.09.01,해남군,이삭도열병,1
2024.09.01,화순군,이삭도열병,0
2024.09.16,강진군,이삭도열병,0
2024.09.16,고흥군,이삭도열병,0
2024.09.16,곡성군,이삭도열병,0
2024.09.16,광양시,이삭도열병,0
2024.09.16,구례군,이삭도열병,0
2024.09.16,나주시,이삭도열병,1
2024.09.16,담양군,이삭도열병,1
2024.09.16,무안군,이삭도열병,0
2024.09.16,보성군,이삭도열병,0
2024.09.16,순천시,이삭도열병,0
2024.09.16,신안군,이삭도열병,0
2024.09.16,여수시,이삭도열병,1
2024.09.16,영광군,이삭도열병,0
2024.09.16,영암군,이삭도열병,0
2024.09.16,완도군,이삭도열병,0
2024.09.16,장성군,이삭도열병,1
2024.09.16,장흥군,이삭도열병,1
2024.09.16,진도군,이삭도열병,1
2024.09.16,함평군,이삭도열병,0
2024.09.16,해남군,이삭도열병,0
2024.09.16,화순군,이삭도열병,1
2025.06.01,강진군,이삭도열병,0
2025.06.01,고흥군,이삭도열병,0
2025.06.01,곡성군,이삭도열병,0
2025.06.01,광양시,이삭도열병,0
2025.06.01,구례군,이삭도열병,0
2025.06.01,나주시,이삭도열병,0
2025.06.01,담양군,이삭도열병,0
2025.06.01,무안군,이삭도열병,0
2025.06.01,보성군,이삭도열병,0
2025.06.01,순천시,이삭도열병,0
2025.06.01,신안군,이삭도열병,0
2025.06.01,여수시,이삭도열병,0
2025.06.01,영광군,이삭도열병,0
2025.06.01,영암군,이삭도열병,0
2025.06.01,완도군,이삭도열병,0
2025.06.01,장성군,이삭도열병,0
2025.06.01,장흥군,이삭도열병,0
2025.06.01,진도군,이삭도열병,0
2025.06.01,함평군,이삭도열병,0
2025.06.01,해남군,이삭도열병,0
2025.06.01,화순군,이삭도열병,0
2025.06.16,강진군,이삭도열병,0
2025.06.16,고흥군,이삭도열병,0
2025.06.16,곡성군,이삭도열병,0
2025.06.16,광양시,이삭도열병,0
2025.06.16,구례군,이삭도열병,0
2025.06.16,나주시,이삭도열병,0
2025.06.16,담양군,이삭도열병,0
2025.06.16,무안군,이삭도열병,0
2025.06.16,보성군,이삭도열병,0
2025.06.16,순천시,이삭도열병,0
2025.06.16,신안군,이삭도열병,0
2025.06.16,여수시,이삭도열병,0
2025.06.16,영광군,이삭도열병,0
2025.06.16,영암군,이삭도열병,0
2025.06.16,완도군,이삭도열병,0
2025.06.16,장성군,이삭도열병,0
2025.06.16,장흥군,이삭도열병,0
2025.06.16,진도군,이삭도열병,0
2025.06.16,함평군,이삭도열병,0
2025.06.16,해남군,이삭도열병,0
2025.06.16,화순군,이삭도열병,0
2025.07.01,강진군,이삭도열병,0
2025.07.01,고흥군,이삭도열병,0
2025.07.01,곡성군,이삭도열병,0
2025.07.01,광양시,이삭도열병,0
2025.07.01,구례군,이삭도열병,0
2025.07.01,나주시,이삭도열병,0
2025.07.01,담양군,이삭도열병,0
2025.07.01,무안군,이삭도열병,0
2025.07.01,보성군,이삭도열병,0
2025.07.01,순천시,이삭도열병,0
2025.07.01,신안군,이삭도열병,0
2025.07.01,여수시,이삭도열병,0
2025.07.01,영광군,이삭도열병,0
2025.07.01,영암군,이삭도열병,0
2025.07.01,완도군,이삭도열병,0
2025.07.01,장성군,이삭도열병,0
2025.07.01,진도군,이삭도열병,0
2025.07.01,함평군,이삭도열병,0
2025.07.01,해남군,이삭도열병,0
2025.07.01,화순군,이삭도열병,0
2025.07.16,강진군,이삭도열병,0
2025.07.16,고흥군,이삭도열병,0
2025.07.16,곡성군,이삭도열병,0
2025.07.16,광양시,이삭도열병,0
2025.07.16,구례군,이삭도열병,0
2025.07.16,나주시,이삭도열병,0
2025.07.16,담양군,이삭도열병,0
2025.07.16,무안군,이삭도열병,0
2025.07.16,보성군,이삭도열병,0
2025.07.16,순천시,이삭도열병,0
2025.07.16,신안군,이삭도열병,0
2025.07.16,여수시,이삭도열병,0
2025.07.16,영광군,이삭도열병,0
2025.07.16,영암군,이삭도열병,0
2025.07.16,완도군,이삭도열병,0
2025.07.16,장성군,이삭도열병,0
2025.07.16,장흥군,이삭도열병,0
2025.07.16,진도군,이삭도열병,0
2025.07.16,함평군,이삭도열병,0
2025.07.16,해남군,이삭도열병,0
2025.07.16,화순군,이삭도열병,0
2025.08.01,강진군,이삭도열병,0
2025.08.01,고흥군,이삭도열병,0
2025.08.01,광양시,이삭도열병,0
2025.08.01,구례군,이삭도열병,0
2025.08.01,담양군,이삭도열병,0
2025.08.01,무안군,이삭도열병,0
2025.08.01,보성군,이삭도열병,0
2025.08.01,신안군,이삭도열병,0
2025.08.01,여수시,이삭도열병,0
2025.08.01,영광군,이삭도열병,0
2025.08.01,영암군,이삭도열병,0
2025.08.01,완도군,이삭도열병,0
2025.08.01,장성군,이삭도열병,0
2025.08.01,장흥군,이삭도열병,0
2025.08.01,진도군,이삭도열병,0
2025.08.01,함평군,이삭도열병,0
2025.08.01,해남군,이삭도열병,0
2025.08.01,화순군,이삭도열병,0
2025.08.16,강진군,이삭도열병,0
2025.08.16,고흥군,이삭도열병,0
2025.08.16,곡성군,이삭도열병,0
2025.08.16,광양시,이삭도열병,0
2025.08.16,구례군,이삭도열병,0
2025.08.16,나주시,이삭도열병,0
2025.08.16,담양군,이삭도열병,0
2025.08.16,무안군,이삭도열병,0
2025.08.16,보성군,이삭도열병,0
2025.08.16,순천시,이삭도열병,0
2025.08.16,신안군,이삭도열병,0
2025.08.16,여수시,이삭도열병,0
2025.08.16,영광군,이삭도열병,0
2025.08.16,영암군,이삭도열병,0
2025.08.16,완도군,이삭도열병,0
2025.08.16,장성군,이삭도열병,0
2025.08.16,장흥군,이삭도열병,0
2025.08.16,진도군,이삭도열병,0
2025.08.16,함평군,이삭도열병,0
2025.08.16,해남군,이삭도열병,1
2025.08.16,화순군,이삭도열병,0
2025.09.01,강진군,이삭도열병,0
2025.09.01,고흥군,이삭도열병,0
2025.09.01,곡성군,이삭도열병,0
2025.09.01,광양시,이삭도열병,0
2025.09.01,구례군,이삭도열병,0
2025.09.01,나주시,이삭도열병,0
2025.09.01,담양군,이삭도열병,0
2025.09.01,무안군,이삭도열병,0
2025.09.01,보성군,이삭도열병,0
2025.09.01,순천시,이삭도열병,0
2025.09.01,신안군,이삭도열병,0
2025.09.01,여수시,이삭도열병,0
2025.09.01,영광군,이삭도열병,0
2025.09.01,영암군,이삭도열병,0
2025.09.01,완도군,이삭도열병,0
2025.09.01,장성군,이삭도열병,0
2025.09.01,장흥군,이삭도열병,0
2025.09.01,진도군,이삭도열병,0
2025.09.01,함평군,이삭도열병,0
2025.09.01,해남군,이삭도열병,1
2025.09.01,화순군,이삭도열병,1
2025.09.16,강진군,이삭도열병,0
2025.09.16,고흥군,이삭도열병,0
2025.09.16,곡성군,이삭도열병,0
2025.09.16,광양시,이삭도열병,0
2025.09.16,구례군,이삭도열병,1
2025.09.16,나주시,이삭도열병,0
2025.09.16,담양군,이삭도열병,1
2025.09.16,무안군,이삭도열병,0
2025.09.16,보성군,이삭도열병,0
2025.09.16,순천시,이삭도열병,0
2025.09.16,신안군,이삭도열병,0
2025.09.16,여수시,이삭도열병,0
2025.09.16,영광군,이삭도열병,0
2025.09.16,영암군,이삭도열병,0
2025.09.16,완도군,이삭도열병,0
2025.09.16,장성군,이삭도열병,0
2025.09.16,장흥군,이삭도열병,0
2025.09.16,진도군,이삭도열병,0
2025.09.16,함평군,이삭도열병,0
2025.09.16,해남군,이삭도열병,0
2025.09.16,화순군,이삭도열병,0
2014.09.16,강진군,이화명나방1화기,0
2014.09.16,고흥군,이화명나방1화기,0
2014.09.16,곡성군,이화명나방1화기,0
2014.09.16,광양시,이화명나방1화기,0
2014.09.16,구례군,이화명나방1화기,0
2014.09.16,나주시,이화명나방1화기,0
2014.09.16,담양군,이화명나방1화기,0
2014.09.16,무안군,이화명나방1화기,0
2014.09.16,보성군,이화명나방1화기,0
2014.09.16,순천시,이화명나방1화기,0
2014.09.16,신안군,이화명나방1화기,0
2014.09.16,여수시,이화명나방1화기,0
2014.09.16,영광군,이화명나방1화기,0
2014.09.16,영암군,이화명나방1화기,0
2014.09.16,완도군,이화명나방1화기,0
2014.09.16,장성군,이화명나방1화기,0
2014.09.16,장흥군,이화명나방1화기,0
2014.09.16,진도군,이화명나방1화기,0
2014.09.16,함평군,이화명나방1화기,0
2014.09.16,해남군,이화명나방1화기,0
2014.09.16,화순군,이화명나방1화기,0
2015.06.16,강진군,이화명나방1화기,0
2015.06.16,고흥군,이화명나방1화기,0
2015.06.16,곡성군,이화명나방1화기,0
2015.06.16,광양시,이화명나방1화기,0
2015.06.16,구례군,이화명나방1화기,0
2015.06.16,나주시,이화명나방1화기,0
2015.06.16,담양군,이화명나방1화기,0
2015.06.16,무안군,이화명나방1화기,0
2015.06.16,보성군,이화명나방1화기,0
2015.06.16,순천시,이화명나방1화기,0
2015.06.16,신안군,이화명나방1화기,0
2015.06.16,여수시,이화명나방1화기,0
2015.06.16,영광군,이화명나방1화기,0
2015.06.16,영암군,이화명나방1화기,0
2015.06.16,완도군,이화명나방1화기,0
2015.06.16,장성군,이화명나방1화기,0
2015.06.16,장흥군,이화명나방1화기,0
2015.06.16,진도군,이화명나방1화기,0
2015.06.16,함평군,이화명나방1화기,0
2015.06.16,해남군,이화명나방1화기,0
2015.06.16,화순군,이화명나방1화기,0
2015.07.01,강진군,이화명나방1화기,0
2015.07.01,고흥군,이화명나방1화기,0
2015.07.01,곡성군,이화명나방1화기,0
2015.07.01,광양시,이화명나방1화기,0
2015.07.01,구례군,이화명나방1화기,0
2015.07.01,나주시,이화명나방1화기,0
2015.07.01,담양군,이화명나방1화기,0
2015.07.01,무안군,이화명나방1화기,0
2015.07.01,보성군,이화명나방1화기,1
2015.07.01,순천시,이화명나방1화기,0
2015.07.01,신안군,이화명나방1화기,0
2015.07.01,여수시,이화명나방1화기,0
2015.07.01,영광군,이화명나방1화기,0
2015.07.01,영암군,이화명나방1화기,0
2015.07.01,완도군,이화명나방1화기,0
2015.07.01,장성군,이화명나방1화기,0
2015.07.01,장흥군,이화명나방1화기,0
2015.07.01,진도군,이화명나방1화기,0
2015.07.01,함평군,이화명나방1화기,0
2015.07.01,해남군,이화명나방1화기,0
2015.07.01,화순군,이화명나방1화기,0
2015.07.16,강진군,이화명나방1화기,0
2015.07.16,고흥군,이화명나방1화기,0
2015.07.16,곡성군,이화명나방1화기,0
2015.07.16,광양시,이화명나방1화기,0
2015.07.16,구례군,이화명나방1화기,0
2015.07.16,나주시,이화명나방1화기,0
2015.07.16,담양군,이화명나방1화기,0
2015.07.16,무안군,이화명나방1화기,0
2015.07.16,보성군,이화명나방1화기,1
2015.07.16,순천시,이화명나방1화기,0
2015.07.16,신안군,이화명나방1화기,0
2015.07.16,여수시,이화명나방1화기,0
2015.07.16,영광군,이화명나방1화기,0
2015.07.16,영암군,이화명나방1화기,0
2015.07.16,완도군,이화명나방1화기,0
2015.07.16,장성군,이화명나방1화기,0
2015.07.16,장흥군,이화명나방1화기,1
2015.07.16,진도군,이화명나방1화기,0
2015.07.16,함평군,이화명나방1화기,0
2015.07.16,해남군,이화명나방1화기,0
2015.07.16,화순군,이화명나방1화기,0
2015.08.01,강진군,이화명나방1화기,0
2015.08.01,고흥군,이화명나방1화기,0
2015.08.01,곡성군,이화명나방1화기,0
2015.08.01,광양시,이화명나방1화기,0
2015.08.01,구례군,이화명나방1화기,0
2015.08.01,나주시,이화명나방1화기,0
2015.08.01,담양군,이화명나방1화기,0
2015.08.01,무안군,이화명나방1화기,0
2015.08.01,보성군,이화명나방1화기,1
2015.08.01,순천시,이화명나방1화기,0
2015.08.01,신안군,이화명나방1화기,1
2015.08.01,여수시,이화명나방1화기,0
2015.08.01,영광군,이화명나방1화기,0
2015.08.01,영암군,이화명나방1화기,0
2015.08.01,완도군,이화명나방1화기,0
2015.08.01,장성군,이화명나방1화기,0
2015.08.01,장흥군,이화명나방1화기,0
2015.08.01,진도군,이화명나방1화기,0
2015.08.01,함평군,이화명나방1화기,0
2015.08.01,해남군,이화명나방1화기,0
2015.08.01,화순군,이화명나방1화기,0
2015.08.16,강진군,이화명나방1화기,0
2015.08.16,고흥군,이화명나방1화기,0
2015.08.16,곡성군,이화명나방1화기,0
2015.08.16,광양시,이화명나방1화기,0
2015.08.16,구례군,이화명나방1화기,0
2015.08.16,나주시,이화명나방1화기,0
2015.08.16,담양군,이화명나방1화기,0
2015.08.16,무안군,이화명나방1화기,0
2015.08.16,보성군,이화명나방1화기,1
2015.08.16,순천시,이화명나방1화기,0
2015.08.16,신안군,이화명나방1화기,0
2015.08.16,여수시,이화명나방1화기,0
2015.08.16,영광군,이화명나방1화기,0
2015.08.16,영암군,이화명나방1화기,0
2015.08.16,완도군,이화명나방1화기,0
2015.08.16,장성군,이화명나방1화기,0
2015.08.16,장흥군,이화명나방1화기,0
2015.08.16,진도군,이화명나방1화기,0
2015.08.16,함평군,이화명나방1화기,0
2015.08.16,해남군,이화명나방1화기,0
2015.08.16,화순군,이화명나방1화기,0
2016.06.01,강진군,이화명나방1화기,0
2016.06.01,고흥군,이화명나방1화기,0
2016.06.01,곡성군,이화명나방1화기,0
2016.06.01,광양시,이화명나방1화기,0
2016.06.01,구례군,이화명나방1화기,0
2016.06.01,나주시,이화명나방1화기,0
2016.06.01,담양군,이화명나방1화기,0
2016.06.01,무안군,이화명나방1화기,0
2016.06.01,보성군,이화명나방1화기,0
2016.06.01,순천시,이화명나방1화기,0
2016.06.01,신안군,이화명나방1화기,0
2016.06.01,여수시,이화명나방1화기,0
2016.06.01,영광군,이화명나방1화기,0
2016.06.01,영암군,이화명나방1화기,0
2016.06.01,완도군,이화명나방1화기,0
2016.06.01,장성군,이화명나방1화기,0
2016.06.01,장흥군,이화명나방1화기,0
2016.06.01,진도군,이화명나방1화기,0
2016.06.01,함평군,이화명나방1화기,0
2016.06.01,해남군,이화명나방1화기,0
2016.06.01,화순군,이화명나방1화기,0
2016.06.16,강진군,이화명나방1화기,0
2016.06.16,고흥군,이화명나방1화기,0
2016.06.16,곡성군,이화명나방1화기,0
2016.06.16,광양시,이화명나방1화기,0
2016.06.16,구례군,이화명나방1화기,0
2016.06.16,나주시,이화명나방1화기,0
2016.06.16,담양군,이화명나방1화기,0
2016.06.16,무안군,이화명나방1화기,0
2016.06.16,보성군,이화명나방1화기,0
2016.06.16,순천시,이화명나방1화기,0
2016.06.16,신안군,이화명나방1화기,0
2016.06.16,여수시,이화명나방1화기,0
2016.06.16,영광군,이화명나방1화기,0
2016.06.16,영암군,이화명나방1화기,0
2016.06.16,완도군,이화명나방1화기,0
2016.06.16,장성군,이화명나방1화기,0
2016.06.16,장흥군,이화명나방1화기,0
2016.06.16,진도군,이화명나방1화기,0
2016.06.16,함평군,이화명나방1화기,0
2016.06.16,해남군,이화명나방1화기,0
2016.06.16,화순군,이화명나방1화기,0
2016.07.01,강진군,이화명나방1화기,0
2016.07.01,고흥군,이화명나방1화기,0
2016.07.01,곡성군,이화명나방1화기,0
2016.07.01,광양시,이화명나방1화기,0
2016.07.01,구례군,이화명나방1화기,0
2016.07.01,나주시,이화명나방1화기,0
2016.07.01,담양군,이화명나방1화기,0
2016.07.01,무안군,이화명나방1화기,0
2016.07.01,보성군,이화명나방1화기,0
2016.07.01,순천시,이화명나방1화기,0
2016.07.01,신안군,이화명나방1화기,0
2016.07.01,여수시,이화명나방1화기,0
2016.07.01,영광군,이화명나방1화기,0
2016.07.01,영암군,이화명나방1화기,0
2016.07.01,완도군,이화명나방1화기,0
2016.07.01,장성군,이화명나방1화기,0
2016.07.01,장흥군,이화명나방1화기,0
2016.07.01,진도군,이화명나방1화기,1
2016.07.01,함평군,이화명나방1화기,0
2016.07.01,해남군,이화명나방1화기,0
2016.07.01,화순군,이화명나방1화기,0
2016.07.16,강진군,이화명나방1화기,0
2016.07.16,고흥군,이화명나방1화기,0
2016.07.16,곡성군,이화명나방1화기,0
2016.07.16,광양시,이화명나방1화기,0
2016.07.16,구례군,이화명나방1화기,0
2016.07.16,나주시,이화명나방1화기,0
2016.07.16,담양군,이화명나방1화기,0
2016.07.16,무안군,이화명나방1화기,0
2016.07.16,보성군,이화명나방1화기,0
2016.07.16,순천시,이화명나방1화기,0
2016.07.16,신안군,이화명나방1화기,0
2016.07.16,여수시,이화명나방1화기,0
2016.07.16,영광군,이화명나방1화기,1
2016.07.16,영암군,이화명나방1화기,0
2016.07.16,완도군,이화명나방1화기,0
2016.07.16,장성군,이화명나방1화기,0
2016.07.16,장흥군,이화명나방1화기,0
2016.07.16,진도군,이화명나방1화기,0
2016.07.16,함평군,이화명나방1화기,0
2016.07.16,해남군,이화명나방1화기,0
2016.07.16,화순군,이화명나방1화기,0
2016.08.01,강진군,이화명나방1화기,0
2016.08.01,고흥군,이화명나방1화기,0
2016.08.01,곡성군,이화명나방1화기,0
2016.08.01,광양시,이화명나방1화기,0
2016.08.01,구례군,이화명나방1화기,0
2016.08.01,나주시,이화명나방1화기,0
2016.08.01,담양군,이화명나방1화기,0
2016.08.01,무안군,이화명나방1화기,0
2016.08.01,보성군,이화명나방1화기,0
2016.08.01,순천시,이화명나방1화기,0
2016.08.01,신안군,이화명나방1화기,0
2016.08.01,여수시,이화명나방1화기,0
2016.08.01,영광군,이화명나방1화기,0
2016.08.01,영암군,이화명나방1화기,0
2016.08.01,완도군,이화명나방1화기,0
2016.08.01,장성군,이화명나방1화기,0
2016.08.01,장흥군,이화명나방1화기,0
2016.08.01,진도군,이화명나방1화기,0
2016.08.01,함평군,이화명나방1화기,0
2016.08.01,해남군,이화명나방1화기,0
2016.08.01,화순군,이화명나방1화기,0
2016.08.16,강진군,이화명나방1화기,0
2016.08.16,고흥군,이화명나방1화기,0
2016.08.16,곡성군,이화명나방1화기,0
2016.08.16,광양시,이화명나방1화기,0
2016.08.16,구례군,이화명나방1화기,0
2016.08.16,나주시,이화명나방1화기,0
2016.08.16,담양군,이화명나방1화기,0
2016.08.16,무안군,이화명나방1화기,0
2016.08.16,보성군,이화명나방1화기,0
2016.08.16,순천시,이화명나방1화기,1
2016.08.16,신안군,이화명나방1화기,0
2016.08.16,여수시,이화명나방1화기,0
2016.08.16,영광군,이화명나방1화기,0
2016.08.16,영암군,이화명나방1화기,1
2016.08.16,완도군,이화명나방1화기,0
2016.08.16,장성군,이화명나방1화기,0
2016.08.16,장흥군,이화명나방1화기,0
2016.08.16,진도군,이화명나방1화기,0
2016.08.16,함평군,이화명나방1화기,0
2016.08.16,해남군,이화명나방1화기,1
2016.08.16,화순군,이화명나방1화기,0
2016.09.01,강진군,이화명나방1화기,0
2016.09.01,고흥군,이화명나방1화기,0
2016.09.01,곡성군,이화명나방1화기,0
2016.09.01,광양시,이화명나방1화기,0
2016.09.01,구례군,이화명나방1화기,0
2016.09.01,나주시,이화명나방1화기,0
2016.09.01,담양군,이화명나방1화기,0
2016.09.01,무안군,이화명나방1화기,0
2016.09.01,보성군,이화명나방1화기,0
2016.09.01,순천시,이화명나방1화기,0
2016.09.01,신안군,이화명나방1화기,0
2016.09.01,여수시,이화명나방1화기,0
2016.09.01,영광군,이화명나방1화기,0
2016.09.01,영암군,이화명나방1화기,0
2016.09.01,완도군,이화명나방1화기,0
2016.09.01,장성군,이화명나방1화기,0
2016.09.01,장흥군,이화명나방1화기,0
2016.09.01,진도군,이화명나방1화기,0
2016.09.01,함평군,이화명나방1화기,0
2016.09.01,해남군,이화명나방1화기,0
2016.09.01,화순군,이화명나방1화기,0
2016.09.16,강진군,이화명나방1화기,0
2016.09.16,고흥군,이화명나방1화기,0
2016.09.16,곡성군,이화명나방1화기,0
2016.09.16,광양시,이화명나방1화기,0
2016.09.16,구례군,이화명나방1화기,0
2016.09.16,나주시,이화명나방1화기,0
2016.09.16,담양군,이화명나방1화기,0
2016.09.16,무안군,이화명나방1화기,0
2016.09.16,보성군,이화명나방1화기,0
2016.09.16,순천시,이화명나방1화기,0
2016.09.16,신안군,이화명나방1화기,0
2016.09.16,여수시,이화명나방1화기,0
2016.09.16,영광군,이화명나방1화기,0
2016.09.16,영암군,이화명나방1화기,0
2016.09.16,완도군,이화명나방1화기,0
2016.09.16,장성군,이화명나방1화기,0
2016.09.16,장흥군,이화명나방1화기,0
2016.09.16,진도군,이화명나방1화기,0
2016.09.16,함평군,이화명나방1화기,0
2016.09.16,해남군,이화명나방1화기,0
2016.09.16,화순군,이화명나방1화기,0
2017.06.01,강진군,이화명나방1화기,0
2017.06.01,고흥군,이화명나방1화기,0
2017.06.01,곡성군,이화명나방1화기,0
2017.06.01,광양시,이화명나방1화기,0
2017.06.01,구례군,이화명나방1화기,0
2017.06.01,나주시,이화명나방1화기,0
2017.06.01,담양군,이화명나방1화기,0
2017.06.01,무안군,이화명나방1화기,0
2017.06.01,보성군,이화명나방1화기,0
2017.06.01,순천시,이화명나방1화기,0
2017.06.01,신안군,이화명나방1화기,0
2017.06.01,여수시,이화명나방1화기,0
2017.06.01,영광군,이화명나방1화기,0
2017.06.01,영암군,이화명나방1화기,0
2017.06.01,완도군,이화명나방1화기,0
2017.06.01,장성군,이화명나방1화기,0
2017.06.01,장흥군,이화명나방1화기,0
2017.06.01,진도군,이화명나방1화기,0
2017.06.01,함평군,이화명나방1화기,0
2017.06.01,해남군,이화명나방1화기,0
2017.06.01,화순군,이화명나방1화기,0
2017.06.16,강진군,이화명나방1화기,0
2017.06.16,고흥군,이화명나방1화기,0
2017.06.16,곡성군,이화명나방1화기,0
2017.06.16,광양시,이화명나방1화기,0
2017.06.16,구례군,이화명나방1화기,0
2017.06.16,나주시,이화명나방1화기,0
2017.06.16,담양군,이화명나방1화기,0
2017.06.16,무안군,이화명나방1화기,0
2017.06.16,보성군,이화명나방1화기,0
2017.06.16,순천시,이화명나방1화기,0
2017.06.16,신안군,이화명나방1화기,0
2017.06.16,여수시,이화명나방1화기,0
2017.06.16,영광군,이화명나방1화기,0
2017.06.16,영암군,이화명나방1화기,0
2017.06.16,완도군,이화명나방1화기,0
2017.06.16,장성군,이화명나방1화기,0
2017.06.16,장흥군,이화명나방1화기,0
2017.06.16,진도군,이화명나방1화기,0
2017.06.16,함평군,이화명나방1화기,0
2017.06.16,해남군,이화명나방1화기,0
2017.06.16,화순군,이화명나방1화기,0
2017.07.01,강진군,이화명나방1화기,0
2017.07.01,고흥군,이화명나방1화기,0
2017.07.01,곡성군,이화명나방1화기,0
2017.07.01,광양시,이화명나방1화기,0
2017.07.01,구례군,이화명나방1화기,0
2017.07.01,나주시,이화명나방1화기,1
2017.07.01,담양군,이화명나방1화기,0
2017.07.01,무안군,이화명나방1화기,0
2017.07.01,보성군,이화명나방1화기,0
2017.07.01,순천시,이화명나방1화기,0
2017.07.01,신안군,이화명나방1화기,0
2017.07.01,여수시,이화명나방1화기,0
2017.07.01,영광군,이화명나방1화기,0
2017.07.01,영암군,이화명나방1화기,0
2017.07.01,완도군,이화명나방1화기,0
2017.07.01,장성군,이화명나방1화기,0
2017.07.01,장흥군,이화명나방1화기,0
2017.07.01,진도군,이화명나방1화기,0
2017.07.01,함평군,이화명나방1화기,0
2017.07.01,해남군,이화명나방1화기,0
2017.07.01,화순군,이화명나방1화기,0
2017.07.16,강진군,이화명나방1화기,0
2017.07.16,고흥군,이화명나방1화기,0
2017.07.16,곡성군,이화명나방1화기,0
2017.07.16,광양시,이화명나방1화기,0
2017.07.16,구례군,이화명나방1화기,0
2017.07.16,나주시,이화명나방1화기,0
2017.07.16,담양군,이화명나방1화기,0
2017.07.16,무안군,이화명나방1화기,0
2017.07.16,보성군,이화명나방1화기,0
2017.07.16,순천시,이화명나방1화기,1
2017.07.16,신안군,이화명나방1화기,0
2017.07.16,여수시,이화명나방1화기,1
2017.07.16,영광군,이화명나방1화기,0
2017.07.16,영암군,이화명나방1화기,0
2017.07.16,완도군,이화명나방1화기,0
2017.07.16,장성군,이화명나방1화기,0
2017.07.16,장흥군,이화명나방1화기,0
2017.07.16,진도군,이화명나방1화기,0
2017.07.16,함평군,이화명나방1화기,1
2017.07.16,해남군,이화명나방1화기,0
2017.07.16,화순군,이화명나방1화기,0
2017.08.01,강진군,이화명나방1화기,0
2017.08.01,고흥군,이화명나방1화기,0
2017.08.01,곡성군,이화명나방1화기,0
2017.08.01,광양시,이화명나방1화기,0
2017.08.01,구례군,이화명나방1화기,0
2017.08.01,나주시,이화명나방1화기,0
2017.08.01,담양군,이화명나방1화기,0
2017.08.01,무안군,이화명나방1화기,0
2017.08.01,보성군,이화명나방1화기,0
2017.08.01,순천시,이화명나방1화기,0
2017.08.01,신안군,이화명나방1화기,1
2017.08.01,여수시,이화명나방1화기,0
2017.08.01,영광군,이화명나방1화기,0
2017.08.01,영암군,이화명나방1화기,0
2017.08.01,완도군,이화명나방1화기,0
2017.08.01,장성군,이화명나방1화기,0
2017.08.01,장흥군,이화명나방1화기,0
2017.08.01,진도군,이화명나방1화기,0
2017.08.01,함평군,이화명나방1화기,0
2017.08.01,해남군,이화명나방1화기,0
2017.08.01,화순군,이화명나방1화기,0
2017.08.16,강진군,이화명나방1화기,0
2017.08.16,고흥군,이화명나방1화기,0
2017.08.16,곡성군,이화명나방1화기,0
2017.08.16,광양시,이화명나방1화기,0
2017.08.16,구례군,이화명나방1화기,0
2017.08.16,나주시,이화명나방1화기,0
2017.08.16,담양군,이화명나방1화기,0
2017.08.16,무안군,이화명나방1화기,0
2017.08.16,보성군,이화명나방1화기,0
2017.08.16,순천시,이화명나방1화기,0
2017.08.16,신안군,이화명나방1화기,0
2017.08.16,여수시,이화명나방1화기,0
2017.08.16,영광군,이화명나방1화기,0
2017.08.16,영암군,이화명나방1화기,0
2017.08.16,완도군,이화명나방1화기,0
2017.08.16,장성군,이화명나방1화기,0
2017.08.16,장흥군,이화명나방1화기,0
2017.08.16,진도군,이화명나방1화기,0
2017.08.16,함평군,이화명나방1화기,0
2017.08.16,해남군,이화명나방1화기,0
2017.08.16,화순군,이화명나방1화기,0
2017.09.01,강진군,이화명나방1화기,0
2017.09.01,고흥군,이화명나방1화기,0
2017.09.01,곡성군,이화명나방1화기,0
2017.09.01,광양시,이화명나방1화기,0
2017.09.01,구례군,이화명나방1화기,0
2017.09.01,나주시,이화명나방1화기,0
2017.09.01,담양군,이화명나방1화기,0
2017.09.01,무안군,이화명나방1화기,0
2017.09.01,보성군,이화명나방1화기,0
2017.09.01,순천시,이화명나방1화기,0
2017.09.01,신안군,이화명나방1화기,0
2017.09.01,여수시,이화명나방1화기,0
2017.09.01,영광군,이화명나방1화기,0
2017.09.01,영암군,이화명나방1화기,0
2017.09.01,완도군,이화명나방1화기,0
2017.09.01,장성군,이화명나방1화기,0
2017.09.01,장흥군,이화명나방1화기,0
2017.09.01,진도군,이화명나방1화기,0
2017.09.01,함평군,이화명나방1화기,0
2017.09.01,해남군,이화명나방1화기,0
2017.09.01,화순군,이화명나방1화기,0
2017.09.16,강진군,이화명나방1화기,0
2017.09.16,고흥군,이화명나방1화기,0
2017.09.16,곡성군,이화명나방1화기,0
2017.09.16,광양시,이화명나방1화기,0
2017.09.16,구례군,이화명나방1화기,0
2017.09.16,나주시,이화명나방1화기,0
2017.09.16,담양군,이화명나방1화기,0
2017.09.16,무안군,이화명나방1화기,0
2017.09.16,보성군,이화명나방1화기,0
2017.09.16,순천시,이화명나방1화기,0
2017.09.16,신안군,이화명나방1화기,0
2017.09.16,여수시,이화명나방1화기,0
2017.09.16,영광군,이화명나방1화기,0
2017.09.16,영암군,이화명나방1화기,0
2017.09.16,완도군,이화명나방1화기,0
2017.09.16,장성군,이화명나방1화기,0
2017.09.16,장흥군,이화명나방1화기,0
2017.09.16,진도군,이화명나방1화기,0
2017.09.16,함평군,이화명나방1화기,0
2017.09.16,해남군,이화명나방1화기,0
2017.09.16,화순군,이화명나방1화기,0
2018.06.01,강진군,이화명나방1화기,0
2018.06.01,고흥군,이화명나방1화기,0
2018.06.01,곡성군,이화명나방1화기,0
2018.06.01,광양시,이화명나방1화기,0
2018.06.01,구례군,이화명나방1화기,0
2018.06.01,나주시,이화명나방1화기,0
2018.06.01,담양군,이화명나방1화기,0
2018.06.01,무안군,이화명나방1화기,0
2018.06.01,보성군,이화명나방1화기,0
2018.06.01,순천시,이화명나방1화기,0
2018.06.01,신안군,이화명나방1화기,0
2018.06.01,여수시,이화명나방1화기,0
2018.06.01,영광군,이화명나방1화기,0
2018.06.01,영암군,이화명나방1화기,0
2018.06.01,완도군,이화명나방1화기,0
2018.06.01,장성군,이화명나방1화기,0
2018.06.01,장흥군,이화명나방1화기,0
2018.06.01,진도군,이화명나방1화기,0
2018.06.01,함평군,이화명나방1화기,0
2018.06.01,해남군,이화명나방1화기,0
2018.06.01,화순군,이화명나방1화기,0
2018.06.16,강진군,이화명나방1화기,0
2018.06.16,고흥군,이화명나방1화기,0
2018.06.16,곡성군,이화명나방1화기,0
2018.06.16,광양시,이화명나방1화기,0
2018.06.16,구례군,이화명나방1화기,0
2018.06.16,나주시,이화명나방1화기,0
2018.06.16,담양군,이화명나방1화기,0
2018.06.16,무안군,이화명나방1화기,0
2018.06.16,보성군,이화명나방1화기,0
2018.06.16,순천시,이화명나방1화기,0
2018.06.16,신안군,이화명나방1화기,0
2018.06.16,여수시,이화명나방1화기,0
2018.06.16,영광군,이화명나방1화기,0
2018.06.16,영암군,이화명나방1화기,0
2018.06.16,완도군,이화명나방1화기,0
2018.06.16,장성군,이화명나방1화기,0
2018.06.16,장흥군,이화명나방1화기,0
2018.06.16,진도군,이화명나방1화기,0
2018.06.16,함평군,이화명나방1화기,0
2018.06.16,해남군,이화명나방1화기,0
2018.06.16,화순군,이화명나방1화기,0
2018.07.01,강진군,이화명나방1화기,0
2018.07.01,고흥군,이화명나방1화기,0
2018.07.01,광양시,이화명나방1화기,0
2018.07.01,나주시,이화명나방1화기,0
2018.07.01,순천시,이화명나방1화기,0
2018.07.01,신안군,이화명나방1화기,0
2018.07.01,여수시,이화명나방1화기,1
2018.07.01,영광군,이화명나방1화기,0
2018.07.01,영암군,이화명나방1화기,0
2018.07.01,완도군,이화명나방1화기,0
2018.07.01,진도군,이화명나방1화기,0
2018.07.01,해남군,이화명나방1화기,0
2018.07.01,화순군,이화명나방1화기,0
2018.07.16,강진군,이화명나방1화기,0
2018.07.16,고흥군,이화명나방1화기,0
2018.07.16,곡성군,이화명나방1화기,0
2018.07.16,광양시,이화명나방1화기,0
2018.07.16,구례군,이화명나방1화기,0
2018.07.16,나주시,이화명나방1화기,0
2018.07.16,담양군,이화명나방1화기,0
2018.07.16,무안군,이화명나방1화기,0
2018.07.16,보성군,이화명나방1화기,0
2018.07.16,순천시,이화명나방1화기,0
2018.07.16,신안군,이화명나방1화기,0
2018.07.16,여수시,이화명나방1화기,1
2018.07.16,영광군,이화명나방1화기,0
2018.07.16,영암군,이화명나방1화기,0
2018.07.16,완도군,이화명나방1화기,0
2018.07.16,장성군,이화명나방1화기,0
2018.07.16,장흥군,이화명나방1화기,0
2018.07.16,진도군,이화명나방1화기,1
2018.07.16,함평군,이화명나방1화기,0
2018.07.16,해남군,이화명나방1화기,0
2018.07.16,화순군,이화명나방1화기,0
2018.08.01,강진군,이화명나방1화기,0
2018.08.01,고흥군,이화명나방1화기,0
2018.08.01,곡성군,이화명나방1화기,0
2018.08.01,광양시,이화명나방1화기,0
2018.08.01,구례군,이화명나방1화기,0
2018.08.01,나주시,이화명나방1화기,0
2018.08.01,담양군,이화명나방1화기,0
2018.08.01,무안군,이화명나방1화기,0
2018.08.01,보성군,이화명나방1화기,0
2018.08.01,순천시,이화명나방1화기,0
2018.08.01,신안군,이화명나방1화기,1
2018.08.01,여수시,이화명나방1화기,0
2018.08.01,영광군,이화명나방1화기,0
2018.08.01,영암군,이화명나방1화기,0
2018.08.01,완도군,이화명나방1화기,0
2018.08.01,장성군,이화명나방1화기,0
2018.08.01,장흥군,이화명나방1화기,0
2018.08.01,진도군,이화명나방1화기,0
2018.08.01,함평군,이화명나방1화기,0
2018.08.01,해남군,이화명나방1화기,0
2018.08.01,화순군,이화명나방1화기,0
2018.08.16,강진군,이화명나방1화기,0
2018.08.16,고흥군,이화명나방1화기,0
2018.08.16,곡성군,이화명나방1화기,0
2018.08.16,광양시,이화명나방1화기,0
2018.08.16,구례군,이화명나방1화기,0
2018.08.16,나주시,이화명나방1화기,0
2018.08.16,담양군,이화명나방1화기,0
2018.08.16,무안군,이화명나방1화기,0
2018.08.16,보성군,이화명나방1화기,0
2018.08.16,순천시,이화명나방1화기,0
2018.08.16,신안군,이화명나방1화기,0
2018.08.16,여수시,이화명나방1화기,0
2018.08.16,영광군,이화명나방1화기,0
2018.08.16,영암군,이화명나방1화기,0
2018.08.16,완도군,이화명나방1화기,0
2018.08.16,장성군,이화명나방1화기,0
2018.08.16,장흥군,이화명나방1화기,0
2018.08.16,진도군,이화명나방1화기,0
2018.08.16,함평군,이화명나방1화기,0
2018.08.16,해남군,이화명나방1화기,0
2018.08.16,화순군,이화명나방1화기,0
2018.09.01,강진군,이화명나방1화기,0
2018.09.01,고흥군,이화명나방1화기,0
2018.09.01,곡성군,이화명나방1화기,0
2018.09.01,광양시,이화명나방1화기,0
2018.09.01,구례군,이화명나방1화기,0
2018.09.01,나주시,이화명나방1화기,0
2018.09.01,담양군,이화명나방1화기,0
2018.09.01,무안군,이화명나방1화기,0
2018.09.01,보성군,이화명나방1화기,0
2018.09.01,순천시,이화명나방1화기,0
2018.09.01,신안군,이화명나방1화기,0
2018.09.01,여수시,이화명나방1화기,0
2018.09.01,영광군,이화명나방1화기,0
2018.09.01,영암군,이화명나방1화기,0
2018.09.01,완도군,이화명나방1화기,1
2018.09.01,장성군,이화명나방1화기,0
2018.09.01,장흥군,이화명나방1화기,0
2018.09.01,진도군,이화명나방1화기,0
2018.09.01,함평군,이화명나방1화기,0
2018.09.01,해남군,이화명나방1화기,0
2018.09.01,화순군,이화명나방1화기,0
2018.09.16,강진군,이화명나방1화기,0
2018.09.16,고흥군,이화명나방1화기,0
2018.09.16,곡성군,이화명나방1화기,0
2018.09.16,광양시,이화명나방1화기,0
2018.09.16,구례군,이화명나방1화기,0
2018.09.16,나주시,이화명나방1화기,0
2018.09.16,담양군,이화명나방1화기,0
2018.09.16,무안군,이화명나방1화기,0
2018.09.16,보성군,이화명나방1화기,0
2018.09.16,순천시,이화명나방1화기,0
2018.09.16,신안군,이화명나방1화기,0
2018.09.16,여수시,이화명나방1화기,0
2018.09.16,영광군,이화명나방1화기,0
2018.09.16,영암군,이화명나방1화기,0
2018.09.16,완도군,이화명나방1화기,0
2018.09.16,장성군,이화명나방1화기,0
2018.09.16,장흥군,이화명나방1화기,0
2018.09.16,진도군,이화명나방1화기,0
2018.09.16,함평군,이화명나방1화기,0
2018.09.16,해남군,이화명나방1화기,0
2018.09.16,화순군,이화명나방1화기,0
2019.06.01,강진군,이화명나방1화기,0
2019.06.01,고흥군,이화명나방1화기,0
2019.06.01,곡성군,이화명나방1화기,0
2019.06.01,광양시,이화명나방1화기,0
2019.06.01,구례군,이화명나방1화기,0
2019.06.01,나주시,이화명나방1화기,0
2019.06.01,담양군,이화명나방1화기,0
2019.06.01,무안군,이화명나방1화기,0
2019.06.01,보성군,이화명나방1화기,0
2019.06.01,순천시,이화명나방1화기,0
2019.06.01,신안군,이화명나방1화기,0
2019.06.01,여수시,이화명나방1화기,0
2019.06.01,영광군,이화명나방1화기,0
2019.06.01,영암군,이화명나방1화기,0
2019.06.01,완도군,이화명나방1화기,0
2019.06.01,장성군,이화명나방1화기,0
2019.06.01,장흥군,이화명나방1화기,0
2019.06.01,진도군,이화명나방1화기,0
2019.06.01,함평군,이화명나방1화기,0
2019.06.01,해남군,이화명나방1화기,0
2019.06.01,화순군,이화명나방1화기,0
2019.06.16,강진군,이화명나방1화기,0
2019.06.16,고흥군,이화명나방1화기,0
2019.06.16,곡성군,이화명나방1화기,0
2019.06.16,광양시,이화명나방1화기,0
2019.06.16,구례군,이화명나방1화기,0
2019.06.16,나주시,이화명나방1화기,0
2019.06.16,담양군,이화명나방1화기,0
2019.06.16,무안군,이화명나방1화기,0
2019.06.16,보성군,이화명나방1화기,0
2019.06.16,순천시,이화명나방1화기,0
2019.06.16,신안군,이화명나방1화기,0
2019.06.16,여수시,이화명나방1화기,0
2019.06.16,영광군,이화명나방1화기,0
2019.06.16,영암군,이화명나방1화기,0
2019.06.16,완도군,이화명나방1화기,0
2019.06.16,장성군,이화명나방1화기,0
2019.06.16,장흥군,이화명나방1화기,0
2019.06.16,진도군,이화명나방1화기,0
2019.06.16,함평군,이화명나방1화기,0
2019.06.16,해남군,이화명나방1화기,0
2019.06.16,화순군,이화명나방1화기,0
2019.07.01,강진군,이화명나방1화기,0
2019.07.01,고흥군,이화명나방1화기,0
2019.07.01,곡성군,이화명나방1화기,0
2019.07.01,광양시,이화명나방1화기,0
2019.07.01,구례군,이화명나방1화기,0
2019.07.01,나주시,이화명나방1화기,0
2019.07.01,담양군,이화명나방1화기,0
2019.07.01,무안군,이화명나방1화기,0
2019.07.01,보성군,이화명나방1화기,0
2019.07.01,순천시,이화명나방1화기,0
2019.07.01,신안군,이화명나방1화기,0
2019.07.01,여수시,이화명나방1화기,0
2019.07.01,영광군,이화명나방1화기,0
2019.07.01,영암군,이화명나방1화기,0
2019.07.01,완도군,이화명나방1화기,0
2019.07.01,장성군,이화명나방1화기,0
2019.07.01,장흥군,이화명나방1화기,0
2019.07.01,진도군,이화명나방1화기,0
2019.07.01,함평군,이화명나방1화기,0
2019.07.01,해남군,이화명나방1화기,0
2019.07.01,화순군,이화명나방1화기,0
2019.07.16,강진군,이화명나방1화기,0
2019.07.16,고흥군,이화명나방1화기,0
2019.07.16,곡성군,이화명나방1화기,0
2019.07.16,광양시,이화명나방1화기,0
2019.07.16,구례군,이화명나방1화기,0
2019.07.16,나주시,이화명나방1화기,0
2019.07.16,담양군,이화명나방1화기,0
2019.07.16,무안군,이화명나방1화기,0
2019.07.16,보성군,이화명나방1화기,0
2019.07.16,순천시,이화명나방1화기,0
2019.07.16,신안군,이화명나방1화기,0
2019.07.16,여수시,이화명나방1화기,1
2019.07.16,영광군,이화명나방1화기,0
2019.07.16,영암군,이화명나방1화기,0
2019.07.16,완도군,이화명나방1화기,0
2019.07.16,장성군,이화명나방1화기,0
2019.07.16,장흥군,이화명나방1화기,0
2019.07.16,진도군,이화명나방1화기,0
2019.07.16,함평군,이화명나방1화기,0
2019.07.16,해남군,이화명나방1화기,0
2019.07.16,화순군,이화명나방1화기,0
2019.08.01,강진군,이화명나방1화기,0
2019.08.01,고흥군,이화명나방1화기,0
2019.08.01,곡성군,이화명나방1화기,0
2019.08.01,광양시,이화명나방1화기,0
2019.08.01,구례군,이화명나방1화기,0
2019.08.01,나주시,이화명나방1화기,0
2019.08.01,담양군,이화명나방1화기,0
2019.08.01,무안군,이화명나방1화기,0
2019.08.01,보성군,이화명나방1화기,0
2019.08.01,순천시,이화명나방1화기,0
2019.08.01,신안군,이화명나방1화기,0
2019.08.01,여수시,이화명나방1화기,0
2019.08.01,영광군,이화명나방1화기,0
2019.08.01,영암군,이화명나방1화기,0
2019.08.01,완도군,이화명나방1화기,0
2019.08.01,장성군,이화명나방1화기,0
2019.08.01,장흥군,이화명나방1화기,0
2019.08.01,진도군,이화명나방1화기,0
2019.08.01,함평군,이화명나방1화기,0
2019.08.01,해남군,이화명나방1화기,0
2019.08.01,화순군,이화명나방1화기,0
2019.08.16,강진군,이화명나방1화기,0
2019.08.16,고흥군,이화명나방1화기,0
2019.08.16,광양시,이화명나방1화기,0
2019.08.16,구례군,이화명나방1화기,0
2019.08.16,무안군,이화명나방1화기,0
2019.08.16,보성군,이화명나방1화기,0
2019.08.16,순천시,이화명나방1화기,0
2019.08.16,신안군,이화명나방1화기,0
2019.08.16,여수시,이화명나방1화기,0
2019.08.16,영광군,이화명나방1화기,0
2019.08.16,완도군,이화명나방1화기,0
2019.08.16,장흥군,이화명나방1화기,0
2019.08.16,진도군,이화명나방1화기,0
2019.08.16,함평군,이화명나방1화기,0
2019.08.16,해남군,이화명나방1화기,0
2019.08.16,화순군,이화명나방1화기,0
2019.09.01,강진군,이화명나방1화기,0
2019.09.01,고흥군,이화명나방1화기,0
2019.09.01,곡성군,이화명나방1화기,0
2019.09.01,광양시,이화명나방1화기,0
2019.09.01,구례군,이화명나방1화기,0
2019.09.01,나주시,이화명나방1화기,0
2019.09.01,담양군,이화명나방1화기,0
2019.09.01,무안군,이화명나방1화기,0
2019.09.01,보성군,이화명나방1화기,0
2019.09.01,순천시,이화명나방1화기,0
2019.09.01,신안군,이화명나방1화기,0
2019.09.01,여수시,이화명나방1화기,0
2019.09.01,영광군,이화명나방1화기,0
2019.09.01,영암군,이화명나방1화기,0
2019.09.01,완도군,이화명나방1화기,0
2019.09.01,장성군,이화명나방1화기,1
2019.09.01,장흥군,이화명나방1화기,0
2019.09.01,진도군,이화명나방1화기,0
2019.09.01,함평군,이화명나방1화기,0
2019.09.01,해남군,이화명나방1화기,0
2019.09.01,화순군,이화명나방1화기,0
2019.09.16,강진군,이화명나방1화기,0
2019.09.16,고흥군,이화명나방1화기,0
2019.09.16,곡성군,이화명나방1화기,0
2019.09.16,광양시,이화명나방1화기,0
2019.09.16,구례군,이화명나방1화기,0
2019.09.16,나주시,이화명나방1화기,0
2019.09.16,담양군,이화명나방1화기,0
2019.09.16,무안군,이화명나방1화기,0
2019.09.16,보성군,이화명나방1화기,0
2019.09.16,순천시,이화명나방1화기,0
2019.09.16,여수시,이화명나방1화기,0
2019.09.16,영광군,이화명나방1화기,0
2019.09.16,영암군,이화명나방1화기,0
2019.09.16,완도군,이화명나방1화기,0
2019.09.16,장성군,이화명나방1화기,0
2019.09.16,장흥군,이화명나방1화기,0
2019.09.16,진도군,이화명나방1화기,0
2019.09.16,함평군,이화명나방1화기,0
2019.09.16,해남군,이화명나방1화기,0
2019.09.16,화순군,이화명나방1화기,0
2020.06.01,강진군,이화명나방1화기,0
2020.06.01,고흥군,이화명나방1화기,0
2020.06.01,광양시,이화명나방1화기,0
2020.06.01,구례군,이화명나방1화기,0
2020.06.01,나주시,이화명나방1화기,0
2020.06.01,담양군,이화명나방1화기,0
2020.06.01,무안군,이화명나방1화기,0
2020.06.01,보성군,이화명나방1화기,0
2020.06.01,순천시,이화명나방1화기,0
2020.06.01,신안군,이화명나방1화기,0
2020.06.01,여수시,이화명나방1화기,0
2020.06.01,영광군,이화명나방1화기,0
2020.06.01,영암군,이화명나방1화기,0
2020.06.01,완도군,이화명나방1화기,0
2020.06.01,장성군,이화명나방1화기,0
2020.06.01,장흥군,이화명나방1화기,0
2020.06.01,진도군,이화명나방1화기,0
2020.06.01,함평군,이화명나방1화기,0
2020.06.01,해남군,이화명나방1화기,0
2020.06.01,화순군,이화명나방1화기,0
2020.06.16,강진군,이화명나방1화기,0
2020.06.16,고흥군,이화명나방1화기,0
2020.06.16,곡성군,이화명나방1화기,0
2020.06.16,광양시,이화명나방1화기,0
2020.06.16,구례군,이화명나방1화기,0
2020.06.16,나주시,이화명나방1화기,0
2020.06.16,담양군,이화명나방1화기,0
2020.06.16,무안군,이화명나방1화기,0
2020.06.16,보성군,이화명나방1화기,0
2020.06.16,순천시,이화명나방1화기,0
2020.06.16,신안군,이화명나방1화기,0
2020.06.16,여수시,이화명나방1화기,0
2020.06.16,영광군,이화명나방1화기,0
2020.06.16,영암군,이화명나방1화기,0
2020.06.16,완도군,이화명나방1화기,0
2020.06.16,장성군,이화명나방1화기,0
2020.06.16,장흥군,이화명나방1화기,0
2020.06.16,진도군,이화명나방1화기,0
2020.06.16,함평군,이화명나방1화기,0
2020.06.16,해남군,이화명나방1화기,0
2020.06.16,화순군,이화명나방1화기,0
2020.07.01,강진군,이화명나방1화기,0
2020.07.01,고흥군,이화명나방1화기,0
2020.07.01,곡성군,이화명나방1화기,0
2020.07.01,광양시,이화명나방1화기,0
2020.07.01,구례군,이화명나방1화기,0
2020.07.01,담양군,이화명나방1화기,0
2020.07.01,무안군,이화명나방1화기,0
2020.07.01,보성군,이화명나방1화기,0
2020.07.01,순천시,이화명나방1화기,0
2020.07.01,신안군,이화명나방1화기,0
2020.07.01,여수시,이화명나방1화기,0
2020.07.01,영광군,이화명나방1화기,0
2020.07.01,영암군,이화명나방1화기,0
2020.07.01,완도군,이화명나방1화기,0
2020.07.01,장성군,이화명나방1화기,0
2020.07.01,장흥군,이화명나방1화기,0
2020.07.01,진도군,이화명나방1화기,0
2020.07.01,함평군,이화명나방1화기,0
2020.07.01,해남군,이화명나방1화기,0
2020.07.01,화순군,이화명나방1화기,0
2020.07.16,강진군,이화명나방1화기,1
2020.07.16,고흥군,이화명나방1화기,0
2020.07.16,곡성군,이화명나방1화기,0
2020.07.16,광양시,이화명나방1화기,0
2020.07.16,구례군,이화명나방1화기,0
2020.07.16,나주시,이화명나방1화기,0
2020.07.16,담양군,이화명나방1화기,1
2020.07.16,무안군,이화명나방1화기,0
2020.07.16,보성군,이화명나방1화기,0
2020.07.16,순천시,이화명나방1화기,0
2020.07.16,신안군,이화명나방1화기,0
2020.07.16,여수시,이화명나방1화기,0
2020.07.16,영광군,이화명나방1화기,0
2020.07.16,영암군,이화명나방1화기,0
2020.07.16,완도군,이화명나방1화기,0
2020.07.16,장성군,이화명나방1화기,1
2020.07.16,장흥군,이화명나방1화기,1
2020.07.16,진도군,이화명나방1화기,0
2020.07.16,함평군,이화명나방1화기,0
2020.07.16,해남군,이화명나방1화기,0
2020.07.16,화순군,이화명나방1화기,0
2020.08.01,강진군,이화명나방1화기,0
2020.08.01,고흥군,이화명나방1화기,0
2020.08.01,곡성군,이화명나방1화기,0
2020.08.01,광양시,이화명나방1화기,0
2020.08.01,구례군,이화명나방1화기,0
2020.08.01,나주시,이화명나방1화기,0
2020.08.01,담양군,이화명나방1화기,0
2020.08.01,무안군,이화명나방1화기,0
2020.08.01,보성군,이화명나방1화기,0
2020.08.01,순천시,이화명나방1화기,0
2020.08.01,신안군,이화명나방1화기,0
2020.08.01,여수시,이화명나방1화기,0
2020.08.01,영광군,이화명나방1화기,0
2020.08.01,영암군,이화명나방1화기,0
2020.08.01,완도군,이화명나방1화기,0
2020.08.01,장성군,이화명나방1화기,0
2020.08.01,장흥군,이화명나방1화기,1
2020.08.01,진도군,이화명나방1화기,1
2020.08.01,함평군,이화명나방1화기,1
2020.08.01,해남군,이화명나방1화기,0
2020.08.01,화순군,이화명나방1화기,0
2020.08.16,강진군,이화명나방1화기,0
2020.08.16,고흥군,이화명나방1화기,0
2020.08.16,곡성군,이화명나방1화기,0
2020.08.16,광양시,이화명나방1화기,0
2020.08.16,구례군,이화명나방1화기,0
2020.08.16,나주시,이화명나방1화기,0
2020.08.16,담양군,이화명나방1화기,0
2020.08.16,무안군,이화명나방1화기,0
2020.08.16,보성군,이화명나방1화기,0
2020.08.16,순천시,이화명나방1화기,0
2020.08.16,신안군,이화명나방1화기,0
2020.08.16,여수시,이화명나방1화기,0
2020.08.16,영광군,이화명나방1화기,0
2020.08.16,영암군,이화명나방1화기,0
2020.08.16,완도군,이화명나방1화기,0
2020.08.16,장성군,이화명나방1화기,0
2020.08.16,장흥군,이화명나방1화기,0
2020.08.16,진도군,이화명나방1화기,0
2020.08.16,함평군,이화명나방1화기,0
2020.08.16,해남군,이화명나방1화기,0
2020.08.16,화순군,이화명나방1화기,0
2020.09.01,강진군,이화명나방1화기,0
2020.09.01,고흥군,이화명나방1화기,0
2020.09.01,곡성군,이화명나방1화기,0
2020.09.01,광양시,이화명나방1화기,0
2020.09.01,구례군,이화명나방1화기,0
2020.09.01,나주시,이화명나방1화기,0
2020.09.01,담양군,이화명나방1화기,0
2020.09.01,무안군,이화명나방1화기,0
2020.09.01,보성군,이화명나방1화기,1
2020.09.01,순천시,이화명나방1화기,0
2020.09.01,신안군,이화명나방1화기,0
2020.09.01,여수시,이화명나방1화기,0
2020.09.01,영광군,이화명나방1화기,0
2020.09.01,영암군,이화명나방1화기,0
2020.09.01,완도군,이화명나방1화기,0
2020.09.01,장성군,이화명나방1화기,0
2020.09.01,장흥군,이화명나방1화기,0
2020.09.01,진도군,이화명나방1화기,0
2020.09.01,함평군,이화명나방1화기,0
2020.09.01,해남군,이화명나방1화기,0
2020.09.01,화순군,이화명나방1화기,0
2020.09.16,강진군,이화명나방1화기,0
2020.09.16,고흥군,이화명나방1화기,0
2020.09.16,곡성군,이화명나방1화기,0
2020.09.16,광양시,이화명나방1화기,0
2020.09.16,구례군,이화명나방1화기,0
2020.09.16,나주시,이화명나방1화기,0
2020.09.16,담양군,이화명나방1화기,0
2020.09.16,무안군,이화명나방1화기,0
2020.09.16,보성군,이화명나방1화기,0
2020.09.16,순천시,이화명나방1화기,0
2020.09.16,신안군,이화명나방1화기,0
2020.09.16,여수시,이화명나방1화기,0
2020.09.16,영광군,이화명나방1화기,0
2020.09.16,영암군,이화명나방1화기,0
2020.09.16,완도군,이화명나방1화기,0
2020.09.16,장성군,이화명나방1화기,0
2020.09.16,장흥군,이화명나방1화기,0
2020.09.16,진도군,이화명나방1화기,0
2020.09.16,함평군,이화명나방1화기,0
2020.09.16,해남군,이화명나방1화기,0
2020.09.16,화순군,이화명나방1화기,0
2021.06.01,강진군,이화명나방1화기,0
2021.06.01,고흥군,이화명나방1화기,0
2021.06.01,곡성군,이화명나방1화기,0
2021.06.01,광양시,이화명나방1화기,0
2021.06.01,구례군,이화명나방1화기,0
2021.06.01,나주시,이화명나방1화기,0
2021.06.01,담양군,이화명나방1화기,0
2021.06.01,무안군,이화명나방1화기,0
2021.06.01,보성군,이화명나방1화기,0
2021.06.01,순천시,이화명나방1화기,0
2021.06.01,신안군,이화명나방1화기,0
2021.06.01,여수시,이화명나방1화기,0
2021.06.01,영암군,이화명나방1화기,0
2021.06.01,완도군,이화명나방1화기,0
2021.06.01,장성군,이화명나방1화기,0
2021.06.01,장흥군,이화명나방1화기,0
2021.06.01,진도군,이화명나방1화기,0
2021.06.01,함평군,이화명나방1화기,0
2021.06.01,해남군,이화명나방1화기,0
2021.06.01,화순군,이화명나방1화기,0
2021.06.16,강진군,이화명나방1화기,0
2021.06.16,고흥군,이화명나방1화기,0
2021.06.16,곡성군,이화명나방1화기,0
2021.06.16,광양시,이화명나방1화기,0
2021.06.16,구례군,이화명나방1화기,0
2021.06.16,나주시,이화명나방1화기,0
2021.06.16,담양군,이화명나방1화기,0
2021.06.16,무안군,이화명나방1화기,0
2021.06.16,보성군,이화명나방1화기,0
2021.06.16,순천시,이화명나방1화기,0
2021.06.16,신안군,이화명나방1화기,0
2021.06.16,여수시,이화명나방1화기,0
2021.06.16,영광군,이화명나방1화기,0
2021.06.16,영암군,이화명나방1화기,0
2021.06.16,완도군,이화명나방1화기,0
2021.06.16,장성군,이화명나방1화기,0
2021.06.16,장흥군,이화명나방1화기,0
2021.06.16,진도군,이화명나방1화기,0
2021.06.16,함평군,이화명나방1화기,0
2021.06.16,해남군,이화명나방1화기,0
2021.06.16,화순군,이화명나방1화기,0
2021.07.01,강진군,이화명나방1화기,0
2021.07.01,고흥군,이화명나방1화기,0
2021.07.01,곡성군,이화명나방1화기,0
2021.07.01,광양시,이화명나방1화기,0
2021.07.01,구례군,이화명나방1화기,0
2021.07.01,나주시,이화명나방1화기,0
2021.07.01,담양군,이화명나방1화기,0
2021.07.01,무안군,이화명나방1화기,0
2021.07.01,보성군,이화명나방1화기,0
2021.07.01,순천시,이화명나방1화기,0
2021.07.01,신안군,이화명나방1화기,0
2021.07.01,여수시,이화명나방1화기,0
2021.07.01,영광군,이화명나방1화기,0
2021.07.01,영암군,이화명나방1화기,0
2021.07.01,완도군,이화명나방1화기,0
2021.07.01,장성군,이화명나방1화기,1
2021.07.01,장흥군,이화명나방1화기,0
2021.07.01,진도군,이화명나방1화기,0
2021.07.01,함평군,이화명나방1화기,0
2021.07.01,해남군,이화명나방1화기,0
2021.07.01,화순군,이화명나방1화기,0
2021.07.16,강진군,이화명나방1화기,0
2021.07.16,고흥군,이화명나방1화기,0
2021.07.16,곡성군,이화명나방1화기,1
2021.07.16,광양시,이화명나방1화기,0
2021.07.16,구례군,이화명나방1화기,0
2021.07.16,나주시,이화명나방1화기,0
2021.07.16,담양군,이화명나방1화기,0
2021.07.16,무안군,이화명나방1화기,0
2021.07.16,보성군,이화명나방1화기,0
2021.07.16,순천시,이화명나방1화기,0
2021.07.16,신안군,이화명나방1화기,0
2021.07.16,여수시,이화명나방1화기,0
2021.07.16,영광군,이화명나방1화기,1
2021.07.16,영암군,이화명나방1화기,0
2021.07.16,완도군,이화명나방1화기,0
2021.07.16,장성군,이화명나방1화기,1
2021.07.16,장흥군,이화명나방1화기,1
2021.07.16,진도군,이화명나방1화기,1
2021.07.16,함평군,이화명나방1화기,0
2021.07.16,해남군,이화명나방1화기,0
2021.07.16,화순군,이화명나방1화기,0
2021.08.01,강진군,이화명나방1화기,0
2021.08.01,고흥군,이화명나방1화기,0
2021.08.01,곡성군,이화명나방1화기,1
2021.08.01,광양시,이화명나방1화기,0
2021.08.01,구례군,이화명나방1화기,0
2021.08.01,보성군,이화명나방1화기,0
2021.08.01,여수시,이화명나방1화기,0
2021.08.01,영암군,이화명나방1화기,0
2021.08.01,완도군,이화명나방1화기,0
2021.08.01,장성군,이화명나방1화기,1
2021.08.01,진도군,이화명나방1화기,1
2021.08.01,함평군,이화명나방1화기,0
2021.08.01,해남군,이화명나방1화기,0
2021.08.01,화순군,이화명나방1화기,0
2021.08.16,강진군,이화명나방1화기,0
2021.08.16,고흥군,이화명나방1화기,0
2021.08.16,곡성군,이화명나방1화기,0
2021.08.16,광양시,이화명나방1화기,0
2021.08.16,구례군,이화명나방1화기,0
2021.08.16,나주시,이화명나방1화기,0
2021.08.16,담양군,이화명나방1화기,0
2021.08.16,무안군,이화명나방1화기,0
2021.08.16,보성군,이화명나방1화기,0
2021.08.16,순천시,이화명나방1화기,0
2021.08.16,신안군,이화명나방1화기,0
2021.08.16,여수시,이화명나방1화기,0
2021.08.16,영광군,이화명나방1화기,0
2021.08.16,영암군,이화명나방1화기,0
2021.08.16,완도군,이화명나방1화기,0
2021.08.16,장성군,이화명나방1화기,1
2021.08.16,장흥군,이화명나방1화기,0
2021.08.16,진도군,이화명나방1화기,0
2021.08.16,함평군,이화명나방1화기,0
2021.08.16,해남군,이화명나방1화기,0
2021.08.16,화순군,이화명나방1화기,0
2021.09.01,강진군,이화명나방1화기,0
2021.09.01,고흥군,이화명나방1화기,0
2021.09.01,곡성군,이화명나방1화기,0
2021.09.01,광양시,이화명나방1화기,0
2021.09.01,구례군,이화명나방1화기,0
2021.09.01,담양군,이화명나방1화기,0
2021.09.01,무안군,이화명나방1화기,0
2021.09.01,보성군,이화명나방1화기,0
2021.09.01,순천시,이화명나방1화기,0
2021.09.01,신안군,이화명나방1화기,0
2021.09.01,여수시,이화명나방1화기,0
2021.09.01,영암군,이화명나방1화기,0
2021.09.01,완도군,이화명나방1화기,0
2021.09.01,장성군,이화명나방1화기,0
2021.09.01,장흥군,이화명나방1화기,0
2021.09.01,진도군,이화명나방1화기,0
2021.09.01,함평군,이화명나방1화기,0
2021.09.01,해남군,이화명나방1화기,0
2021.09.01,화순군,이화명나방1화기,0
2021.09.16,강진군,이화명나방1화기,0
2021.09.16,고흥군,이화명나방1화기,0
2021.09.16,곡성군,이화명나방1화기,0
2021.09.16,광양시,이화명나방1화기,0
2021.09.16,구례군,이화명나방1화기,0
2021.09.16,나주시,이화명나방1화기,0
2021.09.16,담양군,이화명나방1화기,0
2021.09.16,무안군,이화명나방1화기,0
2021.09.16,보성군,이화명나방1화기,0
2021.09.16,순천시,이화명나방1화기,0
2021.09.16,신안군,이화명나방1화기,0
2021.09.16,여수시,이화명나방1화기,0
2021.09.16,영광군,이화명나방1화기,0
2021.09.16,영암군,이화명나방1화기,0
2021.09.16,완도군,이화명나방1화기,0
2021.09.16,장성군,이화명나방1화기,0
2021.09.16,장흥군,이화명나방1화기,0
2021.09.16,진도군,이화명나방1화기,0
2021.09.16,함평군,이화명나방1화기,0
2021.09.16,해남군,이화명나방1화기,0
2021.09.16,화순군,이화명나방1화기,0
2022.06.01,강진군,이화명나방1화기,0
2022.06.01,고흥군,이화명나방1화기,0
2022.06.01,곡성군,이화명나방1화기,0
2022.06.01,광양시,이화명나방1화기,0
2022.06.01,구례군,이화명나방1화기,0
2022.06.01,나주시,이화명나방1화기,0
2022.06.01,담양군,이화명나방1화기,0
2022.06.01,무안군,이화명나방1화기,0
2022.06.01,보성군,이화명나방1화기,0
2022.06.01,순천시,이화명나방1화기,0
2022.06.01,신안군,이화명나방1화기,0
2022.06.01,여수시,이화명나방1화기,0
2022.06.01,영광군,이화명나방1화기,0
2022.06.01,영암군,이화명나방1화기,0
2022.06.01,완도군,이화명나방1화기,0
2022.06.01,장성군,이화명나방1화기,0
2022.06.01,장흥군,이화명나방1화기,0
2022.06.01,진도군,이화명나방1화기,0
2022.06.01,함평군,이화명나방1화기,0
2022.06.01,해남군,이화명나방1화기,0
2022.06.01,화순군,이화명나방1화기,0
2022.06.16,강진군,이화명나방1화기,0
2022.06.16,고흥군,이화명나방1화기,0
2022.06.16,곡성군,이화명나방1화기,0
2022.06.16,광양시,이화명나방1화기,0
2022.06.16,구례군,이화명나방1화기,0
2022.06.16,나주시,이화명나방1화기,0
2022.06.16,담양군,이화명나방1화기,0
2022.06.16,무안군,이화명나방1화기,0
2022.06.16,보성군,이화명나방1화기,0
2022.06.16,순천시,이화명나방1화기,0
2022.06.16,신안군,이화명나방1화기,0
2022.06.16,여수시,이화명나방1화기,0
2022.06.16,영광군,이화명나방1화기,0
2022.06.16,영암군,이화명나방1화기,0
2022.06.16,완도군,이화명나방1화기,0
2022.06.16,장성군,이화명나방1화기,0
2022.06.16,장흥군,이화명나방1화기,0
2022.06.16,진도군,이화명나방1화기,0
2022.06.16,함평군,이화명나방1화기,0
2022.06.16,해남군,이화명나방1화기,0
2022.06.16,화순군,이화명나방1화기,0
2022.07.01,강진군,이화명나방1화기,0
2022.07.01,고흥군,이화명나방1화기,0
2022.07.01,곡성군,이화명나방1화기,0
2022.07.01,광양시,이화명나방1화기,0
2022.07.01,구례군,이화명나방1화기,0
2022.07.01,나주시,이화명나방1화기,0
2022.07.01,담양군,이화명나방1화기,0
2022.07.01,무안군,이화명나방1화기,0
2022.07.01,보성군,이화명나방1화기,0
2022.07.01,순천시,이화명나방1화기,0
2022.07.01,신안군,이화명나방1화기,0
2022.07.01,여수시,이화명나방1화기,0
2022.07.01,영광군,이화명나방1화기,0
2022.07.01,영암군,이화명나방1화기,0
2022.07.01,완도군,이화명나방1화기,0
2022.07.01,장성군,이화명나방1화기,0
2022.07.01,장흥군,이화명나방1화기,0
2022.07.01,진도군,이화명나방1화기,0
2022.07.01,함평군,이화명나방1화기,0
2022.07.01,해남군,이화명나방1화기,0
2022.07.01,화순군,이화명나방1화기,0
2022.07.16,강진군,이화명나방1화기,0
2022.07.16,고흥군,이화명나방1화기,0
2022.07.16,곡성군,이화명나방1화기,0
2022.07.16,광양시,이화명나방1화기,0
2022.07.16,구례군,이화명나방1화기,0
2022.07.16,나주시,이화명나방1화기,0
2022.07.16,담양군,이화명나방1화기,0
2022.07.16,무안군,이화명나방1화기,0
2022.07.16,보성군,이화명나방1화기,0
2022.07.16,순천시,이화명나방1화기,0
2022.07.16,신안군,이화명나방1화기,0
2022.07.16,여수시,이화명나방1화기,0
2022.07.16,영광군,이화명나방1화기,1
2022.07.16,영암군,이화명나방1화기,0
2022.07.16,완도군,이화명나방1화기,0
2022.07.16,장성군,이화명나방1화기,1
2022.07.16,장흥군,이화명나방1화기,0
2022.07.16,진도군,이화명나방1화기,1
2022.07.16,함평군,이화명나방1화기,0
2022.07.16,해남군,이화명나방1화기,0
2022.07.16,화순군,이화명나방1화기,0
2022.08.01,강진군,이화명나방1화기,0
2022.08.01,고흥군,이화명나방1화기,0
2022.08.01,곡성군,이화명나방1화기,0
2022.08.01,광양시,이화명나방1화기,0
2022.08.01,구례군,이화명나방1화기,0
2022.08.01,나주시,이화명나방1화기,0
2022.08.01,담양군,이화명나방1화기,0
2022.08.01,무안군,이화명나방1화기,0
2022.08.01,보성군,이화명나방1화기,0
2022.08.01,순천시,이화명나방1화기,0
2022.08.01,신안군,이화명나방1화기,0
2022.08.01,여수시,이화명나방1화기,0
2022.08.01,영광군,이화명나방1화기,0
2022.08.01,영암군,이화명나방1화기,0
2022.08.01,완도군,이화명나방1화기,0
2022.08.01,장성군,이화명나방1화기,1
2022.08.01,장흥군,이화명나방1화기,1
2022.08.01,진도군,이화명나방1화기,0
2022.08.01,함평군,이화명나방1화기,0
2022.08.01,화순군,이화명나방1화기,0
2022.08.16,강진군,이화명나방1화기,0
2022.08.16,고흥군,이화명나방1화기,0
2022.08.16,광양시,이화명나방1화기,0
2022.08.16,구례군,이화명나방1화기,0
2022.08.16,담양군,이화명나방1화기,0
2022.08.16,무안군,이화명나방1화기,0
2022.08.16,보성군,이화명나방1화기,0
2022.08.16,순천시,이화명나방1화기,0
2022.08.16,여수시,이화명나방1화기,0
2022.08.16,영암군,이화명나방1화기,0
2022.08.16,완도군,이화명나방1화기,0
2022.08.16,장성군,이화명나방1화기,0
2022.08.16,장흥군,이화명나방1화기,1
2022.08.16,진도군,이화명나방1화기,0
2022.08.16,함평군,이화명나방1화기,0
2022.08.16,해남군,이화명나방1화기,0
2022.08.16,화순군,이화명나방1화기,0
2022.09.01,강진군,이화명나방1화기,0
2022.09.01,고흥군,이화명나방1화기,0
2022.09.01,곡성군,이화명나방1화기,0
2022.09.01,광양시,이화명나방1화기,0
2022.09.01,구례군,이화명나방1화기,0
2022.09.01,담양군,이화명나방1화기,0
2022.09.01,보성군,이화명나방1화기,0
2022.09.01,순천시,이화명나방1화기,0
2022.09.01,신안군,이화명나방1화기,0
2022.09.01,여수시,이화명나방1화기,0
2022.09.01,영암군,이화명나방1화기,0
2022.09.01,완도군,이화명나방1화기,0
2022.09.01,장성군,이화명나방1화기,1
2022.09.01,장흥군,이화명나방1화기,0
2022.09.01,진도군,이화명나방1화기,0
2022.09.01,해남군,이화명나방1화기,0
2022.09.01,화순군,이화명나방1화기,0
2022.09.16,강진군,이화명나방1화기,0
2022.09.16,고흥군,이화명나방1화기,0
2022.09.16,곡성군,이화명나방1화기,0
2022.09.16,광양시,이화명나방1화기,0
2022.09.16,구례군,이화명나방1화기,0
2022.09.16,나주시,이화명나방1화기,0
2022.09.16,담양군,이화명나방1화기,0
2022.09.16,무안군,이화명나방1화기,0
2022.09.16,보성군,이화명나방1화기,0
2022.09.16,순천시,이화명나방1화기,0
2022.09.16,신안군,이화명나방1화기,0
2022.09.16,여수시,이화명나방1화기,0
2022.09.16,영광군,이화명나방1화기,0
2022.09.16,완도군,이화명나방1화기,0
2022.09.16,장성군,이화명나방1화기,0
2022.09.16,장흥군,이화명나방1화기,0
2022.09.16,진도군,이화명나방1화기,0
2022.09.16,함평군,이화명나방1화기,0
2022.09.16,해남군,이화명나방1화기,0
2022.09.16,화순군,이화명나방1화기,0
2023.06.01,강진군,이화명나방1화기,0
2023.06.01,곡성군,이화명나방1화기,0
2023.06.01,광양시,이화명나방1화기,0
2023.06.01,구례군,이화명나방1화기,0
2023.06.01,나주시,이화명나방1화기,0
2023.06.01,담양군,이화명나방1화기,0
2023.06.01,무안군,이화명나방1화기,0
2023.06.01,보성군,이화명나방1화기,0
2023.06.01,순천시,이화명나방1화기,0
2023.06.01,신안군,이화명나방1화기,0
2023.06.01,여수시,이화명나방1화기,0
2023.06.01,영광군,이화명나방1화기,0
2023.06.01,영암군,이화명나방1화기,0
2023.06.01,완도군,이화명나방1화기,0
2023.06.01,장성군,이화명나방1화기,0
2023.06.01,장흥군,이화명나방1화기,0
2023.06.01,진도군,이화명나방1화기,0
2023.06.01,함평군,이화명나방1화기,0
2023.06.01,해남군,이화명나방1화기,0
2023.06.01,화순군,이화명나방1화기,0
2023.06.16,강진군,이화명나방1화기,0
2023.06.16,곡성군,이화명나방1화기,0
2023.06.16,광양시,이화명나방1화기,0
2023.06.16,구례군,이화명나방1화기,0
2023.06.16,나주시,이화명나방1화기,0
2023.06.16,담양군,이화명나방1화기,0
2023.06.16,무안군,이화명나방1화기,0
2023.06.16,보성군,이화명나방1화기,0
2023.06.16,순천시,이화명나방1화기,0
2023.06.16,신안군,이화명나방1화기,0
2023.06.16,여수시,이화명나방1화기,0
2023.06.16,영광군,이화명나방1화기,0
2023.06.16,영암군,이화명나방1화기,0
2023.06.16,완도군,이화명나방1화기,0
2023.06.16,장성군,이화명나방1화기,0
2023.06.16,장흥군,이화명나방1화기,0
2023.06.16,진도군,이화명나방1화기,0
2023.06.16,함평군,이화명나방1화기,0
2023.06.16,해남군,이화명나방1화기,0
2023.06.16,화순군,이화명나방1화기,0
2023.07.01,강진군,이화명나방1화기,0
2023.07.01,고흥군,이화명나방1화기,0
2023.07.01,곡성군,이화명나방1화기,0
2023.07.01,광양시,이화명나방1화기,0
2023.07.01,구례군,이화명나방1화기,0
2023.07.01,나주시,이화명나방1화기,0
2023.07.01,담양군,이화명나방1화기,0
2023.07.01,무안군,이화명나방1화기,0
2023.07.01,보성군,이화명나방1화기,0
2023.07.01,순천시,이화명나방1화기,0
2023.07.01,신안군,이화명나방1화기,0
2023.07.01,여수시,이화명나방1화기,0
2023.07.01,영광군,이화명나방1화기,0
2023.07.01,영암군,이화명나방1화기,0
2023.07.01,완도군,이화명나방1화기,0
2023.07.01,장성군,이화명나방1화기,1
2023.07.01,장흥군,이화명나방1화기,0
2023.07.01,진도군,이화명나방1화기,0
2023.07.01,함평군,이화명나방1화기,0
2023.07.01,해남군,이화명나방1화기,0
2023.07.01,화순군,이화명나방1화기,0
2023.07.16,강진군,이화명나방1화기,0
2023.07.16,고흥군,이화명나방1화기,0
2023.07.16,곡성군,이화명나방1화기,0
2023.07.16,광양시,이화명나방1화기,0
2023.07.16,구례군,이화명나방1화기,0
2023.07.16,나주시,이화명나방1화기,0
2023.07.16,담양군,이화명나방1화기,0
2023.07.16,무안군,이화명나방1화기,0
2023.07.16,보성군,이화명나방1화기,0
2023.07.16,순천시,이화명나방1화기,0
2023.07.16,신안군,이화명나방1화기,0
2023.07.16,여수시,이화명나방1화기,0
2023.07.16,영광군,이화명나방1화기,0
2023.07.16,영암군,이화명나방1화기,0
2023.07.16,완도군,이화명나방1화기,0
2023.07.16,장성군,이화명나방1화기,1
2023.07.16,장흥군,이화명나방1화기,0
2023.07.16,진도군,이화명나방1화기,1
2023.07.16,함평군,이화명나방1화기,0
2023.07.16,해남군,이화명나방1화기,0
2023.07.16,화순군,이화명나방1화기,0
2023.08.01,강진군,이화명나방1화기,0
2023.08.01,고흥군,이화명나방1화기,0
2023.08.01,곡성군,이화명나방1화기,0
2023.08.01,광양시,이화명나방1화기,0
2023.08.01,구례군,이화명나방1화기,0
2023.08.01,나주시,이화명나방1화기,0
2023.08.01,담양군,이화명나방1화기,0
2023.08.01,무안군,이화명나방1화기,0
2023.08.01,보성군,이화명나방1화기,0
2023.08.01,순천시,이화명나방1화기,0
2023.08.01,신안군,이화명나방1화기,1
2023.08.01,여수시,이화명나방1화기,0
2023.08.01,영광군,이화명나방1화기,0
2023.08.01,영암군,이화명나방1화기,0
2023.08.01,완도군,이화명나방1화기,0
2023.08.01,장성군,이화명나방1화기,0
2023.08.01,장흥군,이화명나방1화기,0
2023.08.01,진도군,이화명나방1화기,1
2023.08.01,함평군,이화명나방1화기,0
2023.08.01,해남군,이화명나방1화기,0
2023.08.01,화순군,이화명나방1화기,0
2023.08.16,강진군,이화명나방1화기,0
2023.08.16,고흥군,이화명나방1화기,0
2023.08.16,곡성군,이화명나방1화기,0
2023.08.16,광양시,이화명나방1화기,0
2023.08.16,구례군,이화명나방1화기,0
2023.08.16,나주시,이화명나방1화기,0
2023.08.16,담양군,이화명나방1화기,0
2023.08.16,무안군,이화명나방1화기,0
2023.08.16,보성군,이화명나방1화기,0
2023.08.16,순천시,이화명나방1화기,0
2023.08.16,신안군,이화명나방1화기,1
2023.08.16,여수시,이화명나방1화기,0
2023.08.16,영광군,이화명나방1화기,0
2023.08.16,영암군,이화명나방1화기,0
2023.08.16,완도군,이화명나방1화기,1
2023.08.16,장성군,이화명나방1화기,0
2023.08.16,장흥군,이화명나방1화기,0
2023.08.16,진도군,이화명나방1화기,0
2023.08.16,함평군,이화명나방1화기,0
2023.08.16,해남군,이화명나방1화기,0
2023.08.16,화순군,이화명나방1화기,0
2023.09.01,강진군,이화명나방1화기,0
2023.09.01,고흥군,이화명나방1화기,0
2023.09.01,곡성군,이화명나방1화기,0
2023.09.01,광양시,이화명나방1화기,0
2023.09.01,구례군,이화명나방1화기,0
2023.09.01,나주시,이화명나방1화기,0
2023.09.01,담양군,이화명나방1화기,0
2023.09.01,무안군,이화명나방1화기,0
2023.09.01,보성군,이화명나방1화기,0
2023.09.01,순천시,이화명나방1화기,1
2023.09.01,신안군,이화명나방1화기,0
2023.09.01,여수시,이화명나방1화기,0
2023.09.01,영광군,이화명나방1화기,0
2023.09.01,영암군,이화명나방1화기,0
2023.09.01,완도군,이화명나방1화기,0
2023.09.01,장성군,이화명나방1화기,0
2023.09.01,장흥군,이화명나방1화기,0
2023.09.01,진도군,이화명나방1화기,0
2023.09.01,함평군,이화명나방1화기,0
2023.09.01,해남군,이화명나방1화기,1
2023.09.01,화순군,이화명나방1화기,0
2023.09.16,강진군,이화명나방1화기,0
2023.09.16,고흥군,이화명나방1화기,0
2023.09.16,곡성군,이화명나방1화기,0
2023.09.16,광양시,이화명나방1화기,0
2023.09.16,구례군,이화명나방1화기,0
2023.09.16,나주시,이화명나방1화기,0
2023.09.16,담양군,이화명나방1화기,0
2023.09.16,무안군,이화명나방1화기,0
2023.09.16,보성군,이화명나방1화기,0
2023.09.16,순천시,이화명나방1화기,0
2023.09.16,신안군,이화명나방1화기,0
2023.09.16,여수시,이화명나방1화기,0
2023.09.16,영광군,이화명나방1화기,0
2023.09.16,영암군,이화명나방1화기,0
2023.09.16,완도군,이화명나방1화기,0
2023.09.16,장성군,이화명나방1화기,0
2023.09.16,장흥군,이화명나방1화기,0
2023.09.16,진도군,이화명나방1화기,0
2023.09.16,함평군,이화명나방1화기,0
2023.09.16,해남군,이화명나방1화기,0
2023.09.16,화순군,이화명나방1화기,0
2024.06.01,강진군,이화명나방1화기,0
2024.06.01,고흥군,이화명나방1화기,0
2024.06.01,광양시,이화명나방1화기,0
2024.06.01,구례군,이화명나방1화기,0
2024.06.01,나주시,이화명나방1화기,0
2024.06.01,무안군,이화명나방1화기,0
2024.06.01,보성군,이화명나방1화기,0
2024.06.01,순천시,이화명나방1화기,0
2024.06.01,신안군,이화명나방1화기,0
2024.06.01,여수시,이화명나방1화기,0
2024.06.01,영암군,이화명나방1화기,0
2024.06.01,완도군,이화명나방1화기,0
2024.06.01,장성군,이화명나방1화기,0
2024.06.01,장흥군,이화명나방1화기,0
2024.06.01,진도군,이화명나방1화기,0
2024.06.01,해남군,이화명나방1화기,0
2024.06.01,화순군,이화명나방1화기,0
2024.06.16,강진군,이화명나방1화기,0
2024.06.16,고흥군,이화명나방1화기,0
2024.06.16,광양시,이화명나방1화기,0
2024.06.16,구례군,이화명나방1화기,0
2024.06.16,나주시,이화명나방1화기,0
2024.06.16,담양군,이화명나방1화기,0
2024.06.16,무안군,이화명나방1화기,0
2024.06.16,보성군,이화명나방1화기,0
2024.06.16,순천시,이화명나방1화기,0
2024.06.16,신안군,이화명나방1화기,0
2024.06.16,여수시,이화명나방1화기,0
2024.06.16,영광군,이화명나방1화기,0
2024.06.16,영암군,이화명나방1화기,0
2024.06.16,완도군,이화명나방1화기,0
2024.06.16,장성군,이화명나방1화기,0
2024.06.16,장흥군,이화명나방1화기,0
2024.06.16,진도군,이화명나방1화기,0
2024.06.16,해남군,이화명나방1화기,0
2024.06.16,화순군,이화명나방1화기,0
2024.07.01,강진군,이화명나방1화기,0
2024.07.01,고흥군,이화명나방1화기,0
2024.07.01,곡성군,이화명나방1화기,0
2024.07.01,광양시,이화명나방1화기,0
2024.07.01,구례군,이화명나방1화기,0
2024.07.01,나주시,이화명나방1화기,0
2024.07.01,담양군,이화명나방1화기,0
2024.07.01,무안군,이화명나방1화기,0
2024.07.01,보성군,이화명나방1화기,0
2024.07.01,순천시,이화명나방1화기,0
2024.07.01,신안군,이화명나방1화기,0
2024.07.01,여수시,이화명나방1화기,0
2024.07.01,영광군,이화명나방1화기,0
2024.07.01,영암군,이화명나방1화기,0
2024.07.01,완도군,이화명나방1화기,0
2024.07.01,장성군,이화명나방1화기,0
2024.07.01,장흥군,이화명나방1화기,0
2024.07.01,진도군,이화명나방1화기,0
2024.07.01,함평군,이화명나방1화기,0
2024.07.01,해남군,이화명나방1화기,0
2024.07.01,화순군,이화명나방1화기,0
2024.07.16,강진군,이화명나방1화기,0
2024.07.16,고흥군,이화명나방1화기,0
2024.07.16,곡성군,이화명나방1화기,0
2024.07.16,광양시,이화명나방1화기,0
2024.07.16,구례군,이화명나방1화기,0
2024.07.16,나주시,이화명나방1화기,0
2024.07.16,담양군,이화명나방1화기,0
2024.07.16,무안군,이화명나방1화기,0
2024.07.16,보성군,이화명나방1화기,0
2024.07.16,순천시,이화명나방1화기,0
2024.07.16,신안군,이화명나방1화기,0
2024.07.16,여수시,이화명나방1화기,0
2024.07.16,영광군,이화명나방1화기,0
2024.07.16,영암군,이화명나방1화기,1
2024.07.16,완도군,이화명나방1화기,0
2024.07.16,장성군,이화명나방1화기,0
2024.07.16,장흥군,이화명나방1화기,0
2024.07.16,진도군,이화명나방1화기,1
2024.07.16,함평군,이화명나방1화기,0
2024.07.16,해남군,이화명나방1화기,0
2024.07.16,화순군,이화명나방1화기,0
2024.08.01,강진군,이화명나방1화기,0
2024.08.01,고흥군,이화명나방1화기,0
2024.08.01,곡성군,이화명나방1화기,0
2024.08.01,광양시,이화명나방1화기,0
2024.08.01,구례군,이화명나방1화기,0
2024.08.01,나주시,이화명나방1화기,0
2024.08.01,담양군,이화명나방1화기,0
2024.08.01,무안군,이화명나방1화기,0
2024.08.01,보성군,이화명나방1화기,0
2024.08.01,순천시,이화명나방1화기,0
2024.08.01,신안군,이화명나방1화기,0
2024.08.01,여수시,이화명나방1화기,0
2024.08.01,영광군,이화명나방1화기,0
2024.08.01,영암군,이화명나방1화기,0
2024.08.01,완도군,이화명나방1화기,0
2024.08.01,장성군,이화명나방1화기,0
2024.08.01,장흥군,이화명나방1화기,1
2024.08.01,진도군,이화명나방1화기,1
2024.08.01,함평군,이화명나방1화기,0
2024.08.01,해남군,이화명나방1화기,0
2024.08.01,화순군,이화명나방1화기,0
2024.08.16,강진군,이화명나방1화기,0
2024.08.16,고흥군,이화명나방1화기,0
2024.08.16,곡성군,이화명나방1화기,0
2024.08.16,광양시,이화명나방1화기,0
2024.08.16,구례군,이화명나방1화기,0
2024.08.16,나주시,이화명나방1화기,0
2024.08.16,담양군,이화명나방1화기,0
2024.08.16,무안군,이화명나방1화기,0
2024.08.16,보성군,이화명나방1화기,0
2024.08.16,순천시,이화명나방1화기,0
2024.08.16,신안군,이화명나방1화기,0
2024.08.16,여수시,이화명나방1화기,0
2024.08.16,영광군,이화명나방1화기,0
2024.08.16,영암군,이화명나방1화기,0
2024.08.16,완도군,이화명나방1화기,0
2024.08.16,장성군,이화명나방1화기,0
2024.08.16,장흥군,이화명나방1화기,1
2024.08.16,진도군,이화명나방1화기,0
2024.08.16,함평군,이화명나방1화기,0
2024.08.16,해남군,이화명나방1화기,0
2024.08.16,화순군,이화명나방1화기,0
2024.09.01,강진군,이화명나방1화기,0
2024.09.01,고흥군,이화명나방1화기,0
2024.09.01,곡성군,이화명나방1화기,0
2024.09.01,광양시,이화명나방1화기,0
2024.09.01,구례군,이화명나방1화기,0
2024.09.01,나주시,이화명나방1화기,0
2024.09.01,담양군,이화명나방1화기,0
2024.09.01,무안군,이화명나방1화기,0
2024.09.01,보성군,이화명나방1화기,0
2024.09.01,순천시,이화명나방1화기,0
2024.09.01,신안군,이화명나방1화기,0
2024.09.01,여수시,이화명나방1화기,0
2024.09.01,영광군,이화명나방1화기,0
2024.09.01,영암군,이화명나방1화기,0
2024.09.01,완도군,이화명나방1화기,0
2024.09.01,장성군,이화명나방1화기,0
2024.09.01,장흥군,이화명나방1화기,0
2024.09.01,진도군,이화명나방1화기,0
2024.09.01,함평군,이화명나방1화기,0
2024.09.01,해남군,이화명나방1화기,0
2024.09.01,화순군,이화명나방1화기,0
2024.09.16,강진군,이화명나방1화기,0
2024.09.16,고흥군,이화명나방1화기,0
2024.09.16,곡성군,이화명나방1화기,0
2024.09.16,광양시,이화명나방1화기,0
2024.09.16,구례군,이화명나방1화기,0
2024.09.16,나주시,이화명나방1화기,0
2024.09.16,담양군,이화명나방1화기,0
2024.09.16,무안군,이화명나방1화기,0
2024.09.16,보성군,이화명나방1화기,0
2024.09.16,순천시,이화명나방1화기,0
2024.09.16,신안군,이화명나방1화기,0
2024.09.16,여수시,이화명나방1화기,0
2024.09.16,영광군,이화명나방1화기,0
2024.09.16,영암군,이화명나방1화기,0
2024.09.16,완도군,이화명나방1화기,0
2024.09.16,장성군,이화명나방1화기,1
2024.09.16,장흥군,이화명나방1화기,0
2024.09.16,진도군,이화명나방1화기,0
2024.09.16,함평군,이화명나방1화기,0
2024.09.16,해남군,이화명나방1화기,0
2024.09.16,화순군,이화명나방1화기,0
2025.06.01,강진군,이화명나방1화기,0
2025.06.01,고흥군,이화명나방1화기,0
2025.06.01,곡성군,이화명나방1화기,0
2025.06.01,광양시,이화명나방1화기,0
2025.06.01,구례군,이화명나방1화기,0
2025.06.01,나주시,이화명나방1화기,0
2025.06.01,담양군,이화명나방1화기,0
2025.06.01,무안군,이화명나방1화기,0
2025.06.01,보성군,이화명나방1화기,0
2025.06.01,순천시,이화명나방1화기,0
2025.06.01,신안군,이화명나방1화기,0
2025.06.01,여수시,이화명나방1화기,0
2025.06.01,영광군,이화명나방1화기,0
2025.06.01,영암군,이화명나방1화기,0
2025.06.01,완도군,이화명나방1화기,0
2025.06.01,장성군,이화명나방1화기,0
2025.06.01,장흥군,이화명나방1화기,0
2025.06.01,진도군,이화명나방1화기,0
2025.06.01,함평군,이화명나방1화기,0
2025.06.01,해남군,이화명나방1화기,0
2025.06.01,화순군,이화명나방1화기,0
2025.06.16,강진군,이화명나방1화기,0
2025.06.16,고흥군,이화명나방1화기,0
2025.06.16,곡성군,이화명나방1화기,0
2025.06.16,광양시,이화명나방1화기,0
2025.06.16,구례군,이화명나방1화기,0
2025.06.16,나주시,이화명나방1화기,0
2025.06.16,담양군,이화명나방1화기,0
2025.06.16,무안군,이화명나방1화기,0
2025.06.16,보성군,이화명나방1화기,0
2025.06.16,순천시,이화명나방1화기,0
2025.06.16,신안군,이화명나방1화기,0
2025.06.16,여수시,이화명나방1화기,0
2025.06.16,영광군,이화명나방1화기,0
2025.06.16,영암군,이화명나방1화기,0
2025.06.16,완도군,이화명나방1화기,0
2025.06.16,장성군,이화명나방1화기,0
2025.06.16,장흥군,이화명나방1화기,0
2025.06.16,진도군,이화명나방1화기,0
2025.06.16,함평군,이화명나방1화기,0
2025.06.16,해남군,이화명나방1화기,0
2025.06.16,화순군,이화명나방1화기,0
2025.07.01,강진군,이화명나방1화기,0
2025.07.01,고흥군,이화명나방1화기,0
2025.07.01,곡성군,이화명나방1화기,1
2025.07.01,광양시,이화명나방1화기,0
2025.07.01,구례군,이화명나방1화기,0
2025.07.01,나주시,이화명나방1화기,0
2025.07.01,담양군,이화명나방1화기,0
2025.07.01,무안군,이화명나방1화기,0
2025.07.01,보성군,이화명나방1화기,0
2025.07.01,순천시,이화명나방1화기,0
2025.07.01,신안군,이화명나방1화기,0
2025.07.01,여수시,이화명나방1화기,0
2025.07.01,영광군,이화명나방1화기,0
2025.07.01,영암군,이화명나방1화기,1
2025.07.01,완도군,이화명나방1화기,0
2025.07.01,장성군,이화명나방1화기,0
2025.07.01,진도군,이화명나방1화기,0
2025.07.01,함평군,이화명나방1화기,0
2025.07.01,해남군,이화명나방1화기,0
2025.07.01,화순군,이화명나방1화기,0
2025.07.16,강진군,이화명나방1화기,0
2025.07.16,고흥군,이화명나방1화기,0
2025.07.16,곡성군,이화명나방1화기,0
2025.07.16,광양시,이화명나방1화기,0
2025.07.16,구례군,이화명나방1화기,0
2025.07.16,나주시,이화명나방1화기,0
2025.07.16,담양군,이화명나방1화기,0
2025.07.16,무안군,이화명나방1화기,0
2025.07.16,보성군,이화명나방1화기,0
2025.07.16,순천시,이화명나방1화기,1
2025.07.16,신안군,이화명나방1화기,0
2025.07.16,여수시,이화명나방1화기,0
2025.07.16,영광군,이화명나방1화기,0
2025.07.16,영암군,이화명나방1화기,0
2025.07.16,완도군,이화명나방1화기,0
2025.07.16,장성군,이화명나방1화기,0
2025.07.16,장흥군,이화명나방1화기,0
2025.07.16,진도군,이화명나방1화기,1
2025.07.16,함평군,이화명나방1화기,0
2025.07.16,해남군,이화명나방1화기,0
2025.07.16,화순군,이화명나방1화기,0
2025.08.01,강진군,이화명나방1화기,0
2025.08.01,고흥군,이화명나방1화기,0
2025.08.01,광양시,이화명나방1화기,0
2025.08.01,구례군,이화명나방1화기,0
2025.08.01,담양군,이화명나방1화기,0
2025.08.01,무안군,이화명나방1화기,0
2025.08.01,보성군,이화명나방1화기,0
2025.08.01,신안군,이화명나방1화기,0
2025.08.01,여수시,이화명나방1화기,0
2025.08.01,영광군,이화명나방1화기,0
2025.08.01,영암군,이화명나방1화기,0
2025.08.01,완도군,이화명나방1화기,0
2025.08.01,장성군,이화명나방1화기,0
2025.08.01,장흥군,이화명나방1화기,0
2025.08.01,진도군,이화명나방1화기,0
2025.08.01,함평군,이화명나방1화기,0
2025.08.01,해남군,이화명나방1화기,0
2025.08.01,화순군,이화명나방1화기,0
2025.08.16,강진군,이화명나방1화기,0
2025.08.16,고흥군,이화명나방1화기,0
2025.08.16,곡성군,이화명나방1화기,0
2025.08.16,광양시,이화명나방1화기,0
2025.08.16,구례군,이화명나방1화기,0
2025.08.16,나주시,이화명나방1화기,0
2025.08.16,담양군,이화명나방1화기,1
2025.08.16,무안군,이화명나방1화기,0
2025.08.16,보성군,이화명나방1화기,0
2025.08.16,순천시,이화명나방1화기,0
2025.08.16,신안군,이화명나방1화기,0
2025.08.16,여수시,이화명나방1화기,0
2025.08.16,영광군,이화명나방1화기,0
2025.08.16,영암군,이화명나방1화기,0
2025.08.16,완도군,이화명나방1화기,0
2025.08.16,장성군,이화명나방1화기,0
2025.08.16,장흥군,이화명나방1화기,0
2025.08.16,진도군,이화명나방1화기,0
2025.08.16,함평군,이화명나방1화기,0
2025.08.16,해남군,이화명나방1화기,0
2025.08.16,화순군,이화명나방1화기,0
2025.09.01,강진군,이화명나방1화기,0
2025.09.01,고흥군,이화명나방1화기,0
2025.09.01,곡성군,이화명나방1화기,0
2025.09.01,광양시,이화명나방1화기,0
2025.09.01,구례군,이화명나방1화기,0
2025.09.01,나주시,이화명나방1화기,0
2025.09.01,담양군,이화명나방1화기,0
2025.09.01,무안군,이화명나방1화기,0
2025.09.01,보성군,이화명나방1화기,0
2025.09.01,순천시,이화명나방1화기,0
2025.09.01,신안군,이화명나방1화기,0
2025.09.01,여수시,이화명나방1화기,0
2025.09.01,영광군,이화명나방1화기,0
2025.09.01,영암군,이화명나방1화기,0
2025.09.01,완도군,이화명나방1화기,0
2025.09.01,장성군,이화명나방1화기,0
2025.09.01,장흥군,이화명나방1화기,0
2025.09.01,진도군,이화명나방1화기,0
2025.09.01,함평군,이화명나방1화기,0
2025.09.01,해남군,이화명나방1화기,0
2025.09.01,화순군,이화명나방1화기,0
2025.09.16,강진군,이화명나방1화기,0
2025.09.16,고흥군,이화명나방1화기,0
2025.09.16,곡성군,이화명나방1화기,0
2025.09.16,광양시,이화명나방1화기,0
2025.09.16,구례군,이화명나방1화기,0
2025.09.16,나주시,이화명나방1화기,0
2025.09.16,담양군,이화명나방1화기,0
2025.09.16,무안군,이화명나방1화기,0
2025.09.16,보성군,이화명나방1화기,0
2025.09.16,순천시,이화명나방1화기,0
2025.09.16,신안군,이화명나방1화기,0
2025.09.16,여수시,이화명나방1화기,0
2025.09.16,영광군,이화명나방1화기,0
2025.09.16,영암군,이화명나방1화기,0
2025.09.16,완도군,이화명나방1화기,0
2025.09.16,장성군,이화명나방1화기,0
2025.09.16,장흥군,이화명나방1화기,0
2025.09.16,진도군,이화명나방1화기,0
2025.09.16,함평군,이화명나방1화기,0
2025.09.16,해남군,이화명나방1화기,0
2025.09.16,화순군,이화명나방1화기,0
2014.09.16,강진군,이화명나방2화기,0
2014.09.16,고흥군,이화명나방2화기,0
2014.09.16,곡성군,이화명나방2화기,0
2014.09.16,광양시,이화명나방2화기,0
2014.09.16,구례군,이화명나방2화기,0
2014.09.16,나주시,이화명나방2화기,0
2014.09.16,담양군,이화명나방2화기,0
2014.09.16,무안군,이화명나방2화기,0
2014.09.16,보성군,이화명나방2화기,0
2014.09.16,순천시,이화명나방2화기,0
2014.09.16,신안군,이화명나방2화기,0
2014.09.16,여수시,이화명나방2화기,0
2014.09.16,영광군,이화명나방2화기,0
2014.09.16,영암군,이화명나방2화기,0
2014.09.16,완도군,이화명나방2화기,0
2014.09.16,장성군,이화명나방2화기,0
2014.09.16,장흥군,이화명나방2화기,0
2014.09.16,진도군,이화명나방2화기,0
2014.09.16,함평군,이화명나방2화기,0
2014.09.16,해남군,이화명나방2화기,0
2014.09.16,화순군,이화명나방2화기,0
2015.06.16,강진군,이화명나방2화기,0
2015.06.16,고흥군,이화명나방2화기,0
2015.06.16,곡성군,이화명나방2화기,0
2015.06.16,광양시,이화명나방2화기,0
2015.06.16,구례군,이화명나방2화기,0
2015.06.16,나주시,이화명나방2화기,0
2015.06.16,담양군,이화명나방2화기,0
2015.06.16,무안군,이화명나방2화기,0
2015.06.16,보성군,이화명나방2화기,0
2015.06.16,순천시,이화명나방2화기,0
2015.06.16,신안군,이화명나방2화기,0
2015.06.16,여수시,이화명나방2화기,0
2015.06.16,영광군,이화명나방2화기,0
2015.06.16,영암군,이화명나방2화기,0
2015.06.16,완도군,이화명나방2화기,0
2015.06.16,장성군,이화명나방2화기,0
2015.06.16,장흥군,이화명나방2화기,0
2015.06.16,진도군,이화명나방2화기,0
2015.06.16,함평군,이화명나방2화기,0
2015.06.16,해남군,이화명나방2화기,0
2015.06.16,화순군,이화명나방2화기,0
2015.07.01,강진군,이화명나방2화기,0
2015.07.01,고흥군,이화명나방2화기,0
2015.07.01,곡성군,이화명나방2화기,0
2015.07.01,광양시,이화명나방2화기,0
2015.07.01,구례군,이화명나방2화기,0
2015.07.01,나주시,이화명나방2화기,0
2015.07.01,담양군,이화명나방2화기,0
2015.07.01,무안군,이화명나방2화기,0
2015.07.01,보성군,이화명나방2화기,0
2015.07.01,순천시,이화명나방2화기,0
2015.07.01,신안군,이화명나방2화기,0
2015.07.01,여수시,이화명나방2화기,0
2015.07.01,영광군,이화명나방2화기,0
2015.07.01,영암군,이화명나방2화기,0
2015.07.01,완도군,이화명나방2화기,0
2015.07.01,장성군,이화명나방2화기,0
2015.07.01,장흥군,이화명나방2화기,0
2015.07.01,진도군,이화명나방2화기,0
2015.07.01,함평군,이화명나방2화기,0
2015.07.01,해남군,이화명나방2화기,0
2015.07.01,화순군,이화명나방2화기,0
2015.07.16,강진군,이화명나방2화기,0
2015.07.16,고흥군,이화명나방2화기,0
2015.07.16,곡성군,이화명나방2화기,0
2015.07.16,광양시,이화명나방2화기,0
2015.07.16,구례군,이화명나방2화기,0
2015.07.16,나주시,이화명나방2화기,0
2015.07.16,담양군,이화명나방2화기,0
2015.07.16,무안군,이화명나방2화기,0
2015.07.16,보성군,이화명나방2화기,0
2015.07.16,순천시,이화명나방2화기,0
2015.07.16,신안군,이화명나방2화기,0
2015.07.16,여수시,이화명나방2화기,0
2015.07.16,영광군,이화명나방2화기,0
2015.07.16,영암군,이화명나방2화기,0
2015.07.16,완도군,이화명나방2화기,0
2015.07.16,장성군,이화명나방2화기,0
2015.07.16,장흥군,이화명나방2화기,0
2015.07.16,진도군,이화명나방2화기,0
2015.07.16,함평군,이화명나방2화기,0
2015.07.16,해남군,이화명나방2화기,0
2015.07.16,화순군,이화명나방2화기,0
2015.08.01,강진군,이화명나방2화기,0
2015.08.01,고흥군,이화명나방2화기,0
2015.08.01,곡성군,이화명나방2화기,0
2015.08.01,광양시,이화명나방2화기,0
2015.08.01,구례군,이화명나방2화기,0
2015.08.01,나주시,이화명나방2화기,0
2015.08.01,담양군,이화명나방2화기,0
2015.08.01,무안군,이화명나방2화기,0
2015.08.01,보성군,이화명나방2화기,0
2015.08.01,순천시,이화명나방2화기,0
2015.08.01,신안군,이화명나방2화기,0
2015.08.01,여수시,이화명나방2화기,0
2015.08.01,영광군,이화명나방2화기,0
2015.08.01,영암군,이화명나방2화기,0
2015.08.01,완도군,이화명나방2화기,0
2015.08.01,장성군,이화명나방2화기,0
2015.08.01,장흥군,이화명나방2화기,0
2015.08.01,진도군,이화명나방2화기,0
2015.08.01,함평군,이화명나방2화기,0
2015.08.01,해남군,이화명나방2화기,0
2015.08.01,화순군,이화명나방2화기,0
2015.08.16,강진군,이화명나방2화기,0
2015.08.16,고흥군,이화명나방2화기,0
2015.08.16,곡성군,이화명나방2화기,0
2015.08.16,광양시,이화명나방2화기,0
2015.08.16,구례군,이화명나방2화기,0
2015.08.16,나주시,이화명나방2화기,0
2015.08.16,담양군,이화명나방2화기,0
2015.08.16,무안군,이화명나방2화기,0
2015.08.16,보성군,이화명나방2화기,0
2015.08.16,순천시,이화명나방2화기,0
2015.08.16,신안군,이화명나방2화기,0
2015.08.16,여수시,이화명나방2화기,0
2015.08.16,영광군,이화명나방2화기,0
2015.08.16,영암군,이화명나방2화기,0
2015.08.16,완도군,이화명나방2화기,0
2015.08.16,장성군,이화명나방2화기,0
2015.08.16,장흥군,이화명나방2화기,0
2015.08.16,진도군,이화명나방2화기,0
2015.08.16,함평군,이화명나방2화기,0
2015.08.16,해남군,이화명나방2화기,0
2015.08.16,화순군,이화명나방2화기,0
2016.06.01,강진군,이화명나방2화기,0
2016.06.01,고흥군,이화명나방2화기,0
2016.06.01,곡성군,이화명나방2화기,0
2016.06.01,광양시,이화명나방2화기,0
2016.06.01,구례군,이화명나방2화기,0
2016.06.01,나주시,이화명나방2화기,0
2016.06.01,담양군,이화명나방2화기,0
2016.06.01,무안군,이화명나방2화기,0
2016.06.01,보성군,이화명나방2화기,0
2016.06.01,순천시,이화명나방2화기,0
2016.06.01,신안군,이화명나방2화기,0
2016.06.01,여수시,이화명나방2화기,0
2016.06.01,영광군,이화명나방2화기,0
2016.06.01,영암군,이화명나방2화기,0
2016.06.01,완도군,이화명나방2화기,0
2016.06.01,장성군,이화명나방2화기,0
2016.06.01,장흥군,이화명나방2화기,0
2016.06.01,진도군,이화명나방2화기,0
2016.06.01,함평군,이화명나방2화기,0
2016.06.01,해남군,이화명나방2화기,0
2016.06.01,화순군,이화명나방2화기,0
2016.06.16,강진군,이화명나방2화기,0
2016.06.16,고흥군,이화명나방2화기,0
2016.06.16,곡성군,이화명나방2화기,0
2016.06.16,광양시,이화명나방2화기,0
2016.06.16,구례군,이화명나방2화기,0
2016.06.16,나주시,이화명나방2화기,0
2016.06.16,담양군,이화명나방2화기,0
2016.06.16,무안군,이화명나방2화기,0
2016.06.16,보성군,이화명나방2화기,0
2016.06.16,순천시,이화명나방2화기,0
2016.06.16,신안군,이화명나방2화기,0
2016.06.16,여수시,이화명나방2화기,0
2016.06.16,영광군,이화명나방2화기,0
2016.06.16,영암군,이화명나방2화기,0
2016.06.16,완도군,이화명나방2화기,0
2016.06.16,장성군,이화명나방2화기,0
2016.06.16,장흥군,이화명나방2화기,0
2016.06.16,진도군,이화명나방2화기,0
2016.06.16,함평군,이화명나방2화기,0
2016.06.16,해남군,이화명나방2화기,0
2016.06.16,화순군,이화명나방2화기,0
2016.07.01,강진군,이화명나방2화기,0
2016.07.01,고흥군,이화명나방2화기,0
2016.07.01,곡성군,이화명나방2화기,0
2016.07.01,광양시,이화명나방2화기,0
2016.07.01,구례군,이화명나방2화기,0
2016.07.01,나주시,이화명나방2화기,0
2016.07.01,담양군,이화명나방2화기,0
2016.07.01,무안군,이화명나방2화기,0
2016.07.01,보성군,이화명나방2화기,0
2016.07.01,순천시,이화명나방2화기,0
2016.07.01,신안군,이화명나방2화기,0
2016.07.01,여수시,이화명나방2화기,0
2016.07.01,영광군,이화명나방2화기,0
2016.07.01,영암군,이화명나방2화기,0
2016.07.01,완도군,이화명나방2화기,0
2016.07.01,장성군,이화명나방2화기,0
2016.07.01,장흥군,이화명나방2화기,0
2016.07.01,진도군,이화명나방2화기,0
2016.07.01,함평군,이화명나방2화기,0
2016.07.01,해남군,이화명나방2화기,0
2016.07.01,화순군,이화명나방2화기,0
2016.07.16,강진군,이화명나방2화기,0
2016.07.16,고흥군,이화명나방2화기,0
2016.07.16,곡성군,이화명나방2화기,0
2016.07.16,광양시,이화명나방2화기,0
2016.07.16,구례군,이화명나방2화기,0
2016.07.16,나주시,이화명나방2화기,0
2016.07.16,담양군,이화명나방2화기,0
2016.07.16,무안군,이화명나방2화기,0
2016.07.16,보성군,이화명나방2화기,0
2016.07.16,순천시,이화명나방2화기,0
2016.07.16,신안군,이화명나방2화기,0
2016.07.16,여수시,이화명나방2화기,0
2016.07.16,영광군,이화명나방2화기,0
2016.07.16,영암군,이화명나방2화기,0
2016.07.16,완도군,이화명나방2화기,0
2016.07.16,장성군,이화명나방2화기,0
2016.07.16,장흥군,이화명나방2화기,0
2016.07.16,진도군,이화명나방2화기,0
2016.07.16,함평군,이화명나방2화기,0
2016.07.16,해남군,이화명나방2화기,0
2016.07.16,화순군,이화명나방2화기,0
2016.08.01,강진군,이화명나방2화기,0
2016.08.01,고흥군,이화명나방2화기,0
2016.08.01,곡성군,이화명나방2화기,0
2016.08.01,광양시,이화명나방2화기,0
2016.08.01,구례군,이화명나방2화기,0
2016.08.01,나주시,이화명나방2화기,0
2016.08.01,담양군,이화명나방2화기,0
2016.08.01,무안군,이화명나방2화기,0
2016.08.01,보성군,이화명나방2화기,0
2016.08.01,순천시,이화명나방2화기,0
2016.08.01,신안군,이화명나방2화기,0
2016.08.01,여수시,이화명나방2화기,0
2016.08.01,영광군,이화명나방2화기,0
2016.08.01,영암군,이화명나방2화기,0
2016.08.01,완도군,이화명나방2화기,0
2016.08.01,장성군,이화명나방2화기,0
2016.08.01,장흥군,이화명나방2화기,0
2016.08.01,진도군,이화명나방2화기,0
2016.08.01,함평군,이화명나방2화기,0
2016.08.01,해남군,이화명나방2화기,0
2016.08.01,화순군,이화명나방2화기,0
2016.08.16,강진군,이화명나방2화기,0
2016.08.16,고흥군,이화명나방2화기,0
2016.08.16,곡성군,이화명나방2화기,0
2016.08.16,광양시,이화명나방2화기,0
2016.08.16,구례군,이화명나방2화기,0
2016.08.16,나주시,이화명나방2화기,0
2016.08.16,담양군,이화명나방2화기,0
2016.08.16,무안군,이화명나방2화기,0
2016.08.16,보성군,이화명나방2화기,0
2016.08.16,순천시,이화명나방2화기,0
2016.08.16,신안군,이화명나방2화기,0
2016.08.16,여수시,이화명나방2화기,0
2016.08.16,영광군,이화명나방2화기,0
2016.08.16,영암군,이화명나방2화기,0
2016.08.16,완도군,이화명나방2화기,0
2016.08.16,장성군,이화명나방2화기,0
2016.08.16,장흥군,이화명나방2화기,0
2016.08.16,진도군,이화명나방2화기,0
2016.08.16,함평군,이화명나방2화기,0
2016.08.16,해남군,이화명나방2화기,0
2016.08.16,화순군,이화명나방2화기,0
2016.09.01,강진군,이화명나방2화기,0
2016.09.01,고흥군,이화명나방2화기,0
2016.09.01,곡성군,이화명나방2화기,0
2016.09.01,광양시,이화명나방2화기,0
2016.09.01,구례군,이화명나방2화기,0
2016.09.01,나주시,이화명나방2화기,0
2016.09.01,담양군,이화명나방2화기,0
2016.09.01,무안군,이화명나방2화기,0
2016.09.01,보성군,이화명나방2화기,0
2016.09.01,순천시,이화명나방2화기,0
2016.09.01,신안군,이화명나방2화기,0
2016.09.01,여수시,이화명나방2화기,0
2016.09.01,영광군,이화명나방2화기,0
2016.09.01,영암군,이화명나방2화기,0
2016.09.01,완도군,이화명나방2화기,0
2016.09.01,장성군,이화명나방2화기,0
2016.09.01,장흥군,이화명나방2화기,0
2016.09.01,진도군,이화명나방2화기,0
2016.09.01,함평군,이화명나방2화기,0
2016.09.01,해남군,이화명나방2화기,0
2016.09.01,화순군,이화명나방2화기,0
2016.09.16,강진군,이화명나방2화기,0
2016.09.16,고흥군,이화명나방2화기,0
2016.09.16,곡성군,이화명나방2화기,0
2016.09.16,광양시,이화명나방2화기,0
2016.09.16,구례군,이화명나방2화기,0
2016.09.16,나주시,이화명나방2화기,0
2016.09.16,담양군,이화명나방2화기,0
2016.09.16,무안군,이화명나방2화기,0
2016.09.16,보성군,이화명나방2화기,0
2016.09.16,순천시,이화명나방2화기,0
2016.09.16,신안군,이화명나방2화기,0
2016.09.16,여수시,이화명나방2화기,0
2016.09.16,영광군,이화명나방2화기,0
2016.09.16,영암군,이화명나방2화기,0
2016.09.16,완도군,이화명나방2화기,0
2016.09.16,장성군,이화명나방2화기,0
2016.09.16,장흥군,이화명나방2화기,0
2016.09.16,진도군,이화명나방2화기,0
2016.09.16,함평군,이화명나방2화기,0
2016.09.16,해남군,이화명나방2화기,0
2016.09.16,화순군,이화명나방2화기,0
2017.06.01,강진군,이화명나방2화기,0
2017.06.01,고흥군,이화명나방2화기,0
2017.06.01,곡성군,이화명나방2화기,0
2017.06.01,광양시,이화명나방2화기,0
2017.06.01,구례군,이화명나방2화기,0
2017.06.01,나주시,이화명나방2화기,0
2017.06.01,담양군,이화명나방2화기,0
2017.06.01,무안군,이화명나방2화기,0
2017.06.01,보성군,이화명나방2화기,0
2017.06.01,순천시,이화명나방2화기,0
2017.06.01,신안군,이화명나방2화기,0
2017.06.01,여수시,이화명나방2화기,0
2017.06.01,영광군,이화명나방2화기,0
2017.06.01,영암군,이화명나방2화기,0
2017.06.01,완도군,이화명나방2화기,0
2017.06.01,장성군,이화명나방2화기,0
2017.06.01,장흥군,이화명나방2화기,0
2017.06.01,진도군,이화명나방2화기,0
2017.06.01,함평군,이화명나방2화기,0
2017.06.01,해남군,이화명나방2화기,0
2017.06.01,화순군,이화명나방2화기,0
2017.06.16,강진군,이화명나방2화기,0
2017.06.16,고흥군,이화명나방2화기,0
2017.06.16,곡성군,이화명나방2화기,0
2017.06.16,광양시,이화명나방2화기,0
2017.06.16,구례군,이화명나방2화기,0
2017.06.16,나주시,이화명나방2화기,0
2017.06.16,담양군,이화명나방2화기,0
2017.06.16,무안군,이화명나방2화기,0
2017.06.16,보성군,이화명나방2화기,0
2017.06.16,순천시,이화명나방2화기,0
2017.06.16,신안군,이화명나방2화기,0
2017.06.16,여수시,이화명나방2화기,0
2017.06.16,영광군,이화명나방2화기,0
2017.06.16,영암군,이화명나방2화기,0
2017.06.16,완도군,이화명나방2화기,0
2017.06.16,장성군,이화명나방2화기,0
2017.06.16,장흥군,이화명나방2화기,0
2017.06.16,진도군,이화명나방2화기,0
2017.06.16,함평군,이화명나방2화기,0
2017.06.16,해남군,이화명나방2화기,0
2017.06.16,화순군,이화명나방2화기,0
2017.07.01,강진군,이화명나방2화기,0
2017.07.01,고흥군,이화명나방2화기,0
2017.07.01,곡성군,이화명나방2화기,0
2017.07.01,광양시,이화명나방2화기,0
2017.07.01,구례군,이화명나방2화기,0
2017.07.01,나주시,이화명나방2화기,0
2017.07.01,담양군,이화명나방2화기,0
2017.07.01,무안군,이화명나방2화기,0
2017.07.01,보성군,이화명나방2화기,0
2017.07.01,순천시,이화명나방2화기,0
2017.07.01,신안군,이화명나방2화기,0
2017.07.01,여수시,이화명나방2화기,0
2017.07.01,영광군,이화명나방2화기,0
2017.07.01,영암군,이화명나방2화기,0
2017.07.01,완도군,이화명나방2화기,0
2017.07.01,장성군,이화명나방2화기,0
2017.07.01,장흥군,이화명나방2화기,0
2017.07.01,진도군,이화명나방2화기,0
2017.07.01,함평군,이화명나방2화기,0
2017.07.01,해남군,이화명나방2화기,0
2017.07.01,화순군,이화명나방2화기,0
2017.07.16,강진군,이화명나방2화기,0
2017.07.16,고흥군,이화명나방2화기,0
2017.07.16,곡성군,이화명나방2화기,0
2017.07.16,광양시,이화명나방2화기,0
2017.07.16,구례군,이화명나방2화기,0
2017.07.16,나주시,이화명나방2화기,0
2017.07.16,담양군,이화명나방2화기,0
2017.07.16,무안군,이화명나방2화기,0
2017.07.16,보성군,이화명나방2화기,0
2017.07.16,순천시,이화명나방2화기,0
2017.07.16,신안군,이화명나방2화기,0
2017.07.16,여수시,이화명나방2화기,0
2017.07.16,영광군,이화명나방2화기,0
2017.07.16,영암군,이화명나방2화기,0
2017.07.16,완도군,이화명나방2화기,0
2017.07.16,장성군,이화명나방2화기,0
2017.07.16,장흥군,이화명나방2화기,0
2017.07.16,진도군,이화명나방2화기,0
2017.07.16,함평군,이화명나방2화기,0
2017.07.16,해남군,이화명나방2화기,0
2017.07.16,화순군,이화명나방2화기,0
2017.08.01,강진군,이화명나방2화기,0
2017.08.01,고흥군,이화명나방2화기,0
2017.08.01,곡성군,이화명나방2화기,0
2017.08.01,광양시,이화명나방2화기,0
2017.08.01,구례군,이화명나방2화기,0
2017.08.01,나주시,이화명나방2화기,0
2017.08.01,담양군,이화명나방2화기,0
2017.08.01,무안군,이화명나방2화기,0
2017.08.01,보성군,이화명나방2화기,0
2017.08.01,순천시,이화명나방2화기,0
2017.08.01,신안군,이화명나방2화기,0
2017.08.01,여수시,이화명나방2화기,0
2017.08.01,영광군,이화명나방2화기,0
2017.08.01,영암군,이화명나방2화기,0
2017.08.01,완도군,이화명나방2화기,0
2017.08.01,장성군,이화명나방2화기,0
2017.08.01,장흥군,이화명나방2화기,0
2017.08.01,진도군,이화명나방2화기,0
2017.08.01,함평군,이화명나방2화기,0
2017.08.01,해남군,이화명나방2화기,0
2017.08.01,화순군,이화명나방2화기,0
2017.08.16,강진군,이화명나방2화기,0
2017.08.16,고흥군,이화명나방2화기,0
2017.08.16,곡성군,이화명나방2화기,0
2017.08.16,광양시,이화명나방2화기,0
2017.08.16,구례군,이화명나방2화기,0
2017.08.16,나주시,이화명나방2화기,0
2017.08.16,담양군,이화명나방2화기,0
2017.08.16,무안군,이화명나방2화기,0
2017.08.16,보성군,이화명나방2화기,0
2017.08.16,순천시,이화명나방2화기,0
2017.08.16,신안군,이화명나방2화기,0
2017.08.16,여수시,이화명나방2화기,0
2017.08.16,영광군,이화명나방2화기,0
2017.08.16,영암군,이화명나방2화기,0
2017.08.16,완도군,이화명나방2화기,0
2017.08.16,장성군,이화명나방2화기,0
2017.08.16,장흥군,이화명나방2화기,0
2017.08.16,진도군,이화명나방2화기,0
2017.08.16,함평군,이화명나방2화기,0
2017.08.16,해남군,이화명나방2화기,0
2017.08.16,화순군,이화명나방2화기,0
2017.09.01,강진군,이화명나방2화기,0
2017.09.01,고흥군,이화명나방2화기,0
2017.09.01,곡성군,이화명나방2화기,0
2017.09.01,광양시,이화명나방2화기,0
2017.09.01,구례군,이화명나방2화기,0
2017.09.01,나주시,이화명나방2화기,0
2017.09.01,담양군,이화명나방2화기,0
2017.09.01,무안군,이화명나방2화기,0
2017.09.01,보성군,이화명나방2화기,0
2017.09.01,순천시,이화명나방2화기,0
2017.09.01,신안군,이화명나방2화기,0
2017.09.01,여수시,이화명나방2화기,0
2017.09.01,영광군,이화명나방2화기,0
2017.09.01,영암군,이화명나방2화기,0
2017.09.01,완도군,이화명나방2화기,0
2017.09.01,장성군,이화명나방2화기,0
2017.09.01,장흥군,이화명나방2화기,0
2017.09.01,진도군,이화명나방2화기,0
2017.09.01,함평군,이화명나방2화기,0
2017.09.01,해남군,이화명나방2화기,0
2017.09.01,화순군,이화명나방2화기,0
2017.09.16,강진군,이화명나방2화기,0
2017.09.16,고흥군,이화명나방2화기,0
2017.09.16,곡성군,이화명나방2화기,0
2017.09.16,광양시,이화명나방2화기,0
2017.09.16,구례군,이화명나방2화기,0
2017.09.16,나주시,이화명나방2화기,0
2017.09.16,담양군,이화명나방2화기,0
2017.09.16,무안군,이화명나방2화기,0
2017.09.16,보성군,이화명나방2화기,0
2017.09.16,순천시,이화명나방2화기,0
2017.09.16,신안군,이화명나방2화기,0
2017.09.16,여수시,이화명나방2화기,0
2017.09.16,영광군,이화명나방2화기,0
2017.09.16,영암군,이화명나방2화기,0
2017.09.16,완도군,이화명나방2화기,0
2017.09.16,장성군,이화명나방2화기,0
2017.09.16,장흥군,이화명나방2화기,0
2017.09.16,진도군,이화명나방2화기,0
2017.09.16,함평군,이화명나방2화기,0
2017.09.16,해남군,이화명나방2화기,0
2017.09.16,화순군,이화명나방2화기,0
2018.06.01,강진군,이화명나방2화기,0
2018.06.01,고흥군,이화명나방2화기,0
2018.06.01,곡성군,이화명나방2화기,0
2018.06.01,광양시,이화명나방2화기,0
2018.06.01,구례군,이화명나방2화기,0
2018.06.01,나주시,이화명나방2화기,0
2018.06.01,담양군,이화명나방2화기,0
2018.06.01,무안군,이화명나방2화기,0
2018.06.01,보성군,이화명나방2화기,0
2018.06.01,순천시,이화명나방2화기,0
2018.06.01,신안군,이화명나방2화기,0
2018.06.01,여수시,이화명나방2화기,0
2018.06.01,영광군,이화명나방2화기,0
2018.06.01,영암군,이화명나방2화기,0
2018.06.01,완도군,이화명나방2화기,0
2018.06.01,장성군,이화명나방2화기,0
2018.06.01,장흥군,이화명나방2화기,0
2018.06.01,진도군,이화명나방2화기,0
2018.06.01,함평군,이화명나방2화기,0
2018.06.01,해남군,이화명나방2화기,0
2018.06.01,화순군,이화명나방2화기,0
2018.06.16,강진군,이화명나방2화기,0
2018.06.16,고흥군,이화명나방2화기,0
2018.06.16,곡성군,이화명나방2화기,0
2018.06.16,광양시,이화명나방2화기,0
2018.06.16,구례군,이화명나방2화기,0
2018.06.16,나주시,이화명나방2화기,0
2018.06.16,담양군,이화명나방2화기,0
2018.06.16,무안군,이화명나방2화기,0
2018.06.16,보성군,이화명나방2화기,0
2018.06.16,순천시,이화명나방2화기,0
2018.06.16,신안군,이화명나방2화기,0
2018.06.16,여수시,이화명나방2화기,0
2018.06.16,영광군,이화명나방2화기,0
2018.06.16,영암군,이화명나방2화기,0
2018.06.16,완도군,이화명나방2화기,0
2018.06.16,장성군,이화명나방2화기,0
2018.06.16,장흥군,이화명나방2화기,0
2018.06.16,진도군,이화명나방2화기,0
2018.06.16,함평군,이화명나방2화기,0
2018.06.16,해남군,이화명나방2화기,0
2018.06.16,화순군,이화명나방2화기,0
2018.07.01,강진군,이화명나방2화기,0
2018.07.01,고흥군,이화명나방2화기,0
2018.07.01,광양시,이화명나방2화기,0
2018.07.01,나주시,이화명나방2화기,0
2018.07.01,순천시,이화명나방2화기,0
2018.07.01,신안군,이화명나방2화기,0
2018.07.01,여수시,이화명나방2화기,0
2018.07.01,영광군,이화명나방2화기,0
2018.07.01,영암군,이화명나방2화기,0
2018.07.01,완도군,이화명나방2화기,0
2018.07.01,진도군,이화명나방2화기,0
2018.07.01,해남군,이화명나방2화기,0
2018.07.01,화순군,이화명나방2화기,0
2018.07.16,강진군,이화명나방2화기,0
2018.07.16,고흥군,이화명나방2화기,0
2018.07.16,곡성군,이화명나방2화기,0
2018.07.16,광양시,이화명나방2화기,0
2018.07.16,구례군,이화명나방2화기,0
2018.07.16,나주시,이화명나방2화기,0
2018.07.16,담양군,이화명나방2화기,0
2018.07.16,무안군,이화명나방2화기,0
2018.07.16,보성군,이화명나방2화기,0
2018.07.16,순천시,이화명나방2화기,0
2018.07.16,신안군,이화명나방2화기,0
2018.07.16,여수시,이화명나방2화기,0
2018.07.16,영광군,이화명나방2화기,0
2018.07.16,영암군,이화명나방2화기,0
2018.07.16,완도군,이화명나방2화기,0
2018.07.16,장성군,이화명나방2화기,0
2018.07.16,장흥군,이화명나방2화기,0
2018.07.16,진도군,이화명나방2화기,0
2018.07.16,함평군,이화명나방2화기,0
2018.07.16,해남군,이화명나방2화기,0
2018.07.16,화순군,이화명나방2화기,0
2018.08.01,강진군,이화명나방2화기,0
2018.08.01,고흥군,이화명나방2화기,0
2018.08.01,곡성군,이화명나방2화기,0
2018.08.01,광양시,이화명나방2화기,0
2018.08.01,구례군,이화명나방2화기,0
2018.08.01,나주시,이화명나방2화기,0
2018.08.01,담양군,이화명나방2화기,0
2018.08.01,무안군,이화명나방2화기,0
2018.08.01,보성군,이화명나방2화기,0
2018.08.01,순천시,이화명나방2화기,0
2018.08.01,신안군,이화명나방2화기,0
2018.08.01,여수시,이화명나방2화기,0
2018.08.01,영광군,이화명나방2화기,0
2018.08.01,영암군,이화명나방2화기,0
2018.08.01,완도군,이화명나방2화기,0
2018.08.01,장성군,이화명나방2화기,0
2018.08.01,장흥군,이화명나방2화기,0
2018.08.01,진도군,이화명나방2화기,0
2018.08.01,함평군,이화명나방2화기,0
2018.08.01,해남군,이화명나방2화기,0
2018.08.01,화순군,이화명나방2화기,0
2018.08.16,강진군,이화명나방2화기,0
2018.08.16,고흥군,이화명나방2화기,0
2018.08.16,곡성군,이화명나방2화기,0
2018.08.16,광양시,이화명나방2화기,0
2018.08.16,구례군,이화명나방2화기,0
2018.08.16,나주시,이화명나방2화기,0
2018.08.16,담양군,이화명나방2화기,0
2018.08.16,무안군,이화명나방2화기,0
2018.08.16,보성군,이화명나방2화기,0
2018.08.16,순천시,이화명나방2화기,0
2018.08.16,신안군,이화명나방2화기,0
2018.08.16,여수시,이화명나방2화기,0
2018.08.16,영광군,이화명나방2화기,0
2018.08.16,영암군,이화명나방2화기,0
2018.08.16,완도군,이화명나방2화기,0
2018.08.16,장성군,이화명나방2화기,0
2018.08.16,장흥군,이화명나방2화기,0
2018.08.16,진도군,이화명나방2화기,0
2018.08.16,함평군,이화명나방2화기,0
2018.08.16,해남군,이화명나방2화기,0
2018.08.16,화순군,이화명나방2화기,0
2018.09.01,강진군,이화명나방2화기,0
2018.09.01,고흥군,이화명나방2화기,0
2018.09.01,곡성군,이화명나방2화기,0
2018.09.01,광양시,이화명나방2화기,0
2018.09.01,구례군,이화명나방2화기,0
2018.09.01,나주시,이화명나방2화기,0
2018.09.01,담양군,이화명나방2화기,0
2018.09.01,무안군,이화명나방2화기,0
2018.09.01,보성군,이화명나방2화기,0
2018.09.01,순천시,이화명나방2화기,0
2018.09.01,신안군,이화명나방2화기,0
2018.09.01,여수시,이화명나방2화기,0
2018.09.01,영광군,이화명나방2화기,0
2018.09.01,영암군,이화명나방2화기,0
2018.09.01,완도군,이화명나방2화기,0
2018.09.01,장성군,이화명나방2화기,0
2018.09.01,장흥군,이화명나방2화기,0
2018.09.01,진도군,이화명나방2화기,0
2018.09.01,함평군,이화명나방2화기,0
2018.09.01,해남군,이화명나방2화기,0
2018.09.01,화순군,이화명나방2화기,0
2018.09.16,강진군,이화명나방2화기,0
2018.09.16,고흥군,이화명나방2화기,0
2018.09.16,곡성군,이화명나방2화기,0
2018.09.16,광양시,이화명나방2화기,0
2018.09.16,구례군,이화명나방2화기,0
2018.09.16,나주시,이화명나방2화기,0
2018.09.16,담양군,이화명나방2화기,0
2018.09.16,무안군,이화명나방2화기,0
2018.09.16,보성군,이화명나방2화기,0
2018.09.16,순천시,이화명나방2화기,0
2018.09.16,신안군,이화명나방2화기,0
2018.09.16,여수시,이화명나방2화기,0
2018.09.16,영광군,이화명나방2화기,0
2018.09.16,영암군,이화명나방2화기,0
2018.09.16,완도군,이화명나방2화기,0
2018.09.16,장성군,이화명나방2화기,0
2018.09.16,장흥군,이화명나방2화기,0
2018.09.16,진도군,이화명나방2화기,0
2018.09.16,함평군,이화명나방2화기,0
2018.09.16,해남군,이화명나방2화기,0
2018.09.16,화순군,이화명나방2화기,0
2019.06.01,강진군,이화명나방2화기,0
2019.06.01,고흥군,이화명나방2화기,0
2019.06.01,곡성군,이화명나방2화기,0
2019.06.01,광양시,이화명나방2화기,0
2019.06.01,구례군,이화명나방2화기,0
2019.06.01,나주시,이화명나방2화기,0
2019.06.01,담양군,이화명나방2화기,0
2019.06.01,무안군,이화명나방2화기,0
2019.06.01,보성군,이화명나방2화기,0
2019.06.01,순천시,이화명나방2화기,0
2019.06.01,신안군,이화명나방2화기,0
2019.06.01,여수시,이화명나방2화기,0
2019.06.01,영광군,이화명나방2화기,0
2019.06.01,영암군,이화명나방2화기,0
2019.06.01,완도군,이화명나방2화기,0
2019.06.01,장성군,이화명나방2화기,0
2019.06.01,장흥군,이화명나방2화기,0
2019.06.01,진도군,이화명나방2화기,0
2019.06.01,함평군,이화명나방2화기,0
2019.06.01,해남군,이화명나방2화기,0
2019.06.01,화순군,이화명나방2화기,0
2019.06.16,강진군,이화명나방2화기,0
2019.06.16,고흥군,이화명나방2화기,0
2019.06.16,곡성군,이화명나방2화기,0
2019.06.16,광양시,이화명나방2화기,0
2019.06.16,구례군,이화명나방2화기,0
2019.06.16,나주시,이화명나방2화기,0
2019.06.16,담양군,이화명나방2화기,0
2019.06.16,무안군,이화명나방2화기,0
2019.06.16,보성군,이화명나방2화기,0
2019.06.16,순천시,이화명나방2화기,0
2019.06.16,신안군,이화명나방2화기,0
2019.06.16,여수시,이화명나방2화기,0
2019.06.16,영광군,이화명나방2화기,0
2019.06.16,영암군,이화명나방2화기,0
2019.06.16,완도군,이화명나방2화기,0
2019.06.16,장성군,이화명나방2화기,0
2019.06.16,장흥군,이화명나방2화기,0
2019.06.16,진도군,이화명나방2화기,0
2019.06.16,함평군,이화명나방2화기,0
2019.06.16,해남군,이화명나방2화기,0
2019.06.16,화순군,이화명나방2화기,0
2019.07.01,강진군,이화명나방2화기,0
2019.07.01,고흥군,이화명나방2화기,0
2019.07.01,곡성군,이화명나방2화기,0
2019.07.01,광양시,이화명나방2화기,0
2019.07.01,구례군,이화명나방2화기,0
2019.07.01,나주시,이화명나방2화기,0
2019.07.01,담양군,이화명나방2화기,0
2019.07.01,무안군,이화명나방2화기,0
2019.07.01,보성군,이화명나방2화기,0
2019.07.01,순천시,이화명나방2화기,0
2019.07.01,신안군,이화명나방2화기,0
2019.07.01,여수시,이화명나방2화기,0
2019.07.01,영광군,이화명나방2화기,0
2019.07.01,영암군,이화명나방2화기,0
2019.07.01,완도군,이화명나방2화기,0
2019.07.01,장성군,이화명나방2화기,0
2019.07.01,장흥군,이화명나방2화기,0
2019.07.01,진도군,이화명나방2화기,0
2019.07.01,함평군,이화명나방2화기,0
2019.07.01,해남군,이화명나방2화기,0
2019.07.01,화순군,이화명나방2화기,0
2019.07.16,강진군,이화명나방2화기,0
2019.07.16,고흥군,이화명나방2화기,0
2019.07.16,곡성군,이화명나방2화기,0
2019.07.16,광양시,이화명나방2화기,0
2019.07.16,구례군,이화명나방2화기,0
2019.07.16,나주시,이화명나방2화기,0
2019.07.16,담양군,이화명나방2화기,0
2019.07.16,무안군,이화명나방2화기,0
2019.07.16,보성군,이화명나방2화기,0
2019.07.16,순천시,이화명나방2화기,0
2019.07.16,신안군,이화명나방2화기,0
2019.07.16,여수시,이화명나방2화기,0
2019.07.16,영광군,이화명나방2화기,0
2019.07.16,영암군,이화명나방2화기,0
2019.07.16,완도군,이화명나방2화기,0
2019.07.16,장성군,이화명나방2화기,0
2019.07.16,장흥군,이화명나방2화기,0
2019.07.16,진도군,이화명나방2화기,0
2019.07.16,함평군,이화명나방2화기,0
2019.07.16,해남군,이화명나방2화기,0
2019.07.16,화순군,이화명나방2화기,0
2019.08.01,강진군,이화명나방2화기,0
2019.08.01,고흥군,이화명나방2화기,0
2019.08.01,곡성군,이화명나방2화기,0
2019.08.01,광양시,이화명나방2화기,0
2019.08.01,구례군,이화명나방2화기,0
2019.08.01,나주시,이화명나방2화기,0
2019.08.01,담양군,이화명나방2화기,0
2019.08.01,무안군,이화명나방2화기,0
2019.08.01,보성군,이화명나방2화기,0
2019.08.01,순천시,이화명나방2화기,0
2019.08.01,신안군,이화명나방2화기,0
2019.08.01,여수시,이화명나방2화기,0
2019.08.01,영광군,이화명나방2화기,0
2019.08.01,영암군,이화명나방2화기,0
2019.08.01,완도군,이화명나방2화기,0
2019.08.01,장성군,이화명나방2화기,0
2019.08.01,장흥군,이화명나방2화기,0
2019.08.01,진도군,이화명나방2화기,0
2019.08.01,함평군,이화명나방2화기,0
2019.08.01,해남군,이화명나방2화기,0
2019.08.01,화순군,이화명나방2화기,0
2019.08.16,강진군,이화명나방2화기,0
2019.08.16,고흥군,이화명나방2화기,0
2019.08.16,광양시,이화명나방2화기,0
2019.08.16,구례군,이화명나방2화기,0
2019.08.16,무안군,이화명나방2화기,0
2019.08.16,보성군,이화명나방2화기,0
2019.08.16,순천시,이화명나방2화기,0
2019.08.16,신안군,이화명나방2화기,0
2019.08.16,여수시,이화명나방2화기,0
2019.08.16,영광군,이화명나방2화기,0
2019.08.16,완도군,이화명나방2화기,0
2019.08.16,장흥군,이화명나방2화기,0
2019.08.16,진도군,이화명나방2화기,0
2019.08.16,함평군,이화명나방2화기,0
2019.08.16,해남군,이화명나방2화기,0
2019.08.16,화순군,이화명나방2화기,0
2019.09.01,강진군,이화명나방2화기,0
2019.09.01,고흥군,이화명나방2화기,0
2019.09.01,곡성군,이화명나방2화기,0
2019.09.01,광양시,이화명나방2화기,0
2019.09.01,구례군,이화명나방2화기,0
2019.09.01,나주시,이화명나방2화기,0
2019.09.01,담양군,이화명나방2화기,0
2019.09.01,무안군,이화명나방2화기,0
2019.09.01,보성군,이화명나방2화기,0
2019.09.01,순천시,이화명나방2화기,0
2019.09.01,신안군,이화명나방2화기,0
2019.09.01,여수시,이화명나방2화기,0
2019.09.01,영광군,이화명나방2화기,0
2019.09.01,영암군,이화명나방2화기,0
2019.09.01,완도군,이화명나방2화기,0
2019.09.01,장성군,이화명나방2화기,0
2019.09.01,장흥군,이화명나방2화기,0
2019.09.01,진도군,이화명나방2화기,0
2019.09.01,함평군,이화명나방2화기,0
2019.09.01,해남군,이화명나방2화기,0
2019.09.01,화순군,이화명나방2화기,0
2019.09.16,강진군,이화명나방2화기,0
2019.09.16,고흥군,이화명나방2화기,0
2019.09.16,곡성군,이화명나방2화기,0
2019.09.16,광양시,이화명나방2화기,0
2019.09.16,구례군,이화명나방2화기,0
2019.09.16,나주시,이화명나방2화기,0
2019.09.16,담양군,이화명나방2화기,0
2019.09.16,무안군,이화명나방2화기,0
2019.09.16,보성군,이화명나방2화기,0
2019.09.16,순천시,이화명나방2화기,0
2019.09.16,여수시,이화명나방2화기,0
2019.09.16,영광군,이화명나방2화기,0
2019.09.16,영암군,이화명나방2화기,0
2019.09.16,완도군,이화명나방2화기,0
2019.09.16,장성군,이화명나방2화기,0
2019.09.16,장흥군,이화명나방2화기,0
2019.09.16,진도군,이화명나방2화기,0
2019.09.16,함평군,이화명나방2화기,0
2019.09.16,해남군,이화명나방2화기,0
2019.09.16,화순군,이화명나방2화기,0
2020.06.01,강진군,이화명나방2화기,0
2020.06.01,고흥군,이화명나방2화기,0
2020.06.01,광양시,이화명나방2화기,0
2020.06.01,구례군,이화명나방2화기,0
2020.06.01,나주시,이화명나방2화기,0
2020.06.01,담양군,이화명나방2화기,0
2020.06.01,무안군,이화명나방2화기,0
2020.06.01,보성군,이화명나방2화기,0
2020.06.01,순천시,이화명나방2화기,0
2020.06.01,신안군,이화명나방2화기,0
2020.06.01,여수시,이화명나방2화기,0
2020.06.01,영광군,이화명나방2화기,0
2020.06.01,영암군,이화명나방2화기,0
2020.06.01,완도군,이화명나방2화기,0
2020.06.01,장성군,이화명나방2화기,0
2020.06.01,장흥군,이화명나방2화기,0
2020.06.01,진도군,이화명나방2화기,0
2020.06.01,함평군,이화명나방2화기,0
2020.06.01,해남군,이화명나방2화기,0
2020.06.01,화순군,이화명나방2화기,0
2020.06.16,강진군,이화명나방2화기,0
2020.06.16,고흥군,이화명나방2화기,0
2020.06.16,곡성군,이화명나방2화기,0
2020.06.16,광양시,이화명나방2화기,0
2020.06.16,구례군,이화명나방2화기,0
2020.06.16,나주시,이화명나방2화기,0
2020.06.16,담양군,이화명나방2화기,0
2020.06.16,무안군,이화명나방2화기,0
2020.06.16,보성군,이화명나방2화기,0
2020.06.16,순천시,이화명나방2화기,0
2020.06.16,신안군,이화명나방2화기,0
2020.06.16,여수시,이화명나방2화기,0
2020.06.16,영광군,이화명나방2화기,0
2020.06.16,영암군,이화명나방2화기,0
2020.06.16,완도군,이화명나방2화기,0
2020.06.16,장성군,이화명나방2화기,0
2020.06.16,장흥군,이화명나방2화기,0
2020.06.16,진도군,이화명나방2화기,0
2020.06.16,함평군,이화명나방2화기,0
2020.06.16,해남군,이화명나방2화기,0
2020.06.16,화순군,이화명나방2화기,0
2020.07.01,강진군,이화명나방2화기,0
2020.07.01,고흥군,이화명나방2화기,0
2020.07.01,곡성군,이화명나방2화기,0
2020.07.01,광양시,이화명나방2화기,0
2020.07.01,구례군,이화명나방2화기,0
2020.07.01,담양군,이화명나방2화기,0
2020.07.01,무안군,이화명나방2화기,0
2020.07.01,보성군,이화명나방2화기,0
2020.07.01,순천시,이화명나방2화기,0
2020.07.01,신안군,이화명나방2화기,0
2020.07.01,여수시,이화명나방2화기,0
2020.07.01,영광군,이화명나방2화기,0
2020.07.01,영암군,이화명나방2화기,0
2020.07.01,완도군,이화명나방2화기,0
2020.07.01,장성군,이화명나방2화기,0
2020.07.01,장흥군,이화명나방2화기,0
2020.07.01,진도군,이화명나방2화기,0
2020.07.01,함평군,이화명나방2화기,0
2020.07.01,해남군,이화명나방2화기,0
2020.07.01,화순군,이화명나방2화기,0
2020.07.16,강진군,이화명나방2화기,0
2020.07.16,고흥군,이화명나방2화기,0
2020.07.16,곡성군,이화명나방2화기,0
2020.07.16,광양시,이화명나방2화기,0
2020.07.16,구례군,이화명나방2화기,0
2020.07.16,나주시,이화명나방2화기,0
2020.07.16,담양군,이화명나방2화기,0
2020.07.16,무안군,이화명나방2화기,0
2020.07.16,보성군,이화명나방2화기,0
2020.07.16,순천시,이화명나방2화기,0
2020.07.16,신안군,이화명나방2화기,0
2020.07.16,여수시,이화명나방2화기,0
2020.07.16,영광군,이화명나방2화기,0
2020.07.16,영암군,이화명나방2화기,0
2020.07.16,완도군,이화명나방2화기,0
2020.07.16,장성군,이화명나방2화기,0
2020.07.16,장흥군,이화명나방2화기,0
2020.07.16,진도군,이화명나방2화기,0
2020.07.16,함평군,이화명나방2화기,0
2020.07.16,해남군,이화명나방2화기,0
2020.07.16,화순군,이화명나방2화기,0
2020.08.01,강진군,이화명나방2화기,0
2020.08.01,고흥군,이화명나방2화기,0
2020.08.01,곡성군,이화명나방2화기,0
2020.08.01,광양시,이화명나방2화기,0
2020.08.01,구례군,이화명나방2화기,0
2020.08.01,나주시,이화명나방2화기,0
2020.08.01,담양군,이화명나방2화기,0
2020.08.01,무안군,이화명나방2화기,0
2020.08.01,보성군,이화명나방2화기,0
2020.08.01,순천시,이화명나방2화기,0
2020.08.01,신안군,이화명나방2화기,0
2020.08.01,여수시,이화명나방2화기,0
2020.08.01,영광군,이화명나방2화기,0
2020.08.01,영암군,이화명나방2화기,0
2020.08.01,완도군,이화명나방2화기,0
2020.08.01,장성군,이화명나방2화기,0
2020.08.01,장흥군,이화명나방2화기,0
2020.08.01,진도군,이화명나방2화기,0
2020.08.01,함평군,이화명나방2화기,0
2020.08.01,해남군,이화명나방2화기,0
2020.08.01,화순군,이화명나방2화기,0
2020.08.16,강진군,이화명나방2화기,0
2020.08.16,고흥군,이화명나방2화기,0
2020.08.16,곡성군,이화명나방2화기,0
2020.08.16,광양시,이화명나방2화기,0
2020.08.16,구례군,이화명나방2화기,0
2020.08.16,나주시,이화명나방2화기,0
2020.08.16,담양군,이화명나방2화기,0
2020.08.16,무안군,이화명나방2화기,0
2020.08.16,보성군,이화명나방2화기,0
2020.08.16,순천시,이화명나방2화기,0
2020.08.16,신안군,이화명나방2화기,0
2020.08.16,여수시,이화명나방2화기,0
2020.08.16,영광군,이화명나방2화기,0
2020.08.16,영암군,이화명나방2화기,0
2020.08.16,완도군,이화명나방2화기,0
2020.08.16,장성군,이화명나방2화기,0
2020.08.16,장흥군,이화명나방2화기,0
2020.08.16,진도군,이화명나방2화기,0
2020.08.16,함평군,이화명나방2화기,0
2020.08.16,해남군,이화명나방2화기,0
2020.08.16,화순군,이화명나방2화기,0
2020.09.01,강진군,이화명나방2화기,0
2020.09.01,고흥군,이화명나방2화기,0
2020.09.01,곡성군,이화명나방2화기,0
2020.09.01,광양시,이화명나방2화기,0
2020.09.01,구례군,이화명나방2화기,0
2020.09.01,나주시,이화명나방2화기,0
2020.09.01,담양군,이화명나방2화기,0
2020.09.01,무안군,이화명나방2화기,0
2020.09.01,보성군,이화명나방2화기,0
2020.09.01,순천시,이화명나방2화기,0
2020.09.01,신안군,이화명나방2화기,0
2020.09.01,여수시,이화명나방2화기,0
2020.09.01,영광군,이화명나방2화기,0
2020.09.01,영암군,이화명나방2화기,0
2020.09.01,완도군,이화명나방2화기,0
2020.09.01,장성군,이화명나방2화기,0
2020.09.01,장흥군,이화명나방2화기,0
2020.09.01,진도군,이화명나방2화기,0
2020.09.01,함평군,이화명나방2화기,0
2020.09.01,해남군,이화명나방2화기,0
2020.09.01,화순군,이화명나방2화기,0
2020.09.16,강진군,이화명나방2화기,0
2020.09.16,고흥군,이화명나방2화기,0
2020.09.16,곡성군,이화명나방2화기,0
2020.09.16,광양시,이화명나방2화기,0
2020.09.16,구례군,이화명나방2화기,0
2020.09.16,나주시,이화명나방2화기,0
2020.09.16,담양군,이화명나방2화기,0
2020.09.16,무안군,이화명나방2화기,0
2020.09.16,보성군,이화명나방2화기,0
2020.09.16,순천시,이화명나방2화기,0
2020.09.16,신안군,이화명나방2화기,0
2020.09.16,여수시,이화명나방2화기,0
2020.09.16,영광군,이화명나방2화기,0
2020.09.16,영암군,이화명나방2화기,0
2020.09.16,완도군,이화명나방2화기,0
2020.09.16,장성군,이화명나방2화기,0
2020.09.16,장흥군,이화명나방2화기,0
2020.09.16,진도군,이화명나방2화기,0
2020.09.16,함평군,이화명나방2화기,0
2020.09.16,해남군,이화명나방2화기,0
2020.09.16,화순군,이화명나방2화기,0
2021.06.01,강진군,이화명나방2화기,0
2021.06.01,고흥군,이화명나방2화기,0
2021.06.01,곡성군,이화명나방2화기,0
2021.06.01,광양시,이화명나방2화기,0
2021.06.01,구례군,이화명나방2화기,0
2021.06.01,나주시,이화명나방2화기,0
2021.06.01,담양군,이화명나방2화기,0
2021.06.01,무안군,이화명나방2화기,0
2021.06.01,보성군,이화명나방2화기,0
2021.06.01,순천시,이화명나방2화기,0
2021.06.01,신안군,이화명나방2화기,0
2021.06.01,여수시,이화명나방2화기,0
2021.06.01,영암군,이화명나방2화기,0
2021.06.01,완도군,이화명나방2화기,0
2021.06.01,장성군,이화명나방2화기,0
2021.06.01,장흥군,이화명나방2화기,0
2021.06.01,진도군,이화명나방2화기,0
2021.06.01,함평군,이화명나방2화기,0
2021.06.01,해남군,이화명나방2화기,0
2021.06.01,화순군,이화명나방2화기,0
2021.06.16,강진군,이화명나방2화기,0
2021.06.16,고흥군,이화명나방2화기,0
2021.06.16,곡성군,이화명나방2화기,0
2021.06.16,광양시,이화명나방2화기,0
2021.06.16,구례군,이화명나방2화기,0
2021.06.16,나주시,이화명나방2화기,0
2021.06.16,담양군,이화명나방2화기,0
2021.06.16,무안군,이화명나방2화기,0
2021.06.16,보성군,이화명나방2화기,0
2021.06.16,순천시,이화명나방2화기,0
2021.06.16,신안군,이화명나방2화기,0
2021.06.16,여수시,이화명나방2화기,0
2021.06.16,영광군,이화명나방2화기,0
2021.06.16,영암군,이화명나방2화기,0
2021.06.16,완도군,이화명나방2화기,0
2021.06.16,장성군,이화명나방2화기,0
2021.06.16,장흥군,이화명나방2화기,0
2021.06.16,진도군,이화명나방2화기,0
2021.06.16,함평군,이화명나방2화기,0
2021.06.16,해남군,이화명나방2화기,0
2021.06.16,화순군,이화명나방2화기,0
2021.07.01,강진군,이화명나방2화기,0
2021.07.01,고흥군,이화명나방2화기,0
2021.07.01,곡성군,이화명나방2화기,0
2021.07.01,광양시,이화명나방2화기,0
2021.07.01,구례군,이화명나방2화기,0
2021.07.01,나주시,이화명나방2화기,0
2021.07.01,담양군,이화명나방2화기,0
2021.07.01,무안군,이화명나방2화기,0
2021.07.01,보성군,이화명나방2화기,0
2021.07.01,순천시,이화명나방2화기,0
2021.07.01,신안군,이화명나방2화기,0
2021.07.01,여수시,이화명나방2화기,0
2021.07.01,영광군,이화명나방2화기,0
2021.07.01,영암군,이화명나방2화기,0
2021.07.01,완도군,이화명나방2화기,0
2021.07.01,장성군,이화명나방2화기,0
2021.07.01,장흥군,이화명나방2화기,0
2021.07.01,진도군,이화명나방2화기,0
2021.07.01,함평군,이화명나방2화기,0
2021.07.01,해남군,이화명나방2화기,0
2021.07.01,화순군,이화명나방2화기,0
2021.07.16,강진군,이화명나방2화기,0
2021.07.16,고흥군,이화명나방2화기,0
2021.07.16,곡성군,이화명나방2화기,0
2021.07.16,광양시,이화명나방2화기,0
2021.07.16,구례군,이화명나방2화기,0
2021.07.16,나주시,이화명나방2화기,0
2021.07.16,담양군,이화명나방2화기,0
2021.07.16,무안군,이화명나방2화기,0
2021.07.16,보성군,이화명나방2화기,0
2021.07.16,순천시,이화명나방2화기,0
2021.07.16,신안군,이화명나방2화기,0
2021.07.16,여수시,이화명나방2화기,0
2021.07.16,영광군,이화명나방2화기,0
2021.07.16,영암군,이화명나방2화기,0
2021.07.16,완도군,이화명나방2화기,0
2021.07.16,장성군,이화명나방2화기,0
2021.07.16,장흥군,이화명나방2화기,0
2021.07.16,진도군,이화명나방2화기,0
2021.07.16,함평군,이화명나방2화기,0
2021.07.16,해남군,이화명나방2화기,0
2021.07.16,화순군,이화명나방2화기,0
2021.08.01,강진군,이화명나방2화기,0
2021.08.01,고흥군,이화명나방2화기,0
2021.08.01,곡성군,이화명나방2화기,0
2021.08.01,광양시,이화명나방2화기,0
2021.08.01,구례군,이화명나방2화기,0
2021.08.01,보성군,이화명나방2화기,0
2021.08.01,여수시,이화명나방2화기,0
2021.08.01,영암군,이화명나방2화기,0
2021.08.01,완도군,이화명나방2화기,0
2021.08.01,장성군,이화명나방2화기,0
2021.08.01,진도군,이화명나방2화기,0
2021.08.01,함평군,이화명나방2화기,0
2021.08.01,해남군,이화명나방2화기,0
2021.08.01,화순군,이화명나방2화기,0
2021.08.16,강진군,이화명나방2화기,0
2021.08.16,고흥군,이화명나방2화기,0
2021.08.16,곡성군,이화명나방2화기,0
2021.08.16,광양시,이화명나방2화기,0
2021.08.16,구례군,이화명나방2화기,0
2021.08.16,나주시,이화명나방2화기,0
2021.08.16,담양군,이화명나방2화기,0
2021.08.16,무안군,이화명나방2화기,0
2021.08.16,보성군,이화명나방2화기,1
2021.08.16,순천시,이화명나방2화기,0
2021.08.16,신안군,이화명나방2화기,0
2021.08.16,여수시,이화명나방2화기,0
2021.08.16,영광군,이화명나방2화기,0
2021.08.16,영암군,이화명나방2화기,0
2021.08.16,완도군,이화명나방2화기,1
2021.08.16,장성군,이화명나방2화기,0
2021.08.16,장흥군,이화명나방2화기,0
2021.08.16,진도군,이화명나방2화기,1
2021.08.16,함평군,이화명나방2화기,0
2021.08.16,해남군,이화명나방2화기,0
2021.08.16,화순군,이화명나방2화기,0
2021.09.01,강진군,이화명나방2화기,0
2021.09.01,고흥군,이화명나방2화기,0
2021.09.01,곡성군,이화명나방2화기,1
2021.09.01,광양시,이화명나방2화기,0
2021.09.01,구례군,이화명나방2화기,0
2021.09.01,담양군,이화명나방2화기,0
2021.09.01,무안군,이화명나방2화기,0
2021.09.01,보성군,이화명나방2화기,0
2021.09.01,순천시,이화명나방2화기,1
2021.09.01,신안군,이화명나방2화기,0
2021.09.01,여수시,이화명나방2화기,0
2021.09.01,영암군,이화명나방2화기,0
2021.09.01,완도군,이화명나방2화기,1
2021.09.01,장성군,이화명나방2화기,1
2021.09.01,장흥군,이화명나방2화기,1
2021.09.01,진도군,이화명나방2화기,1
2021.09.01,함평군,이화명나방2화기,0
2021.09.01,해남군,이화명나방2화기,0
2021.09.01,화순군,이화명나방2화기,0
2021.09.16,강진군,이화명나방2화기,0
2021.09.16,고흥군,이화명나방2화기,0
2021.09.16,곡성군,이화명나방2화기,1
2021.09.16,광양시,이화명나방2화기,0
2021.09.16,구례군,이화명나방2화기,1
2021.09.16,나주시,이화명나방2화기,0
2021.09.16,담양군,이화명나방2화기,1
2021.09.16,무안군,이화명나방2화기,0
2021.09.16,보성군,이화명나방2화기,0
2021.09.16,순천시,이화명나방2화기,1
2021.09.16,신안군,이화명나방2화기,0
2021.09.16,여수시,이화명나방2화기,1
2021.09.16,영광군,이화명나방2화기,0
2021.09.16,영암군,이화명나방2화기,1
2021.09.16,완도군,이화명나방2화기,0
2021.09.16,장성군,이화명나방2화기,1
2021.09.16,장흥군,이화명나방2화기,1
2021.09.16,진도군,이화명나방2화기,0
2021.09.16,함평군,이화명나방2화기,0
2021.09.16,해남군,이화명나방2화기,0
2021.09.16,화순군,이화명나방2화기,0
2022.06.01,강진군,이화명나방2화기,0
2022.06.01,고흥군,이화명나방2화기,0
2022.06.01,곡성군,이화명나방2화기,0
2022.06.01,광양시,이화명나방2화기,0
2022.06.01,구례군,이화명나방2화기,0
2022.06.01,나주시,이화명나방2화기,0
2022.06.01,담양군,이화명나방2화기,0
2022.06.01,무안군,이화명나방2화기,0
2022.06.01,보성군,이화명나방2화기,0
2022.06.01,순천시,이화명나방2화기,0
2022.06.01,신안군,이화명나방2화기,0
2022.06.01,여수시,이화명나방2화기,0
2022.06.01,영광군,이화명나방2화기,0
2022.06.01,영암군,이화명나방2화기,0
2022.06.01,완도군,이화명나방2화기,0
2022.06.01,장성군,이화명나방2화기,0
2022.06.01,장흥군,이화명나방2화기,0
2022.06.01,진도군,이화명나방2화기,0
2022.06.01,함평군,이화명나방2화기,0
2022.06.01,해남군,이화명나방2화기,0
2022.06.01,화순군,이화명나방2화기,0
2022.06.16,강진군,이화명나방2화기,0
2022.06.16,고흥군,이화명나방2화기,0
2022.06.16,곡성군,이화명나방2화기,0
2022.06.16,광양시,이화명나방2화기,0
2022.06.16,구례군,이화명나방2화기,0
2022.06.16,나주시,이화명나방2화기,0
2022.06.16,담양군,이화명나방2화기,0
2022.06.16,무안군,이화명나방2화기,0
2022.06.16,보성군,이화명나방2화기,0
2022.06.16,순천시,이화명나방2화기,0
2022.06.16,신안군,이화명나방2화기,0
2022.06.16,여수시,이화명나방2화기,0
2022.06.16,영광군,이화명나방2화기,0
2022.06.16,영암군,이화명나방2화기,0
2022.06.16,완도군,이화명나방2화기,0
2022.06.16,장성군,이화명나방2화기,0
2022.06.16,장흥군,이화명나방2화기,0
2022.06.16,진도군,이화명나방2화기,0
2022.06.16,함평군,이화명나방2화기,0
2022.06.16,해남군,이화명나방2화기,0
2022.06.16,화순군,이화명나방2화기,0
2022.07.01,강진군,이화명나방2화기,0
2022.07.01,고흥군,이화명나방2화기,0
2022.07.01,곡성군,이화명나방2화기,0
2022.07.01,광양시,이화명나방2화기,0
2022.07.01,구례군,이화명나방2화기,0
2022.07.01,나주시,이화명나방2화기,0
2022.07.01,담양군,이화명나방2화기,0
2022.07.01,무안군,이화명나방2화기,0
2022.07.01,보성군,이화명나방2화기,0
2022.07.01,순천시,이화명나방2화기,0
2022.07.01,신안군,이화명나방2화기,0
2022.07.01,여수시,이화명나방2화기,0
2022.07.01,영광군,이화명나방2화기,0
2022.07.01,영암군,이화명나방2화기,0
2022.07.01,완도군,이화명나방2화기,0
2022.07.01,장성군,이화명나방2화기,0
2022.07.01,장흥군,이화명나방2화기,0
2022.07.01,진도군,이화명나방2화기,0
2022.07.01,함평군,이화명나방2화기,0
2022.07.01,해남군,이화명나방2화기,0
2022.07.01,화순군,이화명나방2화기,0
2022.07.16,강진군,이화명나방2화기,0
2022.07.16,고흥군,이화명나방2화기,0
2022.07.16,곡성군,이화명나방2화기,0
2022.07.16,광양시,이화명나방2화기,0
2022.07.16,구례군,이화명나방2화기,0
2022.07.16,나주시,이화명나방2화기,0
2022.07.16,담양군,이화명나방2화기,0
2022.07.16,무안군,이화명나방2화기,0
2022.07.16,보성군,이화명나방2화기,0
2022.07.16,순천시,이화명나방2화기,0
2022.07.16,신안군,이화명나방2화기,0
2022.07.16,여수시,이화명나방2화기,0
2022.07.16,영광군,이화명나방2화기,0
2022.07.16,영암군,이화명나방2화기,0
2022.07.16,완도군,이화명나방2화기,0
2022.07.16,장성군,이화명나방2화기,0
2022.07.16,장흥군,이화명나방2화기,0
2022.07.16,진도군,이화명나방2화기,0
2022.07.16,함평군,이화명나방2화기,0
2022.07.16,해남군,이화명나방2화기,0
2022.07.16,화순군,이화명나방2화기,0
2022.08.01,강진군,이화명나방2화기,0
2022.08.01,고흥군,이화명나방2화기,0
2022.08.01,곡성군,이화명나방2화기,0
2022.08.01,광양시,이화명나방2화기,0
2022.08.01,구례군,이화명나방2화기,0
2022.08.01,나주시,이화명나방2화기,0
2022.08.01,담양군,이화명나방2화기,0
2022.08.01,무안군,이화명나방2화기,0
2022.08.01,보성군,이화명나방2화기,0
2022.08.01,순천시,이화명나방2화기,0
2022.08.01,신안군,이화명나방2화기,0
2022.08.01,여수시,이화명나방2화기,0
2022.08.01,영광군,이화명나방2화기,0
2022.08.01,영암군,이화명나방2화기,0
2022.08.01,완도군,이화명나방2화기,0
2022.08.01,장성군,이화명나방2화기,0
2022.08.01,장흥군,이화명나방2화기,0
2022.08.01,진도군,이화명나방2화기,0
2022.08.01,함평군,이화명나방2화기,0
2022.08.01,화순군,이화명나방2화기,0
2022.08.16,강진군,이화명나방2화기,0
2022.08.16,고흥군,이화명나방2화기,0
2022.08.16,광양시,이화명나방2화기,0
2022.08.16,구례군,이화명나방2화기,0
2022.08.16,담양군,이화명나방2화기,0
2022.08.16,무안군,이화명나방2화기,0
2022.08.16,보성군,이화명나방2화기,0
2022.08.16,순천시,이화명나방2화기,0
2022.08.16,여수시,이화명나방2화기,0
2022.08.16,영암군,이화명나방2화기,0
2022.08.16,완도군,이화명나방2화기,0
2022.08.16,장성군,이화명나방2화기,1
2022.08.16,장흥군,이화명나방2화기,0
2022.08.16,진도군,이화명나방2화기,0
2022.08.16,함평군,이화명나방2화기,0
2022.08.16,해남군,이화명나방2화기,0
2022.08.16,화순군,이화명나방2화기,0
2022.09.01,강진군,이화명나방2화기,0
2022.09.01,고흥군,이화명나방2화기,0
2022.09.01,곡성군,이화명나방2화기,0
2022.09.01,광양시,이화명나방2화기,0
2022.09.01,구례군,이화명나방2화기,0
2022.09.01,담양군,이화명나방2화기,0
2022.09.01,보성군,이화명나방2화기,0
2022.09.01,순천시,이화명나방2화기,1
2022.09.01,신안군,이화명나방2화기,0
2022.09.01,여수시,이화명나방2화기,1
2022.09.01,영암군,이화명나방2화기,0
2022.09.01,완도군,이화명나방2화기,0
2022.09.01,장성군,이화명나방2화기,1
2022.09.01,장흥군,이화명나방2화기,0
2022.09.01,진도군,이화명나방2화기,0
2022.09.01,해남군,이화명나방2화기,0
2022.09.01,화순군,이화명나방2화기,0
2022.09.16,강진군,이화명나방2화기,0
2022.09.16,고흥군,이화명나방2화기,0
2022.09.16,곡성군,이화명나방2화기,0
2022.09.16,광양시,이화명나방2화기,0
2022.09.16,구례군,이화명나방2화기,0
2022.09.16,나주시,이화명나방2화기,0
2022.09.16,담양군,이화명나방2화기,0
2022.09.16,무안군,이화명나방2화기,0
2022.09.16,보성군,이화명나방2화기,0
2022.09.16,순천시,이화명나방2화기,1
2022.09.16,신안군,이화명나방2화기,0
2022.09.16,여수시,이화명나방2화기,1
2022.09.16,영광군,이화명나방2화기,0
2022.09.16,완도군,이화명나방2화기,0
2022.09.16,장성군,이화명나방2화기,1
2022.09.16,장흥군,이화명나방2화기,0
2022.09.16,진도군,이화명나방2화기,1
2022.09.16,함평군,이화명나방2화기,0
2022.09.16,해남군,이화명나방2화기,0
2022.09.16,화순군,이화명나방2화기,0
2023.06.01,강진군,이화명나방2화기,0
2023.06.01,곡성군,이화명나방2화기,0
2023.06.01,광양시,이화명나방2화기,0
2023.06.01,구례군,이화명나방2화기,0
2023.06.01,나주시,이화명나방2화기,0
2023.06.01,담양군,이화명나방2화기,0
2023.06.01,무안군,이화명나방2화기,0
2023.06.01,보성군,이화명나방2화기,0
2023.06.01,순천시,이화명나방2화기,0
2023.06.01,신안군,이화명나방2화기,0
2023.06.01,여수시,이화명나방2화기,0
2023.06.01,영광군,이화명나방2화기,0
2023.06.01,영암군,이화명나방2화기,0
2023.06.01,완도군,이화명나방2화기,0
2023.06.01,장성군,이화명나방2화기,0
2023.06.01,장흥군,이화명나방2화기,0
2023.06.01,진도군,이화명나방2화기,0
2023.06.01,함평군,이화명나방2화기,0
2023.06.01,해남군,이화명나방2화기,0
2023.06.01,화순군,이화명나방2화기,0
2023.06.16,강진군,이화명나방2화기,0
2023.06.16,곡성군,이화명나방2화기,0
2023.06.16,광양시,이화명나방2화기,0
2023.06.16,구례군,이화명나방2화기,0
2023.06.16,나주시,이화명나방2화기,0
2023.06.16,담양군,이화명나방2화기,0
2023.06.16,무안군,이화명나방2화기,0
2023.06.16,보성군,이화명나방2화기,0
2023.06.16,순천시,이화명나방2화기,0
2023.06.16,신안군,이화명나방2화기,0
2023.06.16,여수시,이화명나방2화기,0
2023.06.16,영광군,이화명나방2화기,0
2023.06.16,영암군,이화명나방2화기,0
2023.06.16,완도군,이화명나방2화기,0
2023.06.16,장성군,이화명나방2화기,0
2023.06.16,장흥군,이화명나방2화기,0
2023.06.16,진도군,이화명나방2화기,0
2023.06.16,함평군,이화명나방2화기,0
2023.06.16,해남군,이화명나방2화기,0
2023.06.16,화순군,이화명나방2화기,0
2023.07.01,강진군,이화명나방2화기,0
2023.07.01,고흥군,이화명나방2화기,0
2023.07.01,곡성군,이화명나방2화기,0
2023.07.01,광양시,이화명나방2화기,0
2023.07.01,구례군,이화명나방2화기,0
2023.07.01,나주시,이화명나방2화기,0
2023.07.01,담양군,이화명나방2화기,0
2023.07.01,무안군,이화명나방2화기,0
2023.07.01,보성군,이화명나방2화기,0
2023.07.01,순천시,이화명나방2화기,0
2023.07.01,신안군,이화명나방2화기,0
2023.07.01,여수시,이화명나방2화기,0
2023.07.01,영광군,이화명나방2화기,0
2023.07.01,영암군,이화명나방2화기,0
2023.07.01,완도군,이화명나방2화기,0
2023.07.01,장성군,이화명나방2화기,0
2023.07.01,장흥군,이화명나방2화기,0
2023.07.01,진도군,이화명나방2화기,0
2023.07.01,함평군,이화명나방2화기,0
2023.07.01,해남군,이화명나방2화기,0
2023.07.01,화순군,이화명나방2화기,0
2023.07.16,강진군,이화명나방2화기,0
2023.07.16,고흥군,이화명나방2화기,0
2023.07.16,곡성군,이화명나방2화기,0
2023.07.16,광양시,이화명나방2화기,0
2023.07.16,구례군,이화명나방2화기,0
2023.07.16,나주시,이화명나방2화기,0
2023.07.16,담양군,이화명나방2화기,0
2023.07.16,무안군,이화명나방2화기,0
2023.07.16,보성군,이화명나방2화기,0
2023.07.16,순천시,이화명나방2화기,0
2023.07.16,신안군,이화명나방2화기,0
2023.07.16,여수시,이화명나방2화기,0
2023.07.16,영광군,이화명나방2화기,0
2023.07.16,영암군,이화명나방2화기,0
2023.07.16,완도군,이화명나방2화기,0
2023.07.16,장성군,이화명나방2화기,0
2023.07.16,장흥군,이화명나방2화기,0
2023.07.16,진도군,이화명나방2화기,0
2023.07.16,함평군,이화명나방2화기,0
2023.07.16,해남군,이화명나방2화기,0
2023.07.16,화순군,이화명나방2화기,0
2023.08.01,강진군,이화명나방2화기,0
2023.08.01,고흥군,이화명나방2화기,0
2023.08.01,곡성군,이화명나방2화기,0
2023.08.01,광양시,이화명나방2화기,0
2023.08.01,구례군,이화명나방2화기,0
2023.08.01,나주시,이화명나방2화기,0
2023.08.01,담양군,이화명나방2화기,0
2023.08.01,무안군,이화명나방2화기,0
2023.08.01,보성군,이화명나방2화기,0
2023.08.01,순천시,이화명나방2화기,0
2023.08.01,신안군,이화명나방2화기,0
2023.08.01,여수시,이화명나방2화기,0
2023.08.01,영광군,이화명나방2화기,0
2023.08.01,영암군,이화명나방2화기,0
2023.08.01,완도군,이화명나방2화기,0
2023.08.01,장성군,이화명나방2화기,1
2023.08.01,장흥군,이화명나방2화기,0
2023.08.01,진도군,이화명나방2화기,0
2023.08.01,함평군,이화명나방2화기,0
2023.08.01,해남군,이화명나방2화기,0
2023.08.01,화순군,이화명나방2화기,0
2023.08.16,강진군,이화명나방2화기,0
2023.08.16,고흥군,이화명나방2화기,0
2023.08.16,곡성군,이화명나방2화기,0
2023.08.16,광양시,이화명나방2화기,0
2023.08.16,구례군,이화명나방2화기,0
2023.08.16,나주시,이화명나방2화기,0
2023.08.16,담양군,이화명나방2화기,0
2023.08.16,무안군,이화명나방2화기,0
2023.08.16,보성군,이화명나방2화기,0
2023.08.16,순천시,이화명나방2화기,0
2023.08.16,신안군,이화명나방2화기,0
2023.08.16,여수시,이화명나방2화기,0
2023.08.16,영광군,이화명나방2화기,0
2023.08.16,영암군,이화명나방2화기,0
2023.08.16,완도군,이화명나방2화기,0
2023.08.16,장성군,이화명나방2화기,1
2023.08.16,장흥군,이화명나방2화기,0
2023.08.16,진도군,이화명나방2화기,0
2023.08.16,함평군,이화명나방2화기,1
2023.08.16,해남군,이화명나방2화기,0
2023.08.16,화순군,이화명나방2화기,0
2023.09.01,강진군,이화명나방2화기,1
2023.09.01,고흥군,이화명나방2화기,0
2023.09.01,곡성군,이화명나방2화기,0
2023.09.01,광양시,이화명나방2화기,0
2023.09.01,구례군,이화명나방2화기,0
2023.09.01,나주시,이화명나방2화기,0
2023.09.01,담양군,이화명나방2화기,0
2023.09.01,무안군,이화명나방2화기,0
2023.09.01,보성군,이화명나방2화기,1
2023.09.01,순천시,이화명나방2화기,0
2023.09.01,신안군,이화명나방2화기,1
2023.09.01,여수시,이화명나방2화기,1
2023.09.01,영광군,이화명나방2화기,1
2023.09.01,영암군,이화명나방2화기,0
2023.09.01,완도군,이화명나방2화기,0
2023.09.01,장성군,이화명나방2화기,1
2023.09.01,장흥군,이화명나방2화기,0
2023.09.01,진도군,이화명나방2화기,1
2023.09.01,함평군,이화명나방2화기,0
2023.09.01,해남군,이화명나방2화기,0
2023.09.01,화순군,이화명나방2화기,0
2023.09.16,강진군,이화명나방2화기,1
2023.09.16,고흥군,이화명나방2화기,0
2023.09.16,곡성군,이화명나방2화기,0
2023.09.16,광양시,이화명나방2화기,0
2023.09.16,구례군,이화명나방2화기,1
2023.09.16,나주시,이화명나방2화기,0
2023.09.16,담양군,이화명나방2화기,0
2023.09.16,무안군,이화명나방2화기,0
2023.09.16,보성군,이화명나방2화기,0
2023.09.16,순천시,이화명나방2화기,1
2023.09.16,신안군,이화명나방2화기,0
2023.09.16,여수시,이화명나방2화기,1
2023.09.16,영광군,이화명나방2화기,0
2023.09.16,영암군,이화명나방2화기,0
2023.09.16,완도군,이화명나방2화기,0
2023.09.16,장성군,이화명나방2화기,1
2023.09.16,장흥군,이화명나방2화기,0
2023.09.16,진도군,이화명나방2화기,1
2023.09.16,함평군,이화명나방2화기,0
2023.09.16,해남군,이화명나방2화기,0
2023.09.16,화순군,이화명나방2화기,0
2024.06.01,강진군,이화명나방2화기,0
2024.06.01,고흥군,이화명나방2화기,0
2024.06.01,광양시,이화명나방2화기,0
2024.06.01,구례군,이화명나방2화기,0
2024.06.01,나주시,이화명나방2화기,0
2024.06.01,무안군,이화명나방2화기,0
2024.06.01,보성군,이화명나방2화기,0
2024.06.01,순천시,이화명나방2화기,0
2024.06.01,신안군,이화명나방2화기,0
2024.06.01,여수시,이화명나방2화기,0
2024.06.01,영암군,이화명나방2화기,0
2024.06.01,완도군,이화명나방2화기,0
2024.06.01,장성군,이화명나방2화기,0
2024.06.01,장흥군,이화명나방2화기,0
2024.06.01,진도군,이화명나방2화기,0
2024.06.01,해남군,이화명나방2화기,0
2024.06.01,화순군,이화명나방2화기,0
2024.06.16,강진군,이화명나방2화기,0
2024.06.16,고흥군,이화명나방2화기,0
2024.06.16,광양시,이화명나방2화기,0
2024.06.16,구례군,이화명나방2화기,0
2024.06.16,나주시,이화명나방2화기,0
2024.06.16,담양군,이화명나방2화기,0
2024.06.16,무안군,이화명나방2화기,0
2024.06.16,보성군,이화명나방2화기,0
2024.06.16,순천시,이화명나방2화기,0
2024.06.16,신안군,이화명나방2화기,0
2024.06.16,여수시,이화명나방2화기,0
2024.06.16,영광군,이화명나방2화기,0
2024.06.16,영암군,이화명나방2화기,0
2024.06.16,완도군,이화명나방2화기,0
2024.06.16,장성군,이화명나방2화기,0
2024.06.16,장흥군,이화명나방2화기,0
2024.06.16,진도군,이화명나방2화기,0
2024.06.16,해남군,이화명나방2화기,0
2024.06.16,화순군,이화명나방2화기,0
2024.07.01,강진군,이화명나방2화기,0
2024.07.01,고흥군,이화명나방2화기,0
2024.07.01,곡성군,이화명나방2화기,0
2024.07.01,광양시,이화명나방2화기,0
2024.07.01,구례군,이화명나방2화기,0
2024.07.01,나주시,이화명나방2화기,0
2024.07.01,담양군,이화명나방2화기,0
2024.07.01,무안군,이화명나방2화기,0
2024.07.01,보성군,이화명나방2화기,0
2024.07.01,순천시,이화명나방2화기,0
2024.07.01,신안군,이화명나방2화기,0
2024.07.01,여수시,이화명나방2화기,0
2024.07.01,영광군,이화명나방2화기,0
2024.07.01,영암군,이화명나방2화기,0
2024.07.01,완도군,이화명나방2화기,0
2024.07.01,장성군,이화명나방2화기,0
2024.07.01,장흥군,이화명나방2화기,0
2024.07.01,진도군,이화명나방2화기,0
2024.07.01,함평군,이화명나방2화기,0
2024.07.01,해남군,이화명나방2화기,0
2024.07.01,화순군,이화명나방2화기,0
2024.07.16,강진군,이화명나방2화기,0
2024.07.16,고흥군,이화명나방2화기,0
2024.07.16,곡성군,이화명나방2화기,0
2024.07.16,광양시,이화명나방2화기,0
2024.07.16,구례군,이화명나방2화기,0
2024.07.16,나주시,이화명나방2화기,0
2024.07.16,담양군,이화명나방2화기,0
2024.07.16,무안군,이화명나방2화기,0
2024.07.16,보성군,이화명나방2화기,0
2024.07.16,순천시,이화명나방2화기,0
2024.07.16,신안군,이화명나방2화기,0
2024.07.16,여수시,이화명나방2화기,0
2024.07.16,영광군,이화명나방2화기,0
2024.07.16,영암군,이화명나방2화기,0
2024.07.16,완도군,이화명나방2화기,0
2024.07.16,장성군,이화명나방2화기,0
2024.07.16,장흥군,이화명나방2화기,0
2024.07.16,진도군,이화명나방2화기,0
2024.07.16,함평군,이화명나방2화기,0
2024.07.16,해남군,이화명나방2화기,0
2024.07.16,화순군,이화명나방2화기,0
2024.08.01,강진군,이화명나방2화기,0
2024.08.01,고흥군,이화명나방2화기,0
2024.08.01,곡성군,이화명나방2화기,0
2024.08.01,광양시,이화명나방2화기,0
2024.08.01,구례군,이화명나방2화기,0
2024.08.01,나주시,이화명나방2화기,0
2024.08.01,담양군,이화명나방2화기,0
2024.08.01,무안군,이화명나방2화기,0
2024.08.01,보성군,이화명나방2화기,0
2024.08.01,순천시,이화명나방2화기,0
2024.08.01,신안군,이화명나방2화기,0
2024.08.01,여수시,이화명나방2화기,0
2024.08.01,영광군,이화명나방2화기,0
2024.08.01,영암군,이화명나방2화기,0
2024.08.01,완도군,이화명나방2화기,0
2024.08.01,장성군,이화명나방2화기,1
2024.08.01,장흥군,이화명나방2화기,0
2024.08.01,진도군,이화명나방2화기,0
2024.08.01,함평군,이화명나방2화기,0
2024.08.01,해남군,이화명나방2화기,0
2024.08.01,화순군,이화명나방2화기,0
2024.08.16,강진군,이화명나방2화기,0
2024.08.16,고흥군,이화명나방2화기,0
2024.08.16,곡성군,이화명나방2화기,0
2024.08.16,광양시,이화명나방2화기,0
2024.08.16,구례군,이화명나방2화기,0
2024.08.16,나주시,이화명나방2화기,0
2024.08.16,담양군,이화명나방2화기,0
2024.08.16,무안군,이화명나방2화기,0
2024.08.16,보성군,이화명나방2화기,0
2024.08.16,순천시,이화명나방2화기,0
2024.08.16,신안군,이화명나방2화기,0
2024.08.16,여수시,이화명나방2화기,0
2024.08.16,영광군,이화명나방2화기,0
2024.08.16,영암군,이화명나방2화기,1
2024.08.16,완도군,이화명나방2화기,0
2024.08.16,장성군,이화명나방2화기,1
2024.08.16,장흥군,이화명나방2화기,1
2024.08.16,진도군,이화명나방2화기,0
2024.08.16,함평군,이화명나방2화기,0
2024.08.16,해남군,이화명나방2화기,0
2024.08.16,화순군,이화명나방2화기,0
2024.09.01,강진군,이화명나방2화기,0
2024.09.01,고흥군,이화명나방2화기,0
2024.09.01,곡성군,이화명나방2화기,0
2024.09.01,광양시,이화명나방2화기,0
2024.09.01,구례군,이화명나방2화기,0
2024.09.01,나주시,이화명나방2화기,0
2024.09.01,담양군,이화명나방2화기,0
2024.09.01,무안군,이화명나방2화기,0
2024.09.01,보성군,이화명나방2화기,0
2024.09.01,순천시,이화명나방2화기,1
2024.09.01,신안군,이화명나방2화기,0
2024.09.01,여수시,이화명나방2화기,1
2024.09.01,영광군,이화명나방2화기,0
2024.09.01,영암군,이화명나방2화기,1
2024.09.01,완도군,이화명나방2화기,0
2024.09.01,장성군,이화명나방2화기,1
2024.09.01,장흥군,이화명나방2화기,0
2024.09.01,진도군,이화명나방2화기,1
2024.09.01,함평군,이화명나방2화기,1
2024.09.01,해남군,이화명나방2화기,0
2024.09.01,화순군,이화명나방2화기,0
2024.09.16,강진군,이화명나방2화기,0
2024.09.16,고흥군,이화명나방2화기,0
2024.09.16,곡성군,이화명나방2화기,0
2024.09.16,광양시,이화명나방2화기,0
2024.09.16,구례군,이화명나방2화기,0
2024.09.16,나주시,이화명나방2화기,0
2024.09.16,담양군,이화명나방2화기,0
2024.09.16,무안군,이화명나방2화기,1
2024.09.16,보성군,이화명나방2화기,0
2024.09.16,순천시,이화명나방2화기,1
2024.09.16,신안군,이화명나방2화기,0
2024.09.16,여수시,이화명나방2화기,1
2024.09.16,영광군,이화명나방2화기,0
2024.09.16,영암군,이화명나방2화기,1
2024.09.16,완도군,이화명나방2화기,0
2024.09.16,장성군,이화명나방2화기,1
2024.09.16,장흥군,이화명나방2화기,0
2024.09.16,진도군,이화명나방2화기,1
2024.09.16,함평군,이화명나방2화기,0
2024.09.16,해남군,이화명나방2화기,0
2024.09.16,화순군,이화명나방2화기,0
2025.06.01,강진군,이화명나방2화기,0
2025.06.01,고흥군,이화명나방2화기,0
2025.06.01,곡성군,이화명나방2화기,0
2025.06.01,광양시,이화명나방2화기,0
2025.06.01,구례군,이화명나방2화기,0
2025.06.01,나주시,이화명나방2화기,0
2025.06.01,담양군,이화명나방2화기,0
2025.06.01,무안군,이화명나방2화기,0
2025.06.01,보성군,이화명나방2화기,0
2025.06.01,순천시,이화명나방2화기,0
2025.06.01,신안군,이화명나방2화기,0
2025.06.01,여수시,이화명나방2화기,0
2025.06.01,영광군,이화명나방2화기,0
2025.06.01,영암군,이화명나방2화기,0
2025.06.01,완도군,이화명나방2화기,0
2025.06.01,장성군,이화명나방2화기,0
2025.06.01,장흥군,이화명나방2화기,0
2025.06.01,진도군,이화명나방2화기,0
2025.06.01,함평군,이화명나방2화기,0
2025.06.01,해남군,이화명나방2화기,0
2025.06.01,화순군,이화명나방2화기,0
2025.06.16,강진군,이화명나방2화기,0
2025.06.16,고흥군,이화명나방2화기,0
2025.06.16,곡성군,이화명나방2화기,0
2025.06.16,광양시,이화명나방2화기,0
2025.06.16,구례군,이화명나방2화기,0
2025.06.16,나주시,이화명나방2화기,0
2025.06.16,담양군,이화명나방2화기,0
2025.06.16,무안군,이화명나방2화기,0
2025.06.16,보성군,이화명나방2화기,0
2025.06.16,순천시,이화명나방2화기,0
2025.06.16,신안군,이화명나방2화기,0
2025.06.16,여수시,이화명나방2화기,0
2025.06.16,영광군,이화명나방2화기,0
2025.06.16,영암군,이화명나방2화기,0
2025.06.16,완도군,이화명나방2화기,0
2025.06.16,장성군,이화명나방2화기,0
2025.06.16,장흥군,이화명나방2화기,0
2025.06.16,진도군,이화명나방2화기,0
2025.06.16,함평군,이화명나방2화기,0
2025.06.16,해남군,이화명나방2화기,0
2025.06.16,화순군,이화명나방2화기,0
2025.07.01,강진군,이화명나방2화기,0
2025.07.01,고흥군,이화명나방2화기,0
2025.07.01,곡성군,이화명나방2화기,0
2025.07.01,광양시,이화명나방2화기,0
2025.07.01,구례군,이화명나방2화기,0
2025.07.01,나주시,이화명나방2화기,0
2025.07.01,담양군,이화명나방2화기,0
2025.07.01,무안군,이화명나방2화기,0
2025.07.01,보성군,이화명나방2화기,0
2025.07.01,순천시,이화명나방2화기,0
2025.07.01,신안군,이화명나방2화기,0
2025.07.01,여수시,이화명나방2화기,0
2025.07.01,영광군,이화명나방2화기,0
2025.07.01,영암군,이화명나방2화기,0
2025.07.01,완도군,이화명나방2화기,0
2025.07.01,장성군,이화명나방2화기,0
2025.07.01,진도군,이화명나방2화기,0
2025.07.01,함평군,이화명나방2화기,0
2025.07.01,해남군,이화명나방2화기,0
2025.07.01,화순군,이화명나방2화기,0
2025.07.16,강진군,이화명나방2화기,0
2025.07.16,고흥군,이화명나방2화기,0
2025.07.16,곡성군,이화명나방2화기,0
2025.07.16,광양시,이화명나방2화기,0
2025.07.16,구례군,이화명나방2화기,0
2025.07.16,나주시,이화명나방2화기,0
2025.07.16,담양군,이화명나방2화기,0
2025.07.16,무안군,이화명나방2화기,0
2025.07.16,보성군,이화명나방2화기,0
2025.07.16,순천시,이화명나방2화기,0
2025.07.16,신안군,이화명나방2화기,0
2025.07.16,여수시,이화명나방2화기,0
2025.07.16,영광군,이화명나방2화기,0
2025.07.16,영암군,이화명나방2화기,0
2025.07.16,완도군,이화명나방2화기,0
2025.07.16,장성군,이화명나방2화기,0
2025.07.16,장흥군,이화명나방2화기,0
2025.07.16,진도군,이화명나방2화기,0
2025.07.16,함평군,이화명나방2화기,0
2025.07.16,해남군,이화명나방2화기,0
2025.07.16,화순군,이화명나방2화기,0
2025.08.01,강진군,이화명나방2화기,0
2025.08.01,고흥군,이화명나방2화기,0
2025.08.01,광양시,이화명나방2화기,0
2025.08.01,구례군,이화명나방2화기,0
2025.08.01,담양군,이화명나방2화기,1
2025.08.01,무안군,이화명나방2화기,0
2025.08.01,보성군,이화명나방2화기,0
2025.08.01,신안군,이화명나방2화기,0
2025.08.01,여수시,이화명나방2화기,1
2025.08.01,영광군,이화명나방2화기,0
2025.08.01,영암군,이화명나방2화기,0
2025.08.01,완도군,이화명나방2화기,0
2025.08.01,장성군,이화명나방2화기,0
2025.08.01,장흥군,이화명나방2화기,0
2025.08.01,진도군,이화명나방2화기,0
2025.08.01,함평군,이화명나방2화기,0
2025.08.01,해남군,이화명나방2화기,0
2025.08.01,화순군,이화명나방2화기,0
2025.08.16,강진군,이화명나방2화기,0
2025.08.16,고흥군,이화명나방2화기,0
2025.08.16,곡성군,이화명나방2화기,0
2025.08.16,광양시,이화명나방2화기,0
2025.08.16,구례군,이화명나방2화기,0
2025.08.16,나주시,이화명나방2화기,0
2025.08.16,담양군,이화명나방2화기,0
2025.08.16,무안군,이화명나방2화기,0
2025.08.16,보성군,이화명나방2화기,0
2025.08.16,순천시,이화명나방2화기,0
2025.08.16,신안군,이화명나방2화기,0
2025.08.16,여수시,이화명나방2화기,1
2025.08.16,영광군,이화명나방2화기,0
2025.08.16,영암군,이화명나방2화기,0
2025.08.16,완도군,이화명나방2화기,0
2025.08.16,장성군,이화명나방2화기,0
2025.08.16,장흥군,이화명나방2화기,0
2025.08.16,진도군,이화명나방2화기,1
2025.08.16,함평군,이화명나방2화기,0
2025.08.16,해남군,이화명나방2화기,0
2025.08.16,화순군,이화명나방2화기,0
2025.09.01,강진군,이화명나방2화기,0
2025.09.01,고흥군,이화명나방2화기,0
2025.09.01,곡성군,이화명나방2화기,0
2025.09.01,광양시,이화명나방2화기,0
2025.09.01,구례군,이화명나방2화기,0
2025.09.01,나주시,이화명나방2화기,0
2025.09.01,담양군,이화명나방2화기,0
2025.09.01,무안군,이화명나방2화기,0
2025.09.01,보성군,이화명나방2화기,0
2025.09.01,순천시,이화명나방2화기,1
2025.09.01,신안군,이화명나방2화기,0
2025.09.01,여수시,이화명나방2화기,1
2025.09.01,영광군,이화명나방2화기,0
2025.09.01,영암군,이화명나방2화기,0
2025.09.01,완도군,이화명나방2화기,0
2025.09.01,장성군,이화명나방2화기,0
2025.09.01,장흥군,이화명나방2화기,0
2025.09.01,진도군,이화명나방2화기,1
2025.09.01,함평군,이화명나방2화기,0
2025.09.01,해남군,이화명나방2화기,0
2025.09.01,화순군,이화명나방2화기,0
2025.09.16,강진군,이화명나방2화기,0
2025.09.16,고흥군,이화명나방2화기,0
2025.09.16,곡성군,이화명나방2화기,0
2025.09.16,광양시,이화명나방2화기,0
2025.09.16,구례군,이화명나방2화기,0
2025.09.16,나주시,이화명나방2화기,0
2025.09.16,담양군,이화명나방2화기,0
2025.09.16,무안군,이화명나방2화기,0
2025.09.16,보성군,이화명나방2화기,0
2025.09.16,순천시,이화명나방2화기,1
2025.09.16,신안군,이화명나방2화기,0
2025.09.16,여수시,이화명나방2화기,0
2025.09.16,영광군,이화명나방2화기,0
2025.09.16,영암군,이화명나방2화기,0
2025.09.16,완도군,이화명나방2화기,0
2025.09.16,장성군,이화명나방2화기,0
2025.09.16,장흥군,이화명나방2화기,0
2025.09.16,진도군,이화명나방2화기,0
2025.09.16,함평군,이화명나방2화기,0
2025.09.16,해남군,이화명나방2화기,0
2025.09.16,화순군,이화명나방2화기,0
2014.09.16,강진군,잎도열병,0
2014.09.16,고흥군,잎도열병,0
2014.09.16,곡성군,잎도열병,0
2014.09.16,광양시,잎도열병,0
2014.09.16,구례군,잎도열병,0
2014.09.16,나주시,잎도열병,0
2014.09.16,담양군,잎도열병,0
2014.09.16,무안군,잎도열병,0
2014.09.16,보성군,잎도열병,0
2014.09.16,순천시,잎도열병,0
2014.09.16,신안군,잎도열병,0
2014.09.16,여수시,잎도열병,0
2014.09.16,영광군,잎도열병,0
2014.09.16,영암군,잎도열병,0
2014.09.16,완도군,잎도열병,0
2014.09.16,장성군,잎도열병,0
2014.09.16,장흥군,잎도열병,0
2014.09.16,진도군,잎도열병,0
2014.09.16,함평군,잎도열병,0
2014.09.16,해남군,잎도열병,0
2014.09.16,화순군,잎도열병,0
2015.06.16,강진군,잎도열병,0
2015.06.16,고흥군,잎도열병,0
2015.06.16,곡성군,잎도열병,0
2015.06.16,광양시,잎도열병,0
2015.06.16,구례군,잎도열병,0
2015.06.16,나주시,잎도열병,0
2015.06.16,담양군,잎도열병,0
2015.06.16,무안군,잎도열병,0
2015.06.16,보성군,잎도열병,0
2015.06.16,순천시,잎도열병,0
2015.06.16,신안군,잎도열병,0
2015.06.16,여수시,잎도열병,0
2015.06.16,영광군,잎도열병,0
2015.06.16,영암군,잎도열병,0
2015.06.16,완도군,잎도열병,0
2015.06.16,장성군,잎도열병,0
2015.06.16,장흥군,잎도열병,0
2015.06.16,진도군,잎도열병,0
2015.06.16,함평군,잎도열병,0
2015.06.16,해남군,잎도열병,0
2015.06.16,화순군,잎도열병,0
2015.07.01,강진군,잎도열병,0
2015.07.01,고흥군,잎도열병,0
2015.07.01,곡성군,잎도열병,0
2015.07.01,광양시,잎도열병,0
2015.07.01,구례군,잎도열병,0
2015.07.01,나주시,잎도열병,0
2015.07.01,담양군,잎도열병,0
2015.07.01,무안군,잎도열병,0
2015.07.01,보성군,잎도열병,0
2015.07.01,순천시,잎도열병,0
2015.07.01,신안군,잎도열병,0
2015.07.01,여수시,잎도열병,0
2015.07.01,영광군,잎도열병,0
2015.07.01,영암군,잎도열병,0
2015.07.01,완도군,잎도열병,0
2015.07.01,장성군,잎도열병,0
2015.07.01,장흥군,잎도열병,0
2015.07.01,진도군,잎도열병,0
2015.07.01,함평군,잎도열병,0
2015.07.01,해남군,잎도열병,0
2015.07.01,화순군,잎도열병,0
2015.07.16,강진군,잎도열병,0
2015.07.16,고흥군,잎도열병,0
2015.07.16,곡성군,잎도열병,0
2015.07.16,광양시,잎도열병,0
2015.07.16,구례군,잎도열병,0
2015.07.16,나주시,잎도열병,0
2015.07.16,담양군,잎도열병,0
2015.07.16,무안군,잎도열병,0
2015.07.16,보성군,잎도열병,0
2015.07.16,순천시,잎도열병,1
2015.07.16,신안군,잎도열병,0
2015.07.16,여수시,잎도열병,0
2015.07.16,영광군,잎도열병,0
2015.07.16,영암군,잎도열병,0
2015.07.16,완도군,잎도열병,1
2015.07.16,장성군,잎도열병,0
2015.07.16,장흥군,잎도열병,1
2015.07.16,진도군,잎도열병,0
2015.07.16,함평군,잎도열병,0
2015.07.16,해남군,잎도열병,0
2015.07.16,화순군,잎도열병,0
2015.08.01,강진군,잎도열병,0
2015.08.01,고흥군,잎도열병,0
2015.08.01,곡성군,잎도열병,1
2015.08.01,광양시,잎도열병,0
2015.08.01,구례군,잎도열병,1
2015.08.01,나주시,잎도열병,0
2015.08.01,담양군,잎도열병,0
2015.08.01,무안군,잎도열병,0
2015.08.01,보성군,잎도열병,0
2015.08.01,순천시,잎도열병,1
2015.08.01,신안군,잎도열병,0
2015.08.01,여수시,잎도열병,1
2015.08.01,영광군,잎도열병,0
2015.08.01,영암군,잎도열병,1
2015.08.01,완도군,잎도열병,1
2015.08.01,장성군,잎도열병,1
2015.08.01,장흥군,잎도열병,0
2015.08.01,진도군,잎도열병,0
2015.08.01,함평군,잎도열병,0
2015.08.01,해남군,잎도열병,0
2015.08.01,화순군,잎도열병,0
2015.08.16,강진군,잎도열병,0
2015.08.16,고흥군,잎도열병,0
2015.08.16,곡성군,잎도열병,0
2015.08.16,광양시,잎도열병,0
2015.08.16,구례군,잎도열병,0
2015.08.16,나주시,잎도열병,0
2015.08.16,담양군,잎도열병,0
2015.08.16,무안군,잎도열병,0
2015.08.16,보성군,잎도열병,0
2015.08.16,순천시,잎도열병,0
2015.08.16,신안군,잎도열병,0
2015.08.16,여수시,잎도열병,1
2015.08.16,영광군,잎도열병,0
2015.08.16,영암군,잎도열병,0
2015.08.16,완도군,잎도열병,0
2015.08.16,장성군,잎도열병,0
2015.08.16,장흥군,잎도열병,0
2015.08.16,진도군,잎도열병,0
2015.08.16,함평군,잎도열병,0
2015.08.16,해남군,잎도열병,0
2015.08.16,화순군,잎도열병,0
2016.06.01,강진군,잎도열병,0
2016.06.01,고흥군,잎도열병,0
2016.06.01,곡성군,잎도열병,0
2016.06.01,광양시,잎도열병,0
2016.06.01,구례군,잎도열병,0
2016.06.01,나주시,잎도열병,0
2016.06.01,담양군,잎도열병,0
2016.06.01,무안군,잎도열병,0
2016.06.01,보성군,잎도열병,0
2016.06.01,순천시,잎도열병,0
2016.06.01,신안군,잎도열병,0
2016.06.01,여수시,잎도열병,0
2016.06.01,영광군,잎도열병,0
2016.06.01,영암군,잎도열병,0
2016.06.01,완도군,잎도열병,0
2016.06.01,장성군,잎도열병,0
2016.06.01,장흥군,잎도열병,0
2016.06.01,진도군,잎도열병,0
2016.06.01,함평군,잎도열병,0
2016.06.01,해남군,잎도열병,0
2016.06.01,화순군,잎도열병,0
2016.06.16,강진군,잎도열병,0
2016.06.16,고흥군,잎도열병,0
2016.06.16,곡성군,잎도열병,0
2016.06.16,광양시,잎도열병,0
2016.06.16,구례군,잎도열병,0
2016.06.16,나주시,잎도열병,0
2016.06.16,담양군,잎도열병,0
2016.06.16,무안군,잎도열병,0
2016.06.16,보성군,잎도열병,0
2016.06.16,순천시,잎도열병,0
2016.06.16,신안군,잎도열병,0
2016.06.16,여수시,잎도열병,0
2016.06.16,영광군,잎도열병,0
2016.06.16,영암군,잎도열병,0
2016.06.16,완도군,잎도열병,0
2016.06.16,장성군,잎도열병,0
2016.06.16,장흥군,잎도열병,0
2016.06.16,진도군,잎도열병,0
2016.06.16,함평군,잎도열병,0
2016.06.16,해남군,잎도열병,0
2016.06.16,화순군,잎도열병,0
2016.07.01,강진군,잎도열병,0
2016.07.01,고흥군,잎도열병,0
2016.07.01,곡성군,잎도열병,0
2016.07.01,광양시,잎도열병,0
2016.07.01,구례군,잎도열병,0
2016.07.01,나주시,잎도열병,0
2016.07.01,담양군,잎도열병,0
2016.07.01,무안군,잎도열병,0
2016.07.01,보성군,잎도열병,0
2016.07.01,순천시,잎도열병,0
2016.07.01,신안군,잎도열병,0
2016.07.01,여수시,잎도열병,0
2016.07.01,영광군,잎도열병,0
2016.07.01,영암군,잎도열병,0
2016.07.01,완도군,잎도열병,0
2016.07.01,장성군,잎도열병,0
2016.07.01,장흥군,잎도열병,0
2016.07.01,진도군,잎도열병,0
2016.07.01,함평군,잎도열병,0
2016.07.01,해남군,잎도열병,0
2016.07.01,화순군,잎도열병,0
2016.07.16,강진군,잎도열병,0
2016.07.16,고흥군,잎도열병,0
2016.07.16,곡성군,잎도열병,0
2016.07.16,광양시,잎도열병,0
2016.07.16,구례군,잎도열병,1
2016.07.16,나주시,잎도열병,0
2016.07.16,담양군,잎도열병,0
2016.07.16,무안군,잎도열병,0
2016.07.16,보성군,잎도열병,0
2016.07.16,순천시,잎도열병,0
2016.07.16,신안군,잎도열병,0
2016.07.16,여수시,잎도열병,0
2016.07.16,영광군,잎도열병,0
2016.07.16,영암군,잎도열병,0
2016.07.16,완도군,잎도열병,0
2016.07.16,장성군,잎도열병,1
2016.07.16,장흥군,잎도열병,0
2016.07.16,진도군,잎도열병,1
2016.07.16,함평군,잎도열병,0
2016.07.16,해남군,잎도열병,0
2016.07.16,화순군,잎도열병,0
2016.08.01,강진군,잎도열병,0
2016.08.01,고흥군,잎도열병,0
2016.08.01,곡성군,잎도열병,0
2016.08.01,광양시,잎도열병,0
2016.08.01,구례군,잎도열병,0
2016.08.01,나주시,잎도열병,0
2016.08.01,담양군,잎도열병,0
2016.08.01,무안군,잎도열병,0
2016.08.01,보성군,잎도열병,0
2016.08.01,순천시,잎도열병,0
2016.08.01,신안군,잎도열병,0
2016.08.01,여수시,잎도열병,0
2016.08.01,영광군,잎도열병,0
2016.08.01,영암군,잎도열병,0
2016.08.01,완도군,잎도열병,0
2016.08.01,장성군,잎도열병,0
2016.08.01,장흥군,잎도열병,1
2016.08.01,진도군,잎도열병,1
2016.08.01,함평군,잎도열병,0
2016.08.01,해남군,잎도열병,0
2016.08.01,화순군,잎도열병,0
2016.08.16,강진군,잎도열병,0
2016.08.16,고흥군,잎도열병,0
2016.08.16,곡성군,잎도열병,0
2016.08.16,광양시,잎도열병,0
2016.08.16,구례군,잎도열병,0
2016.08.16,나주시,잎도열병,0
2016.08.16,담양군,잎도열병,1
2016.08.16,무안군,잎도열병,0
2016.08.16,보성군,잎도열병,0
2016.08.16,순천시,잎도열병,1
2016.08.16,신안군,잎도열병,0
2016.08.16,여수시,잎도열병,0
2016.08.16,영광군,잎도열병,0
2016.08.16,영암군,잎도열병,0
2016.08.16,완도군,잎도열병,0
2016.08.16,장성군,잎도열병,0
2016.08.16,장흥군,잎도열병,0
2016.08.16,진도군,잎도열병,0
2016.08.16,함평군,잎도열병,0
2016.08.16,해남군,잎도열병,0
2016.08.16,화순군,잎도열병,0
2016.09.01,강진군,잎도열병,0
2016.09.01,고흥군,잎도열병,0
2016.09.01,곡성군,잎도열병,0
2016.09.01,광양시,잎도열병,0
2016.09.01,구례군,잎도열병,0
2016.09.01,나주시,잎도열병,0
2016.09.01,담양군,잎도열병,0
2016.09.01,무안군,잎도열병,0
2016.09.01,보성군,잎도열병,0
2016.09.01,순천시,잎도열병,1
2016.09.01,신안군,잎도열병,0
2016.09.01,여수시,잎도열병,0
2016.09.01,영광군,잎도열병,0
2016.09.01,영암군,잎도열병,0
2016.09.01,완도군,잎도열병,0
2016.09.01,장성군,잎도열병,0
2016.09.01,장흥군,잎도열병,0
2016.09.01,진도군,잎도열병,0
2016.09.01,함평군,잎도열병,0
2016.09.01,해남군,잎도열병,0
2016.09.01,화순군,잎도열병,0
2016.09.16,강진군,잎도열병,0
2016.09.16,고흥군,잎도열병,0
2016.09.16,곡성군,잎도열병,0
2016.09.16,광양시,잎도열병,0
2016.09.16,구례군,잎도열병,0
2016.09.16,나주시,잎도열병,0
2016.09.16,담양군,잎도열병,0
2016.09.16,무안군,잎도열병,0
2016.09.16,보성군,잎도열병,0
2016.09.16,순천시,잎도열병,0
2016.09.16,신안군,잎도열병,0
2016.09.16,여수시,잎도열병,0
2016.09.16,영광군,잎도열병,0
2016.09.16,영암군,잎도열병,0
2016.09.16,완도군,잎도열병,0
2016.09.16,장성군,잎도열병,0
2016.09.16,장흥군,잎도열병,0
2016.09.16,진도군,잎도열병,0
2016.09.16,함평군,잎도열병,0
2016.09.16,해남군,잎도열병,0
2016.09.16,화순군,잎도열병,0
2017.06.01,강진군,잎도열병,0
2017.06.01,고흥군,잎도열병,0
2017.06.01,곡성군,잎도열병,0
2017.06.01,광양시,잎도열병,0
2017.06.01,구례군,잎도열병,0
2017.06.01,나주시,잎도열병,0
2017.06.01,담양군,잎도열병,0
2017.06.01,무안군,잎도열병,0
2017.06.01,보성군,잎도열병,0
2017.06.01,순천시,잎도열병,0
2017.06.01,신안군,잎도열병,0
2017.06.01,여수시,잎도열병,0
2017.06.01,영광군,잎도열병,0
2017.06.01,영암군,잎도열병,0
2017.06.01,완도군,잎도열병,0
2017.06.01,장성군,잎도열병,0
2017.06.01,장흥군,잎도열병,0
2017.06.01,진도군,잎도열병,0
2017.06.01,함평군,잎도열병,0
2017.06.01,해남군,잎도열병,0
2017.06.01,화순군,잎도열병,0
2017.06.16,강진군,잎도열병,0
2017.06.16,고흥군,잎도열병,0
2017.06.16,곡성군,잎도열병,0
2017.06.16,광양시,잎도열병,0
2017.06.16,구례군,잎도열병,0
2017.06.16,나주시,잎도열병,0
2017.06.16,담양군,잎도열병,0
2017.06.16,무안군,잎도열병,0
2017.06.16,보성군,잎도열병,0
2017.06.16,순천시,잎도열병,0
2017.06.16,신안군,잎도열병,0
2017.06.16,여수시,잎도열병,0
2017.06.16,영광군,잎도열병,0
2017.06.16,영암군,잎도열병,0
2017.06.16,완도군,잎도열병,0
2017.06.16,장성군,잎도열병,0
2017.06.16,장흥군,잎도열병,0
2017.06.16,진도군,잎도열병,0
2017.06.16,함평군,잎도열병,0
2017.06.16,해남군,잎도열병,0
2017.06.16,화순군,잎도열병,0
2017.07.01,강진군,잎도열병,0
2017.07.01,고흥군,잎도열병,0
2017.07.01,곡성군,잎도열병,0
2017.07.01,광양시,잎도열병,0
2017.07.01,구례군,잎도열병,0
2017.07.01,나주시,잎도열병,0
2017.07.01,담양군,잎도열병,0
2017.07.01,무안군,잎도열병,0
2017.07.01,보성군,잎도열병,0
2017.07.01,순천시,잎도열병,0
2017.07.01,신안군,잎도열병,0
2017.07.01,여수시,잎도열병,0
2017.07.01,영광군,잎도열병,0
2017.07.01,영암군,잎도열병,0
2017.07.01,완도군,잎도열병,0
2017.07.01,장성군,잎도열병,0
2017.07.01,장흥군,잎도열병,0
2017.07.01,진도군,잎도열병,0
2017.07.01,함평군,잎도열병,0
2017.07.01,해남군,잎도열병,0
2017.07.01,화순군,잎도열병,0
2017.07.16,강진군,잎도열병,0
2017.07.16,고흥군,잎도열병,0
2017.07.16,곡성군,잎도열병,0
2017.07.16,광양시,잎도열병,0
2017.07.16,구례군,잎도열병,0
2017.07.16,나주시,잎도열병,0
2017.07.16,담양군,잎도열병,0
2017.07.16,무안군,잎도열병,0
2017.07.16,보성군,잎도열병,0
2017.07.16,순천시,잎도열병,0
2017.07.16,신안군,잎도열병,0
2017.07.16,여수시,잎도열병,0
2017.07.16,영광군,잎도열병,0
2017.07.16,영암군,잎도열병,0
2017.07.16,완도군,잎도열병,0
2017.07.16,장성군,잎도열병,1
2017.07.16,장흥군,잎도열병,1
2017.07.16,진도군,잎도열병,0
2017.07.16,함평군,잎도열병,0
2017.07.16,해남군,잎도열병,0
2017.07.16,화순군,잎도열병,0
2017.08.01,강진군,잎도열병,0
2017.08.01,고흥군,잎도열병,0
2017.08.01,곡성군,잎도열병,0
2017.08.01,광양시,잎도열병,0
2017.08.01,구례군,잎도열병,0
2017.08.01,나주시,잎도열병,0
2017.08.01,담양군,잎도열병,0
2017.08.01,무안군,잎도열병,0
2017.08.01,보성군,잎도열병,0
2017.08.01,순천시,잎도열병,0
2017.08.01,신안군,잎도열병,1
2017.08.01,여수시,잎도열병,0
2017.08.01,영광군,잎도열병,0
2017.08.01,영암군,잎도열병,0
2017.08.01,완도군,잎도열병,0
2017.08.01,장성군,잎도열병,1
2017.08.01,장흥군,잎도열병,1
2017.08.01,진도군,잎도열병,0
2017.08.01,함평군,잎도열병,0
2017.08.01,해남군,잎도열병,0
2017.08.01,화순군,잎도열병,0
2017.08.16,강진군,잎도열병,0
2017.08.16,고흥군,잎도열병,0
2017.08.16,곡성군,잎도열병,0
2017.08.16,광양시,잎도열병,0
2017.08.16,구례군,잎도열병,0
2017.08.16,나주시,잎도열병,0
2017.08.16,담양군,잎도열병,0
2017.08.16,무안군,잎도열병,0
2017.08.16,보성군,잎도열병,0
2017.08.16,순천시,잎도열병,0
2017.08.16,신안군,잎도열병,0
2017.08.16,여수시,잎도열병,0
2017.08.16,영광군,잎도열병,0
2017.08.16,영암군,잎도열병,0
2017.08.16,완도군,잎도열병,0
2017.08.16,장성군,잎도열병,1
2017.08.16,장흥군,잎도열병,0
2017.08.16,진도군,잎도열병,0
2017.08.16,함평군,잎도열병,0
2017.08.16,해남군,잎도열병,0
2017.08.16,화순군,잎도열병,0
2017.09.01,강진군,잎도열병,0
2017.09.01,고흥군,잎도열병,0
2017.09.01,곡성군,잎도열병,0
2017.09.01,광양시,잎도열병,0
2017.09.01,구례군,잎도열병,0
2017.09.01,나주시,잎도열병,0
2017.09.01,담양군,잎도열병,0
2017.09.01,무안군,잎도열병,0
2017.09.01,보성군,잎도열병,0
2017.09.01,순천시,잎도열병,0
2017.09.01,신안군,잎도열병,0
2017.09.01,여수시,잎도열병,0
2017.09.01,영광군,잎도열병,0
2017.09.01,영암군,잎도열병,0
2017.09.01,완도군,잎도열병,0
2017.09.01,장성군,잎도열병,1
2017.09.01,장흥군,잎도열병,0
2017.09.01,진도군,잎도열병,0
2017.09.01,함평군,잎도열병,0
2017.09.01,해남군,잎도열병,0
2017.09.01,화순군,잎도열병,0
2017.09.16,강진군,잎도열병,0
2017.09.16,고흥군,잎도열병,0
2017.09.16,곡성군,잎도열병,0
2017.09.16,광양시,잎도열병,0
2017.09.16,구례군,잎도열병,0
2017.09.16,나주시,잎도열병,0
2017.09.16,담양군,잎도열병,0
2017.09.16,무안군,잎도열병,0
2017.09.16,보성군,잎도열병,0
2017.09.16,순천시,잎도열병,0
2017.09.16,신안군,잎도열병,0
2017.09.16,여수시,잎도열병,0
2017.09.16,영광군,잎도열병,0
2017.09.16,영암군,잎도열병,0
2017.09.16,완도군,잎도열병,0
2017.09.16,장성군,잎도열병,1
2017.09.16,장흥군,잎도열병,0
2017.09.16,진도군,잎도열병,0
2017.09.16,함평군,잎도열병,0
2017.09.16,해남군,잎도열병,0
2017.09.16,화순군,잎도열병,0
2018.06.01,강진군,잎도열병,0
2018.06.01,고흥군,잎도열병,0
2018.06.01,곡성군,잎도열병,0
2018.06.01,광양시,잎도열병,0
2018.06.01,구례군,잎도열병,0
2018.06.01,나주시,잎도열병,0
2018.06.01,담양군,잎도열병,0
2018.06.01,무안군,잎도열병,0
2018.06.01,보성군,잎도열병,0
2018.06.01,순천시,잎도열병,0
2018.06.01,신안군,잎도열병,0
2018.06.01,여수시,잎도열병,0
2018.06.01,영광군,잎도열병,0
2018.06.01,영암군,잎도열병,0
2018.06.01,완도군,잎도열병,0
2018.06.01,장성군,잎도열병,0
2018.06.01,장흥군,잎도열병,0
2018.06.01,진도군,잎도열병,0
2018.06.01,함평군,잎도열병,0
2018.06.01,해남군,잎도열병,0
2018.06.01,화순군,잎도열병,0
2018.06.16,강진군,잎도열병,0
2018.06.16,고흥군,잎도열병,0
2018.06.16,곡성군,잎도열병,0
2018.06.16,광양시,잎도열병,0
2018.06.16,구례군,잎도열병,0
2018.06.16,나주시,잎도열병,0
2018.06.16,담양군,잎도열병,0
2018.06.16,무안군,잎도열병,0
2018.06.16,보성군,잎도열병,0
2018.06.16,순천시,잎도열병,0
2018.06.16,신안군,잎도열병,0
2018.06.16,여수시,잎도열병,0
2018.06.16,영광군,잎도열병,0
2018.06.16,영암군,잎도열병,0
2018.06.16,완도군,잎도열병,0
2018.06.16,장성군,잎도열병,0
2018.06.16,장흥군,잎도열병,0
2018.06.16,진도군,잎도열병,0
2018.06.16,함평군,잎도열병,0
2018.06.16,해남군,잎도열병,0
2018.06.16,화순군,잎도열병,0
2018.07.01,강진군,잎도열병,0
2018.07.01,고흥군,잎도열병,0
2018.07.01,광양시,잎도열병,0
2018.07.01,나주시,잎도열병,0
2018.07.01,순천시,잎도열병,0
2018.07.01,신안군,잎도열병,0
2018.07.01,여수시,잎도열병,0
2018.07.01,영광군,잎도열병,0
2018.07.01,영암군,잎도열병,0
2018.07.01,완도군,잎도열병,0
2018.07.01,진도군,잎도열병,0
2018.07.01,해남군,잎도열병,0
2018.07.01,화순군,잎도열병,0
2018.07.16,강진군,잎도열병,0
2018.07.16,고흥군,잎도열병,0
2018.07.16,곡성군,잎도열병,0
2018.07.16,광양시,잎도열병,0
2018.07.16,구례군,잎도열병,0
2018.07.16,나주시,잎도열병,0
2018.07.16,담양군,잎도열병,0
2018.07.16,무안군,잎도열병,0
2018.07.16,보성군,잎도열병,0
2018.07.16,순천시,잎도열병,0
2018.07.16,신안군,잎도열병,0
2018.07.16,여수시,잎도열병,0
2018.07.16,영광군,잎도열병,0
2018.07.16,영암군,잎도열병,0
2018.07.16,완도군,잎도열병,0
2018.07.16,장성군,잎도열병,0
2018.07.16,장흥군,잎도열병,0
2018.07.16,진도군,잎도열병,0
2018.07.16,함평군,잎도열병,0
2018.07.16,해남군,잎도열병,1
2018.07.16,화순군,잎도열병,0
2018.08.01,강진군,잎도열병,0
2018.08.01,고흥군,잎도열병,0
2018.08.01,곡성군,잎도열병,0
2018.08.01,광양시,잎도열병,0
2018.08.01,구례군,잎도열병,0
2018.08.01,나주시,잎도열병,0
2018.08.01,담양군,잎도열병,0
2018.08.01,무안군,잎도열병,0
2018.08.01,보성군,잎도열병,0
2018.08.01,순천시,잎도열병,0
2018.08.01,신안군,잎도열병,0
2018.08.01,여수시,잎도열병,0
2018.08.01,영광군,잎도열병,0
2018.08.01,영암군,잎도열병,0
2018.08.01,완도군,잎도열병,0
2018.08.01,장성군,잎도열병,0
2018.08.01,장흥군,잎도열병,0
2018.08.01,진도군,잎도열병,0
2018.08.01,함평군,잎도열병,0
2018.08.01,해남군,잎도열병,1
2018.08.01,화순군,잎도열병,0
2018.08.16,강진군,잎도열병,0
2018.08.16,고흥군,잎도열병,0
2018.08.16,곡성군,잎도열병,0
2018.08.16,광양시,잎도열병,0
2018.08.16,구례군,잎도열병,0
2018.08.16,나주시,잎도열병,0
2018.08.16,담양군,잎도열병,0
2018.08.16,무안군,잎도열병,0
2018.08.16,보성군,잎도열병,0
2018.08.16,순천시,잎도열병,0
2018.08.16,신안군,잎도열병,0
2018.08.16,여수시,잎도열병,0
2018.08.16,영광군,잎도열병,0
2018.08.16,영암군,잎도열병,0
2018.08.16,완도군,잎도열병,0
2018.08.16,장성군,잎도열병,0
2018.08.16,장흥군,잎도열병,0
2018.08.16,진도군,잎도열병,0
2018.08.16,함평군,잎도열병,0
2018.08.16,해남군,잎도열병,0
2018.08.16,화순군,잎도열병,0
2018.09.01,강진군,잎도열병,0
2018.09.01,고흥군,잎도열병,0
2018.09.01,곡성군,잎도열병,0
2018.09.01,광양시,잎도열병,0
2018.09.01,구례군,잎도열병,0
2018.09.01,나주시,잎도열병,0
2018.09.01,담양군,잎도열병,0
2018.09.01,무안군,잎도열병,0
2018.09.01,보성군,잎도열병,0
2018.09.01,순천시,잎도열병,0
2018.09.01,신안군,잎도열병,0
2018.09.01,여수시,잎도열병,0
2018.09.01,영광군,잎도열병,0
2018.09.01,영암군,잎도열병,0
2018.09.01,완도군,잎도열병,0
2018.09.01,장성군,잎도열병,0
2018.09.01,장흥군,잎도열병,0
2018.09.01,진도군,잎도열병,0
2018.09.01,함평군,잎도열병,0
2018.09.01,해남군,잎도열병,0
2018.09.01,화순군,잎도열병,0
2018.09.16,강진군,잎도열병,0
2018.09.16,고흥군,잎도열병,0
2018.09.16,곡성군,잎도열병,0
2018.09.16,광양시,잎도열병,0
2018.09.16,구례군,잎도열병,0
2018.09.16,나주시,잎도열병,0
2018.09.16,담양군,잎도열병,0
2018.09.16,무안군,잎도열병,0
2018.09.16,보성군,잎도열병,0
2018.09.16,순천시,잎도열병,0
2018.09.16,신안군,잎도열병,0
2018.09.16,여수시,잎도열병,0
2018.09.16,영광군,잎도열병,0
2018.09.16,영암군,잎도열병,0
2018.09.16,완도군,잎도열병,0
2018.09.16,장성군,잎도열병,0
2018.09.16,장흥군,잎도열병,0
2018.09.16,진도군,잎도열병,0
2018.09.16,함평군,잎도열병,0
2018.09.16,해남군,잎도열병,0
2018.09.16,화순군,잎도열병,0
2019.06.01,강진군,잎도열병,0
2019.06.01,고흥군,잎도열병,0
2019.06.01,곡성군,잎도열병,0
2019.06.01,광양시,잎도열병,0
2019.06.01,구례군,잎도열병,0
2019.06.01,나주시,잎도열병,0
2019.06.01,담양군,잎도열병,0
2019.06.01,무안군,잎도열병,0
2019.06.01,보성군,잎도열병,0
2019.06.01,순천시,잎도열병,0
2019.06.01,신안군,잎도열병,0
2019.06.01,여수시,잎도열병,0
2019.06.01,영광군,잎도열병,0
2019.06.01,영암군,잎도열병,0
2019.06.01,완도군,잎도열병,0
2019.06.01,장성군,잎도열병,0
2019.06.01,장흥군,잎도열병,0
2019.06.01,진도군,잎도열병,0
2019.06.01,함평군,잎도열병,0
2019.06.01,해남군,잎도열병,0
2019.06.01,화순군,잎도열병,0
2019.06.16,강진군,잎도열병,0
2019.06.16,고흥군,잎도열병,0
2019.06.16,곡성군,잎도열병,0
2019.06.16,광양시,잎도열병,0
2019.06.16,구례군,잎도열병,0
2019.06.16,나주시,잎도열병,0
2019.06.16,담양군,잎도열병,0
2019.06.16,무안군,잎도열병,0
2019.06.16,보성군,잎도열병,0
2019.06.16,순천시,잎도열병,0
2019.06.16,신안군,잎도열병,0
2019.06.16,여수시,잎도열병,0
2019.06.16,영광군,잎도열병,0
2019.06.16,영암군,잎도열병,0
2019.06.16,완도군,잎도열병,0
2019.06.16,장성군,잎도열병,0
2019.06.16,장흥군,잎도열병,0
2019.06.16,진도군,잎도열병,0
2019.06.16,함평군,잎도열병,0
2019.06.16,해남군,잎도열병,0
2019.06.16,화순군,잎도열병,0
2019.07.01,강진군,잎도열병,0
2019.07.01,고흥군,잎도열병,0
2019.07.01,곡성군,잎도열병,0
2019.07.01,광양시,잎도열병,0
2019.07.01,구례군,잎도열병,0
2019.07.01,나주시,잎도열병,0
2019.07.01,담양군,잎도열병,0
2019.07.01,무안군,잎도열병,0
2019.07.01,보성군,잎도열병,0
2019.07.01,순천시,잎도열병,0
2019.07.01,신안군,잎도열병,0
2019.07.01,여수시,잎도열병,0
2019.07.01,영광군,잎도열병,0
2019.07.01,영암군,잎도열병,0
2019.07.01,완도군,잎도열병,0
2019.07.01,장성군,잎도열병,0
2019.07.01,장흥군,잎도열병,0
2019.07.01,진도군,잎도열병,0
2019.07.01,함평군,잎도열병,0
2019.07.01,해남군,잎도열병,0
2019.07.01,화순군,잎도열병,0
2019.07.16,강진군,잎도열병,0
2019.07.16,고흥군,잎도열병,0
2019.07.16,곡성군,잎도열병,0
2019.07.16,광양시,잎도열병,0
2019.07.16,구례군,잎도열병,0
2019.07.16,나주시,잎도열병,0
2019.07.16,담양군,잎도열병,0
2019.07.16,무안군,잎도열병,0
2019.07.16,보성군,잎도열병,0
2019.07.16,순천시,잎도열병,0
2019.07.16,신안군,잎도열병,0
2019.07.16,여수시,잎도열병,0
2019.07.16,영광군,잎도열병,0
2019.07.16,영암군,잎도열병,0
2019.07.16,완도군,잎도열병,0
2019.07.16,장성군,잎도열병,0
2019.07.16,장흥군,잎도열병,0
2019.07.16,진도군,잎도열병,0
2019.07.16,함평군,잎도열병,0
2019.07.16,해남군,잎도열병,0
2019.07.16,화순군,잎도열병,0
2019.08.01,강진군,잎도열병,0
2019.08.01,고흥군,잎도열병,0
2019.08.01,곡성군,잎도열병,1
2019.08.01,광양시,잎도열병,0
2019.08.01,구례군,잎도열병,0
2019.08.01,나주시,잎도열병,1
2019.08.01,담양군,잎도열병,0
2019.08.01,무안군,잎도열병,0
2019.08.01,보성군,잎도열병,0
2019.08.01,순천시,잎도열병,0
2019.08.01,신안군,잎도열병,0
2019.08.01,여수시,잎도열병,0
2019.08.01,영광군,잎도열병,0
2019.08.01,영암군,잎도열병,1
2019.08.01,완도군,잎도열병,0
2019.08.01,장성군,잎도열병,0
2019.08.01,장흥군,잎도열병,0
2019.08.01,진도군,잎도열병,1
2019.08.01,함평군,잎도열병,0
2019.08.01,해남군,잎도열병,0
2019.08.01,화순군,잎도열병,0
2019.08.16,강진군,잎도열병,0
2019.08.16,고흥군,잎도열병,0
2019.08.16,광양시,잎도열병,0
2019.08.16,구례군,잎도열병,0
2019.08.16,무안군,잎도열병,0
2019.08.16,보성군,잎도열병,0
2019.08.16,순천시,잎도열병,0
2019.08.16,신안군,잎도열병,0
2019.08.16,여수시,잎도열병,0
2019.08.16,영광군,잎도열병,0
2019.08.16,완도군,잎도열병,0
2019.08.16,장흥군,잎도열병,0
2019.08.16,진도군,잎도열병,0
2019.08.16,함평군,잎도열병,0
2019.08.16,해남군,잎도열병,0
2019.08.16,화순군,잎도열병,0
2019.09.01,강진군,잎도열병,0
2019.09.01,고흥군,잎도열병,0
2019.09.01,곡성군,잎도열병,0
2019.09.01,광양시,잎도열병,0
2019.09.01,구례군,잎도열병,0
2019.09.01,나주시,잎도열병,0
2019.09.01,담양군,잎도열병,0
2019.09.01,무안군,잎도열병,0
2019.09.01,보성군,잎도열병,0
2019.09.01,순천시,잎도열병,0
2019.09.01,신안군,잎도열병,0
2019.09.01,여수시,잎도열병,0
2019.09.01,영광군,잎도열병,0
2019.09.01,영암군,잎도열병,0
2019.09.01,완도군,잎도열병,0
2019.09.01,장성군,잎도열병,0
2019.09.01,장흥군,잎도열병,0
2019.09.01,진도군,잎도열병,0
2019.09.01,함평군,잎도열병,0
2019.09.01,해남군,잎도열병,0
2019.09.01,화순군,잎도열병,0
2019.09.16,강진군,잎도열병,0
2019.09.16,고흥군,잎도열병,0
2019.09.16,곡성군,잎도열병,0
2019.09.16,광양시,잎도열병,0
2019.09.16,구례군,잎도열병,0
2019.09.16,나주시,잎도열병,0
2019.09.16,담양군,잎도열병,0
2019.09.16,무안군,잎도열병,0
2019.09.16,보성군,잎도열병,0
2019.09.16,순천시,잎도열병,0
2019.09.16,여수시,잎도열병,0
2019.09.16,영광군,잎도열병,0
2019.09.16,영암군,잎도열병,0
2019.09.16,완도군,잎도열병,0
2019.09.16,장성군,잎도열병,0
2019.09.16,장흥군,잎도열병,0
2019.09.16,진도군,잎도열병,0
2019.09.16,함평군,잎도열병,0
2019.09.16,해남군,잎도열병,0
2019.09.16,화순군,잎도열병,0
2020.06.01,강진군,잎도열병,0
2020.06.01,고흥군,잎도열병,0
2020.06.01,광양시,잎도열병,0
2020.06.01,구례군,잎도열병,0
2020.06.01,나주시,잎도열병,0
2020.06.01,담양군,잎도열병,0
2020.06.01,무안군,잎도열병,0
2020.06.01,보성군,잎도열병,0
2020.06.01,순천시,잎도열병,0
2020.06.01,신안군,잎도열병,0
2020.06.01,여수시,잎도열병,0
2020.06.01,영광군,잎도열병,0
2020.06.01,영암군,잎도열병,0
2020.06.01,완도군,잎도열병,0
2020.06.01,장성군,잎도열병,0
2020.06.01,장흥군,잎도열병,0
2020.06.01,진도군,잎도열병,0
2020.06.01,함평군,잎도열병,0
2020.06.01,해남군,잎도열병,0
2020.06.01,화순군,잎도열병,0
2020.06.16,강진군,잎도열병,0
2020.06.16,고흥군,잎도열병,0
2020.06.16,곡성군,잎도열병,0
2020.06.16,광양시,잎도열병,0
2020.06.16,구례군,잎도열병,0
2020.06.16,나주시,잎도열병,0
2020.06.16,담양군,잎도열병,0
2020.06.16,무안군,잎도열병,0
2020.06.16,보성군,잎도열병,1
2020.06.16,순천시,잎도열병,0
2020.06.16,신안군,잎도열병,0
2020.06.16,여수시,잎도열병,0
2020.06.16,영광군,잎도열병,0
2020.06.16,영암군,잎도열병,0
2020.06.16,완도군,잎도열병,0
2020.06.16,장성군,잎도열병,0
2020.06.16,장흥군,잎도열병,0
2020.06.16,진도군,잎도열병,0
2020.06.16,함평군,잎도열병,0
2020.06.16,해남군,잎도열병,0
2020.06.16,화순군,잎도열병,0
2020.07.01,강진군,잎도열병,0
2020.07.01,고흥군,잎도열병,0
2020.07.01,곡성군,잎도열병,0
2020.07.01,광양시,잎도열병,0
2020.07.01,구례군,잎도열병,0
2020.07.01,담양군,잎도열병,0
2020.07.01,무안군,잎도열병,0
2020.07.01,보성군,잎도열병,0
2020.07.01,순천시,잎도열병,0
2020.07.01,신안군,잎도열병,0
2020.07.01,여수시,잎도열병,0
2020.07.01,영광군,잎도열병,0
2020.07.01,영암군,잎도열병,0
2020.07.01,완도군,잎도열병,0
2020.07.01,장성군,잎도열병,0
2020.07.01,장흥군,잎도열병,0
2020.07.01,진도군,잎도열병,0
2020.07.01,함평군,잎도열병,0
2020.07.01,해남군,잎도열병,0
2020.07.01,화순군,잎도열병,0
2020.07.16,강진군,잎도열병,0
2020.07.16,고흥군,잎도열병,0
2020.07.16,곡성군,잎도열병,0
2020.07.16,광양시,잎도열병,0
2020.07.16,구례군,잎도열병,0
2020.07.16,나주시,잎도열병,0
2020.07.16,담양군,잎도열병,1
2020.07.16,무안군,잎도열병,0
2020.07.16,보성군,잎도열병,0
2020.07.16,순천시,잎도열병,0
2020.07.16,신안군,잎도열병,0
2020.07.16,여수시,잎도열병,0
2020.07.16,영광군,잎도열병,0
2020.07.16,영암군,잎도열병,1
2020.07.16,완도군,잎도열병,1
2020.07.16,장성군,잎도열병,1
2020.07.16,장흥군,잎도열병,0
2020.07.16,진도군,잎도열병,1
2020.07.16,함평군,잎도열병,0
2020.07.16,해남군,잎도열병,0
2020.07.16,화순군,잎도열병,0
2020.08.01,강진군,잎도열병,1
2020.08.01,고흥군,잎도열병,0
2020.08.01,곡성군,잎도열병,1
2020.08.01,광양시,잎도열병,0
2020.08.01,구례군,잎도열병,0
2020.08.01,나주시,잎도열병,1
2020.08.01,담양군,잎도열병,1
2020.08.01,무안군,잎도열병,0
2020.08.01,보성군,잎도열병,1
2020.08.01,순천시,잎도열병,1
2020.08.01,신안군,잎도열병,0
2020.08.01,여수시,잎도열병,0
2020.08.01,영광군,잎도열병,1
2020.08.01,영암군,잎도열병,1
2020.08.01,완도군,잎도열병,1
2020.08.01,장성군,잎도열병,1
2020.08.01,장흥군,잎도열병,1
2020.08.01,진도군,잎도열병,1
2020.08.01,함평군,잎도열병,1
2020.08.01,해남군,잎도열병,1
2020.08.01,화순군,잎도열병,1
2020.08.16,강진군,잎도열병,1
2020.08.16,고흥군,잎도열병,1
2020.08.16,곡성군,잎도열병,1
2020.08.16,광양시,잎도열병,0
2020.08.16,구례군,잎도열병,1
2020.08.16,나주시,잎도열병,1
2020.08.16,담양군,잎도열병,1
2020.08.16,무안군,잎도열병,1
2020.08.16,보성군,잎도열병,1
2020.08.16,순천시,잎도열병,1
2020.08.16,신안군,잎도열병,1
2020.08.16,여수시,잎도열병,1
2020.08.16,영광군,잎도열병,0
2020.08.16,영암군,잎도열병,1
2020.08.16,완도군,잎도열병,0
2020.08.16,장성군,잎도열병,1
2020.08.16,장흥군,잎도열병,1
2020.08.16,진도군,잎도열병,1
2020.08.16,함평군,잎도열병,1
2020.08.16,해남군,잎도열병,1
2020.08.16,화순군,잎도열병,1
2020.09.01,강진군,잎도열병,0
2020.09.01,고흥군,잎도열병,0
2020.09.01,곡성군,잎도열병,0
2020.09.01,광양시,잎도열병,0
2020.09.01,구례군,잎도열병,1
2020.09.01,나주시,잎도열병,0
2020.09.01,담양군,잎도열병,0
2020.09.01,무안군,잎도열병,0
2020.09.01,보성군,잎도열병,0
2020.09.01,순천시,잎도열병,1
2020.09.01,신안군,잎도열병,0
2020.09.01,여수시,잎도열병,0
2020.09.01,영광군,잎도열병,0
2020.09.01,영암군,잎도열병,0
2020.09.01,완도군,잎도열병,0
2020.09.01,장성군,잎도열병,0
2020.09.01,장흥군,잎도열병,0
2020.09.01,진도군,잎도열병,0
2020.09.01,함평군,잎도열병,0
2020.09.01,해남군,잎도열병,0
2020.09.01,화순군,잎도열병,0
2020.09.16,강진군,잎도열병,0
2020.09.16,고흥군,잎도열병,0
2020.09.16,곡성군,잎도열병,0
2020.09.16,광양시,잎도열병,0
2020.09.16,구례군,잎도열병,0
2020.09.16,나주시,잎도열병,0
2020.09.16,담양군,잎도열병,0
2020.09.16,무안군,잎도열병,0
2020.09.16,보성군,잎도열병,0
2020.09.16,순천시,잎도열병,0
2020.09.16,신안군,잎도열병,0
2020.09.16,여수시,잎도열병,0
2020.09.16,영광군,잎도열병,0
2020.09.16,영암군,잎도열병,0
2020.09.16,완도군,잎도열병,0
2020.09.16,장성군,잎도열병,0
2020.09.16,장흥군,잎도열병,0
2020.09.16,진도군,잎도열병,0
2020.09.16,함평군,잎도열병,0
2020.09.16,해남군,잎도열병,0
2020.09.16,화순군,잎도열병,0
2021.06.01,강진군,잎도열병,0
2021.06.01,고흥군,잎도열병,0
2021.06.01,곡성군,잎도열병,0
2021.06.01,광양시,잎도열병,0
2021.06.01,구례군,잎도열병,0
2021.06.01,나주시,잎도열병,0
2021.06.01,담양군,잎도열병,0
2021.06.01,무안군,잎도열병,0
2021.06.01,보성군,잎도열병,0
2021.06.01,순천시,잎도열병,0
2021.06.01,신안군,잎도열병,0
2021.06.01,여수시,잎도열병,0
2021.06.01,영암군,잎도열병,0
2021.06.01,완도군,잎도열병,0
2021.06.01,장성군,잎도열병,0
2021.06.01,장흥군,잎도열병,0
2021.06.01,진도군,잎도열병,0
2021.06.01,함평군,잎도열병,0
2021.06.01,해남군,잎도열병,0
2021.06.01,화순군,잎도열병,0
2021.06.16,강진군,잎도열병,0
2021.06.16,고흥군,잎도열병,0
2021.06.16,곡성군,잎도열병,0
2021.06.16,광양시,잎도열병,0
2021.06.16,구례군,잎도열병,0
2021.06.16,나주시,잎도열병,0
2021.06.16,담양군,잎도열병,0
2021.06.16,무안군,잎도열병,0
2021.06.16,보성군,잎도열병,0
2021.06.16,순천시,잎도열병,0
2021.06.16,신안군,잎도열병,0
2021.06.16,여수시,잎도열병,0
2021.06.16,영광군,잎도열병,0
2021.06.16,영암군,잎도열병,0
2021.06.16,완도군,잎도열병,0
2021.06.16,장성군,잎도열병,0
2021.06.16,장흥군,잎도열병,0
2021.06.16,진도군,잎도열병,0
2021.06.16,함평군,잎도열병,0
2021.06.16,해남군,잎도열병,0
2021.06.16,화순군,잎도열병,0
2021.07.01,강진군,잎도열병,0
2021.07.01,고흥군,잎도열병,0
2021.07.01,곡성군,잎도열병,0
2021.07.01,광양시,잎도열병,0
2021.07.01,구례군,잎도열병,0
2021.07.01,나주시,잎도열병,0
2021.07.01,담양군,잎도열병,0
2021.07.01,무안군,잎도열병,0
2021.07.01,보성군,잎도열병,0
2021.07.01,순천시,잎도열병,0
2021.07.01,신안군,잎도열병,0
2021.07.01,여수시,잎도열병,0
2021.07.01,영광군,잎도열병,0
2021.07.01,영암군,잎도열병,0
2021.07.01,완도군,잎도열병,0
2021.07.01,장성군,잎도열병,0
2021.07.01,장흥군,잎도열병,0
2021.07.01,진도군,잎도열병,0
2021.07.01,함평군,잎도열병,0
2021.07.01,해남군,잎도열병,0
2021.07.01,화순군,잎도열병,0
2021.07.16,강진군,잎도열병,1
2021.07.16,고흥군,잎도열병,0
2021.07.16,곡성군,잎도열병,1
2021.07.16,광양시,잎도열병,0
2021.07.16,구례군,잎도열병,0
2021.07.16,나주시,잎도열병,0
2021.07.16,담양군,잎도열병,0
2021.07.16,무안군,잎도열병,0
2021.07.16,보성군,잎도열병,0
2021.07.16,순천시,잎도열병,0
2021.07.16,신안군,잎도열병,0
2021.07.16,여수시,잎도열병,0
2021.07.16,영광군,잎도열병,0
2021.07.16,영암군,잎도열병,0
2021.07.16,완도군,잎도열병,0
2021.07.16,장성군,잎도열병,0
2021.07.16,장흥군,잎도열병,0
2021.07.16,진도군,잎도열병,1
2021.07.16,함평군,잎도열병,0
2021.07.16,해남군,잎도열병,0
2021.07.16,화순군,잎도열병,0
2021.08.01,강진군,잎도열병,1
2021.08.01,고흥군,잎도열병,0
2021.08.01,곡성군,잎도열병,1
2021.08.01,광양시,잎도열병,0
2021.08.01,구례군,잎도열병,0
2021.08.01,보성군,잎도열병,0
2021.08.01,여수시,잎도열병,0
2021.08.01,영암군,잎도열병,0
2021.08.01,완도군,잎도열병,0
2021.08.01,장성군,잎도열병,0
2021.08.01,진도군,잎도열병,0
2021.08.01,함평군,잎도열병,0
2021.08.01,해남군,잎도열병,0
2021.08.01,화순군,잎도열병,0
2021.08.16,강진군,잎도열병,1
2021.08.16,고흥군,잎도열병,0
2021.08.16,곡성군,잎도열병,0
2021.08.16,광양시,잎도열병,0
2021.08.16,구례군,잎도열병,0
2021.08.16,나주시,잎도열병,0
2021.08.16,담양군,잎도열병,0
2021.08.16,무안군,잎도열병,0
2021.08.16,보성군,잎도열병,0
2021.08.16,순천시,잎도열병,0
2021.08.16,신안군,잎도열병,0
2021.08.16,여수시,잎도열병,0
2021.08.16,영광군,잎도열병,1
2021.08.16,영암군,잎도열병,0
2021.08.16,완도군,잎도열병,1
2021.08.16,장성군,잎도열병,0
2021.08.16,장흥군,잎도열병,1
2021.08.16,진도군,잎도열병,1
2021.08.16,함평군,잎도열병,0
2021.08.16,해남군,잎도열병,0
2021.08.16,화순군,잎도열병,0
2021.09.01,강진군,잎도열병,1
2021.09.01,고흥군,잎도열병,0
2021.09.01,곡성군,잎도열병,0
2021.09.01,광양시,잎도열병,0
2021.09.01,구례군,잎도열병,0
2021.09.01,담양군,잎도열병,0
2021.09.01,무안군,잎도열병,0
2021.09.01,보성군,잎도열병,0
2021.09.01,순천시,잎도열병,1
2021.09.01,신안군,잎도열병,0
2021.09.01,여수시,잎도열병,0
2021.09.01,영암군,잎도열병,0
2021.09.01,완도군,잎도열병,1
2021.09.01,장성군,잎도열병,0
2021.09.01,장흥군,잎도열병,0
2021.09.01,진도군,잎도열병,0
2021.09.01,함평군,잎도열병,0
2021.09.01,해남군,잎도열병,0
2021.09.01,화순군,잎도열병,0
2021.09.16,강진군,잎도열병,0
2021.09.16,고흥군,잎도열병,0
2021.09.16,곡성군,잎도열병,0
2021.09.16,광양시,잎도열병,0
2021.09.16,구례군,잎도열병,0
2021.09.16,나주시,잎도열병,0
2021.09.16,담양군,잎도열병,0
2021.09.16,무안군,잎도열병,0
2021.09.16,보성군,잎도열병,0
2021.09.16,순천시,잎도열병,0
2021.09.16,신안군,잎도열병,0
2021.09.16,여수시,잎도열병,0
2021.09.16,영광군,잎도열병,0
2021.09.16,영암군,잎도열병,0
2021.09.16,완도군,잎도열병,0
2021.09.16,장성군,잎도열병,0
2021.09.16,장흥군,잎도열병,0
2021.09.16,진도군,잎도열병,0
2021.09.16,함평군,잎도열병,0
2021.09.16,해남군,잎도열병,0
2021.09.16,화순군,잎도열병,0
2022.06.01,강진군,잎도열병,0
2022.06.01,고흥군,잎도열병,0
2022.06.01,곡성군,잎도열병,0
2022.06.01,광양시,잎도열병,0
2022.06.01,구례군,잎도열병,0
2022.06.01,나주시,잎도열병,0
2022.06.01,담양군,잎도열병,0
2022.06.01,무안군,잎도열병,0
2022.06.01,보성군,잎도열병,0
2022.06.01,순천시,잎도열병,0
2022.06.01,신안군,잎도열병,0
2022.06.01,여수시,잎도열병,0
2022.06.01,영광군,잎도열병,0
2022.06.01,영암군,잎도열병,0
2022.06.01,완도군,잎도열병,0
2022.06.01,장성군,잎도열병,0
2022.06.01,장흥군,잎도열병,0
2022.06.01,진도군,잎도열병,0
2022.06.01,함평군,잎도열병,0
2022.06.01,해남군,잎도열병,0
2022.06.01,화순군,잎도열병,0
2022.06.16,강진군,잎도열병,0
2022.06.16,고흥군,잎도열병,0
2022.06.16,곡성군,잎도열병,0
2022.06.16,광양시,잎도열병,0
2022.06.16,구례군,잎도열병,0
2022.06.16,나주시,잎도열병,0
2022.06.16,담양군,잎도열병,0
2022.06.16,무안군,잎도열병,0
2022.06.16,보성군,잎도열병,0
2022.06.16,순천시,잎도열병,0
2022.06.16,신안군,잎도열병,0
2022.06.16,여수시,잎도열병,0
2022.06.16,영광군,잎도열병,0
2022.06.16,영암군,잎도열병,0
2022.06.16,완도군,잎도열병,0
2022.06.16,장성군,잎도열병,0
2022.06.16,장흥군,잎도열병,0
2022.06.16,진도군,잎도열병,0
2022.06.16,함평군,잎도열병,0
2022.06.16,해남군,잎도열병,0
2022.06.16,화순군,잎도열병,0
2022.07.01,강진군,잎도열병,0
2022.07.01,고흥군,잎도열병,0
2022.07.01,곡성군,잎도열병,0
2022.07.01,광양시,잎도열병,0
2022.07.01,구례군,잎도열병,0
2022.07.01,나주시,잎도열병,0
2022.07.01,담양군,잎도열병,0
2022.07.01,무안군,잎도열병,0
2022.07.01,보성군,잎도열병,0
2022.07.01,순천시,잎도열병,0
2022.07.01,신안군,잎도열병,0
2022.07.01,여수시,잎도열병,0
2022.07.01,영광군,잎도열병,0
2022.07.01,영암군,잎도열병,0
2022.07.01,완도군,잎도열병,0
2022.07.01,장성군,잎도열병,0
2022.07.01,장흥군,잎도열병,0
2022.07.01,진도군,잎도열병,0
2022.07.01,함평군,잎도열병,0
2022.07.01,해남군,잎도열병,0
2022.07.01,화순군,잎도열병,0
2022.07.16,강진군,잎도열병,0
2022.07.16,고흥군,잎도열병,0
2022.07.16,곡성군,잎도열병,0
2022.07.16,광양시,잎도열병,0
2022.07.16,구례군,잎도열병,0
2022.07.16,나주시,잎도열병,0
2022.07.16,담양군,잎도열병,0
2022.07.16,무안군,잎도열병,0
2022.07.16,보성군,잎도열병,0
2022.07.16,순천시,잎도열병,0
2022.07.16,신안군,잎도열병,0
2022.07.16,여수시,잎도열병,1
2022.07.16,영광군,잎도열병,0
2022.07.16,영암군,잎도열병,0
2022.07.16,완도군,잎도열병,0
2022.07.16,장성군,잎도열병,0
2022.07.16,장흥군,잎도열병,0
2022.07.16,진도군,잎도열병,0
2022.07.16,함평군,잎도열병,0
2022.07.16,해남군,잎도열병,0
2022.07.16,화순군,잎도열병,0
2022.08.01,강진군,잎도열병,0
2022.08.01,고흥군,잎도열병,0
2022.08.01,곡성군,잎도열병,0
2022.08.01,광양시,잎도열병,0
2022.08.01,구례군,잎도열병,0
2022.08.01,나주시,잎도열병,0
2022.08.01,담양군,잎도열병,0
2022.08.01,무안군,잎도열병,0
2022.08.01,보성군,잎도열병,0
2022.08.01,순천시,잎도열병,1
2022.08.01,신안군,잎도열병,0
2022.08.01,여수시,잎도열병,0
2022.08.01,영광군,잎도열병,0
2022.08.01,영암군,잎도열병,0
2022.08.01,완도군,잎도열병,0
2022.08.01,장성군,잎도열병,0
2022.08.01,장흥군,잎도열병,1
2022.08.01,진도군,잎도열병,0
2022.08.01,함평군,잎도열병,0
2022.08.01,화순군,잎도열병,0
2022.08.16,강진군,잎도열병,0
2022.08.16,고흥군,잎도열병,0
2022.08.16,광양시,잎도열병,0
2022.08.16,구례군,잎도열병,0
2022.08.16,담양군,잎도열병,0
2022.08.16,무안군,잎도열병,0
2022.08.16,보성군,잎도열병,0
2022.08.16,순천시,잎도열병,0
2022.08.16,여수시,잎도열병,1
2022.08.16,영암군,잎도열병,0
2022.08.16,완도군,잎도열병,0
2022.08.16,장성군,잎도열병,0
2022.08.16,장흥군,잎도열병,1
2022.08.16,진도군,잎도열병,0
2022.08.16,함평군,잎도열병,0
2022.08.16,해남군,잎도열병,0
2022.08.16,화순군,잎도열병,0
2022.09.01,강진군,잎도열병,0
2022.09.01,고흥군,잎도열병,0
2022.09.01,곡성군,잎도열병,0
2022.09.01,광양시,잎도열병,0
2022.09.01,구례군,잎도열병,0
2022.09.01,담양군,잎도열병,0
2022.09.01,보성군,잎도열병,0
2022.09.01,순천시,잎도열병,0
2022.09.01,신안군,잎도열병,0
2022.09.01,여수시,잎도열병,1
2022.09.01,영암군,잎도열병,0
2022.09.01,완도군,잎도열병,0
2022.09.01,장성군,잎도열병,0
2022.09.01,장흥군,잎도열병,0
2022.09.01,진도군,잎도열병,0
2022.09.01,해남군,잎도열병,0
2022.09.01,화순군,잎도열병,0
2022.09.16,강진군,잎도열병,0
2022.09.16,고흥군,잎도열병,0
2022.09.16,곡성군,잎도열병,0
2022.09.16,광양시,잎도열병,0
2022.09.16,구례군,잎도열병,0
2022.09.16,나주시,잎도열병,0
2022.09.16,담양군,잎도열병,0
2022.09.16,무안군,잎도열병,0
2022.09.16,보성군,잎도열병,0
2022.09.16,순천시,잎도열병,0
2022.09.16,신안군,잎도열병,0
2022.09.16,여수시,잎도열병,1
2022.09.16,영광군,잎도열병,0
2022.09.16,완도군,잎도열병,0
2022.09.16,장성군,잎도열병,0
2022.09.16,장흥군,잎도열병,0
2022.09.16,진도군,잎도열병,0
2022.09.16,함평군,잎도열병,0
2022.09.16,해남군,잎도열병,0
2022.09.16,화순군,잎도열병,0
2023.06.01,강진군,잎도열병,0
2023.06.01,곡성군,잎도열병,0
2023.06.01,광양시,잎도열병,0
2023.06.01,구례군,잎도열병,0
2023.06.01,나주시,잎도열병,0
2023.06.01,담양군,잎도열병,0
2023.06.01,무안군,잎도열병,0
2023.06.01,보성군,잎도열병,0
2023.06.01,순천시,잎도열병,0
2023.06.01,신안군,잎도열병,0
2023.06.01,여수시,잎도열병,0
2023.06.01,영광군,잎도열병,0
2023.06.01,영암군,잎도열병,0
2023.06.01,완도군,잎도열병,0
2023.06.01,장성군,잎도열병,0
2023.06.01,장흥군,잎도열병,0
2023.06.01,진도군,잎도열병,0
2023.06.01,함평군,잎도열병,0
2023.06.01,해남군,잎도열병,0
2023.06.01,화순군,잎도열병,0
2023.06.16,강진군,잎도열병,0
2023.06.16,곡성군,잎도열병,0
2023.06.16,광양시,잎도열병,0
2023.06.16,구례군,잎도열병,0
2023.06.16,나주시,잎도열병,0
2023.06.16,담양군,잎도열병,0
2023.06.16,무안군,잎도열병,0
2023.06.16,보성군,잎도열병,0
2023.06.16,순천시,잎도열병,0
2023.06.16,신안군,잎도열병,0
2023.06.16,여수시,잎도열병,0
2023.06.16,영광군,잎도열병,0
2023.06.16,영암군,잎도열병,0
2023.06.16,완도군,잎도열병,0
2023.06.16,장성군,잎도열병,0
2023.06.16,장흥군,잎도열병,0
2023.06.16,진도군,잎도열병,0
2023.06.16,함평군,잎도열병,0
2023.06.16,해남군,잎도열병,0
2023.06.16,화순군,잎도열병,0
2023.07.01,강진군,잎도열병,0
2023.07.01,고흥군,잎도열병,0
2023.07.01,곡성군,잎도열병,0
2023.07.01,광양시,잎도열병,0
2023.07.01,구례군,잎도열병,0
2023.07.01,나주시,잎도열병,0
2023.07.01,담양군,잎도열병,0
2023.07.01,무안군,잎도열병,0
2023.07.01,보성군,잎도열병,0
2023.07.01,순천시,잎도열병,0
2023.07.01,신안군,잎도열병,0
2023.07.01,여수시,잎도열병,0
2023.07.01,영광군,잎도열병,0
2023.07.01,영암군,잎도열병,0
2023.07.01,완도군,잎도열병,0
2023.07.01,장성군,잎도열병,0
2023.07.01,장흥군,잎도열병,0
2023.07.01,진도군,잎도열병,0
2023.07.01,함평군,잎도열병,0
2023.07.01,해남군,잎도열병,0
2023.07.01,화순군,잎도열병,0
2023.07.16,강진군,잎도열병,0
2023.07.16,고흥군,잎도열병,0
2023.07.16,곡성군,잎도열병,0
2023.07.16,광양시,잎도열병,0
2023.07.16,구례군,잎도열병,0
2023.07.16,나주시,잎도열병,0
2023.07.16,담양군,잎도열병,0
2023.07.16,무안군,잎도열병,0
2023.07.16,보성군,잎도열병,0
2023.07.16,순천시,잎도열병,0
2023.07.16,신안군,잎도열병,0
2023.07.16,여수시,잎도열병,0
2023.07.16,영광군,잎도열병,0
2023.07.16,영암군,잎도열병,0
2023.07.16,완도군,잎도열병,0
2023.07.16,장성군,잎도열병,0
2023.07.16,장흥군,잎도열병,0
2023.07.16,진도군,잎도열병,0
2023.07.16,함평군,잎도열병,0
2023.07.16,해남군,잎도열병,0
2023.07.16,화순군,잎도열병,0
2023.08.01,강진군,잎도열병,0
2023.08.01,고흥군,잎도열병,0
2023.08.01,곡성군,잎도열병,0
2023.08.01,광양시,잎도열병,0
2023.08.01,구례군,잎도열병,0
2023.08.01,나주시,잎도열병,0
2023.08.01,담양군,잎도열병,0
2023.08.01,무안군,잎도열병,0
2023.08.01,보성군,잎도열병,1
2023.08.01,순천시,잎도열병,0
2023.08.01,신안군,잎도열병,0
2023.08.01,여수시,잎도열병,1
2023.08.01,영광군,잎도열병,0
2023.08.01,영암군,잎도열병,0
2023.08.01,완도군,잎도열병,0
2023.08.01,장성군,잎도열병,1
2023.08.01,장흥군,잎도열병,1
2023.08.01,진도군,잎도열병,0
2023.08.01,함평군,잎도열병,0
2023.08.01,해남군,잎도열병,0
2023.08.01,화순군,잎도열병,0
2023.08.16,강진군,잎도열병,0
2023.08.16,고흥군,잎도열병,0
2023.08.16,곡성군,잎도열병,0
2023.08.16,광양시,잎도열병,0
2023.08.16,구례군,잎도열병,0
2023.08.16,나주시,잎도열병,0
2023.08.16,담양군,잎도열병,0
2023.08.16,무안군,잎도열병,0
2023.08.16,보성군,잎도열병,0
2023.08.16,순천시,잎도열병,0
2023.08.16,신안군,잎도열병,0
2023.08.16,여수시,잎도열병,1
2023.08.16,영광군,잎도열병,0
2023.08.16,영암군,잎도열병,0
2023.08.16,완도군,잎도열병,1
2023.08.16,장성군,잎도열병,0
2023.08.16,장흥군,잎도열병,1
2023.08.16,진도군,잎도열병,0
2023.08.16,함평군,잎도열병,0
2023.08.16,해남군,잎도열병,0
2023.08.16,화순군,잎도열병,0
2023.09.01,강진군,잎도열병,0
2023.09.01,고흥군,잎도열병,1
2023.09.01,곡성군,잎도열병,0
2023.09.01,광양시,잎도열병,0
2023.09.01,구례군,잎도열병,0
2023.09.01,나주시,잎도열병,0
2023.09.01,담양군,잎도열병,0
2023.09.01,무안군,잎도열병,0
2023.09.01,보성군,잎도열병,0
2023.09.01,순천시,잎도열병,0
2023.09.01,신안군,잎도열병,0
2023.09.01,여수시,잎도열병,1
2023.09.01,영광군,잎도열병,0
2023.09.01,영암군,잎도열병,0
2023.09.01,완도군,잎도열병,1
2023.09.01,장성군,잎도열병,0
2023.09.01,장흥군,잎도열병,1
2023.09.01,진도군,잎도열병,1
2023.09.01,함평군,잎도열병,0
2023.09.01,해남군,잎도열병,0
2023.09.01,화순군,잎도열병,0
2023.09.16,강진군,잎도열병,0
2023.09.16,고흥군,잎도열병,1
2023.09.16,곡성군,잎도열병,0
2023.09.16,광양시,잎도열병,0
2023.09.16,구례군,잎도열병,0
2023.09.16,나주시,잎도열병,0
2023.09.16,담양군,잎도열병,0
2023.09.16,무안군,잎도열병,0
2023.09.16,보성군,잎도열병,0
2023.09.16,순천시,잎도열병,0
2023.09.16,신안군,잎도열병,0
2023.09.16,여수시,잎도열병,1
2023.09.16,영광군,잎도열병,0
2023.09.16,영암군,잎도열병,0
2023.09.16,완도군,잎도열병,0
2023.09.16,장성군,잎도열병,0
2023.09.16,장흥군,잎도열병,0
2023.09.16,진도군,잎도열병,0
2023.09.16,함평군,잎도열병,0
2023.09.16,해남군,잎도열병,0
2023.09.16,화순군,잎도열병,0
2024.06.01,강진군,잎도열병,0
2024.06.01,고흥군,잎도열병,0
2024.06.01,광양시,잎도열병,0
2024.06.01,구례군,잎도열병,0
2024.06.01,나주시,잎도열병,0
2024.06.01,무안군,잎도열병,0
2024.06.01,보성군,잎도열병,0
2024.06.01,순천시,잎도열병,0
2024.06.01,신안군,잎도열병,0
2024.06.01,여수시,잎도열병,0
2024.06.01,영암군,잎도열병,0
2024.06.01,완도군,잎도열병,0
2024.06.01,장성군,잎도열병,0
2024.06.01,장흥군,잎도열병,0
2024.06.01,진도군,잎도열병,0
2024.06.01,해남군,잎도열병,0
2024.06.01,화순군,잎도열병,0
2024.06.16,강진군,잎도열병,0
2024.06.16,고흥군,잎도열병,0
2024.06.16,광양시,잎도열병,0
2024.06.16,구례군,잎도열병,0
2024.06.16,나주시,잎도열병,0
2024.06.16,담양군,잎도열병,0
2024.06.16,무안군,잎도열병,0
2024.06.16,보성군,잎도열병,0
2024.06.16,순천시,잎도열병,0
2024.06.16,신안군,잎도열병,0
2024.06.16,여수시,잎도열병,0
2024.06.16,영광군,잎도열병,0
2024.06.16,영암군,잎도열병,0
2024.06.16,완도군,잎도열병,0
2024.06.16,장성군,잎도열병,0
2024.06.16,장흥군,잎도열병,0
2024.06.16,진도군,잎도열병,0
2024.06.16,해남군,잎도열병,0
2024.06.16,화순군,잎도열병,0
2024.07.01,강진군,잎도열병,0
2024.07.01,고흥군,잎도열병,0
2024.07.01,곡성군,잎도열병,0
2024.07.01,광양시,잎도열병,0
2024.07.01,구례군,잎도열병,0
2024.07.01,나주시,잎도열병,0
2024.07.01,담양군,잎도열병,0
2024.07.01,무안군,잎도열병,0
2024.07.01,보성군,잎도열병,0
2024.07.01,순천시,잎도열병,0
2024.07.01,신안군,잎도열병,0
2024.07.01,여수시,잎도열병,0
2024.07.01,영광군,잎도열병,0
2024.07.01,영암군,잎도열병,0
2024.07.01,완도군,잎도열병,0
2024.07.01,장성군,잎도열병,0
2024.07.01,장흥군,잎도열병,0
2024.07.01,진도군,잎도열병,0
2024.07.01,함평군,잎도열병,0
2024.07.01,해남군,잎도열병,0
2024.07.01,화순군,잎도열병,0
2024.07.16,강진군,잎도열병,0
2024.07.16,고흥군,잎도열병,0
2024.07.16,곡성군,잎도열병,0
2024.07.16,광양시,잎도열병,0
2024.07.16,구례군,잎도열병,0
2024.07.16,나주시,잎도열병,0
2024.07.16,담양군,잎도열병,0
2024.07.16,무안군,잎도열병,0
2024.07.16,보성군,잎도열병,0
2024.07.16,순천시,잎도열병,0
2024.07.16,신안군,잎도열병,0
2024.07.16,여수시,잎도열병,0
2024.07.16,영광군,잎도열병,0
2024.07.16,영암군,잎도열병,1
2024.07.16,완도군,잎도열병,0
2024.07.16,장성군,잎도열병,0
2024.07.16,장흥군,잎도열병,1
2024.07.16,진도군,잎도열병,0
2024.07.16,함평군,잎도열병,0
2024.07.16,해남군,잎도열병,0
2024.07.16,화순군,잎도열병,1
2024.08.01,강진군,잎도열병,0
2024.08.01,고흥군,잎도열병,0
2024.08.01,곡성군,잎도열병,0
2024.08.01,광양시,잎도열병,0
2024.08.01,구례군,잎도열병,0
2024.08.01,나주시,잎도열병,0
2024.08.01,담양군,잎도열병,1
2024.08.01,무안군,잎도열병,0
2024.08.01,보성군,잎도열병,1
2024.08.01,순천시,잎도열병,1
2024.08.01,신안군,잎도열병,0
2024.08.01,여수시,잎도열병,1
2024.08.01,영광군,잎도열병,0
2024.08.01,영암군,잎도열병,0
2024.08.01,완도군,잎도열병,0
2024.08.01,장성군,잎도열병,0
2024.08.01,장흥군,잎도열병,1
2024.08.01,진도군,잎도열병,1
2024.08.01,함평군,잎도열병,0
2024.08.01,해남군,잎도열병,0
2024.08.01,화순군,잎도열병,0
2024.08.16,강진군,잎도열병,0
2024.08.16,고흥군,잎도열병,0
2024.08.16,곡성군,잎도열병,0
2024.08.16,광양시,잎도열병,0
2024.08.16,구례군,잎도열병,0
2024.08.16,나주시,잎도열병,0
2024.08.16,담양군,잎도열병,1
2024.08.16,무안군,잎도열병,0
2024.08.16,보성군,잎도열병,0
2024.08.16,순천시,잎도열병,0
2024.08.16,신안군,잎도열병,0
2024.08.16,여수시,잎도열병,0
2024.08.16,영광군,잎도열병,0
2024.08.16,영암군,잎도열병,0
2024.08.16,완도군,잎도열병,0
2024.08.16,장성군,잎도열병,0
2024.08.16,장흥군,잎도열병,0
2024.08.16,진도군,잎도열병,0
2024.08.16,함평군,잎도열병,0
2024.08.16,해남군,잎도열병,0
2024.08.16,화순군,잎도열병,0
2024.09.01,강진군,잎도열병,0
2024.09.01,고흥군,잎도열병,0
2024.09.01,곡성군,잎도열병,0
2024.09.01,광양시,잎도열병,0
2024.09.01,구례군,잎도열병,0
2024.09.01,나주시,잎도열병,0
2024.09.01,담양군,잎도열병,1
2024.09.01,무안군,잎도열병,0
2024.09.01,보성군,잎도열병,0
2024.09.01,순천시,잎도열병,0
2024.09.01,신안군,잎도열병,0
2024.09.01,여수시,잎도열병,0
2024.09.01,영광군,잎도열병,0
2024.09.01,영암군,잎도열병,0
2024.09.01,완도군,잎도열병,0
2024.09.01,장성군,잎도열병,0
2024.09.01,장흥군,잎도열병,0
2024.09.01,진도군,잎도열병,0
2024.09.01,함평군,잎도열병,1
2024.09.01,해남군,잎도열병,0
2024.09.01,화순군,잎도열병,0
2024.09.16,강진군,잎도열병,0
2024.09.16,고흥군,잎도열병,0
2024.09.16,곡성군,잎도열병,0
2024.09.16,광양시,잎도열병,0
2024.09.16,구례군,잎도열병,0
2024.09.16,나주시,잎도열병,0
2024.09.16,담양군,잎도열병,1
2024.09.16,무안군,잎도열병,0
2024.09.16,보성군,잎도열병,0
2024.09.16,순천시,잎도열병,0
2024.09.16,신안군,잎도열병,0
2024.09.16,여수시,잎도열병,0
2024.09.16,영광군,잎도열병,0
2024.09.16,영암군,잎도열병,0
2024.09.16,완도군,잎도열병,0
2024.09.16,장성군,잎도열병,0
2024.09.16,장흥군,잎도열병,0
2024.09.16,진도군,잎도열병,0
2024.09.16,함평군,잎도열병,0
2024.09.16,해남군,잎도열병,0
2024.09.16,화순군,잎도열병,0
2025.06.01,강진군,잎도열병,0
2025.06.01,고흥군,잎도열병,0
2025.06.01,곡성군,잎도열병,0
2025.06.01,광양시,잎도열병,0
2025.06.01,구례군,잎도열병,0
2025.06.01,나주시,잎도열병,0
2025.06.01,담양군,잎도열병,0
2025.06.01,무안군,잎도열병,0
2025.06.01,보성군,잎도열병,0
2025.06.01,순천시,잎도열병,0
2025.06.01,신안군,잎도열병,0
2025.06.01,여수시,잎도열병,0
2025.06.01,영광군,잎도열병,0
2025.06.01,영암군,잎도열병,0
2025.06.01,완도군,잎도열병,0
2025.06.01,장성군,잎도열병,0
2025.06.01,장흥군,잎도열병,0
2025.06.01,진도군,잎도열병,0
2025.06.01,함평군,잎도열병,0
2025.06.01,해남군,잎도열병,0
2025.06.01,화순군,잎도열병,0
2025.06.16,강진군,잎도열병,0
2025.06.16,고흥군,잎도열병,0
2025.06.16,곡성군,잎도열병,0
2025.06.16,광양시,잎도열병,0
2025.06.16,구례군,잎도열병,0
2025.06.16,나주시,잎도열병,0
2025.06.16,담양군,잎도열병,0
2025.06.16,무안군,잎도열병,0
2025.06.16,보성군,잎도열병,0
2025.06.16,순천시,잎도열병,0
2025.06.16,신안군,잎도열병,0
2025.06.16,여수시,잎도열병,0
2025.06.16,영광군,잎도열병,0
2025.06.16,영암군,잎도열병,0
2025.06.16,완도군,잎도열병,0
2025.06.16,장성군,잎도열병,0
2025.06.16,장흥군,잎도열병,0
2025.06.16,진도군,잎도열병,0
2025.06.16,함평군,잎도열병,0
2025.06.16,해남군,잎도열병,0
2025.06.16,화순군,잎도열병,0
2025.07.01,강진군,잎도열병,0
2025.07.01,고흥군,잎도열병,0
2025.07.01,곡성군,잎도열병,0
2025.07.01,광양시,잎도열병,0
2025.07.01,구례군,잎도열병,0
2025.07.01,나주시,잎도열병,0
2025.07.01,담양군,잎도열병,0
2025.07.01,무안군,잎도열병,0
2025.07.01,보성군,잎도열병,0
2025.07.01,순천시,잎도열병,0
2025.07.01,신안군,잎도열병,0
2025.07.01,여수시,잎도열병,1
2025.07.01,영광군,잎도열병,0
2025.07.01,영암군,잎도열병,0
2025.07.01,완도군,잎도열병,0
2025.07.01,장성군,잎도열병,0
2025.07.01,진도군,잎도열병,0
2025.07.01,함평군,잎도열병,0
2025.07.01,해남군,잎도열병,0
2025.07.01,화순군,잎도열병,0
2025.07.16,강진군,잎도열병,0
2025.07.16,고흥군,잎도열병,0
2025.07.16,곡성군,잎도열병,0
2025.07.16,광양시,잎도열병,0
2025.07.16,구례군,잎도열병,0
2025.07.16,나주시,잎도열병,0
2025.07.16,담양군,잎도열병,0
2025.07.16,무안군,잎도열병,0
2025.07.16,보성군,잎도열병,1
2025.07.16,순천시,잎도열병,1
2025.07.16,신안군,잎도열병,0
2025.07.16,여수시,잎도열병,0
2025.07.16,영광군,잎도열병,0
2025.07.16,영암군,잎도열병,0
2025.07.16,완도군,잎도열병,0
2025.07.16,장성군,잎도열병,0
2025.07.16,장흥군,잎도열병,0
2025.07.16,진도군,잎도열병,0
2025.07.16,함평군,잎도열병,0
2025.07.16,해남군,잎도열병,0
2025.07.16,화순군,잎도열병,1
2025.08.01,강진군,잎도열병,0
2025.08.01,고흥군,잎도열병,0
2025.08.01,광양시,잎도열병,0
2025.08.01,구례군,잎도열병,0
2025.08.01,담양군,잎도열병,1
2025.08.01,무안군,잎도열병,0
2025.08.01,보성군,잎도열병,0
2025.08.01,신안군,잎도열병,0
2025.08.01,여수시,잎도열병,0
2025.08.01,영광군,잎도열병,0
2025.08.01,영암군,잎도열병,0
2025.08.01,완도군,잎도열병,0
2025.08.01,장성군,잎도열병,0
2025.08.01,장흥군,잎도열병,1
2025.08.01,진도군,잎도열병,0
2025.08.01,함평군,잎도열병,0
2025.08.01,해남군,잎도열병,1
2025.08.01,화순군,잎도열병,1
2025.08.16,강진군,잎도열병,0
2025.08.16,고흥군,잎도열병,0
2025.08.16,곡성군,잎도열병,0
2025.08.16,광양시,잎도열병,0
2025.08.16,구례군,잎도열병,0
2025.08.16,나주시,잎도열병,0
2025.08.16,담양군,잎도열병,0
2025.08.16,무안군,잎도열병,0
2025.08.16,보성군,잎도열병,0
2025.08.16,순천시,잎도열병,1
2025.08.16,신안군,잎도열병,0
2025.08.16,여수시,잎도열병,1
2025.08.16,영광군,잎도열병,0
2025.08.16,영암군,잎도열병,0
2025.08.16,완도군,잎도열병,0
2025.08.16,장성군,잎도열병,0
2025.08.16,장흥군,잎도열병,1
2025.08.16,진도군,잎도열병,0
2025.08.16,함평군,잎도열병,0
2025.08.16,해남군,잎도열병,0
2025.08.16,화순군,잎도열병,0
2025.09.01,강진군,잎도열병,0
2025.09.01,고흥군,잎도열병,0
2025.09.01,곡성군,잎도열병,0
2025.09.01,광양시,잎도열병,0
2025.09.01,구례군,잎도열병,0
2025.09.01,나주시,잎도열병,0
2025.09.01,담양군,잎도열병,0
2025.09.01,무안군,잎도열병,0
2025.09.01,보성군,잎도열병,0
2025.09.01,순천시,잎도열병,1
2025.09.01,신안군,잎도열병,0
2025.09.01,여수시,잎도열병,1
2025.09.01,영광군,잎도열병,0
2025.09.01,영암군,잎도열병,0
2025.09.01,완도군,잎도열병,0
2025.09.01,장성군,잎도열병,0
2025.09.01,장흥군,잎도열병,0
2025.09.01,진도군,잎도열병,0
2025.09.01,함평군,잎도열병,0
2025.09.01,해남군,잎도열병,0
2025.09.01,화순군,잎도열병,1
2025.09.16,강진군,잎도열병,0
2025.09.16,고흥군,잎도열병,0
2025.09.16,곡성군,잎도열병,0
2025.09.16,광양시,잎도열병,0
2025.09.16,구례군,잎도열병,0
2025.09.16,나주시,잎도열병,0
2025.09.16,담양군,잎도열병,0
2025.09.16,무안군,잎도열병,0
2025.09.16,보성군,잎도열병,0
2025.09.16,순천시,잎도열병,0
2025.09.16,신안군,잎도열병,0
2025.09.16,여수시,잎도열병,0
2025.09.16,영광군,잎도열병,0
2025.09.16,영암군,잎도열병,0
2025.09.16,완도군,잎도열병,0
2025.09.16,장성군,잎도열병,0
2025.09.16,장흥군,잎도열병,0
2025.09.16,진도군,잎도열병,0
2025.09.16,함평군,잎도열병,0
2025.09.16,해남군,잎도열병,0
2025.09.16,화순군,잎도열병,0
2014.09.16,강진군,잎집무늬마름병,0
2014.09.16,고흥군,잎집무늬마름병,0
2014.09.16,곡성군,잎집무늬마름병,0
2014.09.16,광양시,잎집무늬마름병,0
2014.09.16,구례군,잎집무늬마름병,0
2014.09.16,나주시,잎집무늬마름병,0
2014.09.16,담양군,잎집무늬마름병,0
2014.09.16,무안군,잎집무늬마름병,0
2014.09.16,보성군,잎집무늬마름병,0
2014.09.16,순천시,잎집무늬마름병,0
2014.09.16,신안군,잎집무늬마름병,0
2014.09.16,여수시,잎집무늬마름병,0
2014.09.16,영광군,잎집무늬마름병,0
2014.09.16,영암군,잎집무늬마름병,0
2014.09.16,완도군,잎집무늬마름병,0
2014.09.16,장성군,잎집무늬마름병,0
2014.09.16,장흥군,잎집무늬마름병,0
2014.09.16,진도군,잎집무늬마름병,0
2014.09.16,함평군,잎집무늬마름병,0
2014.09.16,해남군,잎집무늬마름병,0
2014.09.16,화순군,잎집무늬마름병,0
2015.06.16,강진군,잎집무늬마름병,0
2015.06.16,고흥군,잎집무늬마름병,0
2015.06.16,곡성군,잎집무늬마름병,0
2015.06.16,광양시,잎집무늬마름병,0
2015.06.16,구례군,잎집무늬마름병,0
2015.06.16,나주시,잎집무늬마름병,0
2015.06.16,담양군,잎집무늬마름병,0
2015.06.16,무안군,잎집무늬마름병,0
2015.06.16,보성군,잎집무늬마름병,0
2015.06.16,순천시,잎집무늬마름병,0
2015.06.16,신안군,잎집무늬마름병,0
2015.06.16,여수시,잎집무늬마름병,0
2015.06.16,영광군,잎집무늬마름병,0
2015.06.16,영암군,잎집무늬마름병,0
2015.06.16,완도군,잎집무늬마름병,0
2015.06.16,장성군,잎집무늬마름병,0
2015.06.16,장흥군,잎집무늬마름병,0
2015.06.16,진도군,잎집무늬마름병,0
2015.06.16,함평군,잎집무늬마름병,0
2015.06.16,해남군,잎집무늬마름병,0
2015.06.16,화순군,잎집무늬마름병,0
2015.07.01,강진군,잎집무늬마름병,0
2015.07.01,고흥군,잎집무늬마름병,0
2015.07.01,곡성군,잎집무늬마름병,0
2015.07.01,광양시,잎집무늬마름병,0
2015.07.01,구례군,잎집무늬마름병,0
2015.07.01,나주시,잎집무늬마름병,0
2015.07.01,담양군,잎집무늬마름병,0
2015.07.01,무안군,잎집무늬마름병,0
2015.07.01,보성군,잎집무늬마름병,0
2015.07.01,순천시,잎집무늬마름병,0
2015.07.01,신안군,잎집무늬마름병,0
2015.07.01,여수시,잎집무늬마름병,0
2015.07.01,영광군,잎집무늬마름병,0
2015.07.01,영암군,잎집무늬마름병,0
2015.07.01,완도군,잎집무늬마름병,0
2015.07.01,장성군,잎집무늬마름병,0
2015.07.01,장흥군,잎집무늬마름병,0
2015.07.01,진도군,잎집무늬마름병,0
2015.07.01,함평군,잎집무늬마름병,0
2015.07.01,해남군,잎집무늬마름병,0
2015.07.01,화순군,잎집무늬마름병,0
2015.07.16,강진군,잎집무늬마름병,0
2015.07.16,고흥군,잎집무늬마름병,0
2015.07.16,곡성군,잎집무늬마름병,0
2015.07.16,광양시,잎집무늬마름병,0
2015.07.16,구례군,잎집무늬마름병,0
2015.07.16,나주시,잎집무늬마름병,1
2015.07.16,담양군,잎집무늬마름병,0
2015.07.16,무안군,잎집무늬마름병,1
2015.07.16,보성군,잎집무늬마름병,0
2015.07.16,순천시,잎집무늬마름병,0
2015.07.16,신안군,잎집무늬마름병,1
2015.07.16,여수시,잎집무늬마름병,1
2015.07.16,영광군,잎집무늬마름병,1
2015.07.16,영암군,잎집무늬마름병,0
2015.07.16,완도군,잎집무늬마름병,1
2015.07.16,장성군,잎집무늬마름병,0
2015.07.16,장흥군,잎집무늬마름병,1
2015.07.16,진도군,잎집무늬마름병,0
2015.07.16,함평군,잎집무늬마름병,0
2015.07.16,해남군,잎집무늬마름병,0
2015.07.16,화순군,잎집무늬마름병,0
2015.08.01,강진군,잎집무늬마름병,1
2015.08.01,고흥군,잎집무늬마름병,0
2015.08.01,곡성군,잎집무늬마름병,0
2015.08.01,광양시,잎집무늬마름병,1
2015.08.01,구례군,잎집무늬마름병,0
2015.08.01,나주시,잎집무늬마름병,1
2015.08.01,담양군,잎집무늬마름병,1
2015.08.01,무안군,잎집무늬마름병,1
2015.08.01,보성군,잎집무늬마름병,0
2015.08.01,순천시,잎집무늬마름병,1
2015.08.01,신안군,잎집무늬마름병,1
2015.08.01,여수시,잎집무늬마름병,1
2015.08.01,영광군,잎집무늬마름병,1
2015.08.01,영암군,잎집무늬마름병,1
2015.08.01,완도군,잎집무늬마름병,1
2015.08.01,장성군,잎집무늬마름병,1
2015.08.01,장흥군,잎집무늬마름병,1
2015.08.01,진도군,잎집무늬마름병,0
2015.08.01,함평군,잎집무늬마름병,1
2015.08.01,해남군,잎집무늬마름병,0
2015.08.01,화순군,잎집무늬마름병,1
2015.08.16,강진군,잎집무늬마름병,1
2015.08.16,고흥군,잎집무늬마름병,1
2015.08.16,곡성군,잎집무늬마름병,1
2015.08.16,광양시,잎집무늬마름병,1
2015.08.16,구례군,잎집무늬마름병,0
2015.08.16,나주시,잎집무늬마름병,1
2015.08.16,담양군,잎집무늬마름병,1
2015.08.16,무안군,잎집무늬마름병,1
2015.08.16,보성군,잎집무늬마름병,0
2015.08.16,순천시,잎집무늬마름병,1
2015.08.16,신안군,잎집무늬마름병,1
2015.08.16,여수시,잎집무늬마름병,1
2015.08.16,영광군,잎집무늬마름병,1
2015.08.16,영암군,잎집무늬마름병,1
2015.08.16,완도군,잎집무늬마름병,1
2015.08.16,장성군,잎집무늬마름병,1
2015.08.16,장흥군,잎집무늬마름병,1
2015.08.16,진도군,잎집무늬마름병,1
2015.08.16,함평군,잎집무늬마름병,1
2015.08.16,해남군,잎집무늬마름병,1
2015.08.16,화순군,잎집무늬마름병,1
2016.06.01,강진군,잎집무늬마름병,0
2016.06.01,고흥군,잎집무늬마름병,0
2016.06.01,곡성군,잎집무늬마름병,0
2016.06.01,광양시,잎집무늬마름병,0
2016.06.01,구례군,잎집무늬마름병,0
2016.06.01,나주시,잎집무늬마름병,0
2016.06.01,담양군,잎집무늬마름병,0
2016.06.01,무안군,잎집무늬마름병,0
2016.06.01,보성군,잎집무늬마름병,0
2016.06.01,순천시,잎집무늬마름병,0
2016.06.01,신안군,잎집무늬마름병,0
2016.06.01,여수시,잎집무늬마름병,0
2016.06.01,영광군,잎집무늬마름병,0
2016.06.01,영암군,잎집무늬마름병,0
2016.06.01,완도군,잎집무늬마름병,0
2016.06.01,장성군,잎집무늬마름병,0
2016.06.01,장흥군,잎집무늬마름병,0
2016.06.01,진도군,잎집무늬마름병,0
2016.06.01,함평군,잎집무늬마름병,0
2016.06.01,해남군,잎집무늬마름병,0
2016.06.01,화순군,잎집무늬마름병,0
2016.06.16,강진군,잎집무늬마름병,0
2016.06.16,고흥군,잎집무늬마름병,0
2016.06.16,곡성군,잎집무늬마름병,0
2016.06.16,광양시,잎집무늬마름병,0
2016.06.16,구례군,잎집무늬마름병,0
2016.06.16,나주시,잎집무늬마름병,0
2016.06.16,담양군,잎집무늬마름병,0
2016.06.16,무안군,잎집무늬마름병,0
2016.06.16,보성군,잎집무늬마름병,0
2016.06.16,순천시,잎집무늬마름병,0
2016.06.16,신안군,잎집무늬마름병,0
2016.06.16,여수시,잎집무늬마름병,0
2016.06.16,영광군,잎집무늬마름병,0
2016.06.16,영암군,잎집무늬마름병,0
2016.06.16,완도군,잎집무늬마름병,0
2016.06.16,장성군,잎집무늬마름병,0
2016.06.16,장흥군,잎집무늬마름병,0
2016.06.16,진도군,잎집무늬마름병,0
2016.06.16,함평군,잎집무늬마름병,0
2016.06.16,해남군,잎집무늬마름병,0
2016.06.16,화순군,잎집무늬마름병,0
2016.07.01,강진군,잎집무늬마름병,0
2016.07.01,고흥군,잎집무늬마름병,0
2016.07.01,곡성군,잎집무늬마름병,0
2016.07.01,광양시,잎집무늬마름병,0
2016.07.01,구례군,잎집무늬마름병,0
2016.07.01,나주시,잎집무늬마름병,0
2016.07.01,담양군,잎집무늬마름병,1
2016.07.01,무안군,잎집무늬마름병,0
2016.07.01,보성군,잎집무늬마름병,0
2016.07.01,순천시,잎집무늬마름병,0
2016.07.01,신안군,잎집무늬마름병,0
2016.07.01,여수시,잎집무늬마름병,0
2016.07.01,영광군,잎집무늬마름병,0
2016.07.01,영암군,잎집무늬마름병,0
2016.07.01,완도군,잎집무늬마름병,0
2016.07.01,장성군,잎집무늬마름병,0
2016.07.01,장흥군,잎집무늬마름병,0
2016.07.01,진도군,잎집무늬마름병,0
2016.07.01,함평군,잎집무늬마름병,0
2016.07.01,해남군,잎집무늬마름병,0
2016.07.01,화순군,잎집무늬마름병,0
2016.07.16,강진군,잎집무늬마름병,0
2016.07.16,고흥군,잎집무늬마름병,0
2016.07.16,곡성군,잎집무늬마름병,0
2016.07.16,광양시,잎집무늬마름병,1
2016.07.16,구례군,잎집무늬마름병,0
2016.07.16,나주시,잎집무늬마름병,0
2016.07.16,담양군,잎집무늬마름병,1
2016.07.16,무안군,잎집무늬마름병,1
2016.07.16,보성군,잎집무늬마름병,0
2016.07.16,순천시,잎집무늬마름병,0
2016.07.16,신안군,잎집무늬마름병,1
2016.07.16,여수시,잎집무늬마름병,0
2016.07.16,영광군,잎집무늬마름병,1
2016.07.16,영암군,잎집무늬마름병,0
2016.07.16,완도군,잎집무늬마름병,0
2016.07.16,장성군,잎집무늬마름병,0
2016.07.16,장흥군,잎집무늬마름병,1
2016.07.16,진도군,잎집무늬마름병,0
2016.07.16,함평군,잎집무늬마름병,1
2016.07.16,해남군,잎집무늬마름병,0
2016.07.16,화순군,잎집무늬마름병,1
2016.08.01,강진군,잎집무늬마름병,1
2016.08.01,고흥군,잎집무늬마름병,0
2016.08.01,곡성군,잎집무늬마름병,0
2016.08.01,광양시,잎집무늬마름병,1
2016.08.01,구례군,잎집무늬마름병,0
2016.08.01,나주시,잎집무늬마름병,1
2016.08.01,담양군,잎집무늬마름병,1
2016.08.01,무안군,잎집무늬마름병,1
2016.08.01,보성군,잎집무늬마름병,0
2016.08.01,순천시,잎집무늬마름병,0
2016.08.01,신안군,잎집무늬마름병,1
2016.08.01,여수시,잎집무늬마름병,0
2016.08.01,영광군,잎집무늬마름병,1
2016.08.01,영암군,잎집무늬마름병,0
2016.08.01,완도군,잎집무늬마름병,0
2016.08.01,장성군,잎집무늬마름병,0
2016.08.01,장흥군,잎집무늬마름병,1
2016.08.01,진도군,잎집무늬마름병,1
2016.08.01,함평군,잎집무늬마름병,1
2016.08.01,해남군,잎집무늬마름병,0
2016.08.01,화순군,잎집무늬마름병,1
2016.08.16,강진군,잎집무늬마름병,0
2016.08.16,고흥군,잎집무늬마름병,0
2016.08.16,곡성군,잎집무늬마름병,0
2016.08.16,광양시,잎집무늬마름병,1
2016.08.16,구례군,잎집무늬마름병,0
2016.08.16,나주시,잎집무늬마름병,0
2016.08.16,담양군,잎집무늬마름병,1
2016.08.16,무안군,잎집무늬마름병,1
2016.08.16,보성군,잎집무늬마름병,0
2016.08.16,순천시,잎집무늬마름병,1
2016.08.16,신안군,잎집무늬마름병,1
2016.08.16,여수시,잎집무늬마름병,0
2016.08.16,영광군,잎집무늬마름병,1
2016.08.16,영암군,잎집무늬마름병,1
2016.08.16,완도군,잎집무늬마름병,1
2016.08.16,장성군,잎집무늬마름병,0
2016.08.16,장흥군,잎집무늬마름병,1
2016.08.16,진도군,잎집무늬마름병,1
2016.08.16,함평군,잎집무늬마름병,1
2016.08.16,해남군,잎집무늬마름병,1
2016.08.16,화순군,잎집무늬마름병,1
2016.09.01,강진군,잎집무늬마름병,0
2016.09.01,고흥군,잎집무늬마름병,0
2016.09.01,곡성군,잎집무늬마름병,0
2016.09.01,광양시,잎집무늬마름병,0
2016.09.01,구례군,잎집무늬마름병,0
2016.09.01,나주시,잎집무늬마름병,0
2016.09.01,담양군,잎집무늬마름병,1
2016.09.01,무안군,잎집무늬마름병,1
2016.09.01,보성군,잎집무늬마름병,0
2016.09.01,순천시,잎집무늬마름병,1
2016.09.01,신안군,잎집무늬마름병,1
2016.09.01,여수시,잎집무늬마름병,1
2016.09.01,영광군,잎집무늬마름병,1
2016.09.01,영암군,잎집무늬마름병,1
2016.09.01,완도군,잎집무늬마름병,1
2016.09.01,장성군,잎집무늬마름병,0
2016.09.01,장흥군,잎집무늬마름병,1
2016.09.01,진도군,잎집무늬마름병,1
2016.09.01,함평군,잎집무늬마름병,1
2016.09.01,해남군,잎집무늬마름병,1
2016.09.01,화순군,잎집무늬마름병,1
2016.09.16,강진군,잎집무늬마름병,0
2016.09.16,고흥군,잎집무늬마름병,0
2016.09.16,곡성군,잎집무늬마름병,0
2016.09.16,광양시,잎집무늬마름병,0
2016.09.16,구례군,잎집무늬마름병,1
2016.09.16,나주시,잎집무늬마름병,0
2016.09.16,담양군,잎집무늬마름병,0
2016.09.16,무안군,잎집무늬마름병,1
2016.09.16,보성군,잎집무늬마름병,0
2016.09.16,순천시,잎집무늬마름병,1
2016.09.16,신안군,잎집무늬마름병,1
2016.09.16,여수시,잎집무늬마름병,1
2016.09.16,영광군,잎집무늬마름병,1
2016.09.16,영암군,잎집무늬마름병,1
2016.09.16,완도군,잎집무늬마름병,1
2016.09.16,장성군,잎집무늬마름병,0
2016.09.16,장흥군,잎집무늬마름병,1
2016.09.16,진도군,잎집무늬마름병,1
2016.09.16,함평군,잎집무늬마름병,1
2016.09.16,해남군,잎집무늬마름병,0
2016.09.16,화순군,잎집무늬마름병,1
2017.06.01,강진군,잎집무늬마름병,0
2017.06.01,고흥군,잎집무늬마름병,0
2017.06.01,곡성군,잎집무늬마름병,0
2017.06.01,광양시,잎집무늬마름병,0
2017.06.01,구례군,잎집무늬마름병,0
2017.06.01,나주시,잎집무늬마름병,0
2017.06.01,담양군,잎집무늬마름병,0
2017.06.01,무안군,잎집무늬마름병,0
2017.06.01,보성군,잎집무늬마름병,0
2017.06.01,순천시,잎집무늬마름병,0
2017.06.01,신안군,잎집무늬마름병,0
2017.06.01,여수시,잎집무늬마름병,0
2017.06.01,영광군,잎집무늬마름병,0
2017.06.01,영암군,잎집무늬마름병,0
2017.06.01,완도군,잎집무늬마름병,0
2017.06.01,장성군,잎집무늬마름병,0
2017.06.01,장흥군,잎집무늬마름병,0
2017.06.01,진도군,잎집무늬마름병,0
2017.06.01,함평군,잎집무늬마름병,0
2017.06.01,해남군,잎집무늬마름병,0
2017.06.01,화순군,잎집무늬마름병,0
2017.06.16,강진군,잎집무늬마름병,0
2017.06.16,고흥군,잎집무늬마름병,0
2017.06.16,곡성군,잎집무늬마름병,0
2017.06.16,광양시,잎집무늬마름병,0
2017.06.16,구례군,잎집무늬마름병,0
2017.06.16,나주시,잎집무늬마름병,0
2017.06.16,담양군,잎집무늬마름병,0
2017.06.16,무안군,잎집무늬마름병,0
2017.06.16,보성군,잎집무늬마름병,0
2017.06.16,순천시,잎집무늬마름병,0
2017.06.16,신안군,잎집무늬마름병,0
2017.06.16,여수시,잎집무늬마름병,0
2017.06.16,영광군,잎집무늬마름병,0
2017.06.16,영암군,잎집무늬마름병,0
2017.06.16,완도군,잎집무늬마름병,0
2017.06.16,장성군,잎집무늬마름병,0
2017.06.16,장흥군,잎집무늬마름병,0
2017.06.16,진도군,잎집무늬마름병,0
2017.06.16,함평군,잎집무늬마름병,0
2017.06.16,해남군,잎집무늬마름병,0
2017.06.16,화순군,잎집무늬마름병,0
2017.07.01,강진군,잎집무늬마름병,0
2017.07.01,고흥군,잎집무늬마름병,0
2017.07.01,곡성군,잎집무늬마름병,0
2017.07.01,광양시,잎집무늬마름병,0
2017.07.01,구례군,잎집무늬마름병,0
2017.07.01,나주시,잎집무늬마름병,0
2017.07.01,담양군,잎집무늬마름병,0
2017.07.01,무안군,잎집무늬마름병,0
2017.07.01,보성군,잎집무늬마름병,0
2017.07.01,순천시,잎집무늬마름병,0
2017.07.01,신안군,잎집무늬마름병,0
2017.07.01,여수시,잎집무늬마름병,0
2017.07.01,영광군,잎집무늬마름병,0
2017.07.01,영암군,잎집무늬마름병,0
2017.07.01,완도군,잎집무늬마름병,0
2017.07.01,장성군,잎집무늬마름병,0
2017.07.01,장흥군,잎집무늬마름병,0
2017.07.01,진도군,잎집무늬마름병,0
2017.07.01,함평군,잎집무늬마름병,0
2017.07.01,해남군,잎집무늬마름병,0
2017.07.01,화순군,잎집무늬마름병,0
2017.07.16,강진군,잎집무늬마름병,0
2017.07.16,고흥군,잎집무늬마름병,0
2017.07.16,곡성군,잎집무늬마름병,0
2017.07.16,광양시,잎집무늬마름병,1
2017.07.16,구례군,잎집무늬마름병,0
2017.07.16,나주시,잎집무늬마름병,1
2017.07.16,담양군,잎집무늬마름병,0
2017.07.16,무안군,잎집무늬마름병,0
2017.07.16,보성군,잎집무늬마름병,0
2017.07.16,순천시,잎집무늬마름병,1
2017.07.16,신안군,잎집무늬마름병,1
2017.07.16,여수시,잎집무늬마름병,1
2017.07.16,영광군,잎집무늬마름병,1
2017.07.16,영암군,잎집무늬마름병,0
2017.07.16,완도군,잎집무늬마름병,0
2017.07.16,장성군,잎집무늬마름병,0
2017.07.16,장흥군,잎집무늬마름병,1
2017.07.16,진도군,잎집무늬마름병,0
2017.07.16,함평군,잎집무늬마름병,1
2017.07.16,해남군,잎집무늬마름병,1
2017.07.16,화순군,잎집무늬마름병,1
2017.08.01,강진군,잎집무늬마름병,0
2017.08.01,고흥군,잎집무늬마름병,1
2017.08.01,곡성군,잎집무늬마름병,1
2017.08.01,광양시,잎집무늬마름병,1
2017.08.01,구례군,잎집무늬마름병,1
2017.08.01,나주시,잎집무늬마름병,1
2017.08.01,담양군,잎집무늬마름병,0
2017.08.01,무안군,잎집무늬마름병,1
2017.08.01,보성군,잎집무늬마름병,1
2017.08.01,순천시,잎집무늬마름병,0
2017.08.01,신안군,잎집무늬마름병,1
2017.08.01,여수시,잎집무늬마름병,0
2017.08.01,영광군,잎집무늬마름병,1
2017.08.01,영암군,잎집무늬마름병,0
2017.08.01,완도군,잎집무늬마름병,0
2017.08.01,장성군,잎집무늬마름병,0
2017.08.01,장흥군,잎집무늬마름병,1
2017.08.01,진도군,잎집무늬마름병,1
2017.08.01,함평군,잎집무늬마름병,1
2017.08.01,해남군,잎집무늬마름병,1
2017.08.01,화순군,잎집무늬마름병,1
2017.08.16,강진군,잎집무늬마름병,1
2017.08.16,고흥군,잎집무늬마름병,1
2017.08.16,곡성군,잎집무늬마름병,1
2017.08.16,광양시,잎집무늬마름병,1
2017.08.16,구례군,잎집무늬마름병,1
2017.08.16,나주시,잎집무늬마름병,1
2017.08.16,담양군,잎집무늬마름병,0
2017.08.16,무안군,잎집무늬마름병,1
2017.08.16,보성군,잎집무늬마름병,1
2017.08.16,순천시,잎집무늬마름병,0
2017.08.16,신안군,잎집무늬마름병,1
2017.08.16,여수시,잎집무늬마름병,1
2017.08.16,영광군,잎집무늬마름병,1
2017.08.16,영암군,잎집무늬마름병,1
2017.08.16,완도군,잎집무늬마름병,0
2017.08.16,장성군,잎집무늬마름병,1
2017.08.16,장흥군,잎집무늬마름병,1
2017.08.16,진도군,잎집무늬마름병,1
2017.08.16,함평군,잎집무늬마름병,1
2017.08.16,해남군,잎집무늬마름병,1
2017.08.16,화순군,잎집무늬마름병,1
2017.09.01,강진군,잎집무늬마름병,1
2017.09.01,고흥군,잎집무늬마름병,1
2017.09.01,곡성군,잎집무늬마름병,1
2017.09.01,광양시,잎집무늬마름병,1
2017.09.01,구례군,잎집무늬마름병,1
2017.09.01,나주시,잎집무늬마름병,1
2017.09.01,담양군,잎집무늬마름병,1
2017.09.01,무안군,잎집무늬마름병,1
2017.09.01,보성군,잎집무늬마름병,1
2017.09.01,순천시,잎집무늬마름병,1
2017.09.01,신안군,잎집무늬마름병,1
2017.09.01,여수시,잎집무늬마름병,1
2017.09.01,영광군,잎집무늬마름병,1
2017.09.01,영암군,잎집무늬마름병,1
2017.09.01,완도군,잎집무늬마름병,1
2017.09.01,장성군,잎집무늬마름병,1
2017.09.01,장흥군,잎집무늬마름병,1
2017.09.01,진도군,잎집무늬마름병,1
2017.09.01,함평군,잎집무늬마름병,1
2017.09.01,해남군,잎집무늬마름병,1
2017.09.01,화순군,잎집무늬마름병,1
2017.09.16,강진군,잎집무늬마름병,1
2017.09.16,고흥군,잎집무늬마름병,1
2017.09.16,곡성군,잎집무늬마름병,1
2017.09.16,광양시,잎집무늬마름병,1
2017.09.16,구례군,잎집무늬마름병,1
2017.09.16,나주시,잎집무늬마름병,0
2017.09.16,담양군,잎집무늬마름병,1
2017.09.16,무안군,잎집무늬마름병,1
2017.09.16,보성군,잎집무늬마름병,1
2017.09.16,순천시,잎집무늬마름병,1
2017.09.16,신안군,잎집무늬마름병,1
2017.09.16,여수시,잎집무늬마름병,1
2017.09.16,영광군,잎집무늬마름병,1
2017.09.16,영암군,잎집무늬마름병,1
2017.09.16,완도군,잎집무늬마름병,1
2017.09.16,장성군,잎집무늬마름병,1
2017.09.16,장흥군,잎집무늬마름병,1
2017.09.16,진도군,잎집무늬마름병,1
2017.09.16,함평군,잎집무늬마름병,1
2017.09.16,해남군,잎집무늬마름병,1
2017.09.16,화순군,잎집무늬마름병,0
2018.06.01,강진군,잎집무늬마름병,0
2018.06.01,고흥군,잎집무늬마름병,0
2018.06.01,곡성군,잎집무늬마름병,0
2018.06.01,광양시,잎집무늬마름병,0
2018.06.01,구례군,잎집무늬마름병,0
2018.06.01,나주시,잎집무늬마름병,0
2018.06.01,담양군,잎집무늬마름병,0
2018.06.01,무안군,잎집무늬마름병,0
2018.06.01,보성군,잎집무늬마름병,0
2018.06.01,순천시,잎집무늬마름병,0
2018.06.01,신안군,잎집무늬마름병,0
2018.06.01,여수시,잎집무늬마름병,0
2018.06.01,영광군,잎집무늬마름병,0
2018.06.01,영암군,잎집무늬마름병,0
2018.06.01,완도군,잎집무늬마름병,0
2018.06.01,장성군,잎집무늬마름병,0
2018.06.01,장흥군,잎집무늬마름병,0
2018.06.01,진도군,잎집무늬마름병,0
2018.06.01,함평군,잎집무늬마름병,0
2018.06.01,해남군,잎집무늬마름병,0
2018.06.01,화순군,잎집무늬마름병,0
2018.06.16,강진군,잎집무늬마름병,0
2018.06.16,고흥군,잎집무늬마름병,0
2018.06.16,곡성군,잎집무늬마름병,0
2018.06.16,광양시,잎집무늬마름병,0
2018.06.16,구례군,잎집무늬마름병,0
2018.06.16,나주시,잎집무늬마름병,0
2018.06.16,담양군,잎집무늬마름병,0
2018.06.16,무안군,잎집무늬마름병,0
2018.06.16,보성군,잎집무늬마름병,0
2018.06.16,순천시,잎집무늬마름병,0
2018.06.16,신안군,잎집무늬마름병,0
2018.06.16,여수시,잎집무늬마름병,0
2018.06.16,영광군,잎집무늬마름병,0
2018.06.16,영암군,잎집무늬마름병,0
2018.06.16,완도군,잎집무늬마름병,0
2018.06.16,장성군,잎집무늬마름병,0
2018.06.16,장흥군,잎집무늬마름병,0
2018.06.16,진도군,잎집무늬마름병,0
2018.06.16,함평군,잎집무늬마름병,0
2018.06.16,해남군,잎집무늬마름병,0
2018.06.16,화순군,잎집무늬마름병,0
2018.07.01,강진군,잎집무늬마름병,0
2018.07.01,고흥군,잎집무늬마름병,0
2018.07.01,광양시,잎집무늬마름병,0
2018.07.01,나주시,잎집무늬마름병,0
2018.07.01,순천시,잎집무늬마름병,0
2018.07.01,신안군,잎집무늬마름병,0
2018.07.01,여수시,잎집무늬마름병,0
2018.07.01,영광군,잎집무늬마름병,0
2018.07.01,영암군,잎집무늬마름병,0
2018.07.01,완도군,잎집무늬마름병,0
2018.07.01,진도군,잎집무늬마름병,0
2018.07.01,해남군,잎집무늬마름병,0
2018.07.01,화순군,잎집무늬마름병,0
2018.07.16,강진군,잎집무늬마름병,0
2018.07.16,고흥군,잎집무늬마름병,0
2018.07.16,곡성군,잎집무늬마름병,1
2018.07.16,광양시,잎집무늬마름병,1
2018.07.16,구례군,잎집무늬마름병,0
2018.07.16,나주시,잎집무늬마름병,1
2018.07.16,담양군,잎집무늬마름병,1
2018.07.16,무안군,잎집무늬마름병,1
2018.07.16,보성군,잎집무늬마름병,1
2018.07.16,순천시,잎집무늬마름병,0
2018.07.16,신안군,잎집무늬마름병,0
2018.07.16,여수시,잎집무늬마름병,1
2018.07.16,영광군,잎집무늬마름병,0
2018.07.16,영암군,잎집무늬마름병,0
2018.07.16,완도군,잎집무늬마름병,0
2018.07.16,장성군,잎집무늬마름병,0
2018.07.16,장흥군,잎집무늬마름병,1
2018.07.16,진도군,잎집무늬마름병,1
2018.07.16,함평군,잎집무늬마름병,1
2018.07.16,해남군,잎집무늬마름병,1
2018.07.16,화순군,잎집무늬마름병,0
2018.08.01,강진군,잎집무늬마름병,0
2018.08.01,고흥군,잎집무늬마름병,0
2018.08.01,곡성군,잎집무늬마름병,1
2018.08.01,광양시,잎집무늬마름병,1
2018.08.01,구례군,잎집무늬마름병,0
2018.08.01,나주시,잎집무늬마름병,1
2018.08.01,담양군,잎집무늬마름병,1
2018.08.01,무안군,잎집무늬마름병,1
2018.08.01,보성군,잎집무늬마름병,0
2018.08.01,순천시,잎집무늬마름병,1
2018.08.01,신안군,잎집무늬마름병,1
2018.08.01,여수시,잎집무늬마름병,1
2018.08.01,영광군,잎집무늬마름병,0
2018.08.01,영암군,잎집무늬마름병,0
2018.08.01,완도군,잎집무늬마름병,0
2018.08.01,장성군,잎집무늬마름병,0
2018.08.01,장흥군,잎집무늬마름병,1
2018.08.01,진도군,잎집무늬마름병,1
2018.08.01,함평군,잎집무늬마름병,1
2018.08.01,해남군,잎집무늬마름병,1
2018.08.01,화순군,잎집무늬마름병,1
2018.08.16,강진군,잎집무늬마름병,1
2018.08.16,고흥군,잎집무늬마름병,1
2018.08.16,곡성군,잎집무늬마름병,1
2018.08.16,광양시,잎집무늬마름병,1
2018.08.16,구례군,잎집무늬마름병,1
2018.08.16,나주시,잎집무늬마름병,1
2018.08.16,담양군,잎집무늬마름병,1
2018.08.16,무안군,잎집무늬마름병,1
2018.08.16,보성군,잎집무늬마름병,1
2018.08.16,순천시,잎집무늬마름병,1
2018.08.16,신안군,잎집무늬마름병,1
2018.08.16,여수시,잎집무늬마름병,1
2018.08.16,영광군,잎집무늬마름병,1
2018.08.16,영암군,잎집무늬마름병,0
2018.08.16,완도군,잎집무늬마름병,1
2018.08.16,장성군,잎집무늬마름병,0
2018.08.16,장흥군,잎집무늬마름병,1
2018.08.16,진도군,잎집무늬마름병,1
2018.08.16,함평군,잎집무늬마름병,1
2018.08.16,해남군,잎집무늬마름병,1
2018.08.16,화순군,잎집무늬마름병,1
2018.09.01,강진군,잎집무늬마름병,1
2018.09.01,고흥군,잎집무늬마름병,1
2018.09.01,곡성군,잎집무늬마름병,1
2018.09.01,광양시,잎집무늬마름병,1
2018.09.01,구례군,잎집무늬마름병,1
2018.09.01,나주시,잎집무늬마름병,1
2018.09.01,담양군,잎집무늬마름병,1
2018.09.01,무안군,잎집무늬마름병,1
2018.09.01,보성군,잎집무늬마름병,1
2018.09.01,순천시,잎집무늬마름병,1
2018.09.01,신안군,잎집무늬마름병,1
2018.09.01,여수시,잎집무늬마름병,1
2018.09.01,영광군,잎집무늬마름병,1
2018.09.01,영암군,잎집무늬마름병,0
2018.09.01,완도군,잎집무늬마름병,1
2018.09.01,장성군,잎집무늬마름병,1
2018.09.01,장흥군,잎집무늬마름병,1
2018.09.01,진도군,잎집무늬마름병,1
2018.09.01,함평군,잎집무늬마름병,1
2018.09.01,해남군,잎집무늬마름병,1
2018.09.01,화순군,잎집무늬마름병,1
2018.09.16,강진군,잎집무늬마름병,1
2018.09.16,고흥군,잎집무늬마름병,1
2018.09.16,곡성군,잎집무늬마름병,1
2018.09.16,광양시,잎집무늬마름병,1
2018.09.16,구례군,잎집무늬마름병,1
2018.09.16,나주시,잎집무늬마름병,1
2018.09.16,담양군,잎집무늬마름병,1
2018.09.16,무안군,잎집무늬마름병,1
2018.09.16,보성군,잎집무늬마름병,1
2018.09.16,순천시,잎집무늬마름병,1
2018.09.16,신안군,잎집무늬마름병,1
2018.09.16,여수시,잎집무늬마름병,1
2018.09.16,영광군,잎집무늬마름병,1
2018.09.16,영암군,잎집무늬마름병,0
2018.09.16,완도군,잎집무늬마름병,1
2018.09.16,장성군,잎집무늬마름병,1
2018.09.16,장흥군,잎집무늬마름병,1
2018.09.16,진도군,잎집무늬마름병,1
2018.09.16,함평군,잎집무늬마름병,1
2018.09.16,해남군,잎집무늬마름병,1
2018.09.16,화순군,잎집무늬마름병,1
2019.06.01,강진군,잎집무늬마름병,0
2019.06.01,고흥군,잎집무늬마름병,0
2019.06.01,곡성군,잎집무늬마름병,0
2019.06.01,광양시,잎집무늬마름병,0
2019.06.01,구례군,잎집무늬마름병,0
2019.06.01,나주시,잎집무늬마름병,0
2019.06.01,담양군,잎집무늬마름병,0
2019.06.01,무안군,잎집무늬마름병,0
2019.06.01,보성군,잎집무늬마름병,0
2019.06.01,순천시,잎집무늬마름병,0
2019.06.01,신안군,잎집무늬마름병,0
2019.06.01,여수시,잎집무늬마름병,0
2019.06.01,영광군,잎집무늬마름병,0
2019.06.01,영암군,잎집무늬마름병,0
2019.06.01,완도군,잎집무늬마름병,0
2019.06.01,장성군,잎집무늬마름병,0
2019.06.01,장흥군,잎집무늬마름병,0
2019.06.01,진도군,잎집무늬마름병,0
2019.06.01,함평군,잎집무늬마름병,0
2019.06.01,해남군,잎집무늬마름병,0
2019.06.01,화순군,잎집무늬마름병,0
2019.06.16,강진군,잎집무늬마름병,0
2019.06.16,고흥군,잎집무늬마름병,0
2019.06.16,곡성군,잎집무늬마름병,0
2019.06.16,광양시,잎집무늬마름병,0
2019.06.16,구례군,잎집무늬마름병,0
2019.06.16,나주시,잎집무늬마름병,0
2019.06.16,담양군,잎집무늬마름병,0
2019.06.16,무안군,잎집무늬마름병,0
2019.06.16,보성군,잎집무늬마름병,0
2019.06.16,순천시,잎집무늬마름병,0
2019.06.16,신안군,잎집무늬마름병,0
2019.06.16,여수시,잎집무늬마름병,0
2019.06.16,영광군,잎집무늬마름병,0
2019.06.16,영암군,잎집무늬마름병,0
2019.06.16,완도군,잎집무늬마름병,0
2019.06.16,장성군,잎집무늬마름병,0
2019.06.16,장흥군,잎집무늬마름병,0
2019.06.16,진도군,잎집무늬마름병,0
2019.06.16,함평군,잎집무늬마름병,0
2019.06.16,해남군,잎집무늬마름병,0
2019.06.16,화순군,잎집무늬마름병,0
2019.07.01,강진군,잎집무늬마름병,0
2019.07.01,고흥군,잎집무늬마름병,0
2019.07.01,곡성군,잎집무늬마름병,0
2019.07.01,광양시,잎집무늬마름병,0
2019.07.01,구례군,잎집무늬마름병,0
2019.07.01,나주시,잎집무늬마름병,0
2019.07.01,담양군,잎집무늬마름병,0
2019.07.01,무안군,잎집무늬마름병,0
2019.07.01,보성군,잎집무늬마름병,0
2019.07.01,순천시,잎집무늬마름병,0
2019.07.01,신안군,잎집무늬마름병,0
2019.07.01,여수시,잎집무늬마름병,0
2019.07.01,영광군,잎집무늬마름병,0
2019.07.01,영암군,잎집무늬마름병,0
2019.07.01,완도군,잎집무늬마름병,0
2019.07.01,장성군,잎집무늬마름병,0
2019.07.01,장흥군,잎집무늬마름병,0
2019.07.01,진도군,잎집무늬마름병,0
2019.07.01,함평군,잎집무늬마름병,0
2019.07.01,해남군,잎집무늬마름병,0
2019.07.01,화순군,잎집무늬마름병,0
2019.07.16,강진군,잎집무늬마름병,0
2019.07.16,고흥군,잎집무늬마름병,0
2019.07.16,곡성군,잎집무늬마름병,0
2019.07.16,광양시,잎집무늬마름병,0
2019.07.16,구례군,잎집무늬마름병,0
2019.07.16,나주시,잎집무늬마름병,0
2019.07.16,담양군,잎집무늬마름병,0
2019.07.16,무안군,잎집무늬마름병,1
2019.07.16,보성군,잎집무늬마름병,1
2019.07.16,순천시,잎집무늬마름병,1
2019.07.16,신안군,잎집무늬마름병,0
2019.07.16,여수시,잎집무늬마름병,0
2019.07.16,영광군,잎집무늬마름병,0
2019.07.16,영암군,잎집무늬마름병,0
2019.07.16,완도군,잎집무늬마름병,0
2019.07.16,장성군,잎집무늬마름병,0
2019.07.16,장흥군,잎집무늬마름병,1
2019.07.16,진도군,잎집무늬마름병,0
2019.07.16,함평군,잎집무늬마름병,1
2019.07.16,해남군,잎집무늬마름병,0
2019.07.16,화순군,잎집무늬마름병,1
2019.08.01,강진군,잎집무늬마름병,1
2019.08.01,고흥군,잎집무늬마름병,0
2019.08.01,곡성군,잎집무늬마름병,1
2019.08.01,광양시,잎집무늬마름병,1
2019.08.01,구례군,잎집무늬마름병,0
2019.08.01,나주시,잎집무늬마름병,1
2019.08.01,담양군,잎집무늬마름병,1
2019.08.01,무안군,잎집무늬마름병,1
2019.08.01,보성군,잎집무늬마름병,1
2019.08.01,순천시,잎집무늬마름병,1
2019.08.01,신안군,잎집무늬마름병,1
2019.08.01,여수시,잎집무늬마름병,1
2019.08.01,영광군,잎집무늬마름병,1
2019.08.01,영암군,잎집무늬마름병,1
2019.08.01,완도군,잎집무늬마름병,0
2019.08.01,장성군,잎집무늬마름병,1
2019.08.01,장흥군,잎집무늬마름병,1
2019.08.01,진도군,잎집무늬마름병,0
2019.08.01,함평군,잎집무늬마름병,1
2019.08.01,해남군,잎집무늬마름병,1
2019.08.01,화순군,잎집무늬마름병,1
2019.08.16,강진군,잎집무늬마름병,1
2019.08.16,고흥군,잎집무늬마름병,0
2019.08.16,광양시,잎집무늬마름병,1
2019.08.16,구례군,잎집무늬마름병,0
2019.08.16,무안군,잎집무늬마름병,1
2019.08.16,보성군,잎집무늬마름병,1
2019.08.16,순천시,잎집무늬마름병,1
2019.08.16,신안군,잎집무늬마름병,1
2019.08.16,여수시,잎집무늬마름병,1
2019.08.16,영광군,잎집무늬마름병,1
2019.08.16,완도군,잎집무늬마름병,1
2019.08.16,장흥군,잎집무늬마름병,1
2019.08.16,진도군,잎집무늬마름병,1
2019.08.16,함평군,잎집무늬마름병,1
2019.08.16,해남군,잎집무늬마름병,1
2019.08.16,화순군,잎집무늬마름병,1
2019.09.01,강진군,잎집무늬마름병,1
2019.09.01,고흥군,잎집무늬마름병,0
2019.09.01,곡성군,잎집무늬마름병,0
2019.09.01,광양시,잎집무늬마름병,1
2019.09.01,구례군,잎집무늬마름병,1
2019.09.01,나주시,잎집무늬마름병,1
2019.09.01,담양군,잎집무늬마름병,1
2019.09.01,무안군,잎집무늬마름병,1
2019.09.01,보성군,잎집무늬마름병,1
2019.09.01,순천시,잎집무늬마름병,1
2019.09.01,신안군,잎집무늬마름병,1
2019.09.01,여수시,잎집무늬마름병,1
2019.09.01,영광군,잎집무늬마름병,1
2019.09.01,영암군,잎집무늬마름병,1
2019.09.01,완도군,잎집무늬마름병,1
2019.09.01,장성군,잎집무늬마름병,1
2019.09.01,장흥군,잎집무늬마름병,1
2019.09.01,진도군,잎집무늬마름병,1
2019.09.01,함평군,잎집무늬마름병,1
2019.09.01,해남군,잎집무늬마름병,1
2019.09.01,화순군,잎집무늬마름병,1
2019.09.16,강진군,잎집무늬마름병,1
2019.09.16,고흥군,잎집무늬마름병,0
2019.09.16,곡성군,잎집무늬마름병,1
2019.09.16,광양시,잎집무늬마름병,1
2019.09.16,구례군,잎집무늬마름병,1
2019.09.16,나주시,잎집무늬마름병,1
2019.09.16,담양군,잎집무늬마름병,1
2019.09.16,무안군,잎집무늬마름병,1
2019.09.16,보성군,잎집무늬마름병,1
2019.09.16,순천시,잎집무늬마름병,1
2019.09.16,여수시,잎집무늬마름병,1
2019.09.16,영광군,잎집무늬마름병,1
2019.09.16,영암군,잎집무늬마름병,1
2019.09.16,완도군,잎집무늬마름병,1
2019.09.16,장성군,잎집무늬마름병,1
2019.09.16,장흥군,잎집무늬마름병,1
2019.09.16,진도군,잎집무늬마름병,1
2019.09.16,함평군,잎집무늬마름병,1
2019.09.16,해남군,잎집무늬마름병,1
2019.09.16,화순군,잎집무늬마름병,0
2020.06.01,강진군,잎집무늬마름병,0
2020.06.01,고흥군,잎집무늬마름병,0
2020.06.01,광양시,잎집무늬마름병,0
2020.06.01,구례군,잎집무늬마름병,0
2020.06.01,나주시,잎집무늬마름병,0
2020.06.01,담양군,잎집무늬마름병,0
2020.06.01,무안군,잎집무늬마름병,0
2020.06.01,보성군,잎집무늬마름병,0
2020.06.01,순천시,잎집무늬마름병,0
2020.06.01,신안군,잎집무늬마름병,0
2020.06.01,여수시,잎집무늬마름병,0
2020.06.01,영광군,잎집무늬마름병,0
2020.06.01,영암군,잎집무늬마름병,0
2020.06.01,완도군,잎집무늬마름병,0
2020.06.01,장성군,잎집무늬마름병,0
2020.06.01,장흥군,잎집무늬마름병,0
2020.06.01,진도군,잎집무늬마름병,0
2020.06.01,함평군,잎집무늬마름병,0
2020.06.01,해남군,잎집무늬마름병,0
2020.06.01,화순군,잎집무늬마름병,0
2020.06.16,강진군,잎집무늬마름병,0
2020.06.16,고흥군,잎집무늬마름병,0
2020.06.16,곡성군,잎집무늬마름병,0
2020.06.16,광양시,잎집무늬마름병,0
2020.06.16,구례군,잎집무늬마름병,0
2020.06.16,나주시,잎집무늬마름병,0
2020.06.16,담양군,잎집무늬마름병,0
2020.06.16,무안군,잎집무늬마름병,0
2020.06.16,보성군,잎집무늬마름병,0
2020.06.16,순천시,잎집무늬마름병,0
2020.06.16,신안군,잎집무늬마름병,0
2020.06.16,여수시,잎집무늬마름병,0
2020.06.16,영광군,잎집무늬마름병,0
2020.06.16,영암군,잎집무늬마름병,0
2020.06.16,완도군,잎집무늬마름병,0
2020.06.16,장성군,잎집무늬마름병,0
2020.06.16,장흥군,잎집무늬마름병,0
2020.06.16,진도군,잎집무늬마름병,0
2020.06.16,함평군,잎집무늬마름병,0
2020.06.16,해남군,잎집무늬마름병,0
2020.06.16,화순군,잎집무늬마름병,0
2020.07.01,강진군,잎집무늬마름병,0
2020.07.01,고흥군,잎집무늬마름병,0
2020.07.01,곡성군,잎집무늬마름병,0
2020.07.01,광양시,잎집무늬마름병,0
2020.07.01,구례군,잎집무늬마름병,0
2020.07.01,담양군,잎집무늬마름병,0
2020.07.01,무안군,잎집무늬마름병,0
2020.07.01,보성군,잎집무늬마름병,0
2020.07.01,순천시,잎집무늬마름병,0
2020.07.01,신안군,잎집무늬마름병,0
2020.07.01,여수시,잎집무늬마름병,0
2020.07.01,영광군,잎집무늬마름병,0
2020.07.01,영암군,잎집무늬마름병,0
2020.07.01,완도군,잎집무늬마름병,0
2020.07.01,장성군,잎집무늬마름병,0
2020.07.01,장흥군,잎집무늬마름병,0
2020.07.01,진도군,잎집무늬마름병,0
2020.07.01,함평군,잎집무늬마름병,0
2020.07.01,해남군,잎집무늬마름병,0
2020.07.01,화순군,잎집무늬마름병,0
2020.07.16,강진군,잎집무늬마름병,0
2020.07.16,고흥군,잎집무늬마름병,0
2020.07.16,곡성군,잎집무늬마름병,1
2020.07.16,광양시,잎집무늬마름병,1
2020.07.16,구례군,잎집무늬마름병,0
2020.07.16,나주시,잎집무늬마름병,0
2020.07.16,담양군,잎집무늬마름병,1
2020.07.16,무안군,잎집무늬마름병,0
2020.07.16,보성군,잎집무늬마름병,1
2020.07.16,순천시,잎집무늬마름병,0
2020.07.16,신안군,잎집무늬마름병,0
2020.07.16,여수시,잎집무늬마름병,0
2020.07.16,영광군,잎집무늬마름병,0
2020.07.16,영암군,잎집무늬마름병,1
2020.07.16,완도군,잎집무늬마름병,1
2020.07.16,장성군,잎집무늬마름병,0
2020.07.16,장흥군,잎집무늬마름병,1
2020.07.16,진도군,잎집무늬마름병,1
2020.07.16,함평군,잎집무늬마름병,0
2020.07.16,해남군,잎집무늬마름병,0
2020.07.16,화순군,잎집무늬마름병,1
2020.08.01,강진군,잎집무늬마름병,1
2020.08.01,고흥군,잎집무늬마름병,1
2020.08.01,곡성군,잎집무늬마름병,1
2020.08.01,광양시,잎집무늬마름병,1
2020.08.01,구례군,잎집무늬마름병,1
2020.08.01,나주시,잎집무늬마름병,1
2020.08.01,담양군,잎집무늬마름병,1
2020.08.01,무안군,잎집무늬마름병,1
2020.08.01,보성군,잎집무늬마름병,1
2020.08.01,순천시,잎집무늬마름병,0
2020.08.01,신안군,잎집무늬마름병,1
2020.08.01,여수시,잎집무늬마름병,0
2020.08.01,영광군,잎집무늬마름병,1
2020.08.01,영암군,잎집무늬마름병,1
2020.08.01,완도군,잎집무늬마름병,1
2020.08.01,장성군,잎집무늬마름병,1
2020.08.01,장흥군,잎집무늬마름병,1
2020.08.01,진도군,잎집무늬마름병,1
2020.08.01,함평군,잎집무늬마름병,1
2020.08.01,해남군,잎집무늬마름병,1
2020.08.01,화순군,잎집무늬마름병,1
2020.08.16,강진군,잎집무늬마름병,1
2020.08.16,고흥군,잎집무늬마름병,1
2020.08.16,곡성군,잎집무늬마름병,1
2020.08.16,광양시,잎집무늬마름병,1
2020.08.16,구례군,잎집무늬마름병,1
2020.08.16,나주시,잎집무늬마름병,1
2020.08.16,담양군,잎집무늬마름병,1
2020.08.16,무안군,잎집무늬마름병,1
2020.08.16,보성군,잎집무늬마름병,1
2020.08.16,순천시,잎집무늬마름병,1
2020.08.16,신안군,잎집무늬마름병,1
2020.08.16,여수시,잎집무늬마름병,1
2020.08.16,영광군,잎집무늬마름병,1
2020.08.16,영암군,잎집무늬마름병,1
2020.08.16,완도군,잎집무늬마름병,1
2020.08.16,장성군,잎집무늬마름병,1
2020.08.16,장흥군,잎집무늬마름병,1
2020.08.16,진도군,잎집무늬마름병,1
2020.08.16,함평군,잎집무늬마름병,1
2020.08.16,해남군,잎집무늬마름병,1
2020.08.16,화순군,잎집무늬마름병,1
2020.09.01,강진군,잎집무늬마름병,1
2020.09.01,고흥군,잎집무늬마름병,0
2020.09.01,곡성군,잎집무늬마름병,1
2020.09.01,광양시,잎집무늬마름병,1
2020.09.01,구례군,잎집무늬마름병,1
2020.09.01,나주시,잎집무늬마름병,1
2020.09.01,담양군,잎집무늬마름병,1
2020.09.01,무안군,잎집무늬마름병,1
2020.09.01,보성군,잎집무늬마름병,1
2020.09.01,순천시,잎집무늬마름병,1
2020.09.01,신안군,잎집무늬마름병,1
2020.09.01,여수시,잎집무늬마름병,1
2020.09.01,영광군,잎집무늬마름병,1
2020.09.01,영암군,잎집무늬마름병,1
2020.09.01,완도군,잎집무늬마름병,1
2020.09.01,장성군,잎집무늬마름병,1
2020.09.01,장흥군,잎집무늬마름병,1
2020.09.01,진도군,잎집무늬마름병,1
2020.09.01,함평군,잎집무늬마름병,1
2020.09.01,해남군,잎집무늬마름병,1
2020.09.01,화순군,잎집무늬마름병,1
2020.09.16,강진군,잎집무늬마름병,1
2020.09.16,고흥군,잎집무늬마름병,0
2020.09.16,곡성군,잎집무늬마름병,1
2020.09.16,광양시,잎집무늬마름병,1
2020.09.16,구례군,잎집무늬마름병,1
2020.09.16,나주시,잎집무늬마름병,1
2020.09.16,담양군,잎집무늬마름병,1
2020.09.16,무안군,잎집무늬마름병,1
2020.09.16,보성군,잎집무늬마름병,1
2020.09.16,순천시,잎집무늬마름병,1
2020.09.16,신안군,잎집무늬마름병,1
2020.09.16,여수시,잎집무늬마름병,1
2020.09.16,영광군,잎집무늬마름병,1
2020.09.16,영암군,잎집무늬마름병,1
2020.09.16,완도군,잎집무늬마름병,1
2020.09.16,장성군,잎집무늬마름병,1
2020.09.16,장흥군,잎집무늬마름병,1
2020.09.16,진도군,잎집무늬마름병,1
2020.09.16,함평군,잎집무늬마름병,1
2020.09.16,해남군,잎집무늬마름병,1
2020.09.16,화순군,잎집무늬마름병,1
2021.06.01,강진군,잎집무늬마름병,0
2021.06.01,고흥군,잎집무늬마름병,0
2021.06.01,곡성군,잎집무늬마름병,0
2021.06.01,광양시,잎집무늬마름병,0
2021.06.01,구례군,잎집무늬마름병,0
2021.06.01,나주시,잎집무늬마름병,0
2021.06.01,담양군,잎집무늬마름병,0
2021.06.01,무안군,잎집무늬마름병,0
2021.06.01,보성군,잎집무늬마름병,0
2021.06.01,순천시,잎집무늬마름병,0
2021.06.01,신안군,잎집무늬마름병,0
2021.06.01,여수시,잎집무늬마름병,0
2021.06.01,영암군,잎집무늬마름병,0
2021.06.01,완도군,잎집무늬마름병,0
2021.06.01,장성군,잎집무늬마름병,0
2021.06.01,장흥군,잎집무늬마름병,0
2021.06.01,진도군,잎집무늬마름병,0
2021.06.01,함평군,잎집무늬마름병,0
2021.06.01,해남군,잎집무늬마름병,0
2021.06.01,화순군,잎집무늬마름병,0
2021.06.16,강진군,잎집무늬마름병,0
2021.06.16,고흥군,잎집무늬마름병,0
2021.06.16,곡성군,잎집무늬마름병,0
2021.06.16,광양시,잎집무늬마름병,0
2021.06.16,구례군,잎집무늬마름병,0
2021.06.16,나주시,잎집무늬마름병,0
2021.06.16,담양군,잎집무늬마름병,0
2021.06.16,무안군,잎집무늬마름병,0
2021.06.16,보성군,잎집무늬마름병,0
2021.06.16,순천시,잎집무늬마름병,0
2021.06.16,신안군,잎집무늬마름병,0
2021.06.16,여수시,잎집무늬마름병,0
2021.06.16,영광군,잎집무늬마름병,0
2021.06.16,영암군,잎집무늬마름병,0
2021.06.16,완도군,잎집무늬마름병,0
2021.06.16,장성군,잎집무늬마름병,0
2021.06.16,장흥군,잎집무늬마름병,0
2021.06.16,진도군,잎집무늬마름병,0
2021.06.16,함평군,잎집무늬마름병,0
2021.06.16,해남군,잎집무늬마름병,0
2021.06.16,화순군,잎집무늬마름병,0
2021.07.01,강진군,잎집무늬마름병,0
2021.07.01,고흥군,잎집무늬마름병,0
2021.07.01,곡성군,잎집무늬마름병,1
2021.07.01,광양시,잎집무늬마름병,0
2021.07.01,구례군,잎집무늬마름병,0
2021.07.01,나주시,잎집무늬마름병,0
2021.07.01,담양군,잎집무늬마름병,0
2021.07.01,무안군,잎집무늬마름병,0
2021.07.01,보성군,잎집무늬마름병,0
2021.07.01,순천시,잎집무늬마름병,0
2021.07.01,신안군,잎집무늬마름병,0
2021.07.01,여수시,잎집무늬마름병,0
2021.07.01,영광군,잎집무늬마름병,0
2021.07.01,영암군,잎집무늬마름병,0
2021.07.01,완도군,잎집무늬마름병,0
2021.07.01,장성군,잎집무늬마름병,0
2021.07.01,장흥군,잎집무늬마름병,0
2021.07.01,진도군,잎집무늬마름병,0
2021.07.01,함평군,잎집무늬마름병,0
2021.07.01,해남군,잎집무늬마름병,0
2021.07.01,화순군,잎집무늬마름병,0
2021.07.16,강진군,잎집무늬마름병,0
2021.07.16,고흥군,잎집무늬마름병,1
2021.07.16,곡성군,잎집무늬마름병,1
2021.07.16,광양시,잎집무늬마름병,1
2021.07.16,구례군,잎집무늬마름병,0
2021.07.16,나주시,잎집무늬마름병,1
2021.07.16,담양군,잎집무늬마름병,1
2021.07.16,무안군,잎집무늬마름병,1
2021.07.16,보성군,잎집무늬마름병,0
2021.07.16,순천시,잎집무늬마름병,1
2021.07.16,신안군,잎집무늬마름병,0
2021.07.16,여수시,잎집무늬마름병,1
2021.07.16,영광군,잎집무늬마름병,1
2021.07.16,영암군,잎집무늬마름병,0
2021.07.16,완도군,잎집무늬마름병,0
2021.07.16,장성군,잎집무늬마름병,1
2021.07.16,장흥군,잎집무늬마름병,1
2021.07.16,진도군,잎집무늬마름병,1
2021.07.16,함평군,잎집무늬마름병,0
2021.07.16,해남군,잎집무늬마름병,0
2021.07.16,화순군,잎집무늬마름병,1
2021.08.01,강진군,잎집무늬마름병,1
2021.08.01,고흥군,잎집무늬마름병,0
2021.08.01,곡성군,잎집무늬마름병,1
2021.08.01,광양시,잎집무늬마름병,1
2021.08.01,구례군,잎집무늬마름병,1
2021.08.01,보성군,잎집무늬마름병,0
2021.08.01,여수시,잎집무늬마름병,1
2021.08.01,영암군,잎집무늬마름병,1
2021.08.01,완도군,잎집무늬마름병,0
2021.08.01,장성군,잎집무늬마름병,1
2021.08.01,진도군,잎집무늬마름병,1
2021.08.01,함평군,잎집무늬마름병,0
2021.08.01,해남군,잎집무늬마름병,0
2021.08.01,화순군,잎집무늬마름병,1
2021.08.16,강진군,잎집무늬마름병,1
2021.08.16,고흥군,잎집무늬마름병,1
2021.08.16,곡성군,잎집무늬마름병,1
2021.08.16,광양시,잎집무늬마름병,1
2021.08.16,구례군,잎집무늬마름병,1
2021.08.16,나주시,잎집무늬마름병,1
2021.08.16,담양군,잎집무늬마름병,1
2021.08.16,무안군,잎집무늬마름병,1
2021.08.16,보성군,잎집무늬마름병,1
2021.08.16,순천시,잎집무늬마름병,1
2021.08.16,신안군,잎집무늬마름병,0
2021.08.16,여수시,잎집무늬마름병,1
2021.08.16,영광군,잎집무늬마름병,1
2021.08.16,영암군,잎집무늬마름병,1
2021.08.16,완도군,잎집무늬마름병,1
2021.08.16,장성군,잎집무늬마름병,1
2021.08.16,장흥군,잎집무늬마름병,1
2021.08.16,진도군,잎집무늬마름병,1
2021.08.16,함평군,잎집무늬마름병,1
2021.08.16,해남군,잎집무늬마름병,1
2021.08.16,화순군,잎집무늬마름병,1
2021.09.01,강진군,잎집무늬마름병,1
2021.09.01,고흥군,잎집무늬마름병,0
2021.09.01,곡성군,잎집무늬마름병,1
2021.09.01,광양시,잎집무늬마름병,1
2021.09.01,구례군,잎집무늬마름병,1
2021.09.01,담양군,잎집무늬마름병,1
2021.09.01,무안군,잎집무늬마름병,1
2021.09.01,보성군,잎집무늬마름병,0
2021.09.01,순천시,잎집무늬마름병,1
2021.09.01,신안군,잎집무늬마름병,1
2021.09.01,여수시,잎집무늬마름병,1
2021.09.01,영암군,잎집무늬마름병,1
2021.09.01,완도군,잎집무늬마름병,1
2021.09.01,장성군,잎집무늬마름병,1
2021.09.01,장흥군,잎집무늬마름병,1
2021.09.01,진도군,잎집무늬마름병,1
2021.09.01,함평군,잎집무늬마름병,1
2021.09.01,해남군,잎집무늬마름병,0
2021.09.01,화순군,잎집무늬마름병,1
2021.09.16,강진군,잎집무늬마름병,1
2021.09.16,고흥군,잎집무늬마름병,0
2021.09.16,곡성군,잎집무늬마름병,1
2021.09.16,광양시,잎집무늬마름병,1
2021.09.16,구례군,잎집무늬마름병,0
2021.09.16,나주시,잎집무늬마름병,0
2021.09.16,담양군,잎집무늬마름병,1
2021.09.16,무안군,잎집무늬마름병,1
2021.09.16,보성군,잎집무늬마름병,1
2021.09.16,순천시,잎집무늬마름병,1
2021.09.16,신안군,잎집무늬마름병,1
2021.09.16,여수시,잎집무늬마름병,1
2021.09.16,영광군,잎집무늬마름병,1
2021.09.16,영암군,잎집무늬마름병,1
2021.09.16,완도군,잎집무늬마름병,0
2021.09.16,장성군,잎집무늬마름병,1
2021.09.16,장흥군,잎집무늬마름병,1
2021.09.16,진도군,잎집무늬마름병,1
2021.09.16,함평군,잎집무늬마름병,1
2021.09.16,해남군,잎집무늬마름병,0
2021.09.16,화순군,잎집무늬마름병,1
2022.06.01,강진군,잎집무늬마름병,0
2022.06.01,고흥군,잎집무늬마름병,0
2022.06.01,곡성군,잎집무늬마름병,0
2022.06.01,광양시,잎집무늬마름병,0
2022.06.01,구례군,잎집무늬마름병,0
2022.06.01,나주시,잎집무늬마름병,0
2022.06.01,담양군,잎집무늬마름병,0
2022.06.01,무안군,잎집무늬마름병,0
2022.06.01,보성군,잎집무늬마름병,0
2022.06.01,순천시,잎집무늬마름병,0
2022.06.01,신안군,잎집무늬마름병,0
2022.06.01,여수시,잎집무늬마름병,0
2022.06.01,영광군,잎집무늬마름병,0
2022.06.01,영암군,잎집무늬마름병,0
2022.06.01,완도군,잎집무늬마름병,0
2022.06.01,장성군,잎집무늬마름병,0
2022.06.01,장흥군,잎집무늬마름병,0
2022.06.01,진도군,잎집무늬마름병,0
2022.06.01,함평군,잎집무늬마름병,0
2022.06.01,해남군,잎집무늬마름병,0
2022.06.01,화순군,잎집무늬마름병,0
2022.06.16,강진군,잎집무늬마름병,0
2022.06.16,고흥군,잎집무늬마름병,0
2022.06.16,곡성군,잎집무늬마름병,0
2022.06.16,광양시,잎집무늬마름병,0
2022.06.16,구례군,잎집무늬마름병,0
2022.06.16,나주시,잎집무늬마름병,0
2022.06.16,담양군,잎집무늬마름병,0
2022.06.16,무안군,잎집무늬마름병,0
2022.06.16,보성군,잎집무늬마름병,0
2022.06.16,순천시,잎집무늬마름병,0
2022.06.16,신안군,잎집무늬마름병,0
2022.06.16,여수시,잎집무늬마름병,0
2022.06.16,영광군,잎집무늬마름병,0
2022.06.16,영암군,잎집무늬마름병,0
2022.06.16,완도군,잎집무늬마름병,0
2022.06.16,장성군,잎집무늬마름병,0
2022.06.16,장흥군,잎집무늬마름병,0
2022.06.16,진도군,잎집무늬마름병,0
2022.06.16,함평군,잎집무늬마름병,0
2022.06.16,해남군,잎집무늬마름병,0
2022.06.16,화순군,잎집무늬마름병,0
2022.07.01,강진군,잎집무늬마름병,0
2022.07.01,고흥군,잎집무늬마름병,0
2022.07.01,곡성군,잎집무늬마름병,0
2022.07.01,광양시,잎집무늬마름병,1
2022.07.01,구례군,잎집무늬마름병,0
2022.07.01,나주시,잎집무늬마름병,0
2022.07.01,담양군,잎집무늬마름병,0
2022.07.01,무안군,잎집무늬마름병,0
2022.07.01,보성군,잎집무늬마름병,0
2022.07.01,순천시,잎집무늬마름병,0
2022.07.01,신안군,잎집무늬마름병,0
2022.07.01,여수시,잎집무늬마름병,0
2022.07.01,영광군,잎집무늬마름병,1
2022.07.01,영암군,잎집무늬마름병,0
2022.07.01,완도군,잎집무늬마름병,0
2022.07.01,장성군,잎집무늬마름병,0
2022.07.01,장흥군,잎집무늬마름병,0
2022.07.01,진도군,잎집무늬마름병,0
2022.07.01,함평군,잎집무늬마름병,0
2022.07.01,해남군,잎집무늬마름병,0
2022.07.01,화순군,잎집무늬마름병,0
2022.07.16,강진군,잎집무늬마름병,1
2022.07.16,고흥군,잎집무늬마름병,0
2022.07.16,곡성군,잎집무늬마름병,0
2022.07.16,광양시,잎집무늬마름병,0
2022.07.16,구례군,잎집무늬마름병,0
2022.07.16,나주시,잎집무늬마름병,0
2022.07.16,담양군,잎집무늬마름병,0
2022.07.16,무안군,잎집무늬마름병,1
2022.07.16,보성군,잎집무늬마름병,1
2022.07.16,순천시,잎집무늬마름병,1
2022.07.16,신안군,잎집무늬마름병,0
2022.07.16,여수시,잎집무늬마름병,1
2022.07.16,영광군,잎집무늬마름병,1
2022.07.16,영암군,잎집무늬마름병,1
2022.07.16,완도군,잎집무늬마름병,0
2022.07.16,장성군,잎집무늬마름병,1
2022.07.16,장흥군,잎집무늬마름병,0
2022.07.16,진도군,잎집무늬마름병,0
2022.07.16,함평군,잎집무늬마름병,0
2022.07.16,해남군,잎집무늬마름병,0
2022.07.16,화순군,잎집무늬마름병,0
2022.08.01,강진군,잎집무늬마름병,0
2022.08.01,고흥군,잎집무늬마름병,1
2022.08.01,곡성군,잎집무늬마름병,0
2022.08.01,광양시,잎집무늬마름병,1
2022.08.01,구례군,잎집무늬마름병,0
2022.08.01,나주시,잎집무늬마름병,0
2022.08.01,담양군,잎집무늬마름병,1
2022.08.01,무안군,잎집무늬마름병,1
2022.08.01,보성군,잎집무늬마름병,1
2022.08.01,순천시,잎집무늬마름병,1
2022.08.01,신안군,잎집무늬마름병,1
2022.08.01,여수시,잎집무늬마름병,0
2022.08.01,영광군,잎집무늬마름병,1
2022.08.01,영암군,잎집무늬마름병,1
2022.08.01,완도군,잎집무늬마름병,0
2022.08.01,장성군,잎집무늬마름병,1
2022.08.01,장흥군,잎집무늬마름병,1
2022.08.01,진도군,잎집무늬마름병,1
2022.08.01,함평군,잎집무늬마름병,0
2022.08.01,화순군,잎집무늬마름병,0
2022.08.16,강진군,잎집무늬마름병,1
2022.08.16,고흥군,잎집무늬마름병,1
2022.08.16,광양시,잎집무늬마름병,0
2022.08.16,구례군,잎집무늬마름병,1
2022.08.16,담양군,잎집무늬마름병,1
2022.08.16,무안군,잎집무늬마름병,1
2022.08.16,보성군,잎집무늬마름병,0
2022.08.16,순천시,잎집무늬마름병,1
2022.08.16,여수시,잎집무늬마름병,1
2022.08.16,영암군,잎집무늬마름병,1
2022.08.16,완도군,잎집무늬마름병,0
2022.08.16,장성군,잎집무늬마름병,1
2022.08.16,장흥군,잎집무늬마름병,1
2022.08.16,진도군,잎집무늬마름병,1
2022.08.16,함평군,잎집무늬마름병,0
2022.08.16,해남군,잎집무늬마름병,1
2022.08.16,화순군,잎집무늬마름병,0
2022.09.01,강진군,잎집무늬마름병,0
2022.09.01,고흥군,잎집무늬마름병,1
2022.09.01,곡성군,잎집무늬마름병,1
2022.09.01,광양시,잎집무늬마름병,1
2022.09.01,구례군,잎집무늬마름병,1
2022.09.01,담양군,잎집무늬마름병,1
2022.09.01,보성군,잎집무늬마름병,1
2022.09.01,순천시,잎집무늬마름병,0
2022.09.01,신안군,잎집무늬마름병,1
2022.09.01,여수시,잎집무늬마름병,1
2022.09.01,영암군,잎집무늬마름병,1
2022.09.01,완도군,잎집무늬마름병,0
2022.09.01,장성군,잎집무늬마름병,1
2022.09.01,장흥군,잎집무늬마름병,1
2022.09.01,진도군,잎집무늬마름병,1
2022.09.01,해남군,잎집무늬마름병,1
2022.09.01,화순군,잎집무늬마름병,1
2022.09.16,강진군,잎집무늬마름병,0
2022.09.16,고흥군,잎집무늬마름병,0
2022.09.16,곡성군,잎집무늬마름병,1
2022.09.16,광양시,잎집무늬마름병,1
2022.09.16,구례군,잎집무늬마름병,1
2022.09.16,나주시,잎집무늬마름병,1
2022.09.16,담양군,잎집무늬마름병,1
2022.09.16,무안군,잎집무늬마름병,1
2022.09.16,보성군,잎집무늬마름병,1
2022.09.16,순천시,잎집무늬마름병,1
2022.09.16,신안군,잎집무늬마름병,1
2022.09.16,여수시,잎집무늬마름병,1
2022.09.16,영광군,잎집무늬마름병,1
2022.09.16,완도군,잎집무늬마름병,0
2022.09.16,장성군,잎집무늬마름병,1
2022.09.16,장흥군,잎집무늬마름병,1
2022.09.16,진도군,잎집무늬마름병,1
2022.09.16,함평군,잎집무늬마름병,0
2022.09.16,해남군,잎집무늬마름병,1
2022.09.16,화순군,잎집무늬마름병,1
2023.06.01,강진군,잎집무늬마름병,0
2023.06.01,곡성군,잎집무늬마름병,0
2023.06.01,광양시,잎집무늬마름병,0
2023.06.01,구례군,잎집무늬마름병,0
2023.06.01,나주시,잎집무늬마름병,0
2023.06.01,담양군,잎집무늬마름병,0
2023.06.01,무안군,잎집무늬마름병,0
2023.06.01,보성군,잎집무늬마름병,0
2023.06.01,순천시,잎집무늬마름병,0
2023.06.01,신안군,잎집무늬마름병,0
2023.06.01,여수시,잎집무늬마름병,0
2023.06.01,영광군,잎집무늬마름병,0
2023.06.01,영암군,잎집무늬마름병,0
2023.06.01,완도군,잎집무늬마름병,0
2023.06.01,장성군,잎집무늬마름병,0
2023.06.01,장흥군,잎집무늬마름병,0
2023.06.01,진도군,잎집무늬마름병,0
2023.06.01,함평군,잎집무늬마름병,0
2023.06.01,해남군,잎집무늬마름병,0
2023.06.01,화순군,잎집무늬마름병,0
2023.06.16,강진군,잎집무늬마름병,0
2023.06.16,곡성군,잎집무늬마름병,0
2023.06.16,광양시,잎집무늬마름병,0
2023.06.16,구례군,잎집무늬마름병,0
2023.06.16,나주시,잎집무늬마름병,0
2023.06.16,담양군,잎집무늬마름병,0
2023.06.16,무안군,잎집무늬마름병,0
2023.06.16,보성군,잎집무늬마름병,0
2023.06.16,순천시,잎집무늬마름병,0
2023.06.16,신안군,잎집무늬마름병,0
2023.06.16,여수시,잎집무늬마름병,0
2023.06.16,영광군,잎집무늬마름병,0
2023.06.16,영암군,잎집무늬마름병,0
2023.06.16,완도군,잎집무늬마름병,0
2023.06.16,장성군,잎집무늬마름병,0
2023.06.16,장흥군,잎집무늬마름병,0
2023.06.16,진도군,잎집무늬마름병,0
2023.06.16,함평군,잎집무늬마름병,0
2023.06.16,해남군,잎집무늬마름병,0
2023.06.16,화순군,잎집무늬마름병,0
2023.07.01,강진군,잎집무늬마름병,0
2023.07.01,고흥군,잎집무늬마름병,0
2023.07.01,곡성군,잎집무늬마름병,0
2023.07.01,광양시,잎집무늬마름병,0
2023.07.01,구례군,잎집무늬마름병,0
2023.07.01,나주시,잎집무늬마름병,0
2023.07.01,담양군,잎집무늬마름병,0
2023.07.01,무안군,잎집무늬마름병,0
2023.07.01,보성군,잎집무늬마름병,1
2023.07.01,순천시,잎집무늬마름병,0
2023.07.01,신안군,잎집무늬마름병,0
2023.07.01,여수시,잎집무늬마름병,0
2023.07.01,영광군,잎집무늬마름병,0
2023.07.01,영암군,잎집무늬마름병,0
2023.07.01,완도군,잎집무늬마름병,1
2023.07.01,장성군,잎집무늬마름병,0
2023.07.01,장흥군,잎집무늬마름병,0
2023.07.01,진도군,잎집무늬마름병,0
2023.07.01,함평군,잎집무늬마름병,0
2023.07.01,해남군,잎집무늬마름병,0
2023.07.01,화순군,잎집무늬마름병,0
2023.07.16,강진군,잎집무늬마름병,0
2023.07.16,고흥군,잎집무늬마름병,0
2023.07.16,곡성군,잎집무늬마름병,1
2023.07.16,광양시,잎집무늬마름병,1
2023.07.16,구례군,잎집무늬마름병,1
2023.07.16,나주시,잎집무늬마름병,1
2023.07.16,담양군,잎집무늬마름병,1
2023.07.16,무안군,잎집무늬마름병,0
2023.07.16,보성군,잎집무늬마름병,1
2023.07.16,순천시,잎집무늬마름병,0
2023.07.16,신안군,잎집무늬마름병,0
2023.07.16,여수시,잎집무늬마름병,1
2023.07.16,영광군,잎집무늬마름병,0
2023.07.16,영암군,잎집무늬마름병,1
2023.07.16,완도군,잎집무늬마름병,1
2023.07.16,장성군,잎집무늬마름병,1
2023.07.16,장흥군,잎집무늬마름병,1
2023.07.16,진도군,잎집무늬마름병,1
2023.07.16,함평군,잎집무늬마름병,0
2023.07.16,해남군,잎집무늬마름병,0
2023.07.16,화순군,잎집무늬마름병,1
2023.08.01,강진군,잎집무늬마름병,1
2023.08.01,고흥군,잎집무늬마름병,0
2023.08.01,곡성군,잎집무늬마름병,0
2023.08.01,광양시,잎집무늬마름병,1
2023.08.01,구례군,잎집무늬마름병,1
2023.08.01,나주시,잎집무늬마름병,1
2023.08.01,담양군,잎집무늬마름병,1
2023.08.01,무안군,잎집무늬마름병,1
2023.08.01,보성군,잎집무늬마름병,1
2023.08.01,순천시,잎집무늬마름병,1
2023.08.01,신안군,잎집무늬마름병,1
2023.08.01,여수시,잎집무늬마름병,1
2023.08.01,영광군,잎집무늬마름병,0
2023.08.01,영암군,잎집무늬마름병,1
2023.08.01,완도군,잎집무늬마름병,1
2023.08.01,장성군,잎집무늬마름병,1
2023.08.01,장흥군,잎집무늬마름병,1
2023.08.01,진도군,잎집무늬마름병,1
2023.08.01,함평군,잎집무늬마름병,1
2023.08.01,해남군,잎집무늬마름병,0
2023.08.01,화순군,잎집무늬마름병,1
2023.08.16,강진군,잎집무늬마름병,1
2023.08.16,고흥군,잎집무늬마름병,1
2023.08.16,곡성군,잎집무늬마름병,1
2023.08.16,광양시,잎집무늬마름병,1
2023.08.16,구례군,잎집무늬마름병,1
2023.08.16,나주시,잎집무늬마름병,1
2023.08.16,담양군,잎집무늬마름병,1
2023.08.16,무안군,잎집무늬마름병,1
2023.08.16,보성군,잎집무늬마름병,0
2023.08.16,순천시,잎집무늬마름병,0
2023.08.16,신안군,잎집무늬마름병,0
2023.08.16,여수시,잎집무늬마름병,1
2023.08.16,영광군,잎집무늬마름병,0
2023.08.16,영암군,잎집무늬마름병,1
2023.08.16,완도군,잎집무늬마름병,1
2023.08.16,장성군,잎집무늬마름병,1
2023.08.16,장흥군,잎집무늬마름병,1
2023.08.16,진도군,잎집무늬마름병,1
2023.08.16,함평군,잎집무늬마름병,1
2023.08.16,해남군,잎집무늬마름병,0
2023.08.16,화순군,잎집무늬마름병,1
2023.09.01,강진군,잎집무늬마름병,1
2023.09.01,고흥군,잎집무늬마름병,1
2023.09.01,곡성군,잎집무늬마름병,1
2023.09.01,광양시,잎집무늬마름병,1
2023.09.01,구례군,잎집무늬마름병,1
2023.09.01,나주시,잎집무늬마름병,1
2023.09.01,담양군,잎집무늬마름병,1
2023.09.01,무안군,잎집무늬마름병,1
2023.09.01,보성군,잎집무늬마름병,1
2023.09.01,순천시,잎집무늬마름병,1
2023.09.01,신안군,잎집무늬마름병,1
2023.09.01,여수시,잎집무늬마름병,1
2023.09.01,영광군,잎집무늬마름병,1
2023.09.01,영암군,잎집무늬마름병,1
2023.09.01,완도군,잎집무늬마름병,1
2023.09.01,장성군,잎집무늬마름병,1
2023.09.01,장흥군,잎집무늬마름병,1
2023.09.01,진도군,잎집무늬마름병,1
2023.09.01,함평군,잎집무늬마름병,0
2023.09.01,해남군,잎집무늬마름병,1
2023.09.01,화순군,잎집무늬마름병,1
2023.09.16,강진군,잎집무늬마름병,1
2023.09.16,고흥군,잎집무늬마름병,1
2023.09.16,곡성군,잎집무늬마름병,1
2023.09.16,광양시,잎집무늬마름병,0
2023.09.16,구례군,잎집무늬마름병,1
2023.09.16,나주시,잎집무늬마름병,1
2023.09.16,담양군,잎집무늬마름병,1
2023.09.16,무안군,잎집무늬마름병,1
2023.09.16,보성군,잎집무늬마름병,1
2023.09.16,순천시,잎집무늬마름병,1
2023.09.16,신안군,잎집무늬마름병,1
2023.09.16,여수시,잎집무늬마름병,1
2023.09.16,영광군,잎집무늬마름병,1
2023.09.16,영암군,잎집무늬마름병,1
2023.09.16,완도군,잎집무늬마름병,1
2023.09.16,장성군,잎집무늬마름병,1
2023.09.16,장흥군,잎집무늬마름병,1
2023.09.16,진도군,잎집무늬마름병,1
2023.09.16,함평군,잎집무늬마름병,1
2023.09.16,해남군,잎집무늬마름병,0
2023.09.16,화순군,잎집무늬마름병,1
2024.06.01,강진군,잎집무늬마름병,0
2024.06.01,고흥군,잎집무늬마름병,0
2024.06.01,광양시,잎집무늬마름병,0
2024.06.01,구례군,잎집무늬마름병,0
2024.06.01,나주시,잎집무늬마름병,0
2024.06.01,무안군,잎집무늬마름병,0
2024.06.01,보성군,잎집무늬마름병,0
2024.06.01,순천시,잎집무늬마름병,0
2024.06.01,신안군,잎집무늬마름병,0
2024.06.01,여수시,잎집무늬마름병,0
2024.06.01,영암군,잎집무늬마름병,0
2024.06.01,완도군,잎집무늬마름병,0
2024.06.01,장성군,잎집무늬마름병,0
2024.06.01,장흥군,잎집무늬마름병,0
2024.06.01,진도군,잎집무늬마름병,0
2024.06.01,해남군,잎집무늬마름병,0
2024.06.01,화순군,잎집무늬마름병,0
2024.06.16,강진군,잎집무늬마름병,0
2024.06.16,고흥군,잎집무늬마름병,0
2024.06.16,광양시,잎집무늬마름병,0
2024.06.16,구례군,잎집무늬마름병,0
2024.06.16,나주시,잎집무늬마름병,0
2024.06.16,담양군,잎집무늬마름병,0
2024.06.16,무안군,잎집무늬마름병,0
2024.06.16,보성군,잎집무늬마름병,0
2024.06.16,순천시,잎집무늬마름병,0
2024.06.16,신안군,잎집무늬마름병,0
2024.06.16,여수시,잎집무늬마름병,0
2024.06.16,영광군,잎집무늬마름병,0
2024.06.16,영암군,잎집무늬마름병,0
2024.06.16,완도군,잎집무늬마름병,0
2024.06.16,장성군,잎집무늬마름병,0
2024.06.16,장흥군,잎집무늬마름병,0
2024.06.16,진도군,잎집무늬마름병,0
2024.06.16,해남군,잎집무늬마름병,0
2024.06.16,화순군,잎집무늬마름병,0
2024.07.01,강진군,잎집무늬마름병,0
2024.07.01,고흥군,잎집무늬마름병,0
2024.07.01,곡성군,잎집무늬마름병,0
2024.07.01,광양시,잎집무늬마름병,0
2024.07.01,구례군,잎집무늬마름병,0
2024.07.01,나주시,잎집무늬마름병,0
2024.07.01,담양군,잎집무늬마름병,0
2024.07.01,무안군,잎집무늬마름병,0
2024.07.01,보성군,잎집무늬마름병,0
2024.07.01,순천시,잎집무늬마름병,0
2024.07.01,신안군,잎집무늬마름병,0
2024.07.01,여수시,잎집무늬마름병,0
2024.07.01,영광군,잎집무늬마름병,0
2024.07.01,영암군,잎집무늬마름병,0
2024.07.01,완도군,잎집무늬마름병,0
2024.07.01,장성군,잎집무늬마름병,0
2024.07.01,장흥군,잎집무늬마름병,0
2024.07.01,진도군,잎집무늬마름병,0
2024.07.01,함평군,잎집무늬마름병,0
2024.07.01,해남군,잎집무늬마름병,0
2024.07.01,화순군,잎집무늬마름병,1
2024.07.16,강진군,잎집무늬마름병,0
2024.07.16,고흥군,잎집무늬마름병,0
2024.07.16,곡성군,잎집무늬마름병,0
2024.07.16,광양시,잎집무늬마름병,1
2024.07.16,구례군,잎집무늬마름병,0
2024.07.16,나주시,잎집무늬마름병,0
2024.07.16,담양군,잎집무늬마름병,1
2024.07.16,무안군,잎집무늬마름병,0
2024.07.16,보성군,잎집무늬마름병,0
2024.07.16,순천시,잎집무늬마름병,0
2024.07.16,신안군,잎집무늬마름병,0
2024.07.16,여수시,잎집무늬마름병,0
2024.07.16,영광군,잎집무늬마름병,0
2024.07.16,영암군,잎집무늬마름병,1
2024.07.16,완도군,잎집무늬마름병,0
2024.07.16,장성군,잎집무늬마름병,0
2024.07.16,장흥군,잎집무늬마름병,1
2024.07.16,진도군,잎집무늬마름병,1
2024.07.16,함평군,잎집무늬마름병,0
2024.07.16,해남군,잎집무늬마름병,0
2024.07.16,화순군,잎집무늬마름병,1
2024.08.01,강진군,잎집무늬마름병,0
2024.08.01,고흥군,잎집무늬마름병,1
2024.08.01,곡성군,잎집무늬마름병,1
2024.08.01,광양시,잎집무늬마름병,1
2024.08.01,구례군,잎집무늬마름병,0
2024.08.01,나주시,잎집무늬마름병,1
2024.08.01,담양군,잎집무늬마름병,1
2024.08.01,무안군,잎집무늬마름병,1
2024.08.01,보성군,잎집무늬마름병,1
2024.08.01,순천시,잎집무늬마름병,1
2024.08.01,신안군,잎집무늬마름병,0
2024.08.01,여수시,잎집무늬마름병,0
2024.08.01,영광군,잎집무늬마름병,0
2024.08.01,영암군,잎집무늬마름병,1
2024.08.01,완도군,잎집무늬마름병,0
2024.08.01,장성군,잎집무늬마름병,1
2024.08.01,장흥군,잎집무늬마름병,1
2024.08.01,진도군,잎집무늬마름병,1
2024.08.01,함평군,잎집무늬마름병,0
2024.08.01,해남군,잎집무늬마름병,0
2024.08.01,화순군,잎집무늬마름병,1
2024.08.16,강진군,잎집무늬마름병,0
2024.08.16,고흥군,잎집무늬마름병,1
2024.08.16,곡성군,잎집무늬마름병,1
2024.08.16,광양시,잎집무늬마름병,0
2024.08.16,구례군,잎집무늬마름병,0
2024.08.16,나주시,잎집무늬마름병,1
2024.08.16,담양군,잎집무늬마름병,1
2024.08.16,무안군,잎집무늬마름병,1
2024.08.16,보성군,잎집무늬마름병,1
2024.08.16,순천시,잎집무늬마름병,1
2024.08.16,신안군,잎집무늬마름병,0
2024.08.16,여수시,잎집무늬마름병,1
2024.08.16,영광군,잎집무늬마름병,0
2024.08.16,영암군,잎집무늬마름병,1
2024.08.16,완도군,잎집무늬마름병,0
2024.08.16,장성군,잎집무늬마름병,1
2024.08.16,장흥군,잎집무늬마름병,1
2024.08.16,진도군,잎집무늬마름병,1
2024.08.16,함평군,잎집무늬마름병,1
2024.08.16,해남군,잎집무늬마름병,1
2024.08.16,화순군,잎집무늬마름병,1
2024.09.01,강진군,잎집무늬마름병,1
2024.09.01,고흥군,잎집무늬마름병,1
2024.09.01,곡성군,잎집무늬마름병,0
2024.09.01,광양시,잎집무늬마름병,1
2024.09.01,구례군,잎집무늬마름병,1
2024.09.01,나주시,잎집무늬마름병,1
2024.09.01,담양군,잎집무늬마름병,1
2024.09.01,무안군,잎집무늬마름병,1
2024.09.01,보성군,잎집무늬마름병,1
2024.09.01,순천시,잎집무늬마름병,1
2024.09.01,신안군,잎집무늬마름병,0
2024.09.01,여수시,잎집무늬마름병,1
2024.09.01,영광군,잎집무늬마름병,0
2024.09.01,영암군,잎집무늬마름병,1
2024.09.01,완도군,잎집무늬마름병,0
2024.09.01,장성군,잎집무늬마름병,1
2024.09.01,장흥군,잎집무늬마름병,1
2024.09.01,진도군,잎집무늬마름병,1
2024.09.01,함평군,잎집무늬마름병,1
2024.09.01,해남군,잎집무늬마름병,0
2024.09.01,화순군,잎집무늬마름병,1
2024.09.16,강진군,잎집무늬마름병,1
2024.09.16,고흥군,잎집무늬마름병,0
2024.09.16,곡성군,잎집무늬마름병,0
2024.09.16,광양시,잎집무늬마름병,1
2024.09.16,구례군,잎집무늬마름병,1
2024.09.16,나주시,잎집무늬마름병,1
2024.09.16,담양군,잎집무늬마름병,1
2024.09.16,무안군,잎집무늬마름병,1
2024.09.16,보성군,잎집무늬마름병,0
2024.09.16,순천시,잎집무늬마름병,0
2024.09.16,신안군,잎집무늬마름병,0
2024.09.16,여수시,잎집무늬마름병,1
2024.09.16,영광군,잎집무늬마름병,0
2024.09.16,영암군,잎집무늬마름병,1
2024.09.16,완도군,잎집무늬마름병,1
2024.09.16,장성군,잎집무늬마름병,1
2024.09.16,장흥군,잎집무늬마름병,1
2024.09.16,진도군,잎집무늬마름병,1
2024.09.16,함평군,잎집무늬마름병,1
2024.09.16,해남군,잎집무늬마름병,0
2024.09.16,화순군,잎집무늬마름병,1
2025.06.01,강진군,잎집무늬마름병,0
2025.06.01,고흥군,잎집무늬마름병,0
2025.06.01,곡성군,잎집무늬마름병,0
2025.06.01,광양시,잎집무늬마름병,0
2025.06.01,구례군,잎집무늬마름병,0
2025.06.01,나주시,잎집무늬마름병,0
2025.06.01,담양군,잎집무늬마름병,0
2025.06.01,무안군,잎집무늬마름병,0
2025.06.01,보성군,잎집무늬마름병,0
2025.06.01,순천시,잎집무늬마름병,0
2025.06.01,신안군,잎집무늬마름병,0
2025.06.01,여수시,잎집무늬마름병,0
2025.06.01,영광군,잎집무늬마름병,0
2025.06.01,영암군,잎집무늬마름병,0
2025.06.01,완도군,잎집무늬마름병,0
2025.06.01,장성군,잎집무늬마름병,0
2025.06.01,장흥군,잎집무늬마름병,0
2025.06.01,진도군,잎집무늬마름병,0
2025.06.01,함평군,잎집무늬마름병,0
2025.06.01,해남군,잎집무늬마름병,0
2025.06.01,화순군,잎집무늬마름병,0
2025.06.16,강진군,잎집무늬마름병,0
2025.06.16,고흥군,잎집무늬마름병,0
2025.06.16,곡성군,잎집무늬마름병,0
2025.06.16,광양시,잎집무늬마름병,0
2025.06.16,구례군,잎집무늬마름병,0
2025.06.16,나주시,잎집무늬마름병,0
2025.06.16,담양군,잎집무늬마름병,0
2025.06.16,무안군,잎집무늬마름병,0
2025.06.16,보성군,잎집무늬마름병,0
2025.06.16,순천시,잎집무늬마름병,0
2025.06.16,신안군,잎집무늬마름병,0
2025.06.16,여수시,잎집무늬마름병,0
2025.06.16,영광군,잎집무늬마름병,0
2025.06.16,영암군,잎집무늬마름병,0
2025.06.16,완도군,잎집무늬마름병,0
2025.06.16,장성군,잎집무늬마름병,0
2025.06.16,장흥군,잎집무늬마름병,0
2025.06.16,진도군,잎집무늬마름병,0
2025.06.16,함평군,잎집무늬마름병,0
2025.06.16,해남군,잎집무늬마름병,0
2025.06.16,화순군,잎집무늬마름병,0
2025.07.01,강진군,잎집무늬마름병,0
2025.07.01,고흥군,잎집무늬마름병,0
2025.07.01,곡성군,잎집무늬마름병,0
2025.07.01,광양시,잎집무늬마름병,0
2025.07.01,구례군,잎집무늬마름병,0
2025.07.01,나주시,잎집무늬마름병,0
2025.07.01,담양군,잎집무늬마름병,0
2025.07.01,무안군,잎집무늬마름병,0
2025.07.01,보성군,잎집무늬마름병,0
2025.07.01,순천시,잎집무늬마름병,0
2025.07.01,신안군,잎집무늬마름병,0
2025.07.01,여수시,잎집무늬마름병,0
2025.07.01,영광군,잎집무늬마름병,0
2025.07.01,영암군,잎집무늬마름병,0
2025.07.01,완도군,잎집무늬마름병,0
2025.07.01,장성군,잎집무늬마름병,0
2025.07.01,진도군,잎집무늬마름병,0
2025.07.01,함평군,잎집무늬마름병,0
2025.07.01,해남군,잎집무늬마름병,0
2025.07.01,화순군,잎집무늬마름병,1
2025.07.16,강진군,잎집무늬마름병,0
2025.07.16,고흥군,잎집무늬마름병,0
2025.07.16,곡성군,잎집무늬마름병,0
2025.07.16,광양시,잎집무늬마름병,0
2025.07.16,구례군,잎집무늬마름병,0
2025.07.16,나주시,잎집무늬마름병,1
2025.07.16,담양군,잎집무늬마름병,0
2025.07.16,무안군,잎집무늬마름병,0
2025.07.16,보성군,잎집무늬마름병,0
2025.07.16,순천시,잎집무늬마름병,1
2025.07.16,신안군,잎집무늬마름병,0
2025.07.16,여수시,잎집무늬마름병,0
2025.07.16,영광군,잎집무늬마름병,0
2025.07.16,영암군,잎집무늬마름병,0
2025.07.16,완도군,잎집무늬마름병,0
2025.07.16,장성군,잎집무늬마름병,0
2025.07.16,장흥군,잎집무늬마름병,0
2025.07.16,진도군,잎집무늬마름병,1
2025.07.16,함평군,잎집무늬마름병,0
2025.07.16,해남군,잎집무늬마름병,0
2025.07.16,화순군,잎집무늬마름병,1
2025.08.01,강진군,잎집무늬마름병,0
2025.08.01,고흥군,잎집무늬마름병,1
2025.08.01,광양시,잎집무늬마름병,0
2025.08.01,구례군,잎집무늬마름병,0
2025.08.01,담양군,잎집무늬마름병,1
2025.08.01,무안군,잎집무늬마름병,1
2025.08.01,보성군,잎집무늬마름병,0
2025.08.01,신안군,잎집무늬마름병,0
2025.08.01,여수시,잎집무늬마름병,0
2025.08.01,영광군,잎집무늬마름병,0
2025.08.01,영암군,잎집무늬마름병,0
2025.08.01,완도군,잎집무늬마름병,0
2025.08.01,장성군,잎집무늬마름병,0
2025.08.01,장흥군,잎집무늬마름병,1
2025.08.01,진도군,잎집무늬마름병,1
2025.08.01,함평군,잎집무늬마름병,0
2025.08.01,해남군,잎집무늬마름병,1
2025.08.01,화순군,잎집무늬마름병,1
2025.08.16,강진군,잎집무늬마름병,0
2025.08.16,고흥군,잎집무늬마름병,1
2025.08.16,곡성군,잎집무늬마름병,0
2025.08.16,광양시,잎집무늬마름병,0
2025.08.16,구례군,잎집무늬마름병,0
2025.08.16,나주시,잎집무늬마름병,1
2025.08.16,담양군,잎집무늬마름병,1
2025.08.16,무안군,잎집무늬마름병,1
2025.08.16,보성군,잎집무늬마름병,0
2025.08.16,순천시,잎집무늬마름병,1
2025.08.16,신안군,잎집무늬마름병,1
2025.08.16,여수시,잎집무늬마름병,0
2025.08.16,영광군,잎집무늬마름병,0
2025.08.16,영암군,잎집무늬마름병,1
2025.08.16,완도군,잎집무늬마름병,0
2025.08.16,장성군,잎집무늬마름병,0
2025.08.16,장흥군,잎집무늬마름병,1
2025.08.16,진도군,잎집무늬마름병,1
2025.08.16,함평군,잎집무늬마름병,1
2025.08.16,해남군,잎집무늬마름병,1
2025.08.16,화순군,잎집무늬마름병,1
2025.09.01,강진군,잎집무늬마름병,1
2025.09.01,고흥군,잎집무늬마름병,1
2025.09.01,곡성군,잎집무늬마름병,1
2025.09.01,광양시,잎집무늬마름병,0
2025.09.01,구례군,잎집무늬마름병,1
2025.09.01,나주시,잎집무늬마름병,1
2025.09.01,담양군,잎집무늬마름병,1
2025.09.01,무안군,잎집무늬마름병,1
2025.09.01,보성군,잎집무늬마름병,1
2025.09.01,순천시,잎집무늬마름병,1
2025.09.01,신안군,잎집무늬마름병,1
2025.09.01,여수시,잎집무늬마름병,1
2025.09.01,영광군,잎집무늬마름병,0
2025.09.01,영암군,잎집무늬마름병,1
2025.09.01,완도군,잎집무늬마름병,0
2025.09.01,장성군,잎집무늬마름병,0
2025.09.01,장흥군,잎집무늬마름병,1
2025.09.01,진도군,잎집무늬마름병,1
2025.09.01,함평군,잎집무늬마름병,1
2025.09.01,해남군,잎집무늬마름병,1
2025.09.01,화순군,잎집무늬마름병,1
2025.09.16,강진군,잎집무늬마름병,1
2025.09.16,고흥군,잎집무늬마름병,1
2025.09.16,곡성군,잎집무늬마름병,1
2025.09.16,광양시,잎집무늬마름병,0
2025.09.16,구례군,잎집무늬마름병,1
2025.09.16,나주시,잎집무늬마름병,1
2025.09.16,담양군,잎집무늬마름병,1
2025.09.16,무안군,잎집무늬마름병,1
2025.09.16,보성군,잎집무늬마름병,1
2025.09.16,순천시,잎집무늬마름병,1
2025.09.16,신안군,잎집무늬마름병,1
2025.09.16,여수시,잎집무늬마름병,1
2025.09.16,영광군,잎집무늬마름병,0
2025.09.16,영암군,잎집무늬마름병,1
2025.09.16,완도군,잎집무늬마름병,1
2025.09.16,장성군,잎집무늬마름병,0
2025.09.16,장흥군,잎집무늬마름병,1
2025.09.16,진도군,잎집무늬마름병,1
2025.09.16,함평군,잎집무늬마름병,1
2025.09.16,해남군,잎집무늬마름병,1
2025.09.16,화순군,잎집무늬마름병,1
2014.09.16,강진군,줄무늬잎마름병,0
2014.09.16,고흥군,줄무늬잎마름병,0
2014.09.16,곡성군,줄무늬잎마름병,0
2014.09.16,광양시,줄무늬잎마름병,0
2014.09.16,구례군,줄무늬잎마름병,0
2014.09.16,나주시,줄무늬잎마름병,0
2014.09.16,담양군,줄무늬잎마름병,0
2014.09.16,무안군,줄무늬잎마름병,0
2014.09.16,보성군,줄무늬잎마름병,0
2014.09.16,순천시,줄무늬잎마름병,0
2014.09.16,신안군,줄무늬잎마름병,0
2014.09.16,여수시,줄무늬잎마름병,0
2014.09.16,영광군,줄무늬잎마름병,0
2014.09.16,영암군,줄무늬잎마름병,0
2014.09.16,완도군,줄무늬잎마름병,0
2014.09.16,장성군,줄무늬잎마름병,0
2014.09.16,장흥군,줄무늬잎마름병,0
2014.09.16,진도군,줄무늬잎마름병,0
2014.09.16,함평군,줄무늬잎마름병,0
2014.09.16,해남군,줄무늬잎마름병,0
2014.09.16,화순군,줄무늬잎마름병,0
2015.06.16,강진군,줄무늬잎마름병,0
2015.06.16,고흥군,줄무늬잎마름병,0
2015.06.16,곡성군,줄무늬잎마름병,0
2015.06.16,광양시,줄무늬잎마름병,0
2015.06.16,구례군,줄무늬잎마름병,0
2015.06.16,나주시,줄무늬잎마름병,0
2015.06.16,담양군,줄무늬잎마름병,0
2015.06.16,무안군,줄무늬잎마름병,0
2015.06.16,보성군,줄무늬잎마름병,0
2015.06.16,순천시,줄무늬잎마름병,0
2015.06.16,신안군,줄무늬잎마름병,0
2015.06.16,여수시,줄무늬잎마름병,0
2015.06.16,영광군,줄무늬잎마름병,0
2015.06.16,영암군,줄무늬잎마름병,0
2015.06.16,완도군,줄무늬잎마름병,0
2015.06.16,장성군,줄무늬잎마름병,0
2015.06.16,장흥군,줄무늬잎마름병,0
2015.06.16,진도군,줄무늬잎마름병,0
2015.06.16,함평군,줄무늬잎마름병,0
2015.06.16,해남군,줄무늬잎마름병,0
2015.06.16,화순군,줄무늬잎마름병,0
2015.07.01,강진군,줄무늬잎마름병,0
2015.07.01,고흥군,줄무늬잎마름병,0
2015.07.01,곡성군,줄무늬잎마름병,0
2015.07.01,광양시,줄무늬잎마름병,0
2015.07.01,구례군,줄무늬잎마름병,0
2015.07.01,나주시,줄무늬잎마름병,0
2015.07.01,담양군,줄무늬잎마름병,0
2015.07.01,무안군,줄무늬잎마름병,0
2015.07.01,보성군,줄무늬잎마름병,0
2015.07.01,순천시,줄무늬잎마름병,0
2015.07.01,신안군,줄무늬잎마름병,0
2015.07.01,여수시,줄무늬잎마름병,0
2015.07.01,영광군,줄무늬잎마름병,0
2015.07.01,영암군,줄무늬잎마름병,0
2015.07.01,완도군,줄무늬잎마름병,0
2015.07.01,장성군,줄무늬잎마름병,0
2015.07.01,장흥군,줄무늬잎마름병,0
2015.07.01,진도군,줄무늬잎마름병,0
2015.07.01,함평군,줄무늬잎마름병,0
2015.07.01,해남군,줄무늬잎마름병,0
2015.07.01,화순군,줄무늬잎마름병,0
2015.07.16,강진군,줄무늬잎마름병,0
2015.07.16,고흥군,줄무늬잎마름병,0
2015.07.16,곡성군,줄무늬잎마름병,0
2015.07.16,광양시,줄무늬잎마름병,0
2015.07.16,구례군,줄무늬잎마름병,0
2015.07.16,나주시,줄무늬잎마름병,0
2015.07.16,담양군,줄무늬잎마름병,0
2015.07.16,무안군,줄무늬잎마름병,0
2015.07.16,보성군,줄무늬잎마름병,0
2015.07.16,순천시,줄무늬잎마름병,0
2015.07.16,신안군,줄무늬잎마름병,0
2015.07.16,여수시,줄무늬잎마름병,0
2015.07.16,영광군,줄무늬잎마름병,0
2015.07.16,영암군,줄무늬잎마름병,0
2015.07.16,완도군,줄무늬잎마름병,0
2015.07.16,장성군,줄무늬잎마름병,0
2015.07.16,장흥군,줄무늬잎마름병,0
2015.07.16,진도군,줄무늬잎마름병,0
2015.07.16,함평군,줄무늬잎마름병,0
2015.07.16,해남군,줄무늬잎마름병,0
2015.07.16,화순군,줄무늬잎마름병,0
2015.08.01,강진군,줄무늬잎마름병,0
2015.08.01,고흥군,줄무늬잎마름병,0
2015.08.01,곡성군,줄무늬잎마름병,0
2015.08.01,광양시,줄무늬잎마름병,0
2015.08.01,구례군,줄무늬잎마름병,0
2015.08.01,나주시,줄무늬잎마름병,0
2015.08.01,담양군,줄무늬잎마름병,0
2015.08.01,무안군,줄무늬잎마름병,0
2015.08.01,보성군,줄무늬잎마름병,0
2015.08.01,순천시,줄무늬잎마름병,0
2015.08.01,신안군,줄무늬잎마름병,0
2015.08.01,여수시,줄무늬잎마름병,0
2015.08.01,영광군,줄무늬잎마름병,0
2015.08.01,영암군,줄무늬잎마름병,0
2015.08.01,완도군,줄무늬잎마름병,0
2015.08.01,장성군,줄무늬잎마름병,0
2015.08.01,장흥군,줄무늬잎마름병,0
2015.08.01,진도군,줄무늬잎마름병,0
2015.08.01,함평군,줄무늬잎마름병,0
2015.08.01,해남군,줄무늬잎마름병,0
2015.08.01,화순군,줄무늬잎마름병,0
2015.08.16,강진군,줄무늬잎마름병,0
2015.08.16,고흥군,줄무늬잎마름병,0
2015.08.16,곡성군,줄무늬잎마름병,0
2015.08.16,광양시,줄무늬잎마름병,0
2015.08.16,구례군,줄무늬잎마름병,0
2015.08.16,나주시,줄무늬잎마름병,0
2015.08.16,담양군,줄무늬잎마름병,0
2015.08.16,무안군,줄무늬잎마름병,0
2015.08.16,보성군,줄무늬잎마름병,0
2015.08.16,순천시,줄무늬잎마름병,0
2015.08.16,신안군,줄무늬잎마름병,0
2015.08.16,여수시,줄무늬잎마름병,0
2015.08.16,영광군,줄무늬잎마름병,0
2015.08.16,영암군,줄무늬잎마름병,0
2015.08.16,완도군,줄무늬잎마름병,0
2015.08.16,장성군,줄무늬잎마름병,0
2015.08.16,장흥군,줄무늬잎마름병,0
2015.08.16,진도군,줄무늬잎마름병,0
2015.08.16,함평군,줄무늬잎마름병,0
2015.08.16,해남군,줄무늬잎마름병,0
2015.08.16,화순군,줄무늬잎마름병,0
2016.06.01,강진군,줄무늬잎마름병,0
2016.06.01,고흥군,줄무늬잎마름병,0
2016.06.01,곡성군,줄무늬잎마름병,0
2016.06.01,광양시,줄무늬잎마름병,0
2016.06.01,구례군,줄무늬잎마름병,0
2016.06.01,나주시,줄무늬잎마름병,0
2016.06.01,담양군,줄무늬잎마름병,0
2016.06.01,무안군,줄무늬잎마름병,0
2016.06.01,보성군,줄무늬잎마름병,0
2016.06.01,순천시,줄무늬잎마름병,0
2016.06.01,신안군,줄무늬잎마름병,0
2016.06.01,여수시,줄무늬잎마름병,0
2016.06.01,영광군,줄무늬잎마름병,0
2016.06.01,영암군,줄무늬잎마름병,0
2016.06.01,완도군,줄무늬잎마름병,0
2016.06.01,장성군,줄무늬잎마름병,0
2016.06.01,장흥군,줄무늬잎마름병,0
2016.06.01,진도군,줄무늬잎마름병,0
2016.06.01,함평군,줄무늬잎마름병,0
2016.06.01,해남군,줄무늬잎마름병,0
2016.06.01,화순군,줄무늬잎마름병,0
2016.06.16,강진군,줄무늬잎마름병,0
2016.06.16,고흥군,줄무늬잎마름병,0
2016.06.16,곡성군,줄무늬잎마름병,0
2016.06.16,광양시,줄무늬잎마름병,0
2016.06.16,구례군,줄무늬잎마름병,0
2016.06.16,나주시,줄무늬잎마름병,0
2016.06.16,담양군,줄무늬잎마름병,0
2016.06.16,무안군,줄무늬잎마름병,0
2016.06.16,보성군,줄무늬잎마름병,0
2016.06.16,순천시,줄무늬잎마름병,0
2016.06.16,신안군,줄무늬잎마름병,0
2016.06.16,여수시,줄무늬잎마름병,0
2016.06.16,영광군,줄무늬잎마름병,0
2016.06.16,영암군,줄무늬잎마름병,0
2016.06.16,완도군,줄무늬잎마름병,0
2016.06.16,장성군,줄무늬잎마름병,0
2016.06.16,장흥군,줄무늬잎마름병,0
2016.06.16,진도군,줄무늬잎마름병,0
2016.06.16,함평군,줄무늬잎마름병,0
2016.06.16,해남군,줄무늬잎마름병,0
2016.06.16,화순군,줄무늬잎마름병,0
2016.07.01,강진군,줄무늬잎마름병,0
2016.07.01,고흥군,줄무늬잎마름병,0
2016.07.01,곡성군,줄무늬잎마름병,0
2016.07.01,광양시,줄무늬잎마름병,0
2016.07.01,구례군,줄무늬잎마름병,0
2016.07.01,나주시,줄무늬잎마름병,0
2016.07.01,담양군,줄무늬잎마름병,0
2016.07.01,무안군,줄무늬잎마름병,0
2016.07.01,보성군,줄무늬잎마름병,0
2016.07.01,순천시,줄무늬잎마름병,0
2016.07.01,신안군,줄무늬잎마름병,0
2016.07.01,여수시,줄무늬잎마름병,0
2016.07.01,영광군,줄무늬잎마름병,0
2016.07.01,영암군,줄무늬잎마름병,0
2016.07.01,완도군,줄무늬잎마름병,0
2016.07.01,장성군,줄무늬잎마름병,0
2016.07.01,장흥군,줄무늬잎마름병,0
2016.07.01,진도군,줄무늬잎마름병,0
2016.07.01,함평군,줄무늬잎마름병,0
2016.07.01,해남군,줄무늬잎마름병,0
2016.07.01,화순군,줄무늬잎마름병,0
2016.07.16,강진군,줄무늬잎마름병,0
2016.07.16,고흥군,줄무늬잎마름병,0
2016.07.16,곡성군,줄무늬잎마름병,0
2016.07.16,광양시,줄무늬잎마름병,0
2016.07.16,구례군,줄무늬잎마름병,0
2016.07.16,나주시,줄무늬잎마름병,0
2016.07.16,담양군,줄무늬잎마름병,0
2016.07.16,무안군,줄무늬잎마름병,0
2016.07.16,보성군,줄무늬잎마름병,0
2016.07.16,순천시,줄무늬잎마름병,0
2016.07.16,신안군,줄무늬잎마름병,0
2016.07.16,여수시,줄무늬잎마름병,0
2016.07.16,영광군,줄무늬잎마름병,0
2016.07.16,영암군,줄무늬잎마름병,0
2016.07.16,완도군,줄무늬잎마름병,0
2016.07.16,장성군,줄무늬잎마름병,0
2016.07.16,장흥군,줄무늬잎마름병,0
2016.07.16,진도군,줄무늬잎마름병,0
2016.07.16,함평군,줄무늬잎마름병,0
2016.07.16,해남군,줄무늬잎마름병,0
2016.07.16,화순군,줄무늬잎마름병,0
2016.08.01,강진군,줄무늬잎마름병,0
2016.08.01,고흥군,줄무늬잎마름병,0
2016.08.01,곡성군,줄무늬잎마름병,0
2016.08.01,광양시,줄무늬잎마름병,0
2016.08.01,구례군,줄무늬잎마름병,0
2016.08.01,나주시,줄무늬잎마름병,0
2016.08.01,담양군,줄무늬잎마름병,0
2016.08.01,무안군,줄무늬잎마름병,0
2016.08.01,보성군,줄무늬잎마름병,0
2016.08.01,순천시,줄무늬잎마름병,0
2016.08.01,신안군,줄무늬잎마름병,0
2016.08.01,여수시,줄무늬잎마름병,0
2016.08.01,영광군,줄무늬잎마름병,0
2016.08.01,영암군,줄무늬잎마름병,0
2016.08.01,완도군,줄무늬잎마름병,0
2016.08.01,장성군,줄무늬잎마름병,0
2016.08.01,장흥군,줄무늬잎마름병,0
2016.08.01,진도군,줄무늬잎마름병,0
2016.08.01,함평군,줄무늬잎마름병,0
2016.08.01,해남군,줄무늬잎마름병,0
2016.08.01,화순군,줄무늬잎마름병,0
2016.08.16,강진군,줄무늬잎마름병,0
2016.08.16,고흥군,줄무늬잎마름병,0
2016.08.16,곡성군,줄무늬잎마름병,0
2016.08.16,광양시,줄무늬잎마름병,0
2016.08.16,구례군,줄무늬잎마름병,0
2016.08.16,나주시,줄무늬잎마름병,0
2016.08.16,담양군,줄무늬잎마름병,0
2016.08.16,무안군,줄무늬잎마름병,0
2016.08.16,보성군,줄무늬잎마름병,0
2016.08.16,순천시,줄무늬잎마름병,0
2016.08.16,신안군,줄무늬잎마름병,0
2016.08.16,여수시,줄무늬잎마름병,0
2016.08.16,영광군,줄무늬잎마름병,0
2016.08.16,영암군,줄무늬잎마름병,0
2016.08.16,완도군,줄무늬잎마름병,0
2016.08.16,장성군,줄무늬잎마름병,0
2016.08.16,장흥군,줄무늬잎마름병,0
2016.08.16,진도군,줄무늬잎마름병,0
2016.08.16,함평군,줄무늬잎마름병,0
2016.08.16,해남군,줄무늬잎마름병,0
2016.08.16,화순군,줄무늬잎마름병,0
2016.09.01,강진군,줄무늬잎마름병,0
2016.09.01,고흥군,줄무늬잎마름병,0
2016.09.01,곡성군,줄무늬잎마름병,0
2016.09.01,광양시,줄무늬잎마름병,0
2016.09.01,구례군,줄무늬잎마름병,0
2016.09.01,나주시,줄무늬잎마름병,0
2016.09.01,담양군,줄무늬잎마름병,0
2016.09.01,무안군,줄무늬잎마름병,0
2016.09.01,보성군,줄무늬잎마름병,0
2016.09.01,순천시,줄무늬잎마름병,0
2016.09.01,신안군,줄무늬잎마름병,0
2016.09.01,여수시,줄무늬잎마름병,0
2016.09.01,영광군,줄무늬잎마름병,0
2016.09.01,영암군,줄무늬잎마름병,0
2016.09.01,완도군,줄무늬잎마름병,0
2016.09.01,장성군,줄무늬잎마름병,0
2016.09.01,장흥군,줄무늬잎마름병,0
2016.09.01,진도군,줄무늬잎마름병,0
2016.09.01,함평군,줄무늬잎마름병,0
2016.09.01,해남군,줄무늬잎마름병,0
2016.09.01,화순군,줄무늬잎마름병,0
2016.09.16,강진군,줄무늬잎마름병,0
2016.09.16,고흥군,줄무늬잎마름병,0
2016.09.16,곡성군,줄무늬잎마름병,0
2016.09.16,광양시,줄무늬잎마름병,0
2016.09.16,구례군,줄무늬잎마름병,0
2016.09.16,나주시,줄무늬잎마름병,0
2016.09.16,담양군,줄무늬잎마름병,0
2016.09.16,무안군,줄무늬잎마름병,0
2016.09.16,보성군,줄무늬잎마름병,0
2016.09.16,순천시,줄무늬잎마름병,0
2016.09.16,신안군,줄무늬잎마름병,0
2016.09.16,여수시,줄무늬잎마름병,0
2016.09.16,영광군,줄무늬잎마름병,0
2016.09.16,영암군,줄무늬잎마름병,0
2016.09.16,완도군,줄무늬잎마름병,0
2016.09.16,장성군,줄무늬잎마름병,0
2016.09.16,장흥군,줄무늬잎마름병,0
2016.09.16,진도군,줄무늬잎마름병,0
2016.09.16,함평군,줄무늬잎마름병,0
2016.09.16,해남군,줄무늬잎마름병,0
2016.09.16,화순군,줄무늬잎마름병,0
2017.06.01,강진군,줄무늬잎마름병,0
2017.06.01,고흥군,줄무늬잎마름병,0
2017.06.01,곡성군,줄무늬잎마름병,0
2017.06.01,광양시,줄무늬잎마름병,0
2017.06.01,구례군,줄무늬잎마름병,0
2017.06.01,나주시,줄무늬잎마름병,0
2017.06.01,담양군,줄무늬잎마름병,0
2017.06.01,무안군,줄무늬잎마름병,0
2017.06.01,보성군,줄무늬잎마름병,0
2017.06.01,순천시,줄무늬잎마름병,0
2017.06.01,신안군,줄무늬잎마름병,0
2017.06.01,여수시,줄무늬잎마름병,0
2017.06.01,영광군,줄무늬잎마름병,0
2017.06.01,영암군,줄무늬잎마름병,0
2017.06.01,완도군,줄무늬잎마름병,0
2017.06.01,장성군,줄무늬잎마름병,0
2017.06.01,장흥군,줄무늬잎마름병,0
2017.06.01,진도군,줄무늬잎마름병,0
2017.06.01,함평군,줄무늬잎마름병,0
2017.06.01,해남군,줄무늬잎마름병,0
2017.06.01,화순군,줄무늬잎마름병,0
2017.06.16,강진군,줄무늬잎마름병,0
2017.06.16,고흥군,줄무늬잎마름병,0
2017.06.16,곡성군,줄무늬잎마름병,0
2017.06.16,광양시,줄무늬잎마름병,0
2017.06.16,구례군,줄무늬잎마름병,0
2017.06.16,나주시,줄무늬잎마름병,0
2017.06.16,담양군,줄무늬잎마름병,0
2017.06.16,무안군,줄무늬잎마름병,0
2017.06.16,보성군,줄무늬잎마름병,0
2017.06.16,순천시,줄무늬잎마름병,0
2017.06.16,신안군,줄무늬잎마름병,0
2017.06.16,여수시,줄무늬잎마름병,0
2017.06.16,영광군,줄무늬잎마름병,0
2017.06.16,영암군,줄무늬잎마름병,0
2017.06.16,완도군,줄무늬잎마름병,0
2017.06.16,장성군,줄무늬잎마름병,0
2017.06.16,장흥군,줄무늬잎마름병,0
2017.06.16,진도군,줄무늬잎마름병,0
2017.06.16,함평군,줄무늬잎마름병,0
2017.06.16,해남군,줄무늬잎마름병,0
2017.06.16,화순군,줄무늬잎마름병,0
2017.07.01,강진군,줄무늬잎마름병,0
2017.07.01,고흥군,줄무늬잎마름병,0
2017.07.01,곡성군,줄무늬잎마름병,0
2017.07.01,광양시,줄무늬잎마름병,0
2017.07.01,구례군,줄무늬잎마름병,0
2017.07.01,나주시,줄무늬잎마름병,0
2017.07.01,담양군,줄무늬잎마름병,0
2017.07.01,무안군,줄무늬잎마름병,0
2017.07.01,보성군,줄무늬잎마름병,0
2017.07.01,순천시,줄무늬잎마름병,0
2017.07.01,신안군,줄무늬잎마름병,0
2017.07.01,여수시,줄무늬잎마름병,0
2017.07.01,영광군,줄무늬잎마름병,0
2017.07.01,영암군,줄무늬잎마름병,0
2017.07.01,완도군,줄무늬잎마름병,0
2017.07.01,장성군,줄무늬잎마름병,0
2017.07.01,장흥군,줄무늬잎마름병,0
2017.07.01,진도군,줄무늬잎마름병,0
2017.07.01,함평군,줄무늬잎마름병,0
2017.07.01,해남군,줄무늬잎마름병,0
2017.07.01,화순군,줄무늬잎마름병,0
2017.07.16,강진군,줄무늬잎마름병,0
2017.07.16,고흥군,줄무늬잎마름병,0
2017.07.16,곡성군,줄무늬잎마름병,0
2017.07.16,광양시,줄무늬잎마름병,0
2017.07.16,구례군,줄무늬잎마름병,0
2017.07.16,나주시,줄무늬잎마름병,1
2017.07.16,담양군,줄무늬잎마름병,0
2017.07.16,무안군,줄무늬잎마름병,0
2017.07.16,보성군,줄무늬잎마름병,0
2017.07.16,순천시,줄무늬잎마름병,0
2017.07.16,신안군,줄무늬잎마름병,0
2017.07.16,여수시,줄무늬잎마름병,0
2017.07.16,영광군,줄무늬잎마름병,0
2017.07.16,영암군,줄무늬잎마름병,0
2017.07.16,완도군,줄무늬잎마름병,0
2017.07.16,장성군,줄무늬잎마름병,0
2017.07.16,장흥군,줄무늬잎마름병,0
2017.07.16,진도군,줄무늬잎마름병,0
2017.07.16,함평군,줄무늬잎마름병,0
2017.07.16,해남군,줄무늬잎마름병,0
2017.07.16,화순군,줄무늬잎마름병,0
2017.08.01,강진군,줄무늬잎마름병,0
2017.08.01,고흥군,줄무늬잎마름병,0
2017.08.01,곡성군,줄무늬잎마름병,0
2017.08.01,광양시,줄무늬잎마름병,0
2017.08.01,구례군,줄무늬잎마름병,0
2017.08.01,나주시,줄무늬잎마름병,0
2017.08.01,담양군,줄무늬잎마름병,0
2017.08.01,무안군,줄무늬잎마름병,0
2017.08.01,보성군,줄무늬잎마름병,0
2017.08.01,순천시,줄무늬잎마름병,0
2017.08.01,신안군,줄무늬잎마름병,0
2017.08.01,여수시,줄무늬잎마름병,0
2017.08.01,영광군,줄무늬잎마름병,0
2017.08.01,영암군,줄무늬잎마름병,0
2017.08.01,완도군,줄무늬잎마름병,0
2017.08.01,장성군,줄무늬잎마름병,0
2017.08.01,장흥군,줄무늬잎마름병,0
2017.08.01,진도군,줄무늬잎마름병,0
2017.08.01,함평군,줄무늬잎마름병,0
2017.08.01,해남군,줄무늬잎마름병,0
2017.08.01,화순군,줄무늬잎마름병,0
2017.08.16,강진군,줄무늬잎마름병,1
2017.08.16,고흥군,줄무늬잎마름병,0
2017.08.16,곡성군,줄무늬잎마름병,0
2017.08.16,광양시,줄무늬잎마름병,0
2017.08.16,구례군,줄무늬잎마름병,0
2017.08.16,나주시,줄무늬잎마름병,0
2017.08.16,담양군,줄무늬잎마름병,0
2017.08.16,무안군,줄무늬잎마름병,0
2017.08.16,보성군,줄무늬잎마름병,0
2017.08.16,순천시,줄무늬잎마름병,0
2017.08.16,신안군,줄무늬잎마름병,0
2017.08.16,여수시,줄무늬잎마름병,0
2017.08.16,영광군,줄무늬잎마름병,0
2017.08.16,영암군,줄무늬잎마름병,0
2017.08.16,완도군,줄무늬잎마름병,0
2017.08.16,장성군,줄무늬잎마름병,0
2017.08.16,장흥군,줄무늬잎마름병,0
2017.08.16,진도군,줄무늬잎마름병,0
2017.08.16,함평군,줄무늬잎마름병,0
2017.08.16,해남군,줄무늬잎마름병,0
2017.08.16,화순군,줄무늬잎마름병,0
2017.09.01,강진군,줄무늬잎마름병,1
2017.09.01,고흥군,줄무늬잎마름병,0
2017.09.01,곡성군,줄무늬잎마름병,0
2017.09.01,광양시,줄무늬잎마름병,0
2017.09.01,구례군,줄무늬잎마름병,0
2017.09.01,나주시,줄무늬잎마름병,0
2017.09.01,담양군,줄무늬잎마름병,0
2017.09.01,무안군,줄무늬잎마름병,0
2017.09.01,보성군,줄무늬잎마름병,0
2017.09.01,순천시,줄무늬잎마름병,0
2017.09.01,신안군,줄무늬잎마름병,0
2017.09.01,여수시,줄무늬잎마름병,0
2017.09.01,영광군,줄무늬잎마름병,0
2017.09.01,영암군,줄무늬잎마름병,0
2017.09.01,완도군,줄무늬잎마름병,0
2017.09.01,장성군,줄무늬잎마름병,0
2017.09.01,장흥군,줄무늬잎마름병,0
2017.09.01,진도군,줄무늬잎마름병,0
2017.09.01,함평군,줄무늬잎마름병,0
2017.09.01,해남군,줄무늬잎마름병,0
2017.09.01,화순군,줄무늬잎마름병,0
2017.09.16,강진군,줄무늬잎마름병,0
2017.09.16,고흥군,줄무늬잎마름병,0
2017.09.16,곡성군,줄무늬잎마름병,0
2017.09.16,광양시,줄무늬잎마름병,0
2017.09.16,구례군,줄무늬잎마름병,0
2017.09.16,나주시,줄무늬잎마름병,0
2017.09.16,담양군,줄무늬잎마름병,0
2017.09.16,무안군,줄무늬잎마름병,0
2017.09.16,보성군,줄무늬잎마름병,0
2017.09.16,순천시,줄무늬잎마름병,0
2017.09.16,신안군,줄무늬잎마름병,0
2017.09.16,여수시,줄무늬잎마름병,0
2017.09.16,영광군,줄무늬잎마름병,0
2017.09.16,영암군,줄무늬잎마름병,0
2017.09.16,완도군,줄무늬잎마름병,0
2017.09.16,장성군,줄무늬잎마름병,0
2017.09.16,장흥군,줄무늬잎마름병,0
2017.09.16,진도군,줄무늬잎마름병,0
2017.09.16,함평군,줄무늬잎마름병,0
2017.09.16,해남군,줄무늬잎마름병,0
2017.09.16,화순군,줄무늬잎마름병,0
2018.06.01,강진군,줄무늬잎마름병,0
2018.06.01,고흥군,줄무늬잎마름병,0
2018.06.01,곡성군,줄무늬잎마름병,0
2018.06.01,광양시,줄무늬잎마름병,0
2018.06.01,구례군,줄무늬잎마름병,0
2018.06.01,나주시,줄무늬잎마름병,0
2018.06.01,담양군,줄무늬잎마름병,0
2018.06.01,무안군,줄무늬잎마름병,0
2018.06.01,보성군,줄무늬잎마름병,0
2018.06.01,순천시,줄무늬잎마름병,0
2018.06.01,신안군,줄무늬잎마름병,0
2018.06.01,여수시,줄무늬잎마름병,0
2018.06.01,영광군,줄무늬잎마름병,0
2018.06.01,영암군,줄무늬잎마름병,0
2018.06.01,완도군,줄무늬잎마름병,0
2018.06.01,장성군,줄무늬잎마름병,0
2018.06.01,장흥군,줄무늬잎마름병,0
2018.06.01,진도군,줄무늬잎마름병,0
2018.06.01,함평군,줄무늬잎마름병,0
2018.06.01,해남군,줄무늬잎마름병,0
2018.06.01,화순군,줄무늬잎마름병,0
2018.06.16,강진군,줄무늬잎마름병,0
2018.06.16,고흥군,줄무늬잎마름병,0
2018.06.16,곡성군,줄무늬잎마름병,0
2018.06.16,광양시,줄무늬잎마름병,0
2018.06.16,구례군,줄무늬잎마름병,0
2018.06.16,나주시,줄무늬잎마름병,0
2018.06.16,담양군,줄무늬잎마름병,0
2018.06.16,무안군,줄무늬잎마름병,0
2018.06.16,보성군,줄무늬잎마름병,0
2018.06.16,순천시,줄무늬잎마름병,0
2018.06.16,신안군,줄무늬잎마름병,0
2018.06.16,여수시,줄무늬잎마름병,0
2018.06.16,영광군,줄무늬잎마름병,0
2018.06.16,영암군,줄무늬잎마름병,0
2018.06.16,완도군,줄무늬잎마름병,0
2018.06.16,장성군,줄무늬잎마름병,0
2018.06.16,장흥군,줄무늬잎마름병,0
2018.06.16,진도군,줄무늬잎마름병,0
2018.06.16,함평군,줄무늬잎마름병,0
2018.06.16,해남군,줄무늬잎마름병,0
2018.06.16,화순군,줄무늬잎마름병,0
2018.07.01,강진군,줄무늬잎마름병,0
2018.07.01,고흥군,줄무늬잎마름병,0
2018.07.01,광양시,줄무늬잎마름병,0
2018.07.01,나주시,줄무늬잎마름병,0
2018.07.01,순천시,줄무늬잎마름병,0
2018.07.01,신안군,줄무늬잎마름병,0
2018.07.01,여수시,줄무늬잎마름병,0
2018.07.01,영광군,줄무늬잎마름병,0
2018.07.01,영암군,줄무늬잎마름병,0
2018.07.01,완도군,줄무늬잎마름병,0
2018.07.01,진도군,줄무늬잎마름병,0
2018.07.01,해남군,줄무늬잎마름병,0
2018.07.01,화순군,줄무늬잎마름병,0
2018.07.16,강진군,줄무늬잎마름병,0
2018.07.16,고흥군,줄무늬잎마름병,0
2018.07.16,곡성군,줄무늬잎마름병,0
2018.07.16,광양시,줄무늬잎마름병,0
2018.07.16,구례군,줄무늬잎마름병,0
2018.07.16,나주시,줄무늬잎마름병,0
2018.07.16,담양군,줄무늬잎마름병,0
2018.07.16,무안군,줄무늬잎마름병,0
2018.07.16,보성군,줄무늬잎마름병,0
2018.07.16,순천시,줄무늬잎마름병,0
2018.07.16,신안군,줄무늬잎마름병,0
2018.07.16,여수시,줄무늬잎마름병,0
2018.07.16,영광군,줄무늬잎마름병,0
2018.07.16,영암군,줄무늬잎마름병,0
2018.07.16,완도군,줄무늬잎마름병,0
2018.07.16,장성군,줄무늬잎마름병,0
2018.07.16,장흥군,줄무늬잎마름병,0
2018.07.16,진도군,줄무늬잎마름병,0
2018.07.16,함평군,줄무늬잎마름병,0
2018.07.16,해남군,줄무늬잎마름병,0
2018.07.16,화순군,줄무늬잎마름병,0
2018.08.01,강진군,줄무늬잎마름병,0
2018.08.01,고흥군,줄무늬잎마름병,0
2018.08.01,곡성군,줄무늬잎마름병,0
2018.08.01,광양시,줄무늬잎마름병,0
2018.08.01,구례군,줄무늬잎마름병,0
2018.08.01,나주시,줄무늬잎마름병,0
2018.08.01,담양군,줄무늬잎마름병,0
2018.08.01,무안군,줄무늬잎마름병,0
2018.08.01,보성군,줄무늬잎마름병,0
2018.08.01,순천시,줄무늬잎마름병,0
2018.08.01,신안군,줄무늬잎마름병,0
2018.08.01,여수시,줄무늬잎마름병,0
2018.08.01,영광군,줄무늬잎마름병,0
2018.08.01,영암군,줄무늬잎마름병,0
2018.08.01,완도군,줄무늬잎마름병,0
2018.08.01,장성군,줄무늬잎마름병,0
2018.08.01,장흥군,줄무늬잎마름병,0
2018.08.01,진도군,줄무늬잎마름병,0
2018.08.01,함평군,줄무늬잎마름병,0
2018.08.01,해남군,줄무늬잎마름병,0
2018.08.01,화순군,줄무늬잎마름병,0
2018.08.16,강진군,줄무늬잎마름병,0
2018.08.16,고흥군,줄무늬잎마름병,0
2018.08.16,곡성군,줄무늬잎마름병,0
2018.08.16,광양시,줄무늬잎마름병,0
2018.08.16,구례군,줄무늬잎마름병,0
2018.08.16,나주시,줄무늬잎마름병,0
2018.08.16,담양군,줄무늬잎마름병,0
2018.08.16,무안군,줄무늬잎마름병,0
2018.08.16,보성군,줄무늬잎마름병,0
2018.08.16,순천시,줄무늬잎마름병,0
2018.08.16,신안군,줄무늬잎마름병,0
2018.08.16,여수시,줄무늬잎마름병,0
2018.08.16,영광군,줄무늬잎마름병,0
2018.08.16,영암군,줄무늬잎마름병,0
2018.08.16,완도군,줄무늬잎마름병,0
2018.08.16,장성군,줄무늬잎마름병,0
2018.08.16,장흥군,줄무늬잎마름병,0
2018.08.16,진도군,줄무늬잎마름병,0
2018.08.16,함평군,줄무늬잎마름병,0
2018.08.16,해남군,줄무늬잎마름병,0
2018.08.16,화순군,줄무늬잎마름병,0
2018.09.01,강진군,줄무늬잎마름병,0
2018.09.01,고흥군,줄무늬잎마름병,0
2018.09.01,곡성군,줄무늬잎마름병,0
2018.09.01,광양시,줄무늬잎마름병,0
2018.09.01,구례군,줄무늬잎마름병,0
2018.09.01,나주시,줄무늬잎마름병,0
2018.09.01,담양군,줄무늬잎마름병,0
2018.09.01,무안군,줄무늬잎마름병,0
2018.09.01,보성군,줄무늬잎마름병,0
2018.09.01,순천시,줄무늬잎마름병,0
2018.09.01,신안군,줄무늬잎마름병,0
2018.09.01,여수시,줄무늬잎마름병,0
2018.09.01,영광군,줄무늬잎마름병,0
2018.09.01,영암군,줄무늬잎마름병,0
2018.09.01,완도군,줄무늬잎마름병,0
2018.09.01,장성군,줄무늬잎마름병,0
2018.09.01,장흥군,줄무늬잎마름병,0
2018.09.01,진도군,줄무늬잎마름병,0
2018.09.01,함평군,줄무늬잎마름병,0
2018.09.01,해남군,줄무늬잎마름병,0
2018.09.01,화순군,줄무늬잎마름병,0
2018.09.16,강진군,줄무늬잎마름병,0
2018.09.16,고흥군,줄무늬잎마름병,0
2018.09.16,곡성군,줄무늬잎마름병,0
2018.09.16,광양시,줄무늬잎마름병,0
2018.09.16,구례군,줄무늬잎마름병,0
2018.09.16,나주시,줄무늬잎마름병,0
2018.09.16,담양군,줄무늬잎마름병,0
2018.09.16,무안군,줄무늬잎마름병,0
2018.09.16,보성군,줄무늬잎마름병,0
2018.09.16,순천시,줄무늬잎마름병,0
2018.09.16,신안군,줄무늬잎마름병,0
2018.09.16,여수시,줄무늬잎마름병,0
2018.09.16,영광군,줄무늬잎마름병,0
2018.09.16,영암군,줄무늬잎마름병,0
2018.09.16,완도군,줄무늬잎마름병,0
2018.09.16,장성군,줄무늬잎마름병,0
2018.09.16,장흥군,줄무늬잎마름병,0
2018.09.16,진도군,줄무늬잎마름병,0
2018.09.16,함평군,줄무늬잎마름병,0
2018.09.16,해남군,줄무늬잎마름병,0
2018.09.16,화순군,줄무늬잎마름병,0
2019.06.01,강진군,줄무늬잎마름병,0
2019.06.01,고흥군,줄무늬잎마름병,0
2019.06.01,곡성군,줄무늬잎마름병,0
2019.06.01,광양시,줄무늬잎마름병,0
2019.06.01,구례군,줄무늬잎마름병,0
2019.06.01,나주시,줄무늬잎마름병,0
2019.06.01,담양군,줄무늬잎마름병,0
2019.06.01,무안군,줄무늬잎마름병,0
2019.06.01,보성군,줄무늬잎마름병,0
2019.06.01,순천시,줄무늬잎마름병,0
2019.06.01,신안군,줄무늬잎마름병,0
2019.06.01,여수시,줄무늬잎마름병,0
2019.06.01,영광군,줄무늬잎마름병,0
2019.06.01,영암군,줄무늬잎마름병,0
2019.06.01,완도군,줄무늬잎마름병,0
2019.06.01,장성군,줄무늬잎마름병,0
2019.06.01,장흥군,줄무늬잎마름병,0
2019.06.01,진도군,줄무늬잎마름병,0
2019.06.01,함평군,줄무늬잎마름병,0
2019.06.01,해남군,줄무늬잎마름병,0
2019.06.01,화순군,줄무늬잎마름병,0
2019.06.16,강진군,줄무늬잎마름병,0
2019.06.16,고흥군,줄무늬잎마름병,0
2019.06.16,곡성군,줄무늬잎마름병,0
2019.06.16,광양시,줄무늬잎마름병,0
2019.06.16,구례군,줄무늬잎마름병,0
2019.06.16,나주시,줄무늬잎마름병,0
2019.06.16,담양군,줄무늬잎마름병,0
2019.06.16,무안군,줄무늬잎마름병,0
2019.06.16,보성군,줄무늬잎마름병,0
2019.06.16,순천시,줄무늬잎마름병,0
2019.06.16,신안군,줄무늬잎마름병,0
2019.06.16,여수시,줄무늬잎마름병,0
2019.06.16,영광군,줄무늬잎마름병,0
2019.06.16,영암군,줄무늬잎마름병,0
2019.06.16,완도군,줄무늬잎마름병,1
2019.06.16,장성군,줄무늬잎마름병,0
2019.06.16,장흥군,줄무늬잎마름병,0
2019.06.16,진도군,줄무늬잎마름병,0
2019.06.16,함평군,줄무늬잎마름병,0
2019.06.16,해남군,줄무늬잎마름병,0
2019.06.16,화순군,줄무늬잎마름병,0
2019.07.01,강진군,줄무늬잎마름병,0
2019.07.01,고흥군,줄무늬잎마름병,0
2019.07.01,곡성군,줄무늬잎마름병,0
2019.07.01,광양시,줄무늬잎마름병,0
2019.07.01,구례군,줄무늬잎마름병,0
2019.07.01,나주시,줄무늬잎마름병,0
2019.07.01,담양군,줄무늬잎마름병,0
2019.07.01,무안군,줄무늬잎마름병,0
2019.07.01,보성군,줄무늬잎마름병,0
2019.07.01,순천시,줄무늬잎마름병,0
2019.07.01,신안군,줄무늬잎마름병,0
2019.07.01,여수시,줄무늬잎마름병,0
2019.07.01,영광군,줄무늬잎마름병,0
2019.07.01,영암군,줄무늬잎마름병,0
2019.07.01,완도군,줄무늬잎마름병,1
2019.07.01,장성군,줄무늬잎마름병,0
2019.07.01,장흥군,줄무늬잎마름병,0
2019.07.01,진도군,줄무늬잎마름병,0
2019.07.01,함평군,줄무늬잎마름병,0
2019.07.01,해남군,줄무늬잎마름병,0
2019.07.01,화순군,줄무늬잎마름병,0
2019.07.16,강진군,줄무늬잎마름병,0
2019.07.16,고흥군,줄무늬잎마름병,0
2019.07.16,곡성군,줄무늬잎마름병,0
2019.07.16,광양시,줄무늬잎마름병,0
2019.07.16,구례군,줄무늬잎마름병,0
2019.07.16,나주시,줄무늬잎마름병,0
2019.07.16,담양군,줄무늬잎마름병,0
2019.07.16,무안군,줄무늬잎마름병,0
2019.07.16,보성군,줄무늬잎마름병,0
2019.07.16,순천시,줄무늬잎마름병,0
2019.07.16,신안군,줄무늬잎마름병,0
2019.07.16,여수시,줄무늬잎마름병,0
2019.07.16,영광군,줄무늬잎마름병,0
2019.07.16,영암군,줄무늬잎마름병,0
2019.07.16,완도군,줄무늬잎마름병,0
2019.07.16,장성군,줄무늬잎마름병,0
2019.07.16,장흥군,줄무늬잎마름병,0
2019.07.16,진도군,줄무늬잎마름병,0
2019.07.16,함평군,줄무늬잎마름병,0
2019.07.16,해남군,줄무늬잎마름병,0
2019.07.16,화순군,줄무늬잎마름병,0
2019.08.01,강진군,줄무늬잎마름병,0
2019.08.01,고흥군,줄무늬잎마름병,0
2019.08.01,곡성군,줄무늬잎마름병,0
2019.08.01,광양시,줄무늬잎마름병,0
2019.08.01,구례군,줄무늬잎마름병,0
2019.08.01,나주시,줄무늬잎마름병,0
2019.08.01,담양군,줄무늬잎마름병,1
2019.08.01,무안군,줄무늬잎마름병,0
2019.08.01,보성군,줄무늬잎마름병,0
2019.08.01,순천시,줄무늬잎마름병,0
2019.08.01,신안군,줄무늬잎마름병,0
2019.08.01,여수시,줄무늬잎마름병,0
2019.08.01,영광군,줄무늬잎마름병,0
2019.08.01,영암군,줄무늬잎마름병,0
2019.08.01,완도군,줄무늬잎마름병,0
2019.08.01,장성군,줄무늬잎마름병,0
2019.08.01,장흥군,줄무늬잎마름병,0
2019.08.01,진도군,줄무늬잎마름병,0
2019.08.01,함평군,줄무늬잎마름병,0
2019.08.01,해남군,줄무늬잎마름병,0
2019.08.01,화순군,줄무늬잎마름병,0
2019.08.16,강진군,줄무늬잎마름병,0
2019.08.16,고흥군,줄무늬잎마름병,0
2019.08.16,광양시,줄무늬잎마름병,0
2019.08.16,구례군,줄무늬잎마름병,1
2019.08.16,무안군,줄무늬잎마름병,0
2019.08.16,보성군,줄무늬잎마름병,0
2019.08.16,순천시,줄무늬잎마름병,0
2019.08.16,신안군,줄무늬잎마름병,0
2019.08.16,여수시,줄무늬잎마름병,0
2019.08.16,영광군,줄무늬잎마름병,0
2019.08.16,완도군,줄무늬잎마름병,0
2019.08.16,장흥군,줄무늬잎마름병,0
2019.08.16,진도군,줄무늬잎마름병,0
2019.08.16,함평군,줄무늬잎마름병,0
2019.08.16,해남군,줄무늬잎마름병,0
2019.08.16,화순군,줄무늬잎마름병,0
2019.09.01,강진군,줄무늬잎마름병,0
2019.09.01,고흥군,줄무늬잎마름병,0
2019.09.01,곡성군,줄무늬잎마름병,0
2019.09.01,광양시,줄무늬잎마름병,0
2019.09.01,구례군,줄무늬잎마름병,0
2019.09.01,나주시,줄무늬잎마름병,0
2019.09.01,담양군,줄무늬잎마름병,0
2019.09.01,무안군,줄무늬잎마름병,0
2019.09.01,보성군,줄무늬잎마름병,0
2019.09.01,순천시,줄무늬잎마름병,0
2019.09.01,신안군,줄무늬잎마름병,0
2019.09.01,여수시,줄무늬잎마름병,0
2019.09.01,영광군,줄무늬잎마름병,0
2019.09.01,영암군,줄무늬잎마름병,0
2019.09.01,완도군,줄무늬잎마름병,0
2019.09.01,장성군,줄무늬잎마름병,0
2019.09.01,장흥군,줄무늬잎마름병,0
2019.09.01,진도군,줄무늬잎마름병,0
2019.09.01,함평군,줄무늬잎마름병,0
2019.09.01,해남군,줄무늬잎마름병,0
2019.09.01,화순군,줄무늬잎마름병,0
2019.09.16,강진군,줄무늬잎마름병,0
2019.09.16,고흥군,줄무늬잎마름병,0
2019.09.16,곡성군,줄무늬잎마름병,0
2019.09.16,광양시,줄무늬잎마름병,0
2019.09.16,구례군,줄무늬잎마름병,0
2019.09.16,나주시,줄무늬잎마름병,0
2019.09.16,담양군,줄무늬잎마름병,0
2019.09.16,무안군,줄무늬잎마름병,0
2019.09.16,보성군,줄무늬잎마름병,0
2019.09.16,순천시,줄무늬잎마름병,0
2019.09.16,여수시,줄무늬잎마름병,0
2019.09.16,영광군,줄무늬잎마름병,0
2019.09.16,영암군,줄무늬잎마름병,0
2019.09.16,완도군,줄무늬잎마름병,0
2019.09.16,장성군,줄무늬잎마름병,0
2019.09.16,장흥군,줄무늬잎마름병,0
2019.09.16,진도군,줄무늬잎마름병,0
2019.09.16,함평군,줄무늬잎마름병,0
2019.09.16,해남군,줄무늬잎마름병,0
2019.09.16,화순군,줄무늬잎마름병,0
2020.06.01,강진군,줄무늬잎마름병,0
2020.06.01,고흥군,줄무늬잎마름병,0
2020.06.01,광양시,줄무늬잎마름병,0
2020.06.01,구례군,줄무늬잎마름병,0
2020.06.01,나주시,줄무늬잎마름병,0
2020.06.01,담양군,줄무늬잎마름병,0
2020.06.01,무안군,줄무늬잎마름병,0
2020.06.01,보성군,줄무늬잎마름병,0
2020.06.01,순천시,줄무늬잎마름병,0
2020.06.01,신안군,줄무늬잎마름병,0
2020.06.01,여수시,줄무늬잎마름병,0
2020.06.01,영광군,줄무늬잎마름병,0
2020.06.01,영암군,줄무늬잎마름병,0
2020.06.01,완도군,줄무늬잎마름병,0
2020.06.01,장성군,줄무늬잎마름병,0
2020.06.01,장흥군,줄무늬잎마름병,0
2020.06.01,진도군,줄무늬잎마름병,0
2020.06.01,함평군,줄무늬잎마름병,0
2020.06.01,해남군,줄무늬잎마름병,0
2020.06.01,화순군,줄무늬잎마름병,0
2020.06.16,강진군,줄무늬잎마름병,0
2020.06.16,고흥군,줄무늬잎마름병,0
2020.06.16,곡성군,줄무늬잎마름병,0
2020.06.16,광양시,줄무늬잎마름병,0
2020.06.16,구례군,줄무늬잎마름병,0
2020.06.16,나주시,줄무늬잎마름병,0
2020.06.16,담양군,줄무늬잎마름병,0
2020.06.16,무안군,줄무늬잎마름병,0
2020.06.16,보성군,줄무늬잎마름병,0
2020.06.16,순천시,줄무늬잎마름병,0
2020.06.16,신안군,줄무늬잎마름병,0
2020.06.16,여수시,줄무늬잎마름병,0
2020.06.16,영광군,줄무늬잎마름병,0
2020.06.16,영암군,줄무늬잎마름병,0
2020.06.16,완도군,줄무늬잎마름병,0
2020.06.16,장성군,줄무늬잎마름병,0
2020.06.16,장흥군,줄무늬잎마름병,0
2020.06.16,진도군,줄무늬잎마름병,0
2020.06.16,함평군,줄무늬잎마름병,0
2020.06.16,해남군,줄무늬잎마름병,0
2020.06.16,화순군,줄무늬잎마름병,0
2020.07.01,강진군,줄무늬잎마름병,0
2020.07.01,고흥군,줄무늬잎마름병,0
2020.07.01,곡성군,줄무늬잎마름병,0
2020.07.01,광양시,줄무늬잎마름병,0
2020.07.01,구례군,줄무늬잎마름병,0
2020.07.01,담양군,줄무늬잎마름병,0
2020.07.01,무안군,줄무늬잎마름병,0
2020.07.01,보성군,줄무늬잎마름병,0
2020.07.01,순천시,줄무늬잎마름병,0
2020.07.01,신안군,줄무늬잎마름병,0
2020.07.01,여수시,줄무늬잎마름병,0
2020.07.01,영광군,줄무늬잎마름병,0
2020.07.01,영암군,줄무늬잎마름병,0
2020.07.01,완도군,줄무늬잎마름병,0
2020.07.01,장성군,줄무늬잎마름병,0
2020.07.01,장흥군,줄무늬잎마름병,0
2020.07.01,진도군,줄무늬잎마름병,0
2020.07.01,함평군,줄무늬잎마름병,0
2020.07.01,해남군,줄무늬잎마름병,0
2020.07.01,화순군,줄무늬잎마름병,0
2020.07.16,강진군,줄무늬잎마름병,0
2020.07.16,고흥군,줄무늬잎마름병,0
2020.07.16,곡성군,줄무늬잎마름병,0
2020.07.16,광양시,줄무늬잎마름병,0
2020.07.16,구례군,줄무늬잎마름병,0
2020.07.16,나주시,줄무늬잎마름병,0
2020.07.16,담양군,줄무늬잎마름병,0
2020.07.16,무안군,줄무늬잎마름병,0
2020.07.16,보성군,줄무늬잎마름병,0
2020.07.16,순천시,줄무늬잎마름병,0
2020.07.16,신안군,줄무늬잎마름병,0
2020.07.16,여수시,줄무늬잎마름병,0
2020.07.16,영광군,줄무늬잎마름병,0
2020.07.16,영암군,줄무늬잎마름병,0
2020.07.16,완도군,줄무늬잎마름병,0
2020.07.16,장성군,줄무늬잎마름병,0
2020.07.16,장흥군,줄무늬잎마름병,0
2020.07.16,진도군,줄무늬잎마름병,0
2020.07.16,함평군,줄무늬잎마름병,0
2020.07.16,해남군,줄무늬잎마름병,0
2020.07.16,화순군,줄무늬잎마름병,0
2020.08.01,강진군,줄무늬잎마름병,0
2020.08.01,고흥군,줄무늬잎마름병,0
2020.08.01,곡성군,줄무늬잎마름병,0
2020.08.01,광양시,줄무늬잎마름병,0
2020.08.01,구례군,줄무늬잎마름병,0
2020.08.01,나주시,줄무늬잎마름병,0
2020.08.01,담양군,줄무늬잎마름병,0
2020.08.01,무안군,줄무늬잎마름병,0
2020.08.01,보성군,줄무늬잎마름병,0
2020.08.01,순천시,줄무늬잎마름병,0
2020.08.01,신안군,줄무늬잎마름병,0
2020.08.01,여수시,줄무늬잎마름병,0
2020.08.01,영광군,줄무늬잎마름병,0
2020.08.01,영암군,줄무늬잎마름병,0
2020.08.01,완도군,줄무늬잎마름병,0
2020.08.01,장성군,줄무늬잎마름병,0
2020.08.01,장흥군,줄무늬잎마름병,0
2020.08.01,진도군,줄무늬잎마름병,0
2020.08.01,함평군,줄무늬잎마름병,0
2020.08.01,해남군,줄무늬잎마름병,0
2020.08.01,화순군,줄무늬잎마름병,0
2020.08.16,강진군,줄무늬잎마름병,0
2020.08.16,고흥군,줄무늬잎마름병,0
2020.08.16,곡성군,줄무늬잎마름병,0
2020.08.16,광양시,줄무늬잎마름병,0
2020.08.16,구례군,줄무늬잎마름병,0
2020.08.16,나주시,줄무늬잎마름병,0
2020.08.16,담양군,줄무늬잎마름병,0
2020.08.16,무안군,줄무늬잎마름병,0
2020.08.16,보성군,줄무늬잎마름병,0
2020.08.16,순천시,줄무늬잎마름병,0
2020.08.16,신안군,줄무늬잎마름병,0
2020.08.16,여수시,줄무늬잎마름병,0
2020.08.16,영광군,줄무늬잎마름병,0
2020.08.16,영암군,줄무늬잎마름병,0
2020.08.16,완도군,줄무늬잎마름병,0
2020.08.16,장성군,줄무늬잎마름병,0
2020.08.16,장흥군,줄무늬잎마름병,0
2020.08.16,진도군,줄무늬잎마름병,0
2020.08.16,함평군,줄무늬잎마름병,0
2020.08.16,해남군,줄무늬잎마름병,0
2020.08.16,화순군,줄무늬잎마름병,0
2020.09.01,강진군,줄무늬잎마름병,0
2020.09.01,고흥군,줄무늬잎마름병,0
2020.09.01,곡성군,줄무늬잎마름병,0
2020.09.01,광양시,줄무늬잎마름병,0
2020.09.01,구례군,줄무늬잎마름병,0
2020.09.01,나주시,줄무늬잎마름병,0
2020.09.01,담양군,줄무늬잎마름병,0
2020.09.01,무안군,줄무늬잎마름병,0
2020.09.01,보성군,줄무늬잎마름병,0
2020.09.01,순천시,줄무늬잎마름병,0
2020.09.01,신안군,줄무늬잎마름병,0
2020.09.01,여수시,줄무늬잎마름병,0
2020.09.01,영광군,줄무늬잎마름병,0
2020.09.01,영암군,줄무늬잎마름병,0
2020.09.01,완도군,줄무늬잎마름병,0
2020.09.01,장성군,줄무늬잎마름병,0
2020.09.01,장흥군,줄무늬잎마름병,0
2020.09.01,진도군,줄무늬잎마름병,0
2020.09.01,함평군,줄무늬잎마름병,0
2020.09.01,해남군,줄무늬잎마름병,0
2020.09.01,화순군,줄무늬잎마름병,0
2020.09.16,강진군,줄무늬잎마름병,0
2020.09.16,고흥군,줄무늬잎마름병,0
2020.09.16,곡성군,줄무늬잎마름병,0
2020.09.16,광양시,줄무늬잎마름병,0
2020.09.16,구례군,줄무늬잎마름병,0
2020.09.16,나주시,줄무늬잎마름병,0
2020.09.16,담양군,줄무늬잎마름병,0
2020.09.16,무안군,줄무늬잎마름병,0
2020.09.16,보성군,줄무늬잎마름병,0
2020.09.16,순천시,줄무늬잎마름병,0
2020.09.16,신안군,줄무늬잎마름병,0
2020.09.16,여수시,줄무늬잎마름병,0
2020.09.16,영광군,줄무늬잎마름병,0
2020.09.16,영암군,줄무늬잎마름병,0
2020.09.16,완도군,줄무늬잎마름병,0
2020.09.16,장성군,줄무늬잎마름병,0
2020.09.16,장흥군,줄무늬잎마름병,0
2020.09.16,진도군,줄무늬잎마름병,0
2020.09.16,함평군,줄무늬잎마름병,0
2020.09.16,해남군,줄무늬잎마름병,0
2020.09.16,화순군,줄무늬잎마름병,0
2021.06.01,강진군,줄무늬잎마름병,0
2021.06.01,고흥군,줄무늬잎마름병,0
2021.06.01,곡성군,줄무늬잎마름병,0
2021.06.01,광양시,줄무늬잎마름병,0
2021.06.01,구례군,줄무늬잎마름병,0
2021.06.01,나주시,줄무늬잎마름병,0
2021.06.01,담양군,줄무늬잎마름병,0
2021.06.01,무안군,줄무늬잎마름병,0
2021.06.01,보성군,줄무늬잎마름병,0
2021.06.01,순천시,줄무늬잎마름병,0
2021.06.01,신안군,줄무늬잎마름병,0
2021.06.01,여수시,줄무늬잎마름병,0
2021.06.01,영암군,줄무늬잎마름병,0
2021.06.01,완도군,줄무늬잎마름병,0
2021.06.01,장성군,줄무늬잎마름병,0
2021.06.01,장흥군,줄무늬잎마름병,0
2021.06.01,진도군,줄무늬잎마름병,0
2021.06.01,함평군,줄무늬잎마름병,0
2021.06.01,해남군,줄무늬잎마름병,0
2021.06.01,화순군,줄무늬잎마름병,0
2021.06.16,강진군,줄무늬잎마름병,0
2021.06.16,고흥군,줄무늬잎마름병,0
2021.06.16,곡성군,줄무늬잎마름병,0
2021.06.16,광양시,줄무늬잎마름병,0
2021.06.16,구례군,줄무늬잎마름병,0
2021.06.16,나주시,줄무늬잎마름병,0
2021.06.16,담양군,줄무늬잎마름병,0
2021.06.16,무안군,줄무늬잎마름병,0
2021.06.16,보성군,줄무늬잎마름병,0
2021.06.16,순천시,줄무늬잎마름병,0
2021.06.16,신안군,줄무늬잎마름병,0
2021.06.16,여수시,줄무늬잎마름병,0
2021.06.16,영광군,줄무늬잎마름병,0
2021.06.16,영암군,줄무늬잎마름병,0
2021.06.16,완도군,줄무늬잎마름병,0
2021.06.16,장성군,줄무늬잎마름병,0
2021.06.16,장흥군,줄무늬잎마름병,0
2021.06.16,진도군,줄무늬잎마름병,0
2021.06.16,함평군,줄무늬잎마름병,0
2021.06.16,해남군,줄무늬잎마름병,0
2021.06.16,화순군,줄무늬잎마름병,0
2021.07.01,강진군,줄무늬잎마름병,0
2021.07.01,고흥군,줄무늬잎마름병,0
2021.07.01,곡성군,줄무늬잎마름병,0
2021.07.01,광양시,줄무늬잎마름병,0
2021.07.01,구례군,줄무늬잎마름병,0
2021.07.01,나주시,줄무늬잎마름병,0
2021.07.01,담양군,줄무늬잎마름병,0
2021.07.01,무안군,줄무늬잎마름병,0
2021.07.01,보성군,줄무늬잎마름병,0
2021.07.01,순천시,줄무늬잎마름병,0
2021.07.01,신안군,줄무늬잎마름병,0
2021.07.01,여수시,줄무늬잎마름병,0
2021.07.01,영광군,줄무늬잎마름병,0
2021.07.01,영암군,줄무늬잎마름병,0
2021.07.01,완도군,줄무늬잎마름병,0
2021.07.01,장성군,줄무늬잎마름병,0
2021.07.01,장흥군,줄무늬잎마름병,0
2021.07.01,진도군,줄무늬잎마름병,0
2021.07.01,함평군,줄무늬잎마름병,0
2021.07.01,해남군,줄무늬잎마름병,0
2021.07.01,화순군,줄무늬잎마름병,0
2021.07.16,강진군,줄무늬잎마름병,0
2021.07.16,고흥군,줄무늬잎마름병,0
2021.07.16,곡성군,줄무늬잎마름병,0
2021.07.16,광양시,줄무늬잎마름병,0
2021.07.16,구례군,줄무늬잎마름병,0
2021.07.16,나주시,줄무늬잎마름병,0
2021.07.16,담양군,줄무늬잎마름병,0
2021.07.16,무안군,줄무늬잎마름병,0
2021.07.16,보성군,줄무늬잎마름병,0
2021.07.16,순천시,줄무늬잎마름병,0
2021.07.16,신안군,줄무늬잎마름병,0
2021.07.16,여수시,줄무늬잎마름병,0
2021.07.16,영광군,줄무늬잎마름병,0
2021.07.16,영암군,줄무늬잎마름병,0
2021.07.16,완도군,줄무늬잎마름병,0
2021.07.16,장성군,줄무늬잎마름병,0
2021.07.16,장흥군,줄무늬잎마름병,0
2021.07.16,진도군,줄무늬잎마름병,0
2021.07.16,함평군,줄무늬잎마름병,0
2021.07.16,해남군,줄무늬잎마름병,0
2021.07.16,화순군,줄무늬잎마름병,0
2021.08.01,강진군,줄무늬잎마름병,0
2021.08.01,고흥군,줄무늬잎마름병,0
2021.08.01,곡성군,줄무늬잎마름병,0
2021.08.01,광양시,줄무늬잎마름병,0
2021.08.01,구례군,줄무늬잎마름병,0
2021.08.01,보성군,줄무늬잎마름병,0
2021.08.01,여수시,줄무늬잎마름병,0
2021.08.01,영암군,줄무늬잎마름병,0
2021.08.01,완도군,줄무늬잎마름병,0
2021.08.01,장성군,줄무늬잎마름병,0
2021.08.01,진도군,줄무늬잎마름병,0
2021.08.01,함평군,줄무늬잎마름병,0
2021.08.01,해남군,줄무늬잎마름병,0
2021.08.01,화순군,줄무늬잎마름병,0
2021.08.16,강진군,줄무늬잎마름병,0
2021.08.16,고흥군,줄무늬잎마름병,0
2021.08.16,곡성군,줄무늬잎마름병,0
2021.08.16,광양시,줄무늬잎마름병,0
2021.08.16,구례군,줄무늬잎마름병,1
2021.08.16,나주시,줄무늬잎마름병,0
2021.08.16,담양군,줄무늬잎마름병,0
2021.08.16,무안군,줄무늬잎마름병,0
2021.08.16,보성군,줄무늬잎마름병,0
2021.08.16,순천시,줄무늬잎마름병,0
2021.08.16,신안군,줄무늬잎마름병,0
2021.08.16,여수시,줄무늬잎마름병,0
2021.08.16,영광군,줄무늬잎마름병,0
2021.08.16,영암군,줄무늬잎마름병,0
2021.08.16,완도군,줄무늬잎마름병,0
2021.08.16,장성군,줄무늬잎마름병,0
2021.08.16,장흥군,줄무늬잎마름병,0
2021.08.16,진도군,줄무늬잎마름병,0
2021.08.16,함평군,줄무늬잎마름병,0
2021.08.16,해남군,줄무늬잎마름병,0
2021.08.16,화순군,줄무늬잎마름병,0
2021.09.01,강진군,줄무늬잎마름병,0
2021.09.01,고흥군,줄무늬잎마름병,0
2021.09.01,곡성군,줄무늬잎마름병,0
2021.09.01,광양시,줄무늬잎마름병,0
2021.09.01,구례군,줄무늬잎마름병,0
2021.09.01,담양군,줄무늬잎마름병,0
2021.09.01,무안군,줄무늬잎마름병,0
2021.09.01,보성군,줄무늬잎마름병,0
2021.09.01,순천시,줄무늬잎마름병,0
2021.09.01,신안군,줄무늬잎마름병,0
2021.09.01,여수시,줄무늬잎마름병,0
2021.09.01,영암군,줄무늬잎마름병,0
2021.09.01,완도군,줄무늬잎마름병,0
2021.09.01,장성군,줄무늬잎마름병,0
2021.09.01,장흥군,줄무늬잎마름병,0
2021.09.01,진도군,줄무늬잎마름병,0
2021.09.01,함평군,줄무늬잎마름병,0
2021.09.01,해남군,줄무늬잎마름병,0
2021.09.01,화순군,줄무늬잎마름병,0
2021.09.16,강진군,줄무늬잎마름병,0
2021.09.16,고흥군,줄무늬잎마름병,0
2021.09.16,곡성군,줄무늬잎마름병,0
2021.09.16,광양시,줄무늬잎마름병,0
2021.09.16,구례군,줄무늬잎마름병,0
2021.09.16,나주시,줄무늬잎마름병,0
2021.09.16,담양군,줄무늬잎마름병,0
2021.09.16,무안군,줄무늬잎마름병,0
2021.09.16,보성군,줄무늬잎마름병,0
2021.09.16,순천시,줄무늬잎마름병,0
2021.09.16,신안군,줄무늬잎마름병,0
2021.09.16,여수시,줄무늬잎마름병,0
2021.09.16,영광군,줄무늬잎마름병,0
2021.09.16,영암군,줄무늬잎마름병,0
2021.09.16,완도군,줄무늬잎마름병,0
2021.09.16,장성군,줄무늬잎마름병,0
2021.09.16,장흥군,줄무늬잎마름병,0
2021.09.16,진도군,줄무늬잎마름병,0
2021.09.16,함평군,줄무늬잎마름병,0
2021.09.16,해남군,줄무늬잎마름병,0
2021.09.16,화순군,줄무늬잎마름병,0
2022.06.01,강진군,줄무늬잎마름병,0
2022.06.01,고흥군,줄무늬잎마름병,0
2022.06.01,곡성군,줄무늬잎마름병,0
2022.06.01,광양시,줄무늬잎마름병,0
2022.06.01,구례군,줄무늬잎마름병,0
2022.06.01,나주시,줄무늬잎마름병,0
2022.06.01,담양군,줄무늬잎마름병,0
2022.06.01,무안군,줄무늬잎마름병,0
2022.06.01,보성군,줄무늬잎마름병,0
2022.06.01,순천시,줄무늬잎마름병,0
2022.06.01,신안군,줄무늬잎마름병,0
2022.06.01,여수시,줄무늬잎마름병,0
2022.06.01,영광군,줄무늬잎마름병,0
2022.06.01,영암군,줄무늬잎마름병,0
2022.06.01,완도군,줄무늬잎마름병,0
2022.06.01,장성군,줄무늬잎마름병,0
2022.06.01,장흥군,줄무늬잎마름병,0
2022.06.01,진도군,줄무늬잎마름병,0
2022.06.01,함평군,줄무늬잎마름병,0
2022.06.01,해남군,줄무늬잎마름병,0
2022.06.01,화순군,줄무늬잎마름병,0
2022.06.16,강진군,줄무늬잎마름병,0
2022.06.16,고흥군,줄무늬잎마름병,0
2022.06.16,곡성군,줄무늬잎마름병,0
2022.06.16,광양시,줄무늬잎마름병,0
2022.06.16,구례군,줄무늬잎마름병,0
2022.06.16,나주시,줄무늬잎마름병,0
2022.06.16,담양군,줄무늬잎마름병,0
2022.06.16,무안군,줄무늬잎마름병,0
2022.06.16,보성군,줄무늬잎마름병,0
2022.06.16,순천시,줄무늬잎마름병,0
2022.06.16,신안군,줄무늬잎마름병,0
2022.06.16,여수시,줄무늬잎마름병,0
2022.06.16,영광군,줄무늬잎마름병,0
2022.06.16,영암군,줄무늬잎마름병,0
2022.06.16,완도군,줄무늬잎마름병,0
2022.06.16,장성군,줄무늬잎마름병,0
2022.06.16,장흥군,줄무늬잎마름병,0
2022.06.16,진도군,줄무늬잎마름병,0
2022.06.16,함평군,줄무늬잎마름병,0
2022.06.16,해남군,줄무늬잎마름병,0
2022.06.16,화순군,줄무늬잎마름병,0
2022.07.01,강진군,줄무늬잎마름병,0
2022.07.01,고흥군,줄무늬잎마름병,0
2022.07.01,곡성군,줄무늬잎마름병,0
2022.07.01,광양시,줄무늬잎마름병,0
2022.07.01,구례군,줄무늬잎마름병,0
2022.07.01,나주시,줄무늬잎마름병,0
2022.07.01,담양군,줄무늬잎마름병,0
2022.07.01,무안군,줄무늬잎마름병,0
2022.07.01,보성군,줄무늬잎마름병,0
2022.07.01,순천시,줄무늬잎마름병,0
2022.07.01,신안군,줄무늬잎마름병,0
2022.07.01,여수시,줄무늬잎마름병,0
2022.07.01,영광군,줄무늬잎마름병,0
2022.07.01,영암군,줄무늬잎마름병,0
2022.07.01,완도군,줄무늬잎마름병,0
2022.07.01,장성군,줄무늬잎마름병,0
2022.07.01,장흥군,줄무늬잎마름병,0
2022.07.01,진도군,줄무늬잎마름병,0
2022.07.01,함평군,줄무늬잎마름병,0
2022.07.01,해남군,줄무늬잎마름병,0
2022.07.01,화순군,줄무늬잎마름병,0
2022.07.16,강진군,줄무늬잎마름병,0
2022.07.16,고흥군,줄무늬잎마름병,0
2022.07.16,곡성군,줄무늬잎마름병,0
2022.07.16,광양시,줄무늬잎마름병,0
2022.07.16,구례군,줄무늬잎마름병,0
2022.07.16,나주시,줄무늬잎마름병,0
2022.07.16,담양군,줄무늬잎마름병,0
2022.07.16,무안군,줄무늬잎마름병,0
2022.07.16,보성군,줄무늬잎마름병,0
2022.07.16,순천시,줄무늬잎마름병,0
2022.07.16,신안군,줄무늬잎마름병,0
2022.07.16,여수시,줄무늬잎마름병,0
2022.07.16,영광군,줄무늬잎마름병,0
2022.07.16,영암군,줄무늬잎마름병,0
2022.07.16,완도군,줄무늬잎마름병,0
2022.07.16,장성군,줄무늬잎마름병,0
2022.07.16,장흥군,줄무늬잎마름병,0
2022.07.16,진도군,줄무늬잎마름병,0
2022.07.16,함평군,줄무늬잎마름병,0
2022.07.16,해남군,줄무늬잎마름병,0
2022.07.16,화순군,줄무늬잎마름병,0
2022.08.01,강진군,줄무늬잎마름병,0
2022.08.01,고흥군,줄무늬잎마름병,0
2022.08.01,곡성군,줄무늬잎마름병,0
2022.08.01,광양시,줄무늬잎마름병,0
2022.08.01,구례군,줄무늬잎마름병,0
2022.08.01,나주시,줄무늬잎마름병,0
2022.08.01,담양군,줄무늬잎마름병,0
2022.08.01,무안군,줄무늬잎마름병,0
2022.08.01,보성군,줄무늬잎마름병,0
2022.08.01,순천시,줄무늬잎마름병,0
2022.08.01,신안군,줄무늬잎마름병,0
2022.08.01,여수시,줄무늬잎마름병,0
2022.08.01,영광군,줄무늬잎마름병,0
2022.08.01,영암군,줄무늬잎마름병,0
2022.08.01,완도군,줄무늬잎마름병,0
2022.08.01,장성군,줄무늬잎마름병,0
2022.08.01,장흥군,줄무늬잎마름병,0
2022.08.01,진도군,줄무늬잎마름병,0
2022.08.01,함평군,줄무늬잎마름병,0
2022.08.01,화순군,줄무늬잎마름병,0
2022.08.16,강진군,줄무늬잎마름병,0
2022.08.16,고흥군,줄무늬잎마름병,0
2022.08.16,광양시,줄무늬잎마름병,0
2022.08.16,구례군,줄무늬잎마름병,0
2022.08.16,담양군,줄무늬잎마름병,0
2022.08.16,무안군,줄무늬잎마름병,0
2022.08.16,보성군,줄무늬잎마름병,0
2022.08.16,순천시,줄무늬잎마름병,0
2022.08.16,여수시,줄무늬잎마름병,0
2022.08.16,영암군,줄무늬잎마름병,0
2022.08.16,완도군,줄무늬잎마름병,0
2022.08.16,장성군,줄무늬잎마름병,0
2022.08.16,장흥군,줄무늬잎마름병,0
2022.08.16,진도군,줄무늬잎마름병,0
2022.08.16,함평군,줄무늬잎마름병,0
2022.08.16,해남군,줄무늬잎마름병,0
2022.08.16,화순군,줄무늬잎마름병,0
2022.09.01,강진군,줄무늬잎마름병,0
2022.09.01,고흥군,줄무늬잎마름병,0
2022.09.01,곡성군,줄무늬잎마름병,0
2022.09.01,광양시,줄무늬잎마름병,0
2022.09.01,구례군,줄무늬잎마름병,0
2022.09.01,담양군,줄무늬잎마름병,0
2022.09.01,보성군,줄무늬잎마름병,0
2022.09.01,순천시,줄무늬잎마름병,0
2022.09.01,신안군,줄무늬잎마름병,0
2022.09.01,여수시,줄무늬잎마름병,0
2022.09.01,영암군,줄무늬잎마름병,0
2022.09.01,완도군,줄무늬잎마름병,0
2022.09.01,장성군,줄무늬잎마름병,0
2022.09.01,장흥군,줄무늬잎마름병,0
2022.09.01,진도군,줄무늬잎마름병,0
2022.09.01,해남군,줄무늬잎마름병,0
2022.09.01,화순군,줄무늬잎마름병,0
2022.09.16,강진군,줄무늬잎마름병,0
2022.09.16,고흥군,줄무늬잎마름병,0
2022.09.16,곡성군,줄무늬잎마름병,0
2022.09.16,광양시,줄무늬잎마름병,0
2022.09.16,구례군,줄무늬잎마름병,0
2022.09.16,나주시,줄무늬잎마름병,0
2022.09.16,담양군,줄무늬잎마름병,0
2022.09.16,무안군,줄무늬잎마름병,0
2022.09.16,보성군,줄무늬잎마름병,0
2022.09.16,순천시,줄무늬잎마름병,0
2022.09.16,신안군,줄무늬잎마름병,0
2022.09.16,여수시,줄무늬잎마름병,0
2022.09.16,영광군,줄무늬잎마름병,0
2022.09.16,완도군,줄무늬잎마름병,0
2022.09.16,장성군,줄무늬잎마름병,0
2022.09.16,장흥군,줄무늬잎마름병,0
2022.09.16,진도군,줄무늬잎마름병,0
2022.09.16,함평군,줄무늬잎마름병,0
2022.09.16,해남군,줄무늬잎마름병,0
2022.09.16,화순군,줄무늬잎마름병,0
2023.06.01,강진군,줄무늬잎마름병,0
2023.06.01,곡성군,줄무늬잎마름병,0
2023.06.01,광양시,줄무늬잎마름병,0
2023.06.01,구례군,줄무늬잎마름병,0
2023.06.01,나주시,줄무늬잎마름병,0
2023.06.01,담양군,줄무늬잎마름병,0
2023.06.01,무안군,줄무늬잎마름병,0
2023.06.01,보성군,줄무늬잎마름병,0
2023.06.01,순천시,줄무늬잎마름병,0
2023.06.01,신안군,줄무늬잎마름병,0
2023.06.01,여수시,줄무늬잎마름병,0
2023.06.01,영광군,줄무늬잎마름병,0
2023.06.01,영암군,줄무늬잎마름병,0
2023.06.01,완도군,줄무늬잎마름병,0
2023.06.01,장성군,줄무늬잎마름병,0
2023.06.01,장흥군,줄무늬잎마름병,0
2023.06.01,진도군,줄무늬잎마름병,0
2023.06.01,함평군,줄무늬잎마름병,0
2023.06.01,해남군,줄무늬잎마름병,0
2023.06.01,화순군,줄무늬잎마름병,0
2023.06.16,강진군,줄무늬잎마름병,0
2023.06.16,곡성군,줄무늬잎마름병,0
2023.06.16,광양시,줄무늬잎마름병,0
2023.06.16,구례군,줄무늬잎마름병,0
2023.06.16,나주시,줄무늬잎마름병,0
2023.06.16,담양군,줄무늬잎마름병,0
2023.06.16,무안군,줄무늬잎마름병,0
2023.06.16,보성군,줄무늬잎마름병,0
2023.06.16,순천시,줄무늬잎마름병,0
2023.06.16,신안군,줄무늬잎마름병,0
2023.06.16,여수시,줄무늬잎마름병,0
2023.06.16,영광군,줄무늬잎마름병,0
2023.06.16,영암군,줄무늬잎마름병,0
2023.06.16,완도군,줄무늬잎마름병,0
2023.06.16,장성군,줄무늬잎마름병,1
2023.06.16,장흥군,줄무늬잎마름병,0
2023.06.16,진도군,줄무늬잎마름병,0
2023.06.16,함평군,줄무늬잎마름병,0
2023.06.16,해남군,줄무늬잎마름병,0
2023.06.16,화순군,줄무늬잎마름병,0
2023.07.01,강진군,줄무늬잎마름병,0
2023.07.01,고흥군,줄무늬잎마름병,0
2023.07.01,곡성군,줄무늬잎마름병,0
2023.07.01,광양시,줄무늬잎마름병,0
2023.07.01,구례군,줄무늬잎마름병,0
2023.07.01,나주시,줄무늬잎마름병,0
2023.07.01,담양군,줄무늬잎마름병,0
2023.07.01,무안군,줄무늬잎마름병,0
2023.07.01,보성군,줄무늬잎마름병,0
2023.07.01,순천시,줄무늬잎마름병,0
2023.07.01,신안군,줄무늬잎마름병,0
2023.07.01,여수시,줄무늬잎마름병,0
2023.07.01,영광군,줄무늬잎마름병,0
2023.07.01,영암군,줄무늬잎마름병,0
2023.07.01,완도군,줄무늬잎마름병,0
2023.07.01,장성군,줄무늬잎마름병,1
2023.07.01,장흥군,줄무늬잎마름병,0
2023.07.01,진도군,줄무늬잎마름병,0
2023.07.01,함평군,줄무늬잎마름병,0
2023.07.01,해남군,줄무늬잎마름병,0
2023.07.01,화순군,줄무늬잎마름병,0
2023.07.16,강진군,줄무늬잎마름병,0
2023.07.16,고흥군,줄무늬잎마름병,0
2023.07.16,곡성군,줄무늬잎마름병,0
2023.07.16,광양시,줄무늬잎마름병,0
2023.07.16,구례군,줄무늬잎마름병,0
2023.07.16,나주시,줄무늬잎마름병,0
2023.07.16,담양군,줄무늬잎마름병,0
2023.07.16,무안군,줄무늬잎마름병,0
2023.07.16,보성군,줄무늬잎마름병,0
2023.07.16,순천시,줄무늬잎마름병,0
2023.07.16,신안군,줄무늬잎마름병,0
2023.07.16,여수시,줄무늬잎마름병,0
2023.07.16,영광군,줄무늬잎마름병,0
2023.07.16,영암군,줄무늬잎마름병,0
2023.07.16,완도군,줄무늬잎마름병,0
2023.07.16,장성군,줄무늬잎마름병,0
2023.07.16,장흥군,줄무늬잎마름병,0
2023.07.16,진도군,줄무늬잎마름병,0
2023.07.16,함평군,줄무늬잎마름병,0
2023.07.16,해남군,줄무늬잎마름병,0
2023.07.16,화순군,줄무늬잎마름병,0
2023.08.01,강진군,줄무늬잎마름병,0
2023.08.01,고흥군,줄무늬잎마름병,0
2023.08.01,곡성군,줄무늬잎마름병,0
2023.08.01,광양시,줄무늬잎마름병,0
2023.08.01,구례군,줄무늬잎마름병,0
2023.08.01,나주시,줄무늬잎마름병,0
2023.08.01,담양군,줄무늬잎마름병,0
2023.08.01,무안군,줄무늬잎마름병,0
2023.08.01,보성군,줄무늬잎마름병,0
2023.08.01,순천시,줄무늬잎마름병,0
2023.08.01,신안군,줄무늬잎마름병,0
2023.08.01,여수시,줄무늬잎마름병,0
2023.08.01,영광군,줄무늬잎마름병,0
2023.08.01,영암군,줄무늬잎마름병,0
2023.08.01,완도군,줄무늬잎마름병,0
2023.08.01,장성군,줄무늬잎마름병,1
2023.08.01,장흥군,줄무늬잎마름병,0
2023.08.01,진도군,줄무늬잎마름병,0
2023.08.01,함평군,줄무늬잎마름병,0
2023.08.01,해남군,줄무늬잎마름병,0
2023.08.01,화순군,줄무늬잎마름병,0
2023.08.16,강진군,줄무늬잎마름병,0
2023.08.16,고흥군,줄무늬잎마름병,0
2023.08.16,곡성군,줄무늬잎마름병,0
2023.08.16,광양시,줄무늬잎마름병,0
2023.08.16,구례군,줄무늬잎마름병,0
2023.08.16,나주시,줄무늬잎마름병,0
2023.08.16,담양군,줄무늬잎마름병,0
2023.08.16,무안군,줄무늬잎마름병,0
2023.08.16,보성군,줄무늬잎마름병,0
2023.08.16,순천시,줄무늬잎마름병,0
2023.08.16,신안군,줄무늬잎마름병,0
2023.08.16,여수시,줄무늬잎마름병,0
2023.08.16,영광군,줄무늬잎마름병,0
2023.08.16,영암군,줄무늬잎마름병,0
2023.08.16,완도군,줄무늬잎마름병,0
2023.08.16,장성군,줄무늬잎마름병,1
2023.08.16,장흥군,줄무늬잎마름병,0
2023.08.16,진도군,줄무늬잎마름병,0
2023.08.16,함평군,줄무늬잎마름병,0
2023.08.16,해남군,줄무늬잎마름병,0
2023.08.16,화순군,줄무늬잎마름병,0
2023.09.01,강진군,줄무늬잎마름병,0
2023.09.01,고흥군,줄무늬잎마름병,1
2023.09.01,곡성군,줄무늬잎마름병,0
2023.09.01,광양시,줄무늬잎마름병,0
2023.09.01,구례군,줄무늬잎마름병,0
2023.09.01,나주시,줄무늬잎마름병,0
2023.09.01,담양군,줄무늬잎마름병,0
2023.09.01,무안군,줄무늬잎마름병,0
2023.09.01,보성군,줄무늬잎마름병,0
2023.09.01,순천시,줄무늬잎마름병,0
2023.09.01,신안군,줄무늬잎마름병,0
2023.09.01,여수시,줄무늬잎마름병,0
2023.09.01,영광군,줄무늬잎마름병,0
2023.09.01,영암군,줄무늬잎마름병,0
2023.09.01,완도군,줄무늬잎마름병,0
2023.09.01,장성군,줄무늬잎마름병,0
2023.09.01,장흥군,줄무늬잎마름병,0
2023.09.01,진도군,줄무늬잎마름병,0
2023.09.01,함평군,줄무늬잎마름병,0
2023.09.01,해남군,줄무늬잎마름병,0
2023.09.01,화순군,줄무늬잎마름병,0
2023.09.16,강진군,줄무늬잎마름병,0
2023.09.16,고흥군,줄무늬잎마름병,0
2023.09.16,곡성군,줄무늬잎마름병,0
2023.09.16,광양시,줄무늬잎마름병,0
2023.09.16,구례군,줄무늬잎마름병,0
2023.09.16,나주시,줄무늬잎마름병,0
2023.09.16,담양군,줄무늬잎마름병,0
2023.09.16,무안군,줄무늬잎마름병,0
2023.09.16,보성군,줄무늬잎마름병,0
2023.09.16,순천시,줄무늬잎마름병,0
2023.09.16,신안군,줄무늬잎마름병,0
2023.09.16,여수시,줄무늬잎마름병,0
2023.09.16,영광군,줄무늬잎마름병,0
2023.09.16,영암군,줄무늬잎마름병,0
2023.09.16,완도군,줄무늬잎마름병,0
2023.09.16,장성군,줄무늬잎마름병,0
2023.09.16,장흥군,줄무늬잎마름병,0
2023.09.16,진도군,줄무늬잎마름병,0
2023.09.16,함평군,줄무늬잎마름병,0
2023.09.16,해남군,줄무늬잎마름병,0
2023.09.16,화순군,줄무늬잎마름병,0
2024.06.01,강진군,줄무늬잎마름병,0
2024.06.01,고흥군,줄무늬잎마름병,0
2024.06.01,광양시,줄무늬잎마름병,0
2024.06.01,구례군,줄무늬잎마름병,0
2024.06.01,나주시,줄무늬잎마름병,0
2024.06.01,무안군,줄무늬잎마름병,0
2024.06.01,보성군,줄무늬잎마름병,0
2024.06.01,순천시,줄무늬잎마름병,0
2024.06.01,신안군,줄무늬잎마름병,0
2024.06.01,여수시,줄무늬잎마름병,0
2024.06.01,영암군,줄무늬잎마름병,0
2024.06.01,완도군,줄무늬잎마름병,0
2024.06.01,장성군,줄무늬잎마름병,0
2024.06.01,장흥군,줄무늬잎마름병,0
2024.06.01,진도군,줄무늬잎마름병,0
2024.06.01,해남군,줄무늬잎마름병,0
2024.06.01,화순군,줄무늬잎마름병,0
2024.06.16,강진군,줄무늬잎마름병,0
2024.06.16,고흥군,줄무늬잎마름병,0
2024.06.16,광양시,줄무늬잎마름병,0
2024.06.16,구례군,줄무늬잎마름병,0
2024.06.16,나주시,줄무늬잎마름병,0
2024.06.16,담양군,줄무늬잎마름병,0
2024.06.16,무안군,줄무늬잎마름병,0
2024.06.16,보성군,줄무늬잎마름병,0
2024.06.16,순천시,줄무늬잎마름병,0
2024.06.16,신안군,줄무늬잎마름병,0
2024.06.16,여수시,줄무늬잎마름병,0
2024.06.16,영광군,줄무늬잎마름병,0
2024.06.16,영암군,줄무늬잎마름병,0
2024.06.16,완도군,줄무늬잎마름병,0
2024.06.16,장성군,줄무늬잎마름병,0
2024.06.16,장흥군,줄무늬잎마름병,0
2024.06.16,진도군,줄무늬잎마름병,0
2024.06.16,해남군,줄무늬잎마름병,0
2024.06.16,화순군,줄무늬잎마름병,0
2024.07.01,강진군,줄무늬잎마름병,0
2024.07.01,고흥군,줄무늬잎마름병,0
2024.07.01,곡성군,줄무늬잎마름병,0
2024.07.01,광양시,줄무늬잎마름병,0
2024.07.01,구례군,줄무늬잎마름병,0
2024.07.01,나주시,줄무늬잎마름병,0
2024.07.01,담양군,줄무늬잎마름병,0
2024.07.01,무안군,줄무늬잎마름병,0
2024.07.01,보성군,줄무늬잎마름병,0
2024.07.01,순천시,줄무늬잎마름병,0
2024.07.01,신안군,줄무늬잎마름병,0
2024.07.01,여수시,줄무늬잎마름병,0
2024.07.01,영광군,줄무늬잎마름병,0
2024.07.01,영암군,줄무늬잎마름병,0
2024.07.01,완도군,줄무늬잎마름병,0
2024.07.01,장성군,줄무늬잎마름병,0
2024.07.01,장흥군,줄무늬잎마름병,0
2024.07.01,진도군,줄무늬잎마름병,0
2024.07.01,함평군,줄무늬잎마름병,0
2024.07.01,해남군,줄무늬잎마름병,0
2024.07.01,화순군,줄무늬잎마름병,0
2024.07.16,강진군,줄무늬잎마름병,0
2024.07.16,고흥군,줄무늬잎마름병,0
2024.07.16,곡성군,줄무늬잎마름병,0
2024.07.16,광양시,줄무늬잎마름병,0
2024.07.16,구례군,줄무늬잎마름병,0
2024.07.16,나주시,줄무늬잎마름병,0
2024.07.16,담양군,줄무늬잎마름병,0
2024.07.16,무안군,줄무늬잎마름병,0
2024.07.16,보성군,줄무늬잎마름병,0
2024.07.16,순천시,줄무늬잎마름병,0
2024.07.16,신안군,줄무늬잎마름병,0
2024.07.16,여수시,줄무늬잎마름병,0
2024.07.16,영광군,줄무늬잎마름병,0
2024.07.16,영암군,줄무늬잎마름병,0
2024.07.16,완도군,줄무늬잎마름병,0
2024.07.16,장성군,줄무늬잎마름병,1
2024.07.16,장흥군,줄무늬잎마름병,0
2024.07.16,진도군,줄무늬잎마름병,0
2024.07.16,함평군,줄무늬잎마름병,0
2024.07.16,해남군,줄무늬잎마름병,0
2024.07.16,화순군,줄무늬잎마름병,0
2024.08.01,강진군,줄무늬잎마름병,0
2024.08.01,고흥군,줄무늬잎마름병,0
2024.08.01,곡성군,줄무늬잎마름병,0
2024.08.01,광양시,줄무늬잎마름병,0
2024.08.01,구례군,줄무늬잎마름병,0
2024.08.01,나주시,줄무늬잎마름병,0
2024.08.01,담양군,줄무늬잎마름병,1
2024.08.01,무안군,줄무늬잎마름병,0
2024.08.01,보성군,줄무늬잎마름병,0
2024.08.01,순천시,줄무늬잎마름병,0
2024.08.01,신안군,줄무늬잎마름병,0
2024.08.01,여수시,줄무늬잎마름병,0
2024.08.01,영광군,줄무늬잎마름병,0
2024.08.01,영암군,줄무늬잎마름병,0
2024.08.01,완도군,줄무늬잎마름병,0
2024.08.01,장성군,줄무늬잎마름병,1
2024.08.01,장흥군,줄무늬잎마름병,0
2024.08.01,진도군,줄무늬잎마름병,0
2024.08.01,함평군,줄무늬잎마름병,0
2024.08.01,해남군,줄무늬잎마름병,0
2024.08.01,화순군,줄무늬잎마름병,0
2024.08.16,강진군,줄무늬잎마름병,0
2024.08.16,고흥군,줄무늬잎마름병,0
2024.08.16,곡성군,줄무늬잎마름병,0
2024.08.16,광양시,줄무늬잎마름병,0
2024.08.16,구례군,줄무늬잎마름병,0
2024.08.16,나주시,줄무늬잎마름병,0
2024.08.16,담양군,줄무늬잎마름병,1
2024.08.16,무안군,줄무늬잎마름병,0
2024.08.16,보성군,줄무늬잎마름병,0
2024.08.16,순천시,줄무늬잎마름병,0
2024.08.16,신안군,줄무늬잎마름병,0
2024.08.16,여수시,줄무늬잎마름병,0
2024.08.16,영광군,줄무늬잎마름병,0
2024.08.16,영암군,줄무늬잎마름병,0
2024.08.16,완도군,줄무늬잎마름병,0
2024.08.16,장성군,줄무늬잎마름병,1
2024.08.16,장흥군,줄무늬잎마름병,1
2024.08.16,진도군,줄무늬잎마름병,0
2024.08.16,함평군,줄무늬잎마름병,1
2024.08.16,해남군,줄무늬잎마름병,0
2024.08.16,화순군,줄무늬잎마름병,1
2024.09.01,강진군,줄무늬잎마름병,0
2024.09.01,고흥군,줄무늬잎마름병,0
2024.09.01,곡성군,줄무늬잎마름병,0
2024.09.01,광양시,줄무늬잎마름병,0
2024.09.01,구례군,줄무늬잎마름병,0
2024.09.01,나주시,줄무늬잎마름병,0
2024.09.01,담양군,줄무늬잎마름병,1
2024.09.01,무안군,줄무늬잎마름병,0
2024.09.01,보성군,줄무늬잎마름병,0
2024.09.01,순천시,줄무늬잎마름병,0
2024.09.01,신안군,줄무늬잎마름병,0
2024.09.01,여수시,줄무늬잎마름병,0
2024.09.01,영광군,줄무늬잎마름병,0
2024.09.01,영암군,줄무늬잎마름병,0
2024.09.01,완도군,줄무늬잎마름병,0
2024.09.01,장성군,줄무늬잎마름병,0
2024.09.01,장흥군,줄무늬잎마름병,0
2024.09.01,진도군,줄무늬잎마름병,0
2024.09.01,함평군,줄무늬잎마름병,1
2024.09.01,해남군,줄무늬잎마름병,0
2024.09.01,화순군,줄무늬잎마름병,0
2024.09.16,강진군,줄무늬잎마름병,0
2024.09.16,고흥군,줄무늬잎마름병,0
2024.09.16,곡성군,줄무늬잎마름병,0
2024.09.16,광양시,줄무늬잎마름병,0
2024.09.16,구례군,줄무늬잎마름병,0
2024.09.16,나주시,줄무늬잎마름병,0
2024.09.16,담양군,줄무늬잎마름병,1
2024.09.16,무안군,줄무늬잎마름병,0
2024.09.16,보성군,줄무늬잎마름병,0
2024.09.16,순천시,줄무늬잎마름병,0
2024.09.16,신안군,줄무늬잎마름병,0
2024.09.16,여수시,줄무늬잎마름병,0
2024.09.16,영광군,줄무늬잎마름병,0
2024.09.16,영암군,줄무늬잎마름병,0
2024.09.16,완도군,줄무늬잎마름병,0
2024.09.16,장성군,줄무늬잎마름병,0
2024.09.16,장흥군,줄무늬잎마름병,0
2024.09.16,진도군,줄무늬잎마름병,0
2024.09.16,함평군,줄무늬잎마름병,0
2024.09.16,해남군,줄무늬잎마름병,0
2024.09.16,화순군,줄무늬잎마름병,0
2025.06.01,강진군,줄무늬잎마름병,0
2025.06.01,고흥군,줄무늬잎마름병,0
2025.06.01,곡성군,줄무늬잎마름병,0
2025.06.01,광양시,줄무늬잎마름병,0
2025.06.01,구례군,줄무늬잎마름병,0
2025.06.01,나주시,줄무늬잎마름병,0
2025.06.01,담양군,줄무늬잎마름병,0
2025.06.01,무안군,줄무늬잎마름병,0
2025.06.01,보성군,줄무늬잎마름병,0
2025.06.01,순천시,줄무늬잎마름병,0
2025.06.01,신안군,줄무늬잎마름병,0
2025.06.01,여수시,줄무늬잎마름병,0
2025.06.01,영광군,줄무늬잎마름병,0
2025.06.01,영암군,줄무늬잎마름병,0
2025.06.01,완도군,줄무늬잎마름병,0
2025.06.01,장성군,줄무늬잎마름병,0
2025.06.01,장흥군,줄무늬잎마름병,0
2025.06.01,진도군,줄무늬잎마름병,0
2025.06.01,함평군,줄무늬잎마름병,0
2025.06.01,해남군,줄무늬잎마름병,0
2025.06.01,화순군,줄무늬잎마름병,0
2025.06.16,강진군,줄무늬잎마름병,0
2025.06.16,고흥군,줄무늬잎마름병,0
2025.06.16,곡성군,줄무늬잎마름병,0
2025.06.16,광양시,줄무늬잎마름병,0
2025.06.16,구례군,줄무늬잎마름병,0
2025.06.16,나주시,줄무늬잎마름병,0
2025.06.16,담양군,줄무늬잎마름병,0
2025.06.16,무안군,줄무늬잎마름병,0
2025.06.16,보성군,줄무늬잎마름병,0
2025.06.16,순천시,줄무늬잎마름병,0
2025.06.16,신안군,줄무늬잎마름병,0
2025.06.16,여수시,줄무늬잎마름병,0
2025.06.16,영광군,줄무늬잎마름병,0
2025.06.16,영암군,줄무늬잎마름병,0
2025.06.16,완도군,줄무늬잎마름병,0
2025.06.16,장성군,줄무늬잎마름병,0
2025.06.16,장흥군,줄무늬잎마름병,0
2025.06.16,진도군,줄무늬잎마름병,0
2025.06.16,함평군,줄무늬잎마름병,0
2025.06.16,해남군,줄무늬잎마름병,0
2025.06.16,화순군,줄무늬잎마름병,0
2025.07.01,강진군,줄무늬잎마름병,0
2025.07.01,고흥군,줄무늬잎마름병,0
2025.07.01,곡성군,줄무늬잎마름병,0
2025.07.01,광양시,줄무늬잎마름병,0
2025.07.01,구례군,줄무늬잎마름병,0
2025.07.01,나주시,줄무늬잎마름병,0
2025.07.01,담양군,줄무늬잎마름병,0
2025.07.01,무안군,줄무늬잎마름병,0
2025.07.01,보성군,줄무늬잎마름병,0
2025.07.01,순천시,줄무늬잎마름병,0
2025.07.01,신안군,줄무늬잎마름병,0
2025.07.01,여수시,줄무늬잎마름병,0
2025.07.01,영광군,줄무늬잎마름병,0
2025.07.01,영암군,줄무늬잎마름병,0
2025.07.01,완도군,줄무늬잎마름병,0
2025.07.01,장성군,줄무늬잎마름병,0
2025.07.01,진도군,줄무늬잎마름병,0
2025.07.01,함평군,줄무늬잎마름병,0
2025.07.01,해남군,줄무늬잎마름병,0
2025.07.01,화순군,줄무늬잎마름병,0
2025.07.16,강진군,줄무늬잎마름병,0
2025.07.16,고흥군,줄무늬잎마름병,0
2025.07.16,곡성군,줄무늬잎마름병,0
2025.07.16,광양시,줄무늬잎마름병,0
2025.07.16,구례군,줄무늬잎마름병,0
2025.07.16,나주시,줄무늬잎마름병,0
2025.07.16,담양군,줄무늬잎마름병,0
2025.07.16,무안군,줄무늬잎마름병,0
2025.07.16,보성군,줄무늬잎마름병,0
2025.07.16,순천시,줄무늬잎마름병,0
2025.07.16,신안군,줄무늬잎마름병,0
2025.07.16,여수시,줄무늬잎마름병,0
2025.07.16,영광군,줄무늬잎마름병,0
2025.07.16,영암군,줄무늬잎마름병,0
2025.07.16,완도군,줄무늬잎마름병,0
2025.07.16,장성군,줄무늬잎마름병,0
2025.07.16,장흥군,줄무늬잎마름병,0
2025.07.16,진도군,줄무늬잎마름병,0
2025.07.16,함평군,줄무늬잎마름병,0
2025.07.16,해남군,줄무늬잎마름병,0
2025.07.16,화순군,줄무늬잎마름병,1
2025.08.01,강진군,줄무늬잎마름병,0
2025.08.01,고흥군,줄무늬잎마름병,0
2025.08.01,광양시,줄무늬잎마름병,0
2025.08.01,구례군,줄무늬잎마름병,0
2025.08.01,담양군,줄무늬잎마름병,1
2025.08.01,무안군,줄무늬잎마름병,0
2025.08.01,보성군,줄무늬잎마름병,0
2025.08.01,신안군,줄무늬잎마름병,0
2025.08.01,여수시,줄무늬잎마름병,0
2025.08.01,영광군,줄무늬잎마름병,0
2025.08.01,영암군,줄무늬잎마름병,0
2025.08.01,완도군,줄무늬잎마름병,0
2025.08.01,장성군,줄무늬잎마름병,0
2025.08.01,장흥군,줄무늬잎마름병,0
2025.08.01,진도군,줄무늬잎마름병,0
2025.08.01,함평군,줄무늬잎마름병,0
2025.08.01,해남군,줄무늬잎마름병,0
2025.08.01,화순군,줄무늬잎마름병,0
2025.08.16,강진군,줄무늬잎마름병,0
2025.08.16,고흥군,줄무늬잎마름병,0
2025.08.16,곡성군,줄무늬잎마름병,0
2025.08.16,광양시,줄무늬잎마름병,0
2025.08.16,구례군,줄무늬잎마름병,0
2025.08.16,나주시,줄무늬잎마름병,0
2025.08.16,담양군,줄무늬잎마름병,0
2025.08.16,무안군,줄무늬잎마름병,0
2025.08.16,보성군,줄무늬잎마름병,0
2025.08.16,순천시,줄무늬잎마름병,0
2025.08.16,신안군,줄무늬잎마름병,0
2025.08.16,여수시,줄무늬잎마름병,0
2025.08.16,영광군,줄무늬잎마름병,0
2025.08.16,영암군,줄무늬잎마름병,0
2025.08.16,완도군,줄무늬잎마름병,0
2025.08.16,장성군,줄무늬잎마름병,0
2025.08.16,장흥군,줄무늬잎마름병,0
2025.08.16,진도군,줄무늬잎마름병,0
2025.08.16,함평군,줄무늬잎마름병,0
2025.08.16,해남군,줄무늬잎마름병,0
2025.08.16,화순군,줄무늬잎마름병,0
2025.09.01,강진군,줄무늬잎마름병,0
2025.09.01,고흥군,줄무늬잎마름병,0
2025.09.01,곡성군,줄무늬잎마름병,0
2025.09.01,광양시,줄무늬잎마름병,0
2025.09.01,구례군,줄무늬잎마름병,0
2025.09.01,나주시,줄무늬잎마름병,0
2025.09.01,담양군,줄무늬잎마름병,0
2025.09.01,무안군,줄무늬잎마름병,0
2025.09.01,보성군,줄무늬잎마름병,0
2025.09.01,순천시,줄무늬잎마름병,0
2025.09.01,신안군,줄무늬잎마름병,0
2025.09.01,여수시,줄무늬잎마름병,0
2025.09.01,영광군,줄무늬잎마름병,0
2025.09.01,영암군,줄무늬잎마름병,0
2025.09.01,완도군,줄무늬잎마름병,0
2025.09.01,장성군,줄무늬잎마름병,0
2025.09.01,장흥군,줄무늬잎마름병,0
2025.09.01,진도군,줄무늬잎마름병,0
2025.09.01,함평군,줄무늬잎마름병,0
2025.09.01,해남군,줄무늬잎마름병,0
2025.09.01,화순군,줄무늬잎마름병,0
2025.09.16,강진군,줄무늬잎마름병,0
2025.09.16,고흥군,줄무늬잎마름병,0
2025.09.16,곡성군,줄무늬잎마름병,0
2025.09.16,광양시,줄무늬잎마름병,0
2025.09.16,구례군,줄무늬잎마름병,0
2025.09.16,나주시,줄무늬잎마름병,0
2025.09.16,담양군,줄무늬잎마름병,0
2025.09.16,무안군,줄무늬잎마름병,0
2025.09.16,보성군,줄무늬잎마름병,0
2025.09.16,순천시,줄무늬잎마름병,0
2025.09.16,신안군,줄무늬잎마름병,0
2025.09.16,여수시,줄무늬잎마름병,0
2025.09.16,영광군,줄무늬잎마름병,0
2025.09.16,영암군,줄무늬잎마름병,0
2025.09.16,완도군,줄무늬잎마름병,0
2025.09.16,장성군,줄무늬잎마름병,0
2025.09.16,장흥군,줄무늬잎마름병,0
2025.09.16,진도군,줄무늬잎마름병,0
2025.09.16,함평군,줄무늬잎마름병,0
2025.09.16,해남군,줄무늬잎마름병,0
2025.09.16,화순군,줄무늬잎마름병,0
2014.09.16,강진군,혹명나방,0
2014.09.16,고흥군,혹명나방,0
2014.09.16,곡성군,혹명나방,0
2014.09.16,광양시,혹명나방,0
2014.09.16,구례군,혹명나방,0
2014.09.16,나주시,혹명나방,0
2014.09.16,담양군,혹명나방,0
2014.09.16,무안군,혹명나방,0
2014.09.16,보성군,혹명나방,0
2014.09.16,순천시,혹명나방,1
2014.09.16,신안군,혹명나방,0
2014.09.16,여수시,혹명나방,1
2014.09.16,영광군,혹명나방,0
2014.09.16,영암군,혹명나방,1
2014.09.16,완도군,혹명나방,0
2014.09.16,장성군,혹명나방,0
2014.09.16,장흥군,혹명나방,0
2014.09.16,진도군,혹명나방,0
2014.09.16,함평군,혹명나방,0
2014.09.16,해남군,혹명나방,0
2014.09.16,화순군,혹명나방,0
2015.06.16,강진군,혹명나방,0
2015.06.16,고흥군,혹명나방,0
2015.06.16,곡성군,혹명나방,0
2015.06.16,광양시,혹명나방,0
2015.06.16,구례군,혹명나방,0
2015.06.16,나주시,혹명나방,0
2015.06.16,담양군,혹명나방,0
2015.06.16,무안군,혹명나방,0
2015.06.16,보성군,혹명나방,0
2015.06.16,순천시,혹명나방,0
2015.06.16,신안군,혹명나방,0
2015.06.16,여수시,혹명나방,0
2015.06.16,영광군,혹명나방,0
2015.06.16,영암군,혹명나방,0
2015.06.16,완도군,혹명나방,0
2015.06.16,장성군,혹명나방,0
2015.06.16,장흥군,혹명나방,0
2015.06.16,진도군,혹명나방,0
2015.06.16,함평군,혹명나방,0
2015.06.16,해남군,혹명나방,0
2015.06.16,화순군,혹명나방,0
2015.07.01,강진군,혹명나방,0
2015.07.01,고흥군,혹명나방,0
2015.07.01,곡성군,혹명나방,0
2015.07.01,광양시,혹명나방,0
2015.07.01,구례군,혹명나방,0
2015.07.01,나주시,혹명나방,0
2015.07.01,담양군,혹명나방,0
2015.07.01,무안군,혹명나방,0
2015.07.01,보성군,혹명나방,0
2015.07.01,순천시,혹명나방,0
2015.07.01,신안군,혹명나방,0
2015.07.01,여수시,혹명나방,0
2015.07.01,영광군,혹명나방,0
2015.07.01,영암군,혹명나방,0
2015.07.01,완도군,혹명나방,0
2015.07.01,장성군,혹명나방,0
2015.07.01,장흥군,혹명나방,0
2015.07.01,진도군,혹명나방,0
2015.07.01,함평군,혹명나방,0
2015.07.01,해남군,혹명나방,0
2015.07.01,화순군,혹명나방,0
2015.07.16,강진군,혹명나방,0
2015.07.16,고흥군,혹명나방,0
2015.07.16,곡성군,혹명나방,0
2015.07.16,광양시,혹명나방,0
2015.07.16,구례군,혹명나방,0
2015.07.16,나주시,혹명나방,0
2015.07.16,담양군,혹명나방,0
2015.07.16,무안군,혹명나방,0
2015.07.16,보성군,혹명나방,0
2015.07.16,순천시,혹명나방,0
2015.07.16,신안군,혹명나방,1
2015.07.16,여수시,혹명나방,0
2015.07.16,영광군,혹명나방,0
2015.07.16,영암군,혹명나방,0
2015.07.16,완도군,혹명나방,0
2015.07.16,장성군,혹명나방,1
2015.07.16,장흥군,혹명나방,1
2015.07.16,진도군,혹명나방,0
2015.07.16,함평군,혹명나방,0
2015.07.16,해남군,혹명나방,0
2015.07.16,화순군,혹명나방,0
2015.08.01,강진군,혹명나방,1
2015.08.01,고흥군,혹명나방,0
2015.08.01,곡성군,혹명나방,0
2015.08.01,광양시,혹명나방,1
2015.08.01,구례군,혹명나방,0
2015.08.01,나주시,혹명나방,1
2015.08.01,담양군,혹명나방,0
2015.08.01,무안군,혹명나방,0
2015.08.01,보성군,혹명나방,0
2015.08.01,순천시,혹명나방,0
2015.08.01,신안군,혹명나방,0
2015.08.01,여수시,혹명나방,0
2015.08.01,영광군,혹명나방,0
2015.08.01,영암군,혹명나방,1
2015.08.01,완도군,혹명나방,1
2015.08.01,장성군,혹명나방,1
2015.08.01,장흥군,혹명나방,1
2015.08.01,진도군,혹명나방,0
2015.08.01,함평군,혹명나방,0
2015.08.01,해남군,혹명나방,1
2015.08.01,화순군,혹명나방,0
2015.08.16,강진군,혹명나방,1
2015.08.16,고흥군,혹명나방,1
2015.08.16,곡성군,혹명나방,0
2015.08.16,광양시,혹명나방,0
2015.08.16,구례군,혹명나방,0
2015.08.16,나주시,혹명나방,1
2015.08.16,담양군,혹명나방,0
2015.08.16,무안군,혹명나방,0
2015.08.16,보성군,혹명나방,0
2015.08.16,순천시,혹명나방,1
2015.08.16,신안군,혹명나방,1
2015.08.16,여수시,혹명나방,1
2015.08.16,영광군,혹명나방,1
2015.08.16,영암군,혹명나방,1
2015.08.16,완도군,혹명나방,0
2015.08.16,장성군,혹명나방,1
2015.08.16,장흥군,혹명나방,1
2015.08.16,진도군,혹명나방,1
2015.08.16,함평군,혹명나방,1
2015.08.16,해남군,혹명나방,1
2015.08.16,화순군,혹명나방,0
2016.06.01,강진군,혹명나방,0
2016.06.01,고흥군,혹명나방,0
2016.06.01,곡성군,혹명나방,0
2016.06.01,광양시,혹명나방,0
2016.06.01,구례군,혹명나방,0
2016.06.01,나주시,혹명나방,0
2016.06.01,담양군,혹명나방,0
2016.06.01,무안군,혹명나방,0
2016.06.01,보성군,혹명나방,0
2016.06.01,순천시,혹명나방,0
2016.06.01,신안군,혹명나방,0
2016.06.01,여수시,혹명나방,0
2016.06.01,영광군,혹명나방,0
2016.06.01,영암군,혹명나방,0
2016.06.01,완도군,혹명나방,0
2016.06.01,장성군,혹명나방,0
2016.06.01,장흥군,혹명나방,0
2016.06.01,진도군,혹명나방,0
2016.06.01,함평군,혹명나방,0
2016.06.01,해남군,혹명나방,0
2016.06.01,화순군,혹명나방,0
2016.06.16,강진군,혹명나방,0
2016.06.16,고흥군,혹명나방,0
2016.06.16,곡성군,혹명나방,0
2016.06.16,광양시,혹명나방,0
2016.06.16,구례군,혹명나방,0
2016.06.16,나주시,혹명나방,0
2016.06.16,담양군,혹명나방,0
2016.06.16,무안군,혹명나방,0
2016.06.16,보성군,혹명나방,0
2016.06.16,순천시,혹명나방,0
2016.06.16,신안군,혹명나방,0
2016.06.16,여수시,혹명나방,0
2016.06.16,영광군,혹명나방,0
2016.06.16,영암군,혹명나방,0
2016.06.16,완도군,혹명나방,0
2016.06.16,장성군,혹명나방,0
2016.06.16,장흥군,혹명나방,0
2016.06.16,진도군,혹명나방,0
2016.06.16,함평군,혹명나방,0
2016.06.16,해남군,혹명나방,0
2016.06.16,화순군,혹명나방,0
2016.07.01,강진군,혹명나방,0
2016.07.01,고흥군,혹명나방,0
2016.07.01,곡성군,혹명나방,0
2016.07.01,광양시,혹명나방,0
2016.07.01,구례군,혹명나방,0
2016.07.01,나주시,혹명나방,0
2016.07.01,담양군,혹명나방,0
2016.07.01,무안군,혹명나방,0
2016.07.01,보성군,혹명나방,0
2016.07.01,순천시,혹명나방,0
2016.07.01,신안군,혹명나방,0
2016.07.01,여수시,혹명나방,0
2016.07.01,영광군,혹명나방,0
2016.07.01,영암군,혹명나방,0
2016.07.01,완도군,혹명나방,0
2016.07.01,장성군,혹명나방,0
2016.07.01,장흥군,혹명나방,0
2016.07.01,진도군,혹명나방,0
2016.07.01,함평군,혹명나방,0
2016.07.01,해남군,혹명나방,0
2016.07.01,화순군,혹명나방,0
2016.07.16,강진군,혹명나방,0
2016.07.16,고흥군,혹명나방,0
2016.07.16,곡성군,혹명나방,0
2016.07.16,광양시,혹명나방,0
2016.07.16,구례군,혹명나방,0
2016.07.16,나주시,혹명나방,0
2016.07.16,담양군,혹명나방,0
2016.07.16,무안군,혹명나방,0
2016.07.16,보성군,혹명나방,0
2016.07.16,순천시,혹명나방,0
2016.07.16,신안군,혹명나방,0
2016.07.16,여수시,혹명나방,1
2016.07.16,영광군,혹명나방,0
2016.07.16,영암군,혹명나방,1
2016.07.16,완도군,혹명나방,0
2016.07.16,장성군,혹명나방,0
2016.07.16,장흥군,혹명나방,1
2016.07.16,진도군,혹명나방,1
2016.07.16,함평군,혹명나방,0
2016.07.16,해남군,혹명나방,0
2016.07.16,화순군,혹명나방,0
2016.08.01,강진군,혹명나방,1
2016.08.01,고흥군,혹명나방,1
2016.08.01,곡성군,혹명나방,0
2016.08.01,광양시,혹명나방,0
2016.08.01,구례군,혹명나방,0
2016.08.01,나주시,혹명나방,1
2016.08.01,담양군,혹명나방,1
2016.08.01,무안군,혹명나방,0
2016.08.01,보성군,혹명나방,0
2016.08.01,순천시,혹명나방,1
2016.08.01,신안군,혹명나방,1
2016.08.01,여수시,혹명나방,0
2016.08.01,영광군,혹명나방,1
2016.08.01,영암군,혹명나방,1
2016.08.01,완도군,혹명나방,0
2016.08.01,장성군,혹명나방,1
2016.08.01,장흥군,혹명나방,1
2016.08.01,진도군,혹명나방,1
2016.08.01,함평군,혹명나방,0
2016.08.01,해남군,혹명나방,0
2016.08.01,화순군,혹명나방,0
2016.08.16,강진군,혹명나방,1
2016.08.16,고흥군,혹명나방,1
2016.08.16,곡성군,혹명나방,0
2016.08.16,광양시,혹명나방,0
2016.08.16,구례군,혹명나방,0
2016.08.16,나주시,혹명나방,0
2016.08.16,담양군,혹명나방,1
2016.08.16,무안군,혹명나방,0
2016.08.16,보성군,혹명나방,0
2016.08.16,순천시,혹명나방,1
2016.08.16,신안군,혹명나방,1
2016.08.16,여수시,혹명나방,1
2016.08.16,영광군,혹명나방,1
2016.08.16,영암군,혹명나방,1
2016.08.16,완도군,혹명나방,0
2016.08.16,장성군,혹명나방,1
2016.08.16,장흥군,혹명나방,1
2016.08.16,진도군,혹명나방,1
2016.08.16,함평군,혹명나방,1
2016.08.16,해남군,혹명나방,1
2016.08.16,화순군,혹명나방,0
2016.09.01,강진군,혹명나방,0
2016.09.01,고흥군,혹명나방,1
2016.09.01,곡성군,혹명나방,1
2016.09.01,광양시,혹명나방,0
2016.09.01,구례군,혹명나방,0
2016.09.01,나주시,혹명나방,0
2016.09.01,담양군,혹명나방,0
2016.09.01,무안군,혹명나방,0
2016.09.01,보성군,혹명나방,0
2016.09.01,순천시,혹명나방,0
2016.09.01,신안군,혹명나방,1
2016.09.01,여수시,혹명나방,1
2016.09.01,영광군,혹명나방,1
2016.09.01,영암군,혹명나방,1
2016.09.01,완도군,혹명나방,1
2016.09.01,장성군,혹명나방,1
2016.09.01,장흥군,혹명나방,1
2016.09.01,진도군,혹명나방,1
2016.09.01,함평군,혹명나방,1
2016.09.01,해남군,혹명나방,1
2016.09.01,화순군,혹명나방,1
2016.09.16,강진군,혹명나방,0
2016.09.16,고흥군,혹명나방,1
2016.09.16,곡성군,혹명나방,0
2016.09.16,광양시,혹명나방,0
2016.09.16,구례군,혹명나방,0
2016.09.16,나주시,혹명나방,0
2016.09.16,담양군,혹명나방,1
2016.09.16,무안군,혹명나방,1
2016.09.16,보성군,혹명나방,0
2016.09.16,순천시,혹명나방,0
2016.09.16,신안군,혹명나방,1
2016.09.16,여수시,혹명나방,0
2016.09.16,영광군,혹명나방,1
2016.09.16,영암군,혹명나방,1
2016.09.16,완도군,혹명나방,0
2016.09.16,장성군,혹명나방,1
2016.09.16,장흥군,혹명나방,1
2016.09.16,진도군,혹명나방,0
2016.09.16,함평군,혹명나방,0
2016.09.16,해남군,혹명나방,1
2016.09.16,화순군,혹명나방,1
2017.06.01,강진군,혹명나방,0
2017.06.01,고흥군,혹명나방,0
2017.06.01,곡성군,혹명나방,0
2017.06.01,광양시,혹명나방,0
2017.06.01,구례군,혹명나방,0
2017.06.01,나주시,혹명나방,0
2017.06.01,담양군,혹명나방,0
2017.06.01,무안군,혹명나방,0
2017.06.01,보성군,혹명나방,0
2017.06.01,순천시,혹명나방,0
2017.06.01,신안군,혹명나방,0
2017.06.01,여수시,혹명나방,0
2017.06.01,영광군,혹명나방,0
2017.06.01,영암군,혹명나방,0
2017.06.01,완도군,혹명나방,0
2017.06.01,장성군,혹명나방,0
2017.06.01,장흥군,혹명나방,0
2017.06.01,진도군,혹명나방,0
2017.06.01,함평군,혹명나방,0
2017.06.01,해남군,혹명나방,0
2017.06.01,화순군,혹명나방,0
2017.06.16,강진군,혹명나방,0
2017.06.16,고흥군,혹명나방,0
2017.06.16,곡성군,혹명나방,0
2017.06.16,광양시,혹명나방,0
2017.06.16,구례군,혹명나방,0
2017.06.16,나주시,혹명나방,0
2017.06.16,담양군,혹명나방,0
2017.06.16,무안군,혹명나방,0
2017.06.16,보성군,혹명나방,0
2017.06.16,순천시,혹명나방,0
2017.06.16,신안군,혹명나방,0
2017.06.16,여수시,혹명나방,0
2017.06.16,영광군,혹명나방,0
2017.06.16,영암군,혹명나방,0
2017.06.16,완도군,혹명나방,0
2017.06.16,장성군,혹명나방,0
2017.06.16,장흥군,혹명나방,0
2017.06.16,진도군,혹명나방,0
2017.06.16,함평군,혹명나방,0
2017.06.16,해남군,혹명나방,0
2017.06.16,화순군,혹명나방,0
2017.07.01,강진군,혹명나방,0
2017.07.01,고흥군,혹명나방,0
2017.07.01,곡성군,혹명나방,0
2017.07.01,광양시,혹명나방,0
2017.07.01,구례군,혹명나방,0
2017.07.01,나주시,혹명나방,0
2017.07.01,담양군,혹명나방,0
2017.07.01,무안군,혹명나방,0
2017.07.01,보성군,혹명나방,0
2017.07.01,순천시,혹명나방,0
2017.07.01,신안군,혹명나방,0
2017.07.01,여수시,혹명나방,0
2017.07.01,영광군,혹명나방,0
2017.07.01,영암군,혹명나방,0
2017.07.01,완도군,혹명나방,0
2017.07.01,장성군,혹명나방,0
2017.07.01,장흥군,혹명나방,0
2017.07.01,진도군,혹명나방,0
2017.07.01,함평군,혹명나방,0
2017.07.01,해남군,혹명나방,0
2017.07.01,화순군,혹명나방,0
2017.07.16,강진군,혹명나방,0
2017.07.16,고흥군,혹명나방,0
2017.07.16,곡성군,혹명나방,0
2017.07.16,광양시,혹명나방,0
2017.07.16,구례군,혹명나방,0
2017.07.16,나주시,혹명나방,0
2017.07.16,담양군,혹명나방,0
2017.07.16,무안군,혹명나방,0
2017.07.16,보성군,혹명나방,0
2017.07.16,순천시,혹명나방,0
2017.07.16,신안군,혹명나방,0
2017.07.16,여수시,혹명나방,0
2017.07.16,영광군,혹명나방,0
2017.07.16,영암군,혹명나방,0
2017.07.16,완도군,혹명나방,0
2017.07.16,장성군,혹명나방,0
2017.07.16,장흥군,혹명나방,1
2017.07.16,진도군,혹명나방,1
2017.07.16,함평군,혹명나방,0
2017.07.16,해남군,혹명나방,0
2017.07.16,화순군,혹명나방,0
2017.08.01,강진군,혹명나방,0
2017.08.01,고흥군,혹명나방,1
2017.08.01,곡성군,혹명나방,1
2017.08.01,광양시,혹명나방,0
2017.08.01,구례군,혹명나방,0
2017.08.01,나주시,혹명나방,0
2017.08.01,담양군,혹명나방,0
2017.08.01,무안군,혹명나방,0
2017.08.01,보성군,혹명나방,0
2017.08.01,순천시,혹명나방,1
2017.08.01,신안군,혹명나방,1
2017.08.01,여수시,혹명나방,0
2017.08.01,영광군,혹명나방,0
2017.08.01,영암군,혹명나방,0
2017.08.01,완도군,혹명나방,0
2017.08.01,장성군,혹명나방,0
2017.08.01,장흥군,혹명나방,1
2017.08.01,진도군,혹명나방,1
2017.08.01,함평군,혹명나방,1
2017.08.01,해남군,혹명나방,1
2017.08.01,화순군,혹명나방,0
2017.08.16,강진군,혹명나방,0
2017.08.16,고흥군,혹명나방,1
2017.08.16,곡성군,혹명나방,1
2017.08.16,광양시,혹명나방,0
2017.08.16,구례군,혹명나방,0
2017.08.16,나주시,혹명나방,0
2017.08.16,담양군,혹명나방,0
2017.08.16,무안군,혹명나방,0
2017.08.16,보성군,혹명나방,0
2017.08.16,순천시,혹명나방,0
2017.08.16,신안군,혹명나방,1
2017.08.16,여수시,혹명나방,0
2017.08.16,영광군,혹명나방,0
2017.08.16,영암군,혹명나방,1
2017.08.16,완도군,혹명나방,0
2017.08.16,장성군,혹명나방,0
2017.08.16,장흥군,혹명나방,1
2017.08.16,진도군,혹명나방,1
2017.08.16,함평군,혹명나방,1
2017.08.16,해남군,혹명나방,1
2017.08.16,화순군,혹명나방,1
2017.09.01,강진군,혹명나방,0
2017.09.01,고흥군,혹명나방,1
2017.09.01,곡성군,혹명나방,1
2017.09.01,광양시,혹명나방,0
2017.09.01,구례군,혹명나방,0
2017.09.01,나주시,혹명나방,0
2017.09.01,담양군,혹명나방,1
2017.09.01,무안군,혹명나방,1
2017.09.01,보성군,혹명나방,1
2017.09.01,순천시,혹명나방,1
2017.09.01,신안군,혹명나방,1
2017.09.01,여수시,혹명나방,0
2017.09.01,영광군,혹명나방,0
2017.09.01,영암군,혹명나방,1
2017.09.01,완도군,혹명나방,0
2017.09.01,장성군,혹명나방,0
2017.09.01,장흥군,혹명나방,1
2017.09.01,진도군,혹명나방,1
2017.09.01,함평군,혹명나방,1
2017.09.01,해남군,혹명나방,0
2017.09.01,화순군,혹명나방,1
2017.09.16,강진군,혹명나방,0
2017.09.16,고흥군,혹명나방,1
2017.09.16,곡성군,혹명나방,1
2017.09.16,광양시,혹명나방,0
2017.09.16,구례군,혹명나방,0
2017.09.16,나주시,혹명나방,1
2017.09.16,담양군,혹명나방,1
2017.09.16,무안군,혹명나방,0
2017.09.16,보성군,혹명나방,1
2017.09.16,순천시,혹명나방,1
2017.09.16,신안군,혹명나방,1
2017.09.16,여수시,혹명나방,0
2017.09.16,영광군,혹명나방,0
2017.09.16,영암군,혹명나방,1
2017.09.16,완도군,혹명나방,0
2017.09.16,장성군,혹명나방,0
2017.09.16,장흥군,혹명나방,1
2017.09.16,진도군,혹명나방,1
2017.09.16,함평군,혹명나방,1
2017.09.16,해남군,혹명나방,1
2017.09.16,화순군,혹명나방,1
2018.06.01,강진군,혹명나방,0
2018.06.01,고흥군,혹명나방,0
2018.06.01,곡성군,혹명나방,0
2018.06.01,광양시,혹명나방,0
2018.06.01,구례군,혹명나방,0
2018.06.01,나주시,혹명나방,0
2018.06.01,담양군,혹명나방,0
2018.06.01,무안군,혹명나방,0
2018.06.01,보성군,혹명나방,0
2018.06.01,순천시,혹명나방,0
2018.06.01,신안군,혹명나방,0
2018.06.01,여수시,혹명나방,0
2018.06.01,영광군,혹명나방,0
2018.06.01,영암군,혹명나방,0
2018.06.01,완도군,혹명나방,0
2018.06.01,장성군,혹명나방,0
2018.06.01,장흥군,혹명나방,0
2018.06.01,진도군,혹명나방,0
2018.06.01,함평군,혹명나방,0
2018.06.01,해남군,혹명나방,0
2018.06.01,화순군,혹명나방,0
2018.06.16,강진군,혹명나방,0
2018.06.16,고흥군,혹명나방,0
2018.06.16,곡성군,혹명나방,0
2018.06.16,광양시,혹명나방,0
2018.06.16,구례군,혹명나방,0
2018.06.16,나주시,혹명나방,0
2018.06.16,담양군,혹명나방,0
2018.06.16,무안군,혹명나방,0
2018.06.16,보성군,혹명나방,0
2018.06.16,순천시,혹명나방,0
2018.06.16,신안군,혹명나방,0
2018.06.16,여수시,혹명나방,0
2018.06.16,영광군,혹명나방,0
2018.06.16,영암군,혹명나방,0
2018.06.16,완도군,혹명나방,0
2018.06.16,장성군,혹명나방,0
2018.06.16,장흥군,혹명나방,0
2018.06.16,진도군,혹명나방,0
2018.06.16,함평군,혹명나방,0
2018.06.16,해남군,혹명나방,0
2018.06.16,화순군,혹명나방,0
2018.07.01,강진군,혹명나방,0
2018.07.01,고흥군,혹명나방,0
2018.07.01,광양시,혹명나방,0
2018.07.01,나주시,혹명나방,0
2018.07.01,순천시,혹명나방,0
2018.07.01,신안군,혹명나방,0
2018.07.01,여수시,혹명나방,0
2018.07.01,영광군,혹명나방,0
2018.07.01,영암군,혹명나방,0
2018.07.01,완도군,혹명나방,0
2018.07.01,진도군,혹명나방,0
2018.07.01,해남군,혹명나방,0
2018.07.01,화순군,혹명나방,0
2018.07.16,강진군,혹명나방,0
2018.07.16,고흥군,혹명나방,0
2018.07.16,곡성군,혹명나방,0
2018.07.16,광양시,혹명나방,0
2018.07.16,구례군,혹명나방,0
2018.07.16,나주시,혹명나방,0
2018.07.16,담양군,혹명나방,0
2018.07.16,무안군,혹명나방,0
2018.07.16,보성군,혹명나방,0
2018.07.16,순천시,혹명나방,0
2018.07.16,신안군,혹명나방,0
2018.07.16,여수시,혹명나방,0
2018.07.16,영광군,혹명나방,0
2018.07.16,영암군,혹명나방,0
2018.07.16,완도군,혹명나방,0
2018.07.16,장성군,혹명나방,0
2018.07.16,장흥군,혹명나방,1
2018.07.16,진도군,혹명나방,0
2018.07.16,함평군,혹명나방,0
2018.07.16,해남군,혹명나방,1
2018.07.16,화순군,혹명나방,0
2018.08.01,강진군,혹명나방,0
2018.08.01,고흥군,혹명나방,1
2018.08.01,곡성군,혹명나방,1
2018.08.01,광양시,혹명나방,0
2018.08.01,구례군,혹명나방,0
2018.08.01,나주시,혹명나방,0
2018.08.01,담양군,혹명나방,0
2018.08.01,무안군,혹명나방,0
2018.08.01,보성군,혹명나방,0
2018.08.01,순천시,혹명나방,0
2018.08.01,신안군,혹명나방,0
2018.08.01,여수시,혹명나방,0
2018.08.01,영광군,혹명나방,0
2018.08.01,영암군,혹명나방,0
2018.08.01,완도군,혹명나방,1
2018.08.01,장성군,혹명나방,0
2018.08.01,장흥군,혹명나방,1
2018.08.01,진도군,혹명나방,0
2018.08.01,함평군,혹명나방,1
2018.08.01,해남군,혹명나방,1
2018.08.01,화순군,혹명나방,0
2018.08.16,강진군,혹명나방,0
2018.08.16,고흥군,혹명나방,1
2018.08.16,곡성군,혹명나방,1
2018.08.16,광양시,혹명나방,0
2018.08.16,구례군,혹명나방,0
2018.08.16,나주시,혹명나방,1
2018.08.16,담양군,혹명나방,0
2018.08.16,무안군,혹명나방,0
2018.08.16,보성군,혹명나방,1
2018.08.16,순천시,혹명나방,0
2018.08.16,신안군,혹명나방,0
2018.08.16,여수시,혹명나방,1
2018.08.16,영광군,혹명나방,0
2018.08.16,영암군,혹명나방,0
2018.08.16,완도군,혹명나방,1
2018.08.16,장성군,혹명나방,0
2018.08.16,장흥군,혹명나방,1
2018.08.16,진도군,혹명나방,1
2018.08.16,함평군,혹명나방,1
2018.08.16,해남군,혹명나방,1
2018.08.16,화순군,혹명나방,0
2018.09.01,강진군,혹명나방,0
2018.09.01,고흥군,혹명나방,1
2018.09.01,곡성군,혹명나방,1
2018.09.01,광양시,혹명나방,0
2018.09.01,구례군,혹명나방,0
2018.09.01,나주시,혹명나방,0
2018.09.01,담양군,혹명나방,0
2018.09.01,무안군,혹명나방,0
2018.09.01,보성군,혹명나방,1
2018.09.01,순천시,혹명나방,0
2018.09.01,신안군,혹명나방,0
2018.09.01,여수시,혹명나방,1
2018.09.01,영광군,혹명나방,0
2018.09.01,영암군,혹명나방,0
2018.09.01,완도군,혹명나방,1
2018.09.01,장성군,혹명나방,1
2018.09.01,장흥군,혹명나방,1
2018.09.01,진도군,혹명나방,1
2018.09.01,함평군,혹명나방,1
2018.09.01,해남군,혹명나방,1
2018.09.01,화순군,혹명나방,1
2018.09.16,강진군,혹명나방,0
2018.09.16,고흥군,혹명나방,1
2018.09.16,곡성군,혹명나방,1
2018.09.16,광양시,혹명나방,0
2018.09.16,구례군,혹명나방,0
2018.09.16,나주시,혹명나방,0
2018.09.16,담양군,혹명나방,0
2018.09.16,무안군,혹명나방,0
2018.09.16,보성군,혹명나방,0
2018.09.16,순천시,혹명나방,0
2018.09.16,신안군,혹명나방,1
2018.09.16,여수시,혹명나방,1
2018.09.16,영광군,혹명나방,0
2018.09.16,영암군,혹명나방,0
2018.09.16,완도군,혹명나방,1
2018.09.16,장성군,혹명나방,0
2018.09.16,장흥군,혹명나방,1
2018.09.16,진도군,혹명나방,1
2018.09.16,함평군,혹명나방,1
2018.09.16,해남군,혹명나방,1
2018.09.16,화순군,혹명나방,0
2019.06.01,강진군,혹명나방,0
2019.06.01,고흥군,혹명나방,0
2019.06.01,곡성군,혹명나방,0
2019.06.01,광양시,혹명나방,0
2019.06.01,구례군,혹명나방,0
2019.06.01,나주시,혹명나방,0
2019.06.01,담양군,혹명나방,0
2019.06.01,무안군,혹명나방,0
2019.06.01,보성군,혹명나방,0
2019.06.01,순천시,혹명나방,0
2019.06.01,신안군,혹명나방,0
2019.06.01,여수시,혹명나방,0
2019.06.01,영광군,혹명나방,0
2019.06.01,영암군,혹명나방,0
2019.06.01,완도군,혹명나방,0
2019.06.01,장성군,혹명나방,0
2019.06.01,장흥군,혹명나방,0
2019.06.01,진도군,혹명나방,0
2019.06.01,함평군,혹명나방,0
2019.06.01,해남군,혹명나방,0
2019.06.01,화순군,혹명나방,0
2019.06.16,강진군,혹명나방,0
2019.06.16,고흥군,혹명나방,0
2019.06.16,곡성군,혹명나방,0
2019.06.16,광양시,혹명나방,0
2019.06.16,구례군,혹명나방,0
2019.06.16,나주시,혹명나방,0
2019.06.16,담양군,혹명나방,0
2019.06.16,무안군,혹명나방,0
2019.06.16,보성군,혹명나방,0
2019.06.16,순천시,혹명나방,0
2019.06.16,신안군,혹명나방,0
2019.06.16,여수시,혹명나방,0
2019.06.16,영광군,혹명나방,0
2019.06.16,영암군,혹명나방,0
2019.06.16,완도군,혹명나방,0
2019.06.16,장성군,혹명나방,0
2019.06.16,장흥군,혹명나방,0
2019.06.16,진도군,혹명나방,0
2019.06.16,함평군,혹명나방,0
2019.06.16,해남군,혹명나방,0
2019.06.16,화순군,혹명나방,0
2019.07.01,강진군,혹명나방,0
2019.07.01,고흥군,혹명나방,0
2019.07.01,곡성군,혹명나방,0
2019.07.01,광양시,혹명나방,0
2019.07.01,구례군,혹명나방,0
2019.07.01,나주시,혹명나방,0
2019.07.01,담양군,혹명나방,0
2019.07.01,무안군,혹명나방,0
2019.07.01,보성군,혹명나방,0
2019.07.01,순천시,혹명나방,0
2019.07.01,신안군,혹명나방,0
2019.07.01,여수시,혹명나방,0
2019.07.01,영광군,혹명나방,0
2019.07.01,영암군,혹명나방,0
2019.07.01,완도군,혹명나방,0
2019.07.01,장성군,혹명나방,0
2019.07.01,장흥군,혹명나방,0
2019.07.01,진도군,혹명나방,0
2019.07.01,함평군,혹명나방,0
2019.07.01,해남군,혹명나방,0
2019.07.01,화순군,혹명나방,0
2019.07.16,강진군,혹명나방,0
2019.07.16,고흥군,혹명나방,0
2019.07.16,곡성군,혹명나방,1
2019.07.16,광양시,혹명나방,0
2019.07.16,구례군,혹명나방,0
2019.07.16,나주시,혹명나방,0
2019.07.16,담양군,혹명나방,0
2019.07.16,무안군,혹명나방,0
2019.07.16,보성군,혹명나방,0
2019.07.16,순천시,혹명나방,0
2019.07.16,신안군,혹명나방,0
2019.07.16,여수시,혹명나방,0
2019.07.16,영광군,혹명나방,0
2019.07.16,영암군,혹명나방,1
2019.07.16,완도군,혹명나방,0
2019.07.16,장성군,혹명나방,0
2019.07.16,장흥군,혹명나방,1
2019.07.16,진도군,혹명나방,0
2019.07.16,함평군,혹명나방,0
2019.07.16,해남군,혹명나방,0
2019.07.16,화순군,혹명나방,0
2019.08.01,강진군,혹명나방,1
2019.08.01,고흥군,혹명나방,1
2019.08.01,곡성군,혹명나방,1
2019.08.01,광양시,혹명나방,0
2019.08.01,구례군,혹명나방,0
2019.08.01,나주시,혹명나방,1
2019.08.01,담양군,혹명나방,1
2019.08.01,무안군,혹명나방,1
2019.08.01,보성군,혹명나방,1
2019.08.01,순천시,혹명나방,1
2019.08.01,신안군,혹명나방,1
2019.08.01,여수시,혹명나방,1
2019.08.01,영광군,혹명나방,0
2019.08.01,영암군,혹명나방,1
2019.08.01,완도군,혹명나방,1
2019.08.01,장성군,혹명나방,0
2019.08.01,장흥군,혹명나방,1
2019.08.01,진도군,혹명나방,0
2019.08.01,함평군,혹명나방,1
2019.08.01,해남군,혹명나방,1
2019.08.01,화순군,혹명나방,1
2019.08.16,강진군,혹명나방,0
2019.08.16,고흥군,혹명나방,1
2019.08.16,광양시,혹명나방,0
2019.08.16,구례군,혹명나방,1
2019.08.16,무안군,혹명나방,0
2019.08.16,보성군,혹명나방,0
2019.08.16,순천시,혹명나방,1
2019.08.16,신안군,혹명나방,1
2019.08.16,여수시,혹명나방,1
2019.08.16,영광군,혹명나방,1
2019.08.16,완도군,혹명나방,0
2019.08.16,장흥군,혹명나방,1
2019.08.16,진도군,혹명나방,1
2019.08.16,함평군,혹명나방,1
2019.08.16,해남군,혹명나방,0
2019.08.16,화순군,혹명나방,1
2019.09.01,강진군,혹명나방,0
2019.09.01,고흥군,혹명나방,1
2019.09.01,곡성군,혹명나방,0
2019.09.01,광양시,혹명나방,0
2019.09.01,구례군,혹명나방,1
2019.09.01,나주시,혹명나방,0
2019.09.01,담양군,혹명나방,0
2019.09.01,무안군,혹명나방,1
2019.09.01,보성군,혹명나방,0
2019.09.01,순천시,혹명나방,0
2019.09.01,신안군,혹명나방,1
2019.09.01,여수시,혹명나방,0
2019.09.01,영광군,혹명나방,1
2019.09.01,영암군,혹명나방,1
2019.09.01,완도군,혹명나방,1
2019.09.01,장성군,혹명나방,1
2019.09.01,장흥군,혹명나방,1
2019.09.01,진도군,혹명나방,1
2019.09.01,함평군,혹명나방,1
2019.09.01,해남군,혹명나방,1
2019.09.01,화순군,혹명나방,1
2019.09.16,강진군,혹명나방,0
2019.09.16,고흥군,혹명나방,0
2019.09.16,곡성군,혹명나방,1
2019.09.16,광양시,혹명나방,0
2019.09.16,구례군,혹명나방,1
2019.09.16,나주시,혹명나방,0
2019.09.16,담양군,혹명나방,0
2019.09.16,무안군,혹명나방,1
2019.09.16,보성군,혹명나방,1
2019.09.16,순천시,혹명나방,0
2019.09.16,여수시,혹명나방,1
2019.09.16,영광군,혹명나방,1
2019.09.16,영암군,혹명나방,0
2019.09.16,완도군,혹명나방,1
2019.09.16,장성군,혹명나방,1
2019.09.16,장흥군,혹명나방,0
2019.09.16,진도군,혹명나방,0
2019.09.16,함평군,혹명나방,0
2019.09.16,해남군,혹명나방,0
2019.09.16,화순군,혹명나방,0
2020.06.01,강진군,혹명나방,0
2020.06.01,고흥군,혹명나방,0
2020.06.01,광양시,혹명나방,0
2020.06.01,구례군,혹명나방,0
2020.06.01,나주시,혹명나방,0
2020.06.01,담양군,혹명나방,0
2020.06.01,무안군,혹명나방,0
2020.06.01,보성군,혹명나방,0
2020.06.01,순천시,혹명나방,0
2020.06.01,신안군,혹명나방,0
2020.06.01,여수시,혹명나방,0
2020.06.01,영광군,혹명나방,0
2020.06.01,영암군,혹명나방,0
2020.06.01,완도군,혹명나방,0
2020.06.01,장성군,혹명나방,0
2020.06.01,장흥군,혹명나방,0
2020.06.01,진도군,혹명나방,0
2020.06.01,함평군,혹명나방,0
2020.06.01,해남군,혹명나방,0
2020.06.01,화순군,혹명나방,0
2020.06.16,강진군,혹명나방,0
2020.06.16,고흥군,혹명나방,0
2020.06.16,곡성군,혹명나방,0
2020.06.16,광양시,혹명나방,0
2020.06.16,구례군,혹명나방,0
2020.06.16,나주시,혹명나방,0
2020.06.16,담양군,혹명나방,0
2020.06.16,무안군,혹명나방,0
2020.06.16,보성군,혹명나방,1
2020.06.16,순천시,혹명나방,0
2020.06.16,신안군,혹명나방,0
2020.06.16,여수시,혹명나방,0
2020.06.16,영광군,혹명나방,0
2020.06.16,영암군,혹명나방,0
2020.06.16,완도군,혹명나방,0
2020.06.16,장성군,혹명나방,0
2020.06.16,장흥군,혹명나방,0
2020.06.16,진도군,혹명나방,0
2020.06.16,함평군,혹명나방,0
2020.06.16,해남군,혹명나방,0
2020.06.16,화순군,혹명나방,0
2020.07.01,강진군,혹명나방,0
2020.07.01,고흥군,혹명나방,1
2020.07.01,곡성군,혹명나방,1
2020.07.01,광양시,혹명나방,0
2020.07.01,구례군,혹명나방,0
2020.07.01,담양군,혹명나방,0
2020.07.01,무안군,혹명나방,0
2020.07.01,보성군,혹명나방,0
2020.07.01,순천시,혹명나방,0
2020.07.01,신안군,혹명나방,0
2020.07.01,여수시,혹명나방,0
2020.07.01,영광군,혹명나방,0
2020.07.01,영암군,혹명나방,0
2020.07.01,완도군,혹명나방,0
2020.07.01,장성군,혹명나방,0
2020.07.01,장흥군,혹명나방,0
2020.07.01,진도군,혹명나방,0
2020.07.01,함평군,혹명나방,0
2020.07.01,해남군,혹명나방,0
2020.07.01,화순군,혹명나방,0
2020.07.16,강진군,혹명나방,1
2020.07.16,고흥군,혹명나방,1
2020.07.16,곡성군,혹명나방,1
2020.07.16,광양시,혹명나방,0
2020.07.16,구례군,혹명나방,0
2020.07.16,나주시,혹명나방,1
2020.07.16,담양군,혹명나방,1
2020.07.16,무안군,혹명나방,1
2020.07.16,보성군,혹명나방,1
2020.07.16,순천시,혹명나방,1
2020.07.16,신안군,혹명나방,1
2020.07.16,여수시,혹명나방,1
2020.07.16,영광군,혹명나방,0
2020.07.16,영암군,혹명나방,1
2020.07.16,완도군,혹명나방,1
2020.07.16,장성군,혹명나방,1
2020.07.16,장흥군,혹명나방,1
2020.07.16,진도군,혹명나방,1
2020.07.16,함평군,혹명나방,1
2020.07.16,해남군,혹명나방,1
2020.07.16,화순군,혹명나방,1
2020.08.01,강진군,혹명나방,1
2020.08.01,고흥군,혹명나방,1
2020.08.01,곡성군,혹명나방,1
2020.08.01,광양시,혹명나방,1
2020.08.01,구례군,혹명나방,1
2020.08.01,나주시,혹명나방,1
2020.08.01,담양군,혹명나방,1
2020.08.01,무안군,혹명나방,1
2020.08.01,보성군,혹명나방,1
2020.08.01,순천시,혹명나방,1
2020.08.01,신안군,혹명나방,1
2020.08.01,여수시,혹명나방,1
2020.08.01,영광군,혹명나방,1
2020.08.01,영암군,혹명나방,1
2020.08.01,완도군,혹명나방,1
2020.08.01,장성군,혹명나방,1
2020.08.01,장흥군,혹명나방,1
2020.08.01,진도군,혹명나방,1
2020.08.01,함평군,혹명나방,1
2020.08.01,해남군,혹명나방,1
2020.08.01,화순군,혹명나방,1
2020.08.16,강진군,혹명나방,1
2020.08.16,고흥군,혹명나방,1
2020.08.16,곡성군,혹명나방,1
2020.08.16,광양시,혹명나방,1
2020.08.16,구례군,혹명나방,1
2020.08.16,나주시,혹명나방,1
2020.08.16,담양군,혹명나방,1
2020.08.16,무안군,혹명나방,1
2020.08.16,보성군,혹명나방,1
2020.08.16,순천시,혹명나방,1
2020.08.16,신안군,혹명나방,1
2020.08.16,여수시,혹명나방,1
2020.08.16,영광군,혹명나방,1
2020.08.16,영암군,혹명나방,1
2020.08.16,완도군,혹명나방,1
2020.08.16,장성군,혹명나방,1
2020.08.16,장흥군,혹명나방,1
2020.08.16,진도군,혹명나방,1
2020.08.16,함평군,혹명나방,1
2020.08.16,해남군,혹명나방,1
2020.08.16,화순군,혹명나방,1
2020.09.01,강진군,혹명나방,1
2020.09.01,고흥군,혹명나방,0
2020.09.01,곡성군,혹명나방,1
2020.09.01,광양시,혹명나방,1
2020.09.01,구례군,혹명나방,1
2020.09.01,나주시,혹명나방,1
2020.09.01,담양군,혹명나방,1
2020.09.01,무안군,혹명나방,1
2020.09.01,보성군,혹명나방,1
2020.09.01,순천시,혹명나방,1
2020.09.01,신안군,혹명나방,1
2020.09.01,여수시,혹명나방,1
2020.09.01,영광군,혹명나방,1
2020.09.01,영암군,혹명나방,1
2020.09.01,완도군,혹명나방,1
2020.09.01,장성군,혹명나방,1
2020.09.01,장흥군,혹명나방,1
2020.09.01,진도군,혹명나방,1
2020.09.01,함평군,혹명나방,1
2020.09.01,해남군,혹명나방,0
2020.09.01,화순군,혹명나방,1
2020.09.16,강진군,혹명나방,1
2020.09.16,고흥군,혹명나방,0
2020.09.16,곡성군,혹명나방,1
2020.09.16,광양시,혹명나방,1
2020.09.16,구례군,혹명나방,1
2020.09.16,나주시,혹명나방,1
2020.09.16,담양군,혹명나방,1
2020.09.16,무안군,혹명나방,1
2020.09.16,보성군,혹명나방,1
2020.09.16,순천시,혹명나방,1
2020.09.16,신안군,혹명나방,1
2020.09.16,여수시,혹명나방,1
2020.09.16,영광군,혹명나방,1
2020.09.16,영암군,혹명나방,1
2020.09.16,완도군,혹명나방,1
2020.09.16,장성군,혹명나방,1
2020.09.16,장흥군,혹명나방,1
2020.09.16,진도군,혹명나방,0
2020.09.16,함평군,혹명나방,1
2020.09.16,해남군,혹명나방,0
2020.09.16,화순군,혹명나방,1
2021.06.01,강진군,혹명나방,0
2021.06.01,고흥군,혹명나방,0
2021.06.01,곡성군,혹명나방,0
2021.06.01,광양시,혹명나방,0
2021.06.01,구례군,혹명나방,0
2021.06.01,나주시,혹명나방,0
2021.06.01,담양군,혹명나방,0
2021.06.01,무안군,혹명나방,0
2021.06.01,보성군,혹명나방,0
2021.06.01,순천시,혹명나방,0
2021.06.01,신안군,혹명나방,0
2021.06.01,여수시,혹명나방,0
2021.06.01,영암군,혹명나방,0
2021.06.01,완도군,혹명나방,0
2021.06.01,장성군,혹명나방,0
2021.06.01,장흥군,혹명나방,0
2021.06.01,진도군,혹명나방,0
2021.06.01,함평군,혹명나방,0
2021.06.01,해남군,혹명나방,0
2021.06.01,화순군,혹명나방,0
2021.06.16,강진군,혹명나방,0
2021.06.16,고흥군,혹명나방,0
2021.06.16,곡성군,혹명나방,0
2021.06.16,광양시,혹명나방,0
2021.06.16,구례군,혹명나방,0
2021.06.16,나주시,혹명나방,0
2021.06.16,담양군,혹명나방,0
2021.06.16,무안군,혹명나방,0
2021.06.16,보성군,혹명나방,0
2021.06.16,순천시,혹명나방,0
2021.06.16,신안군,혹명나방,0
2021.06.16,여수시,혹명나방,0
2021.06.16,영광군,혹명나방,0
2021.06.16,영암군,혹명나방,0
2021.06.16,완도군,혹명나방,0
2021.06.16,장성군,혹명나방,0
2021.06.16,장흥군,혹명나방,0
2021.06.16,진도군,혹명나방,0
2021.06.16,함평군,혹명나방,0
2021.06.16,해남군,혹명나방,0
2021.06.16,화순군,혹명나방,0
2021.07.01,강진군,혹명나방,0
2021.07.01,고흥군,혹명나방,0
2021.07.01,곡성군,혹명나방,0
2021.07.01,광양시,혹명나방,0
2021.07.01,구례군,혹명나방,0
2021.07.01,나주시,혹명나방,0
2021.07.01,담양군,혹명나방,0
2021.07.01,무안군,혹명나방,0
2021.07.01,보성군,혹명나방,0
2021.07.01,순천시,혹명나방,0
2021.07.01,신안군,혹명나방,0
2021.07.01,여수시,혹명나방,0
2021.07.01,영광군,혹명나방,0
2021.07.01,영암군,혹명나방,0
2021.07.01,완도군,혹명나방,0
2021.07.01,장성군,혹명나방,0
2021.07.01,장흥군,혹명나방,0
2021.07.01,진도군,혹명나방,0
2021.07.01,함평군,혹명나방,0
2021.07.01,해남군,혹명나방,0
2021.07.01,화순군,혹명나방,0
2021.07.16,강진군,혹명나방,0
2021.07.16,고흥군,혹명나방,0
2021.07.16,곡성군,혹명나방,0
2021.07.16,광양시,혹명나방,0
2021.07.16,구례군,혹명나방,0
2021.07.16,나주시,혹명나방,0
2021.07.16,담양군,혹명나방,0
2021.07.16,무안군,혹명나방,0
2021.07.16,보성군,혹명나방,0
2021.07.16,순천시,혹명나방,0
2021.07.16,신안군,혹명나방,0
2021.07.16,여수시,혹명나방,0
2021.07.16,영광군,혹명나방,0
2021.07.16,영암군,혹명나방,0
2021.07.16,완도군,혹명나방,0
2021.07.16,장성군,혹명나방,0
2021.07.16,장흥군,혹명나방,0
2021.07.16,진도군,혹명나방,0
2021.07.16,함평군,혹명나방,0
2021.07.16,해남군,혹명나방,0
2021.07.16,화순군,혹명나방,0
2021.08.01,강진군,혹명나방,0
2021.08.01,고흥군,혹명나방,1
2021.08.01,곡성군,혹명나방,0
2021.08.01,광양시,혹명나방,1
2021.08.01,구례군,혹명나방,0
2021.08.01,보성군,혹명나방,0
2021.08.01,여수시,혹명나방,1
2021.08.01,영암군,혹명나방,0
2021.08.01,완도군,혹명나방,0
2021.08.01,장성군,혹명나방,1
2021.08.01,진도군,혹명나방,1
2021.08.01,함평군,혹명나방,0
2021.08.01,해남군,혹명나방,1
2021.08.01,화순군,혹명나방,0
2021.08.16,강진군,혹명나방,0
2021.08.16,고흥군,혹명나방,1
2021.08.16,곡성군,혹명나방,0
2021.08.16,광양시,혹명나방,1
2021.08.16,구례군,혹명나방,0
2021.08.16,나주시,혹명나방,0
2021.08.16,담양군,혹명나방,0
2021.08.16,무안군,혹명나방,0
2021.08.16,보성군,혹명나방,1
2021.08.16,순천시,혹명나방,0
2021.08.16,신안군,혹명나방,0
2021.08.16,여수시,혹명나방,1
2021.08.16,영광군,혹명나방,0
2021.08.16,영암군,혹명나방,0
2021.08.16,완도군,혹명나방,1
2021.08.16,장성군,혹명나방,1
2021.08.16,장흥군,혹명나방,1
2021.08.16,진도군,혹명나방,1
2021.08.16,함평군,혹명나방,0
2021.08.16,해남군,혹명나방,0
2021.08.16,화순군,혹명나방,0
2021.09.01,강진군,혹명나방,0
2021.09.01,고흥군,혹명나방,0
2021.09.01,곡성군,혹명나방,1
2021.09.01,광양시,혹명나방,0
2021.09.01,구례군,혹명나방,0
2021.09.01,담양군,혹명나방,0
2021.09.01,무안군,혹명나방,0
2021.09.01,보성군,혹명나방,1
2021.09.01,순천시,혹명나방,0
2021.09.01,신안군,혹명나방,0
2021.09.01,여수시,혹명나방,1
2021.09.01,영암군,혹명나방,0
2021.09.01,완도군,혹명나방,1
2021.09.01,장성군,혹명나방,1
2021.09.01,장흥군,혹명나방,1
2021.09.01,진도군,혹명나방,1
2021.09.01,함평군,혹명나방,0
2021.09.01,해남군,혹명나방,0
2021.09.01,화순군,혹명나방,0
2021.09.16,강진군,혹명나방,0
2021.09.16,고흥군,혹명나방,1
2021.09.16,곡성군,혹명나방,1
2021.09.16,광양시,혹명나방,0
2021.09.16,구례군,혹명나방,0
2021.09.16,나주시,혹명나방,0
2021.09.16,담양군,혹명나방,0
2021.09.16,무안군,혹명나방,0
2021.09.16,보성군,혹명나방,1
2021.09.16,순천시,혹명나방,0
2021.09.16,신안군,혹명나방,0
2021.09.16,여수시,혹명나방,1
2021.09.16,영광군,혹명나방,1
2021.09.16,영암군,혹명나방,1
2021.09.16,완도군,혹명나방,1
2021.09.16,장성군,혹명나방,1
2021.09.16,장흥군,혹명나방,1
2021.09.16,진도군,혹명나방,1
2021.09.16,함평군,혹명나방,0
2021.09.16,해남군,혹명나방,0
2021.09.16,화순군,혹명나방,1
2022.06.01,강진군,혹명나방,0
2022.06.01,고흥군,혹명나방,0
2022.06.01,곡성군,혹명나방,0
2022.06.01,광양시,혹명나방,0
2022.06.01,구례군,혹명나방,0
2022.06.01,나주시,혹명나방,0
2022.06.01,담양군,혹명나방,0
2022.06.01,무안군,혹명나방,0
2022.06.01,보성군,혹명나방,0
2022.06.01,순천시,혹명나방,0
2022.06.01,신안군,혹명나방,0
2022.06.01,여수시,혹명나방,0
2022.06.01,영광군,혹명나방,0
2022.06.01,영암군,혹명나방,0
2022.06.01,완도군,혹명나방,0
2022.06.01,장성군,혹명나방,0
2022.06.01,장흥군,혹명나방,0
2022.06.01,진도군,혹명나방,0
2022.06.01,함평군,혹명나방,0
2022.06.01,해남군,혹명나방,0
2022.06.01,화순군,혹명나방,0
2022.06.16,강진군,혹명나방,0
2022.06.16,고흥군,혹명나방,0
2022.06.16,곡성군,혹명나방,0
2022.06.16,광양시,혹명나방,0
2022.06.16,구례군,혹명나방,0
2022.06.16,나주시,혹명나방,0
2022.06.16,담양군,혹명나방,0
2022.06.16,무안군,혹명나방,0
2022.06.16,보성군,혹명나방,0
2022.06.16,순천시,혹명나방,0
2022.06.16,신안군,혹명나방,0
2022.06.16,여수시,혹명나방,0
2022.06.16,영광군,혹명나방,0
2022.06.16,영암군,혹명나방,0
2022.06.16,완도군,혹명나방,0
2022.06.16,장성군,혹명나방,0
2022.06.16,장흥군,혹명나방,0
2022.06.16,진도군,혹명나방,0
2022.06.16,함평군,혹명나방,0
2022.06.16,해남군,혹명나방,0
2022.06.16,화순군,혹명나방,0
2022.07.01,강진군,혹명나방,0
2022.07.01,고흥군,혹명나방,0
2022.07.01,곡성군,혹명나방,0
2022.07.01,광양시,혹명나방,0
2022.07.01,구례군,혹명나방,0
2022.07.01,나주시,혹명나방,0
2022.07.01,담양군,혹명나방,0
2022.07.01,무안군,혹명나방,0
2022.07.01,보성군,혹명나방,0
2022.07.01,순천시,혹명나방,0
2022.07.01,신안군,혹명나방,0
2022.07.01,여수시,혹명나방,0
2022.07.01,영광군,혹명나방,0
2022.07.01,영암군,혹명나방,0
2022.07.01,완도군,혹명나방,0
2022.07.01,장성군,혹명나방,0
2022.07.01,장흥군,혹명나방,0
2022.07.01,진도군,혹명나방,0
2022.07.01,함평군,혹명나방,0
2022.07.01,해남군,혹명나방,0
2022.07.01,화순군,혹명나방,0
2022.07.16,강진군,혹명나방,0
2022.07.16,고흥군,혹명나방,0
2022.07.16,곡성군,혹명나방,0
2022.07.16,광양시,혹명나방,0
2022.07.16,구례군,혹명나방,0
2022.07.16,나주시,혹명나방,0
2022.07.16,담양군,혹명나방,0
2022.07.16,무안군,혹명나방,0
2022.07.16,보성군,혹명나방,0
2022.07.16,순천시,혹명나방,0
2022.07.16,신안군,혹명나방,0
2022.07.16,여수시,혹명나방,0
2022.07.16,영광군,혹명나방,0
2022.07.16,영암군,혹명나방,0
2022.07.16,완도군,혹명나방,0
2022.07.16,장성군,혹명나방,0
2022.07.16,장흥군,혹명나방,1
2022.07.16,진도군,혹명나방,1
2022.07.16,함평군,혹명나방,0
2022.07.16,해남군,혹명나방,0
2022.07.16,화순군,혹명나방,0
2022.08.01,강진군,혹명나방,1
2022.08.01,고흥군,혹명나방,1
2022.08.01,곡성군,혹명나방,0
2022.08.01,광양시,혹명나방,0
2022.08.01,구례군,혹명나방,0
2022.08.01,나주시,혹명나방,0
2022.08.01,담양군,혹명나방,1
2022.08.01,무안군,혹명나방,0
2022.08.01,보성군,혹명나방,1
2022.08.01,순천시,혹명나방,1
2022.08.01,신안군,혹명나방,1
2022.08.01,여수시,혹명나방,0
2022.08.01,영광군,혹명나방,1
2022.08.01,영암군,혹명나방,1
2022.08.01,완도군,혹명나방,0
2022.08.01,장성군,혹명나방,0
2022.08.01,장흥군,혹명나방,1
2022.08.01,진도군,혹명나방,1
2022.08.01,함평군,혹명나방,0
2022.08.01,화순군,혹명나방,0
2022.08.16,강진군,혹명나방,0
2022.08.16,고흥군,혹명나방,1
2022.08.16,광양시,혹명나방,0
2022.08.16,구례군,혹명나방,0
2022.08.16,담양군,혹명나방,1
2022.08.16,무안군,혹명나방,0
2022.08.16,보성군,혹명나방,0
2022.08.16,순천시,혹명나방,0
2022.08.16,여수시,혹명나방,0
2022.08.16,영암군,혹명나방,1
2022.08.16,완도군,혹명나방,0
2022.08.16,장성군,혹명나방,1
2022.08.16,장흥군,혹명나방,1
2022.08.16,진도군,혹명나방,1
2022.08.16,함평군,혹명나방,0
2022.08.16,해남군,혹명나방,1
2022.08.16,화순군,혹명나방,0
2022.09.01,강진군,혹명나방,1
2022.09.01,고흥군,혹명나방,1
2022.09.01,곡성군,혹명나방,0
2022.09.01,광양시,혹명나방,1
2022.09.01,구례군,혹명나방,0
2022.09.01,담양군,혹명나방,1
2022.09.01,보성군,혹명나방,1
2022.09.01,순천시,혹명나방,1
2022.09.01,신안군,혹명나방,0
2022.09.01,여수시,혹명나방,1
2022.09.01,영암군,혹명나방,1
2022.09.01,완도군,혹명나방,0
2022.09.01,장성군,혹명나방,1
2022.09.01,장흥군,혹명나방,1
2022.09.01,진도군,혹명나방,1
2022.09.01,해남군,혹명나방,0
2022.09.01,화순군,혹명나방,1
2022.09.16,강진군,혹명나방,0
2022.09.16,고흥군,혹명나방,1
2022.09.16,곡성군,혹명나방,0
2022.09.16,광양시,혹명나방,0
2022.09.16,구례군,혹명나방,0
2022.09.16,나주시,혹명나방,0
2022.09.16,담양군,혹명나방,1
2022.09.16,무안군,혹명나방,0
2022.09.16,보성군,혹명나방,0
2022.09.16,순천시,혹명나방,1
2022.09.16,신안군,혹명나방,0
2022.09.16,여수시,혹명나방,1
2022.09.16,영광군,혹명나방,0
2022.09.16,완도군,혹명나방,0
2022.09.16,장성군,혹명나방,1
2022.09.16,장흥군,혹명나방,1
2022.09.16,진도군,혹명나방,1
2022.09.16,함평군,혹명나방,0
2022.09.16,해남군,혹명나방,1
2022.09.16,화순군,혹명나방,1
2023.06.01,강진군,혹명나방,0
2023.06.01,곡성군,혹명나방,0
2023.06.01,광양시,혹명나방,0
2023.06.01,구례군,혹명나방,0
2023.06.01,나주시,혹명나방,0
2023.06.01,담양군,혹명나방,0
2023.06.01,무안군,혹명나방,0
2023.06.01,보성군,혹명나방,0
2023.06.01,순천시,혹명나방,0
2023.06.01,신안군,혹명나방,0
2023.06.01,여수시,혹명나방,0
2023.06.01,영광군,혹명나방,0
2023.06.01,영암군,혹명나방,0
2023.06.01,완도군,혹명나방,0
2023.06.01,장성군,혹명나방,0
2023.06.01,장흥군,혹명나방,0
2023.06.01,진도군,혹명나방,0
2023.06.01,함평군,혹명나방,0
2023.06.01,해남군,혹명나방,0
2023.06.01,화순군,혹명나방,0
2023.06.16,강진군,혹명나방,0
2023.06.16,곡성군,혹명나방,0
2023.06.16,광양시,혹명나방,0
2023.06.16,구례군,혹명나방,0
2023.06.16,나주시,혹명나방,0
2023.06.16,담양군,혹명나방,0
2023.06.16,무안군,혹명나방,0
2023.06.16,보성군,혹명나방,0
2023.06.16,순천시,혹명나방,0
2023.06.16,신안군,혹명나방,0
2023.06.16,여수시,혹명나방,0
2023.06.16,영광군,혹명나방,0
2023.06.16,영암군,혹명나방,0
2023.06.16,완도군,혹명나방,0
2023.06.16,장성군,혹명나방,0
2023.06.16,장흥군,혹명나방,0
2023.06.16,진도군,혹명나방,0
2023.06.16,함평군,혹명나방,0
2023.06.16,해남군,혹명나방,0
2023.06.16,화순군,혹명나방,0
2023.07.01,강진군,혹명나방,0
2023.07.01,고흥군,혹명나방,0
2023.07.01,곡성군,혹명나방,0
2023.07.01,광양시,혹명나방,0
2023.07.01,구례군,혹명나방,0
2023.07.01,나주시,혹명나방,0
2023.07.01,담양군,혹명나방,0
2023.07.01,무안군,혹명나방,0
2023.07.01,보성군,혹명나방,0
2023.07.01,순천시,혹명나방,0
2023.07.01,신안군,혹명나방,0
2023.07.01,여수시,혹명나방,0
2023.07.01,영광군,혹명나방,0
2023.07.01,영암군,혹명나방,0
2023.07.01,완도군,혹명나방,1
2023.07.01,장성군,혹명나방,0
2023.07.01,장흥군,혹명나방,0
2023.07.01,진도군,혹명나방,0
2023.07.01,함평군,혹명나방,0
2023.07.01,해남군,혹명나방,0
2023.07.01,화순군,혹명나방,0
2023.07.16,강진군,혹명나방,0
2023.07.16,고흥군,혹명나방,0
2023.07.16,곡성군,혹명나방,0
2023.07.16,광양시,혹명나방,1
2023.07.16,구례군,혹명나방,0
2023.07.16,나주시,혹명나방,0
2023.07.16,담양군,혹명나방,1
2023.07.16,무안군,혹명나방,0
2023.07.16,보성군,혹명나방,0
2023.07.16,순천시,혹명나방,0
2023.07.16,신안군,혹명나방,1
2023.07.16,여수시,혹명나방,1
2023.07.16,영광군,혹명나방,0
2023.07.16,영암군,혹명나방,0
2023.07.16,완도군,혹명나방,1
2023.07.16,장성군,혹명나방,1
2023.07.16,장흥군,혹명나방,1
2023.07.16,진도군,혹명나방,1
2023.07.16,함평군,혹명나방,0
2023.07.16,해남군,혹명나방,0
2023.07.16,화순군,혹명나방,1
2023.08.01,강진군,혹명나방,1
2023.08.01,고흥군,혹명나방,0
2023.08.01,곡성군,혹명나방,1
2023.08.01,광양시,혹명나방,1
2023.08.01,구례군,혹명나방,0
2023.08.01,나주시,혹명나방,0
2023.08.01,담양군,혹명나방,1
2023.08.01,무안군,혹명나방,1
2023.08.01,보성군,혹명나방,1
2023.08.01,순천시,혹명나방,0
2023.08.01,신안군,혹명나방,1
2023.08.01,여수시,혹명나방,1
2023.08.01,영광군,혹명나방,0
2023.08.01,영암군,혹명나방,1
2023.08.01,완도군,혹명나방,1
2023.08.01,장성군,혹명나방,1
2023.08.01,장흥군,혹명나방,1
2023.08.01,진도군,혹명나방,1
2023.08.01,함평군,혹명나방,1
2023.08.01,해남군,혹명나방,0
2023.08.01,화순군,혹명나방,1
2023.08.16,강진군,혹명나방,1
2023.08.16,고흥군,혹명나방,1
2023.08.16,곡성군,혹명나방,1
2023.08.16,광양시,혹명나방,1
2023.08.16,구례군,혹명나방,0
2023.08.16,나주시,혹명나방,1
2023.08.16,담양군,혹명나방,1
2023.08.16,무안군,혹명나방,1
2023.08.16,보성군,혹명나방,1
2023.08.16,순천시,혹명나방,1
2023.08.16,신안군,혹명나방,1
2023.08.16,여수시,혹명나방,1
2023.08.16,영광군,혹명나방,0
2023.08.16,영암군,혹명나방,1
2023.08.16,완도군,혹명나방,1
2023.08.16,장성군,혹명나방,1
2023.08.16,장흥군,혹명나방,1
2023.08.16,진도군,혹명나방,1
2023.08.16,함평군,혹명나방,1
2023.08.16,해남군,혹명나방,1
2023.08.16,화순군,혹명나방,1
2023.09.01,강진군,혹명나방,1
2023.09.01,고흥군,혹명나방,1
2023.09.01,곡성군,혹명나방,1
2023.09.01,광양시,혹명나방,1
2023.09.01,구례군,혹명나방,1
2023.09.01,나주시,혹명나방,1
2023.09.01,담양군,혹명나방,1
2023.09.01,무안군,혹명나방,1
2023.09.01,보성군,혹명나방,1
2023.09.01,순천시,혹명나방,1
2023.09.01,신안군,혹명나방,1
2023.09.01,여수시,혹명나방,1
2023.09.01,영광군,혹명나방,1
2023.09.01,영암군,혹명나방,1
2023.09.01,완도군,혹명나방,1
2023.09.01,장성군,혹명나방,1
2023.09.01,장흥군,혹명나방,1
2023.09.01,진도군,혹명나방,1
2023.09.01,함평군,혹명나방,1
2023.09.01,해남군,혹명나방,1
2023.09.01,화순군,혹명나방,1
2023.09.16,강진군,혹명나방,1
2023.09.16,고흥군,혹명나방,1
2023.09.16,곡성군,혹명나방,1
2023.09.16,광양시,혹명나방,0
2023.09.16,구례군,혹명나방,1
2023.09.16,나주시,혹명나방,0
2023.09.16,담양군,혹명나방,1
2023.09.16,무안군,혹명나방,0
2023.09.16,보성군,혹명나방,1
2023.09.16,순천시,혹명나방,1
2023.09.16,신안군,혹명나방,1
2023.09.16,여수시,혹명나방,1
2023.09.16,영광군,혹명나방,1
2023.09.16,영암군,혹명나방,1
2023.09.16,완도군,혹명나방,1
2023.09.16,장성군,혹명나방,1
2023.09.16,장흥군,혹명나방,1
2023.09.16,진도군,혹명나방,1
2023.09.16,함평군,혹명나방,1
2023.09.16,해남군,혹명나방,0
2023.09.16,화순군,혹명나방,1
2024.06.01,강진군,혹명나방,0
2024.06.01,고흥군,혹명나방,0
2024.06.01,광양시,혹명나방,0
2024.06.01,구례군,혹명나방,0
2024.06.01,나주시,혹명나방,0
2024.06.01,무안군,혹명나방,0
2024.06.01,보성군,혹명나방,0
2024.06.01,순천시,혹명나방,0
2024.06.01,신안군,혹명나방,0
2024.06.01,여수시,혹명나방,0
2024.06.01,영암군,혹명나방,0
2024.06.01,완도군,혹명나방,0
2024.06.01,장성군,혹명나방,0
2024.06.01,장흥군,혹명나방,0
2024.06.01,진도군,혹명나방,0
2024.06.01,해남군,혹명나방,0
2024.06.01,화순군,혹명나방,0
2024.06.16,강진군,혹명나방,0
2024.06.16,고흥군,혹명나방,0
2024.06.16,광양시,혹명나방,0
2024.06.16,구례군,혹명나방,0
2024.06.16,나주시,혹명나방,0
2024.06.16,담양군,혹명나방,0
2024.06.16,무안군,혹명나방,0
2024.06.16,보성군,혹명나방,0
2024.06.16,순천시,혹명나방,0
2024.06.16,신안군,혹명나방,0
2024.06.16,여수시,혹명나방,0
2024.06.16,영광군,혹명나방,0
2024.06.16,영암군,혹명나방,0
2024.06.16,완도군,혹명나방,0
2024.06.16,장성군,혹명나방,0
2024.06.16,장흥군,혹명나방,0
2024.06.16,진도군,혹명나방,0
2024.06.16,해남군,혹명나방,0
2024.06.16,화순군,혹명나방,0
2024.07.01,강진군,혹명나방,0
2024.07.01,고흥군,혹명나방,0
2024.07.01,곡성군,혹명나방,0
2024.07.01,광양시,혹명나방,0
2024.07.01,구례군,혹명나방,0
2024.07.01,나주시,혹명나방,0
2024.07.01,담양군,혹명나방,0
2024.07.01,무안군,혹명나방,0
2024.07.01,보성군,혹명나방,0
2024.07.01,순천시,혹명나방,0
2024.07.01,신안군,혹명나방,0
2024.07.01,여수시,혹명나방,0
2024.07.01,영광군,혹명나방,0
2024.07.01,영암군,혹명나방,0
2024.07.01,완도군,혹명나방,0
2024.07.01,장성군,혹명나방,0
2024.07.01,장흥군,혹명나방,0
2024.07.01,진도군,혹명나방,0
2024.07.01,함평군,혹명나방,0
2024.07.01,해남군,혹명나방,0
2024.07.01,화순군,혹명나방,0
2024.07.16,강진군,혹명나방,0
2024.07.16,고흥군,혹명나방,1
2024.07.16,곡성군,혹명나방,0
2024.07.16,광양시,혹명나방,1
2024.07.16,구례군,혹명나방,0
2024.07.16,나주시,혹명나방,1
2024.07.16,담양군,혹명나방,0
2024.07.16,무안군,혹명나방,0
2024.07.16,보성군,혹명나방,0
2024.07.16,순천시,혹명나방,0
2024.07.16,신안군,혹명나방,0
2024.07.16,여수시,혹명나방,0
2024.07.16,영광군,혹명나방,0
2024.07.16,영암군,혹명나방,1
2024.07.16,완도군,혹명나방,0
2024.07.16,장성군,혹명나방,1
2024.07.16,장흥군,혹명나방,1
2024.07.16,진도군,혹명나방,1
2024.07.16,함평군,혹명나방,0
2024.07.16,해남군,혹명나방,0
2024.07.16,화순군,혹명나방,1
2024.08.01,강진군,혹명나방,1
2024.08.01,고흥군,혹명나방,1
2024.08.01,곡성군,혹명나방,1
2024.08.01,광양시,혹명나방,1
2024.08.01,구례군,혹명나방,0
2024.08.01,나주시,혹명나방,1
2024.08.01,담양군,혹명나방,1
2024.08.01,무안군,혹명나방,1
2024.08.01,보성군,혹명나방,1
2024.08.01,순천시,혹명나방,1
2024.08.01,신안군,혹명나방,0
2024.08.01,여수시,혹명나방,0
2024.08.01,영광군,혹명나방,0
2024.08.01,영암군,혹명나방,1
2024.08.01,완도군,혹명나방,1
2024.08.01,장성군,혹명나방,1
2024.08.01,장흥군,혹명나방,1
2024.08.01,진도군,혹명나방,1
2024.08.01,함평군,혹명나방,1
2024.08.01,해남군,혹명나방,0
2024.08.01,화순군,혹명나방,1
2024.08.16,강진군,혹명나방,0
2024.08.16,고흥군,혹명나방,1
2024.08.16,곡성군,혹명나방,0
2024.08.16,광양시,혹명나방,1
2024.08.16,구례군,혹명나방,0
2024.08.16,나주시,혹명나방,1
2024.08.16,담양군,혹명나방,1
2024.08.16,무안군,혹명나방,1
2024.08.16,보성군,혹명나방,1
2024.08.16,순천시,혹명나방,1
2024.08.16,신안군,혹명나방,0
2024.08.16,여수시,혹명나방,1
2024.08.16,영광군,혹명나방,0
2024.08.16,영암군,혹명나방,1
2024.08.16,완도군,혹명나방,0
2024.08.16,장성군,혹명나방,1
2024.08.16,장흥군,혹명나방,1
2024.08.16,진도군,혹명나방,1
2024.08.16,함평군,혹명나방,1
2024.08.16,해남군,혹명나방,1
2024.08.16,화순군,혹명나방,1
2024.09.01,강진군,혹명나방,1
2024.09.01,고흥군,혹명나방,1
2024.09.01,곡성군,혹명나방,0
2024.09.01,광양시,혹명나방,1
2024.09.01,구례군,혹명나방,0
2024.09.01,나주시,혹명나방,0
2024.09.01,담양군,혹명나방,1
2024.09.01,무안군,혹명나방,1
2024.09.01,보성군,혹명나방,1
2024.09.01,순천시,혹명나방,1
2024.09.01,신안군,혹명나방,0
2024.09.01,여수시,혹명나방,1
2024.09.01,영광군,혹명나방,0
2024.09.01,영암군,혹명나방,1
2024.09.01,완도군,혹명나방,1
2024.09.01,장성군,혹명나방,1
2024.09.01,장흥군,혹명나방,1
2024.09.01,진도군,혹명나방,1
2024.09.01,함평군,혹명나방,1
2024.09.01,해남군,혹명나방,0
2024.09.01,화순군,혹명나방,1
2024.09.16,강진군,혹명나방,1
2024.09.16,고흥군,혹명나방,0
2024.09.16,곡성군,혹명나방,1
2024.09.16,광양시,혹명나방,0
2024.09.16,구례군,혹명나방,0
2024.09.16,나주시,혹명나방,1
2024.09.16,담양군,혹명나방,1
2024.09.16,무안군,혹명나방,1
2024.09.16,보성군,혹명나방,1
2024.09.16,순천시,혹명나방,1
2024.09.16,신안군,혹명나방,0
2024.09.16,여수시,혹명나방,1
2024.09.16,영광군,혹명나방,0
2024.09.16,영암군,혹명나방,1
2024.09.16,완도군,혹명나방,1
2024.09.16,장성군,혹명나방,1
2024.09.16,장흥군,혹명나방,1
2024.09.16,진도군,혹명나방,1
2024.09.16,함평군,혹명나방,0
2024.09.16,해남군,혹명나방,0
2024.09.16,화순군,혹명나방,1
2025.06.01,강진군,혹명나방,0
2025.06.01,고흥군,혹명나방,0
2025.06.01,곡성군,혹명나방,0
2025.06.01,광양시,혹명나방,0
2025.06.01,구례군,혹명나방,0
2025.06.01,나주시,혹명나방,0
2025.06.01,담양군,혹명나방,0
2025.06.01,무안군,혹명나방,0
2025.06.01,보성군,혹명나방,0
2025.06.01,순천시,혹명나방,0
2025.06.01,신안군,혹명나방,0
2025.06.01,여수시,혹명나방,0
2025.06.01,영광군,혹명나방,0
2025.06.01,영암군,혹명나방,0
2025.06.01,완도군,혹명나방,0
2025.06.01,장성군,혹명나방,0
2025.06.01,장흥군,혹명나방,0
2025.06.01,진도군,혹명나방,0
2025.06.01,함평군,혹명나방,0
2025.06.01,해남군,혹명나방,0
2025.06.01,화순군,혹명나방,0
2025.06.16,강진군,혹명나방,0
2025.06.16,고흥군,혹명나방,0
2025.06.16,곡성군,혹명나방,0
2025.06.16,광양시,혹명나방,0
2025.06.16,구례군,혹명나방,0
2025.06.16,나주시,혹명나방,0
2025.06.16,담양군,혹명나방,0
2025.06.16,무안군,혹명나방,0
2025.06.16,보성군,혹명나방,0
2025.06.16,순천시,혹명나방,0
2025.06.16,신안군,혹명나방,0
2025.06.16,여수시,혹명나방,0
2025.06.16,영광군,혹명나방,0
2025.06.16,영암군,혹명나방,0
2025.06.16,완도군,혹명나방,0
2025.06.16,장성군,혹명나방,0
2025.06.16,장흥군,혹명나방,0
2025.06.16,진도군,혹명나방,0
2025.06.16,함평군,혹명나방,0
2025.06.16,해남군,혹명나방,1
2025.06.16,화순군,혹명나방,0
2025.07.01,강진군,혹명나방,0
2025.07.01,고흥군,혹명나방,0
2025.07.01,곡성군,혹명나방,0
2025.07.01,광양시,혹명나방,0
2025.07.01,구례군,혹명나방,0
2025.07.01,나주시,혹명나방,0
2025.07.01,담양군,혹명나방,0
2025.07.01,무안군,혹명나방,0
2025.07.01,보성군,혹명나방,0
2025.07.01,순천시,혹명나방,0
2025.07.01,신안군,혹명나방,0
2025.07.01,여수시,혹명나방,0
2025.07.01,영광군,혹명나방,0
2025.07.01,영암군,혹명나방,0
2025.07.01,완도군,혹명나방,0
2025.07.01,장성군,혹명나방,0
2025.07.01,진도군,혹명나방,1
2025.07.01,함평군,혹명나방,0
2025.07.01,해남군,혹명나방,1
2025.07.01,화순군,혹명나방,0
2025.07.16,강진군,혹명나방,0
2025.07.16,고흥군,혹명나방,0
2025.07.16,곡성군,혹명나방,0
2025.07.16,광양시,혹명나방,0
2025.07.16,구례군,혹명나방,0
2025.07.16,나주시,혹명나방,0
2025.07.16,담양군,혹명나방,0
2025.07.16,무안군,혹명나방,0
2025.07.16,보성군,혹명나방,1
2025.07.16,순천시,혹명나방,0
2025.07.16,신안군,혹명나방,0
2025.07.16,여수시,혹명나방,1
2025.07.16,영광군,혹명나방,0
2025.07.16,영암군,혹명나방,1
2025.07.16,완도군,혹명나방,0
2025.07.16,장성군,혹명나방,0
2025.07.16,장흥군,혹명나방,0
2025.07.16,진도군,혹명나방,1
2025.07.16,함평군,혹명나방,0
2025.07.16,해남군,혹명나방,1
2025.07.16,화순군,혹명나방,0
2025.08.01,강진군,혹명나방,0
2025.08.01,고흥군,혹명나방,1
2025.08.01,광양시,혹명나방,0
2025.08.01,구례군,혹명나방,0
2025.08.01,담양군,혹명나방,0
2025.08.01,무안군,혹명나방,0
2025.08.01,보성군,혹명나방,0
2025.08.01,신안군,혹명나방,0
2025.08.01,여수시,혹명나방,1
2025.08.01,영광군,혹명나방,0
2025.08.01,영암군,혹명나방,0
2025.08.01,완도군,혹명나방,0
2025.08.01,장성군,혹명나방,0
2025.08.01,장흥군,혹명나방,0
2025.08.01,진도군,혹명나방,1
2025.08.01,함평군,혹명나방,0
2025.08.01,해남군,혹명나방,1
2025.08.01,화순군,혹명나방,0
2025.08.16,강진군,혹명나방,0
2025.08.16,고흥군,혹명나방,1
2025.08.16,곡성군,혹명나방,0
2025.08.16,광양시,혹명나방,0
2025.08.16,구례군,혹명나방,0
2025.08.16,나주시,혹명나방,0
2025.08.16,담양군,혹명나방,1
2025.08.16,무안군,혹명나방,0
2025.08.16,보성군,혹명나방,0
2025.08.16,순천시,혹명나방,1
2025.08.16,신안군,혹명나방,0
2025.08.16,여수시,혹명나방,1
2025.08.16,영광군,혹명나방,0
2025.08.16,영암군,혹명나방,1
2025.08.16,완도군,혹명나방,0
2025.08.16,장성군,혹명나방,0
2025.08.16,장흥군,혹명나방,0
2025.08.16,진도군,혹명나방,1
2025.08.16,함평군,혹명나방,0
2025.08.16,해남군,혹명나방,1
2025.08.16,화순군,혹명나방,1
2025.09.01,강진군,혹명나방,0
2025.09.01,고흥군,혹명나방,1
2025.09.01,곡성군,혹명나방,0
2025.09.01,광양시,혹명나방,0
2025.09.01,구례군,혹명나방,0
2025.09.01,나주시,혹명나방,0
2025.09.01,담양군,혹명나방,0
2025.09.01,무안군,혹명나방,1
2025.09.01,보성군,혹명나방,0
2025.09.01,순천시,혹명나방,1
2025.09.01,신안군,혹명나방,0
2025.09.01,여수시,혹명나방,1
2025.09.01,영광군,혹명나방,0
2025.09.01,영암군,혹명나방,1
2025.09.01,완도군,혹명나방,1
2025.09.01,장성군,혹명나방,0
2025.09.01,장흥군,혹명나방,0
2025.09.01,진도군,혹명나방,1
2025.09.01,함평군,혹명나방,0
2025.09.01,해남군,혹명나방,1
2025.09.01,화순군,혹명나방,1
2025.09.16,강진군,혹명나방,0
2025.09.16,고흥군,혹명나방,0
2025.09.16,곡성군,혹명나방,0
2025.09.16,광양시,혹명나방,0
2025.09.16,구례군,혹명나방,0
2025.09.16,나주시,혹명나방,0
2025.09.16,담양군,혹명나방,0
2025.09.16,무안군,혹명나방,0
2025.09.16,보성군,혹명나방,0
2025.09.16,순천시,혹명나방,1
2025.09.16,신안군,혹명나방,0
2025.09.16,여수시,혹명나방,1
2025.09.16,영광군,혹명나방,0
2025.09.16,영암군,혹명나방,1
2025.09.16,완도군,혹명나방,1
2025.09.16,장성군,혹명나방,0
2025.09.16,장흥군,혹명나방,0
2025.09.16,진도군,혹명나방,1
2025.09.16,함평군,혹명나방,0
2025.09.16,해남군,혹명나방,1
2025.09.16,화순군,혹명나방,0
2014.09.16,강진군,흰등멸구,1
2014.09.16,고흥군,흰등멸구,0
2014.09.16,곡성군,흰등멸구,0
2014.09.16,광양시,흰등멸구,0
2014.09.16,구례군,흰등멸구,0
2014.09.16,나주시,흰등멸구,0
2014.09.16,담양군,흰등멸구,0
2014.09.16,무안군,흰등멸구,0
2014.09.16,보성군,흰등멸구,0
2014.09.16,순천시,흰등멸구,1
2014.09.16,신안군,흰등멸구,1
2014.09.16,여수시,흰등멸구,0
2014.09.16,영광군,흰등멸구,0
2014.09.16,영암군,흰등멸구,1
2014.09.16,완도군,흰등멸구,0
2014.09.16,장성군,흰등멸구,0
2014.09.16,장흥군,흰등멸구,0
2014.09.16,진도군,흰등멸구,1
2014.09.16,함평군,흰등멸구,0
2014.09.16,해남군,흰등멸구,0
2014.09.16,화순군,흰등멸구,0
2015.06.16,강진군,흰등멸구,0
2015.06.16,고흥군,흰등멸구,0
2015.06.16,곡성군,흰등멸구,0
2015.06.16,광양시,흰등멸구,0
2015.06.16,구례군,흰등멸구,0
2015.06.16,나주시,흰등멸구,0
2015.06.16,담양군,흰등멸구,0
2015.06.16,무안군,흰등멸구,0
2015.06.16,보성군,흰등멸구,0
2015.06.16,순천시,흰등멸구,0
2015.06.16,신안군,흰등멸구,0
2015.06.16,여수시,흰등멸구,0
2015.06.16,영광군,흰등멸구,0
2015.06.16,영암군,흰등멸구,0
2015.06.16,완도군,흰등멸구,0
2015.06.16,장성군,흰등멸구,0
2015.06.16,장흥군,흰등멸구,0
2015.06.16,진도군,흰등멸구,0
2015.06.16,함평군,흰등멸구,0
2015.06.16,해남군,흰등멸구,0
2015.06.16,화순군,흰등멸구,0
2015.07.01,강진군,흰등멸구,0
2015.07.01,고흥군,흰등멸구,0
2015.07.01,곡성군,흰등멸구,0
2015.07.01,광양시,흰등멸구,0
2015.07.01,구례군,흰등멸구,0
2015.07.01,나주시,흰등멸구,0
2015.07.01,담양군,흰등멸구,0
2015.07.01,무안군,흰등멸구,0
2015.07.01,보성군,흰등멸구,0
2015.07.01,순천시,흰등멸구,0
2015.07.01,신안군,흰등멸구,1
2015.07.01,여수시,흰등멸구,0
2015.07.01,영광군,흰등멸구,0
2015.07.01,영암군,흰등멸구,0
2015.07.01,완도군,흰등멸구,0
2015.07.01,장성군,흰등멸구,0
2015.07.01,장흥군,흰등멸구,0
2015.07.01,진도군,흰등멸구,1
2015.07.01,함평군,흰등멸구,0
2015.07.01,해남군,흰등멸구,0
2015.07.01,화순군,흰등멸구,0
2015.07.16,강진군,흰등멸구,0
2015.07.16,고흥군,흰등멸구,0
2015.07.16,곡성군,흰등멸구,0
2015.07.16,광양시,흰등멸구,0
2015.07.16,구례군,흰등멸구,0
2015.07.16,나주시,흰등멸구,0
2015.07.16,담양군,흰등멸구,0
2015.07.16,무안군,흰등멸구,0
2015.07.16,보성군,흰등멸구,0
2015.07.16,순천시,흰등멸구,0
2015.07.16,신안군,흰등멸구,1
2015.07.16,여수시,흰등멸구,0
2015.07.16,영광군,흰등멸구,1
2015.07.16,영암군,흰등멸구,0
2015.07.16,완도군,흰등멸구,1
2015.07.16,장성군,흰등멸구,0
2015.07.16,장흥군,흰등멸구,1
2015.07.16,진도군,흰등멸구,1
2015.07.16,함평군,흰등멸구,0
2015.07.16,해남군,흰등멸구,1
2015.07.16,화순군,흰등멸구,0
2015.08.01,강진군,흰등멸구,1
2015.08.01,고흥군,흰등멸구,0
2015.08.01,곡성군,흰등멸구,0
2015.08.01,광양시,흰등멸구,1
2015.08.01,구례군,흰등멸구,0
2015.08.01,나주시,흰등멸구,0
2015.08.01,담양군,흰등멸구,0
2015.08.01,무안군,흰등멸구,0
2015.08.01,보성군,흰등멸구,0
2015.08.01,순천시,흰등멸구,0
2015.08.01,신안군,흰등멸구,1
2015.08.01,여수시,흰등멸구,0
2015.08.01,영광군,흰등멸구,1
2015.08.01,영암군,흰등멸구,0
2015.08.01,완도군,흰등멸구,1
2015.08.01,장성군,흰등멸구,0
2015.08.01,장흥군,흰등멸구,1
2015.08.01,진도군,흰등멸구,1
2015.08.01,함평군,흰등멸구,0
2015.08.01,해남군,흰등멸구,0
2015.08.01,화순군,흰등멸구,1
2015.08.16,강진군,흰등멸구,1
2015.08.16,고흥군,흰등멸구,1
2015.08.16,곡성군,흰등멸구,0
2015.08.16,광양시,흰등멸구,1
2015.08.16,구례군,흰등멸구,1
2015.08.16,나주시,흰등멸구,0
2015.08.16,담양군,흰등멸구,1
2015.08.16,무안군,흰등멸구,0
2015.08.16,보성군,흰등멸구,0
2015.08.16,순천시,흰등멸구,0
2015.08.16,신안군,흰등멸구,1
2015.08.16,여수시,흰등멸구,0
2015.08.16,영광군,흰등멸구,0
2015.08.16,영암군,흰등멸구,0
2015.08.16,완도군,흰등멸구,0
2015.08.16,장성군,흰등멸구,1
2015.08.16,장흥군,흰등멸구,1
2015.08.16,진도군,흰등멸구,1
2015.08.16,함평군,흰등멸구,0
2015.08.16,해남군,흰등멸구,1
2015.08.16,화순군,흰등멸구,1
2016.06.01,강진군,흰등멸구,0
2016.06.01,고흥군,흰등멸구,0
2016.06.01,곡성군,흰등멸구,0
2016.06.01,광양시,흰등멸구,0
2016.06.01,구례군,흰등멸구,0
2016.06.01,나주시,흰등멸구,0
2016.06.01,담양군,흰등멸구,0
2016.06.01,무안군,흰등멸구,0
2016.06.01,보성군,흰등멸구,0
2016.06.01,순천시,흰등멸구,0
2016.06.01,신안군,흰등멸구,0
2016.06.01,여수시,흰등멸구,0
2016.06.01,영광군,흰등멸구,0
2016.06.01,영암군,흰등멸구,0
2016.06.01,완도군,흰등멸구,0
2016.06.01,장성군,흰등멸구,0
2016.06.01,장흥군,흰등멸구,0
2016.06.01,진도군,흰등멸구,0
2016.06.01,함평군,흰등멸구,0
2016.06.01,해남군,흰등멸구,0
2016.06.01,화순군,흰등멸구,0
2016.06.16,강진군,흰등멸구,0
2016.06.16,고흥군,흰등멸구,0
2016.06.16,곡성군,흰등멸구,0
2016.06.16,광양시,흰등멸구,0
2016.06.16,구례군,흰등멸구,0
2016.06.16,나주시,흰등멸구,0
2016.06.16,담양군,흰등멸구,0
2016.06.16,무안군,흰등멸구,0
2016.06.16,보성군,흰등멸구,0
2016.06.16,순천시,흰등멸구,0
2016.06.16,신안군,흰등멸구,0
2016.06.16,여수시,흰등멸구,0
2016.06.16,영광군,흰등멸구,0
2016.06.16,영암군,흰등멸구,0
2016.06.16,완도군,흰등멸구,0
2016.06.16,장성군,흰등멸구,0
2016.06.16,장흥군,흰등멸구,0
2016.06.16,진도군,흰등멸구,0
2016.06.16,함평군,흰등멸구,0
2016.06.16,해남군,흰등멸구,0
2016.06.16,화순군,흰등멸구,0
2016.07.01,강진군,흰등멸구,0
2016.07.01,고흥군,흰등멸구,0
2016.07.01,곡성군,흰등멸구,0
2016.07.01,광양시,흰등멸구,0
2016.07.01,구례군,흰등멸구,0
2016.07.01,나주시,흰등멸구,0
2016.07.01,담양군,흰등멸구,0
2016.07.01,무안군,흰등멸구,0
2016.07.01,보성군,흰등멸구,0
2016.07.01,순천시,흰등멸구,0
2016.07.01,신안군,흰등멸구,0
2016.07.01,여수시,흰등멸구,0
2016.07.01,영광군,흰등멸구,0
2016.07.01,영암군,흰등멸구,0
2016.07.01,완도군,흰등멸구,0
2016.07.01,장성군,흰등멸구,0
2016.07.01,장흥군,흰등멸구,0
2016.07.01,진도군,흰등멸구,1
2016.07.01,함평군,흰등멸구,0
2016.07.01,해남군,흰등멸구,0
2016.07.01,화순군,흰등멸구,0
2016.07.16,강진군,흰등멸구,0
2016.07.16,고흥군,흰등멸구,0
2016.07.16,곡성군,흰등멸구,0
2016.07.16,광양시,흰등멸구,0
2016.07.16,구례군,흰등멸구,0
2016.07.16,나주시,흰등멸구,0
2016.07.16,담양군,흰등멸구,0
2016.07.16,무안군,흰등멸구,0
2016.07.16,보성군,흰등멸구,1
2016.07.16,순천시,흰등멸구,0
2016.07.16,신안군,흰등멸구,1
2016.07.16,여수시,흰등멸구,0
2016.07.16,영광군,흰등멸구,1
2016.07.16,영암군,흰등멸구,0
2016.07.16,완도군,흰등멸구,0
2016.07.16,장성군,흰등멸구,0
2016.07.16,장흥군,흰등멸구,1
2016.07.16,진도군,흰등멸구,1
2016.07.16,함평군,흰등멸구,0
2016.07.16,해남군,흰등멸구,1
2016.07.16,화순군,흰등멸구,1
2016.08.01,강진군,흰등멸구,1
2016.08.01,고흥군,흰등멸구,1
2016.08.01,곡성군,흰등멸구,0
2016.08.01,광양시,흰등멸구,0
2016.08.01,구례군,흰등멸구,0
2016.08.01,나주시,흰등멸구,1
2016.08.01,담양군,흰등멸구,1
2016.08.01,무안군,흰등멸구,0
2016.08.01,보성군,흰등멸구,0
2016.08.01,순천시,흰등멸구,1
2016.08.01,신안군,흰등멸구,1
2016.08.01,여수시,흰등멸구,1
2016.08.01,영광군,흰등멸구,1
2016.08.01,영암군,흰등멸구,1
2016.08.01,완도군,흰등멸구,0
2016.08.01,장성군,흰등멸구,0
2016.08.01,장흥군,흰등멸구,1
2016.08.01,진도군,흰등멸구,1
2016.08.01,함평군,흰등멸구,1
2016.08.01,해남군,흰등멸구,0
2016.08.01,화순군,흰등멸구,1
2016.08.16,강진군,흰등멸구,1
2016.08.16,고흥군,흰등멸구,1
2016.08.16,곡성군,흰등멸구,1
2016.08.16,광양시,흰등멸구,0
2016.08.16,구례군,흰등멸구,1
2016.08.16,나주시,흰등멸구,0
2016.08.16,담양군,흰등멸구,1
2016.08.16,무안군,흰등멸구,1
2016.08.16,보성군,흰등멸구,1
2016.08.16,순천시,흰등멸구,1
2016.08.16,신안군,흰등멸구,0
2016.08.16,여수시,흰등멸구,0
2016.08.16,영광군,흰등멸구,1
2016.08.16,영암군,흰등멸구,1
2016.08.16,완도군,흰등멸구,1
2016.08.16,장성군,흰등멸구,1
2016.08.16,장흥군,흰등멸구,0
2016.08.16,진도군,흰등멸구,1
2016.08.16,함평군,흰등멸구,1
2016.08.16,해남군,흰등멸구,0
2016.08.16,화순군,흰등멸구,0
2016.09.01,강진군,흰등멸구,0
2016.09.01,고흥군,흰등멸구,0
2016.09.01,곡성군,흰등멸구,0
2016.09.01,광양시,흰등멸구,0
2016.09.01,구례군,흰등멸구,0
2016.09.01,나주시,흰등멸구,0
2016.09.01,담양군,흰등멸구,1
2016.09.01,무안군,흰등멸구,0
2016.09.01,보성군,흰등멸구,0
2016.09.01,순천시,흰등멸구,1
2016.09.01,신안군,흰등멸구,0
2016.09.01,여수시,흰등멸구,0
2016.09.01,영광군,흰등멸구,1
2016.09.01,영암군,흰등멸구,1
2016.09.01,완도군,흰등멸구,1
2016.09.01,장성군,흰등멸구,1
2016.09.01,장흥군,흰등멸구,1
2016.09.01,진도군,흰등멸구,0
2016.09.01,함평군,흰등멸구,1
2016.09.01,해남군,흰등멸구,0
2016.09.01,화순군,흰등멸구,0
2016.09.16,강진군,흰등멸구,1
2016.09.16,고흥군,흰등멸구,0
2016.09.16,곡성군,흰등멸구,0
2016.09.16,광양시,흰등멸구,0
2016.09.16,구례군,흰등멸구,0
2016.09.16,나주시,흰등멸구,0
2016.09.16,담양군,흰등멸구,1
2016.09.16,무안군,흰등멸구,0
2016.09.16,보성군,흰등멸구,0
2016.09.16,순천시,흰등멸구,0
2016.09.16,신안군,흰등멸구,0
2016.09.16,여수시,흰등멸구,0
2016.09.16,영광군,흰등멸구,1
2016.09.16,영암군,흰등멸구,1
2016.09.16,완도군,흰등멸구,0
2016.09.16,장성군,흰등멸구,0
2016.09.16,장흥군,흰등멸구,1
2016.09.16,진도군,흰등멸구,0
2016.09.16,함평군,흰등멸구,0
2016.09.16,해남군,흰등멸구,0
2016.09.16,화순군,흰등멸구,0
2017.06.01,강진군,흰등멸구,0
2017.06.01,고흥군,흰등멸구,0
2017.06.01,곡성군,흰등멸구,0
2017.06.01,광양시,흰등멸구,0
2017.06.01,구례군,흰등멸구,0
2017.06.01,나주시,흰등멸구,0
2017.06.01,담양군,흰등멸구,0
2017.06.01,무안군,흰등멸구,0
2017.06.01,보성군,흰등멸구,0
2017.06.01,순천시,흰등멸구,0
2017.06.01,신안군,흰등멸구,0
2017.06.01,여수시,흰등멸구,0
2017.06.01,영광군,흰등멸구,0
2017.06.01,영암군,흰등멸구,0
2017.06.01,완도군,흰등멸구,0
2017.06.01,장성군,흰등멸구,0
2017.06.01,장흥군,흰등멸구,0
2017.06.01,진도군,흰등멸구,0
2017.06.01,함평군,흰등멸구,0
2017.06.01,해남군,흰등멸구,0
2017.06.01,화순군,흰등멸구,0
2017.06.16,강진군,흰등멸구,0
2017.06.16,고흥군,흰등멸구,0
2017.06.16,곡성군,흰등멸구,0
2017.06.16,광양시,흰등멸구,0
2017.06.16,구례군,흰등멸구,0
2017.06.16,나주시,흰등멸구,0
2017.06.16,담양군,흰등멸구,0
2017.06.16,무안군,흰등멸구,0
2017.06.16,보성군,흰등멸구,0
2017.06.16,순천시,흰등멸구,0
2017.06.16,신안군,흰등멸구,0
2017.06.16,여수시,흰등멸구,0
2017.06.16,영광군,흰등멸구,0
2017.06.16,영암군,흰등멸구,0
2017.06.16,완도군,흰등멸구,0
2017.06.16,장성군,흰등멸구,0
2017.06.16,장흥군,흰등멸구,0
2017.06.16,진도군,흰등멸구,0
2017.06.16,함평군,흰등멸구,0
2017.06.16,해남군,흰등멸구,0
2017.06.16,화순군,흰등멸구,0
2017.07.01,강진군,흰등멸구,0
2017.07.01,고흥군,흰등멸구,0
2017.07.01,곡성군,흰등멸구,0
2017.07.01,광양시,흰등멸구,0
2017.07.01,구례군,흰등멸구,0
2017.07.01,나주시,흰등멸구,0
2017.07.01,담양군,흰등멸구,0
2017.07.01,무안군,흰등멸구,0
2017.07.01,보성군,흰등멸구,0
2017.07.01,순천시,흰등멸구,0
2017.07.01,신안군,흰등멸구,1
2017.07.01,여수시,흰등멸구,0
2017.07.01,영광군,흰등멸구,0
2017.07.01,영암군,흰등멸구,0
2017.07.01,완도군,흰등멸구,0
2017.07.01,장성군,흰등멸구,0
2017.07.01,장흥군,흰등멸구,0
2017.07.01,진도군,흰등멸구,0
2017.07.01,함평군,흰등멸구,0
2017.07.01,해남군,흰등멸구,0
2017.07.01,화순군,흰등멸구,0
2017.07.16,강진군,흰등멸구,0
2017.07.16,고흥군,흰등멸구,0
2017.07.16,곡성군,흰등멸구,0
2017.07.16,광양시,흰등멸구,0
2017.07.16,구례군,흰등멸구,0
2017.07.16,나주시,흰등멸구,0
2017.07.16,담양군,흰등멸구,0
2017.07.16,무안군,흰등멸구,0
2017.07.16,보성군,흰등멸구,0
2017.07.16,순천시,흰등멸구,0
2017.07.16,신안군,흰등멸구,1
2017.07.16,여수시,흰등멸구,0
2017.07.16,영광군,흰등멸구,0
2017.07.16,영암군,흰등멸구,0
2017.07.16,완도군,흰등멸구,0
2017.07.16,장성군,흰등멸구,0
2017.07.16,장흥군,흰등멸구,0
2017.07.16,진도군,흰등멸구,0
2017.07.16,함평군,흰등멸구,0
2017.07.16,해남군,흰등멸구,0
2017.07.16,화순군,흰등멸구,1
2017.08.01,강진군,흰등멸구,0
2017.08.01,고흥군,흰등멸구,1
2017.08.01,곡성군,흰등멸구,0
2017.08.01,광양시,흰등멸구,1
2017.08.01,구례군,흰등멸구,0
2017.08.01,나주시,흰등멸구,0
2017.08.01,담양군,흰등멸구,0
2017.08.01,무안군,흰등멸구,0
2017.08.01,보성군,흰등멸구,1
2017.08.01,순천시,흰등멸구,0
2017.08.01,신안군,흰등멸구,0
2017.08.01,여수시,흰등멸구,0
2017.08.01,영광군,흰등멸구,0
2017.08.01,영암군,흰등멸구,0
2017.08.01,완도군,흰등멸구,0
2017.08.01,장성군,흰등멸구,0
2017.08.01,장흥군,흰등멸구,1
2017.08.01,진도군,흰등멸구,1
2017.08.01,함평군,흰등멸구,0
2017.08.01,해남군,흰등멸구,1
2017.08.01,화순군,흰등멸구,1
2017.08.16,강진군,흰등멸구,1
2017.08.16,고흥군,흰등멸구,1
2017.08.16,곡성군,흰등멸구,0
2017.08.16,광양시,흰등멸구,1
2017.08.16,구례군,흰등멸구,0
2017.08.16,나주시,흰등멸구,0
2017.08.16,담양군,흰등멸구,0
2017.08.16,무안군,흰등멸구,0
2017.08.16,보성군,흰등멸구,1
2017.08.16,순천시,흰등멸구,0
2017.08.16,신안군,흰등멸구,0
2017.08.16,여수시,흰등멸구,0
2017.08.16,영광군,흰등멸구,0
2017.08.16,영암군,흰등멸구,1
2017.08.16,완도군,흰등멸구,0
2017.08.16,장성군,흰등멸구,0
2017.08.16,장흥군,흰등멸구,0
2017.08.16,진도군,흰등멸구,1
2017.08.16,함평군,흰등멸구,1
2017.08.16,해남군,흰등멸구,0
2017.08.16,화순군,흰등멸구,1
2017.09.01,강진군,흰등멸구,0
2017.09.01,고흥군,흰등멸구,1
2017.09.01,곡성군,흰등멸구,0
2017.09.01,광양시,흰등멸구,1
2017.09.01,구례군,흰등멸구,0
2017.09.01,나주시,흰등멸구,0
2017.09.01,담양군,흰등멸구,0
2017.09.01,무안군,흰등멸구,0
2017.09.01,보성군,흰등멸구,1
2017.09.01,순천시,흰등멸구,1
2017.09.01,신안군,흰등멸구,1
2017.09.01,여수시,흰등멸구,0
2017.09.01,영광군,흰등멸구,0
2017.09.01,영암군,흰등멸구,0
2017.09.01,완도군,흰등멸구,0
2017.09.01,장성군,흰등멸구,0
2017.09.01,장흥군,흰등멸구,0
2017.09.01,진도군,흰등멸구,0
2017.09.01,함평군,흰등멸구,1
2017.09.01,해남군,흰등멸구,0
2017.09.01,화순군,흰등멸구,0
2017.09.16,강진군,흰등멸구,0
2017.09.16,고흥군,흰등멸구,1
2017.09.16,곡성군,흰등멸구,1
2017.09.16,광양시,흰등멸구,0
2017.09.16,구례군,흰등멸구,0
2017.09.16,나주시,흰등멸구,0
2017.09.16,담양군,흰등멸구,0
2017.09.16,무안군,흰등멸구,1
2017.09.16,보성군,흰등멸구,0
2017.09.16,순천시,흰등멸구,1
2017.09.16,신안군,흰등멸구,0
2017.09.16,여수시,흰등멸구,0
2017.09.16,영광군,흰등멸구,0
2017.09.16,영암군,흰등멸구,0
2017.09.16,완도군,흰등멸구,0
2017.09.16,장성군,흰등멸구,0
2017.09.16,장흥군,흰등멸구,0
2017.09.16,진도군,흰등멸구,0
2017.09.16,함평군,흰등멸구,1
2017.09.16,해남군,흰등멸구,0
2017.09.16,화순군,흰등멸구,0
2018.06.01,강진군,흰등멸구,0
2018.06.01,고흥군,흰등멸구,0
2018.06.01,곡성군,흰등멸구,0
2018.06.01,광양시,흰등멸구,0
2018.06.01,구례군,흰등멸구,0
2018.06.01,나주시,흰등멸구,0
2018.06.01,담양군,흰등멸구,0
2018.06.01,무안군,흰등멸구,0
2018.06.01,보성군,흰등멸구,0
2018.06.01,순천시,흰등멸구,0
2018.06.01,신안군,흰등멸구,0
2018.06.01,여수시,흰등멸구,0
2018.06.01,영광군,흰등멸구,0
2018.06.01,영암군,흰등멸구,0
2018.06.01,완도군,흰등멸구,0
2018.06.01,장성군,흰등멸구,0
2018.06.01,장흥군,흰등멸구,0
2018.06.01,진도군,흰등멸구,0
2018.06.01,함평군,흰등멸구,0
2018.06.01,해남군,흰등멸구,0
2018.06.01,화순군,흰등멸구,0
2018.06.16,강진군,흰등멸구,0
2018.06.16,고흥군,흰등멸구,0
2018.06.16,곡성군,흰등멸구,0
2018.06.16,광양시,흰등멸구,0
2018.06.16,구례군,흰등멸구,0
2018.06.16,나주시,흰등멸구,0
2018.06.16,담양군,흰등멸구,0
2018.06.16,무안군,흰등멸구,0
2018.06.16,보성군,흰등멸구,0
2018.06.16,순천시,흰등멸구,0
2018.06.16,신안군,흰등멸구,0
2018.06.16,여수시,흰등멸구,0
2018.06.16,영광군,흰등멸구,0
2018.06.16,영암군,흰등멸구,0
2018.06.16,완도군,흰등멸구,0
2018.06.16,장성군,흰등멸구,0
2018.06.16,장흥군,흰등멸구,0
2018.06.16,진도군,흰등멸구,0
2018.06.16,함평군,흰등멸구,0
2018.06.16,해남군,흰등멸구,0
2018.06.16,화순군,흰등멸구,0
2018.07.01,강진군,흰등멸구,0
2018.07.01,고흥군,흰등멸구,0
2018.07.01,광양시,흰등멸구,0
2018.07.01,나주시,흰등멸구,0
2018.07.01,순천시,흰등멸구,0
2018.07.01,신안군,흰등멸구,1
2018.07.01,여수시,흰등멸구,0
2018.07.01,영광군,흰등멸구,0
2018.07.01,영암군,흰등멸구,0
2018.07.01,완도군,흰등멸구,0
2018.07.01,진도군,흰등멸구,0
2018.07.01,해남군,흰등멸구,0
2018.07.01,화순군,흰등멸구,0
2018.07.16,강진군,흰등멸구,0
2018.07.16,고흥군,흰등멸구,0
2018.07.16,곡성군,흰등멸구,0
2018.07.16,광양시,흰등멸구,0
2018.07.16,구례군,흰등멸구,0
2018.07.16,나주시,흰등멸구,0
2018.07.16,담양군,흰등멸구,0
2018.07.16,무안군,흰등멸구,0
2018.07.16,보성군,흰등멸구,1
2018.07.16,순천시,흰등멸구,0
2018.07.16,신안군,흰등멸구,0
2018.07.16,여수시,흰등멸구,0
2018.07.16,영광군,흰등멸구,0
2018.07.16,영암군,흰등멸구,0
2018.07.16,완도군,흰등멸구,0
2018.07.16,장성군,흰등멸구,0
2018.07.16,장흥군,흰등멸구,1
2018.07.16,진도군,흰등멸구,0
2018.07.16,함평군,흰등멸구,0
2018.07.16,해남군,흰등멸구,0
2018.07.16,화순군,흰등멸구,1
2018.08.01,강진군,흰등멸구,0
2018.08.01,고흥군,흰등멸구,0
2018.08.01,곡성군,흰등멸구,0
2018.08.01,광양시,흰등멸구,1
2018.08.01,구례군,흰등멸구,1
2018.08.01,나주시,흰등멸구,0
2018.08.01,담양군,흰등멸구,1
2018.08.01,무안군,흰등멸구,0
2018.08.01,보성군,흰등멸구,0
2018.08.01,순천시,흰등멸구,0
2018.08.01,신안군,흰등멸구,1
2018.08.01,여수시,흰등멸구,0
2018.08.01,영광군,흰등멸구,0
2018.08.01,영암군,흰등멸구,0
2018.08.01,완도군,흰등멸구,0
2018.08.01,장성군,흰등멸구,0
2018.08.01,장흥군,흰등멸구,1
2018.08.01,진도군,흰등멸구,1
2018.08.01,함평군,흰등멸구,1
2018.08.01,해남군,흰등멸구,1
2018.08.01,화순군,흰등멸구,1
2018.08.16,강진군,흰등멸구,1
2018.08.16,고흥군,흰등멸구,0
2018.08.16,곡성군,흰등멸구,0
2018.08.16,광양시,흰등멸구,1
2018.08.16,구례군,흰등멸구,1
2018.08.16,나주시,흰등멸구,0
2018.08.16,담양군,흰등멸구,0
2018.08.16,무안군,흰등멸구,0
2018.08.16,보성군,흰등멸구,1
2018.08.16,순천시,흰등멸구,0
2018.08.16,신안군,흰등멸구,1
2018.08.16,여수시,흰등멸구,1
2018.08.16,영광군,흰등멸구,1
2018.08.16,영암군,흰등멸구,0
2018.08.16,완도군,흰등멸구,1
2018.08.16,장성군,흰등멸구,0
2018.08.16,장흥군,흰등멸구,1
2018.08.16,진도군,흰등멸구,1
2018.08.16,함평군,흰등멸구,1
2018.08.16,해남군,흰등멸구,1
2018.08.16,화순군,흰등멸구,1
2018.09.01,강진군,흰등멸구,1
2018.09.01,고흥군,흰등멸구,0
2018.09.01,곡성군,흰등멸구,0
2018.09.01,광양시,흰등멸구,1
2018.09.01,구례군,흰등멸구,1
2018.09.01,나주시,흰등멸구,0
2018.09.01,담양군,흰등멸구,0
2018.09.01,무안군,흰등멸구,1
2018.09.01,보성군,흰등멸구,1
2018.09.01,순천시,흰등멸구,0
2018.09.01,신안군,흰등멸구,0
2018.09.01,여수시,흰등멸구,0
2018.09.01,영광군,흰등멸구,1
2018.09.01,영암군,흰등멸구,0
2018.09.01,완도군,흰등멸구,1
2018.09.01,장성군,흰등멸구,1
2018.09.01,장흥군,흰등멸구,1
2018.09.01,진도군,흰등멸구,0
2018.09.01,함평군,흰등멸구,1
2018.09.01,해남군,흰등멸구,1
2018.09.01,화순군,흰등멸구,1
2018.09.16,강진군,흰등멸구,0
2018.09.16,고흥군,흰등멸구,0
2018.09.16,곡성군,흰등멸구,0
2018.09.16,광양시,흰등멸구,1
2018.09.16,구례군,흰등멸구,1
2018.09.16,나주시,흰등멸구,0
2018.09.16,담양군,흰등멸구,0
2018.09.16,무안군,흰등멸구,1
2018.09.16,보성군,흰등멸구,1
2018.09.16,순천시,흰등멸구,0
2018.09.16,신안군,흰등멸구,0
2018.09.16,여수시,흰등멸구,0
2018.09.16,영광군,흰등멸구,1
2018.09.16,영암군,흰등멸구,0
2018.09.16,완도군,흰등멸구,1
2018.09.16,장성군,흰등멸구,1
2018.09.16,장흥군,흰등멸구,0
2018.09.16,진도군,흰등멸구,0
2018.09.16,함평군,흰등멸구,1
2018.09.16,해남군,흰등멸구,0
2018.09.16,화순군,흰등멸구,1
2019.06.01,강진군,흰등멸구,0
2019.06.01,고흥군,흰등멸구,0
2019.06.01,곡성군,흰등멸구,0
2019.06.01,광양시,흰등멸구,0
2019.06.01,구례군,흰등멸구,0
2019.06.01,나주시,흰등멸구,0
2019.06.01,담양군,흰등멸구,0
2019.06.01,무안군,흰등멸구,0
2019.06.01,보성군,흰등멸구,0
2019.06.01,순천시,흰등멸구,0
2019.06.01,신안군,흰등멸구,0
2019.06.01,여수시,흰등멸구,0
2019.06.01,영광군,흰등멸구,0
2019.06.01,영암군,흰등멸구,0
2019.06.01,완도군,흰등멸구,0
2019.06.01,장성군,흰등멸구,0
2019.06.01,장흥군,흰등멸구,0
2019.06.01,진도군,흰등멸구,0
2019.06.01,함평군,흰등멸구,0
2019.06.01,해남군,흰등멸구,0
2019.06.01,화순군,흰등멸구,0
2019.06.16,강진군,흰등멸구,0
2019.06.16,고흥군,흰등멸구,0
2019.06.16,곡성군,흰등멸구,0
2019.06.16,광양시,흰등멸구,0
2019.06.16,구례군,흰등멸구,0
2019.06.16,나주시,흰등멸구,0
2019.06.16,담양군,흰등멸구,0
2019.06.16,무안군,흰등멸구,0
2019.06.16,보성군,흰등멸구,0
2019.06.16,순천시,흰등멸구,0
2019.06.16,신안군,흰등멸구,0
2019.06.16,여수시,흰등멸구,0
2019.06.16,영광군,흰등멸구,0
2019.06.16,영암군,흰등멸구,0
2019.06.16,완도군,흰등멸구,0
2019.06.16,장성군,흰등멸구,0
2019.06.16,장흥군,흰등멸구,0
2019.06.16,진도군,흰등멸구,0
2019.06.16,함평군,흰등멸구,0
2019.06.16,해남군,흰등멸구,0
2019.06.16,화순군,흰등멸구,0
2019.07.01,강진군,흰등멸구,0
2019.07.01,고흥군,흰등멸구,0
2019.07.01,곡성군,흰등멸구,0
2019.07.01,광양시,흰등멸구,0
2019.07.01,구례군,흰등멸구,0
2019.07.01,나주시,흰등멸구,0
2019.07.01,담양군,흰등멸구,0
2019.07.01,무안군,흰등멸구,0
2019.07.01,보성군,흰등멸구,0
2019.07.01,순천시,흰등멸구,0
2019.07.01,신안군,흰등멸구,0
2019.07.01,여수시,흰등멸구,0
2019.07.01,영광군,흰등멸구,0
2019.07.01,영암군,흰등멸구,0
2019.07.01,완도군,흰등멸구,0
2019.07.01,장성군,흰등멸구,0
2019.07.01,장흥군,흰등멸구,0
2019.07.01,진도군,흰등멸구,1
2019.07.01,함평군,흰등멸구,0
2019.07.01,해남군,흰등멸구,0
2019.07.01,화순군,흰등멸구,0
2019.07.16,강진군,흰등멸구,0
2019.07.16,고흥군,흰등멸구,0
2019.07.16,곡성군,흰등멸구,0
2019.07.16,광양시,흰등멸구,0
2019.07.16,구례군,흰등멸구,0
2019.07.16,나주시,흰등멸구,0
2019.07.16,담양군,흰등멸구,0
2019.07.16,무안군,흰등멸구,0
2019.07.16,보성군,흰등멸구,0
2019.07.16,순천시,흰등멸구,0
2019.07.16,신안군,흰등멸구,1
2019.07.16,여수시,흰등멸구,0
2019.07.16,영광군,흰등멸구,0
2019.07.16,영암군,흰등멸구,1
2019.07.16,완도군,흰등멸구,1
2019.07.16,장성군,흰등멸구,0
2019.07.16,장흥군,흰등멸구,0
2019.07.16,진도군,흰등멸구,1
2019.07.16,함평군,흰등멸구,0
2019.07.16,해남군,흰등멸구,0
2019.07.16,화순군,흰등멸구,0
2019.08.01,강진군,흰등멸구,0
2019.08.01,고흥군,흰등멸구,0
2019.08.01,곡성군,흰등멸구,1
2019.08.01,광양시,흰등멸구,1
2019.08.01,구례군,흰등멸구,0
2019.08.01,나주시,흰등멸구,1
2019.08.01,담양군,흰등멸구,0
2019.08.01,무안군,흰등멸구,0
2019.08.01,보성군,흰등멸구,1
2019.08.01,순천시,흰등멸구,1
2019.08.01,신안군,흰등멸구,1
2019.08.01,여수시,흰등멸구,0
2019.08.01,영광군,흰등멸구,0
2019.08.01,영암군,흰등멸구,1
2019.08.01,완도군,흰등멸구,1
2019.08.01,장성군,흰등멸구,0
2019.08.01,장흥군,흰등멸구,0
2019.08.01,진도군,흰등멸구,1
2019.08.01,함평군,흰등멸구,1
2019.08.01,해남군,흰등멸구,1
2019.08.01,화순군,흰등멸구,1
2019.08.16,강진군,흰등멸구,1
2019.08.16,고흥군,흰등멸구,1
2019.08.16,광양시,흰등멸구,1
2019.08.16,구례군,흰등멸구,0
2019.08.16,무안군,흰등멸구,0
2019.08.16,보성군,흰등멸구,1
2019.08.16,순천시,흰등멸구,0
2019.08.16,신안군,흰등멸구,1
2019.08.16,여수시,흰등멸구,0
2019.08.16,영광군,흰등멸구,1
2019.08.16,완도군,흰등멸구,1
2019.08.16,장흥군,흰등멸구,1
2019.08.16,진도군,흰등멸구,1
2019.08.16,함평군,흰등멸구,1
2019.08.16,해남군,흰등멸구,0
2019.08.16,화순군,흰등멸구,1
2019.09.01,강진군,흰등멸구,1
2019.09.01,고흥군,흰등멸구,1
2019.09.01,곡성군,흰등멸구,0
2019.09.01,광양시,흰등멸구,1
2019.09.01,구례군,흰등멸구,0
2019.09.01,나주시,흰등멸구,0
2019.09.01,담양군,흰등멸구,0
2019.09.01,무안군,흰등멸구,0
2019.09.01,보성군,흰등멸구,0
2019.09.01,순천시,흰등멸구,1
2019.09.01,신안군,흰등멸구,1
2019.09.01,여수시,흰등멸구,0
2019.09.01,영광군,흰등멸구,1
2019.09.01,영암군,흰등멸구,1
2019.09.01,완도군,흰등멸구,1
2019.09.01,장성군,흰등멸구,1
2019.09.01,장흥군,흰등멸구,0
2019.09.01,진도군,흰등멸구,1
2019.09.01,함평군,흰등멸구,1
2019.09.01,해남군,흰등멸구,0
2019.09.01,화순군,흰등멸구,1
2019.09.16,강진군,흰등멸구,1
2019.09.16,고흥군,흰등멸구,1
2019.09.16,곡성군,흰등멸구,0
2019.09.16,광양시,흰등멸구,0
2019.09.16,구례군,흰등멸구,0
2019.09.16,나주시,흰등멸구,0
2019.09.16,담양군,흰등멸구,0
2019.09.16,무안군,흰등멸구,0
2019.09.16,보성군,흰등멸구,1
2019.09.16,순천시,흰등멸구,0
2019.09.16,여수시,흰등멸구,0
2019.09.16,영광군,흰등멸구,1
2019.09.16,영암군,흰등멸구,1
2019.09.16,완도군,흰등멸구,1
2019.09.16,장성군,흰등멸구,1
2019.09.16,장흥군,흰등멸구,0
2019.09.16,진도군,흰등멸구,1
2019.09.16,함평군,흰등멸구,0
2019.09.16,해남군,흰등멸구,0
2019.09.16,화순군,흰등멸구,0
2020.06.01,강진군,흰등멸구,0
2020.06.01,고흥군,흰등멸구,0
2020.06.01,광양시,흰등멸구,0
2020.06.01,구례군,흰등멸구,0
2020.06.01,나주시,흰등멸구,0
2020.06.01,담양군,흰등멸구,0
2020.06.01,무안군,흰등멸구,0
2020.06.01,보성군,흰등멸구,0
2020.06.01,순천시,흰등멸구,0
2020.06.01,신안군,흰등멸구,0
2020.06.01,여수시,흰등멸구,0
2020.06.01,영광군,흰등멸구,0
2020.06.01,영암군,흰등멸구,0
2020.06.01,완도군,흰등멸구,0
2020.06.01,장성군,흰등멸구,0
2020.06.01,장흥군,흰등멸구,0
2020.06.01,진도군,흰등멸구,0
2020.06.01,함평군,흰등멸구,0
2020.06.01,해남군,흰등멸구,0
2020.06.01,화순군,흰등멸구,0
2020.06.16,강진군,흰등멸구,0
2020.06.16,고흥군,흰등멸구,0
2020.06.16,곡성군,흰등멸구,0
2020.06.16,광양시,흰등멸구,0
2020.06.16,구례군,흰등멸구,0
2020.06.16,나주시,흰등멸구,0
2020.06.16,담양군,흰등멸구,0
2020.06.16,무안군,흰등멸구,0
2020.06.16,보성군,흰등멸구,0
2020.06.16,순천시,흰등멸구,0
2020.06.16,신안군,흰등멸구,0
2020.06.16,여수시,흰등멸구,0
2020.06.16,영광군,흰등멸구,0
2020.06.16,영암군,흰등멸구,0
2020.06.16,완도군,흰등멸구,0
2020.06.16,장성군,흰등멸구,0
2020.06.16,장흥군,흰등멸구,0
2020.06.16,진도군,흰등멸구,1
2020.06.16,함평군,흰등멸구,0
2020.06.16,해남군,흰등멸구,0
2020.06.16,화순군,흰등멸구,0
2020.07.01,강진군,흰등멸구,0
2020.07.01,고흥군,흰등멸구,0
2020.07.01,곡성군,흰등멸구,0
2020.07.01,광양시,흰등멸구,0
2020.07.01,구례군,흰등멸구,0
2020.07.01,담양군,흰등멸구,0
2020.07.01,무안군,흰등멸구,0
2020.07.01,보성군,흰등멸구,0
2020.07.01,순천시,흰등멸구,0
2020.07.01,신안군,흰등멸구,0
2020.07.01,여수시,흰등멸구,0
2020.07.01,영광군,흰등멸구,0
2020.07.01,영암군,흰등멸구,0
2020.07.01,완도군,흰등멸구,0
2020.07.01,장성군,흰등멸구,0
2020.07.01,장흥군,흰등멸구,0
2020.07.01,진도군,흰등멸구,1
2020.07.01,함평군,흰등멸구,0
2020.07.01,해남군,흰등멸구,0
2020.07.01,화순군,흰등멸구,1
2020.07.16,강진군,흰등멸구,1
2020.07.16,고흥군,흰등멸구,0
2020.07.16,곡성군,흰등멸구,0
2020.07.16,광양시,흰등멸구,0
2020.07.16,구례군,흰등멸구,0
2020.07.16,나주시,흰등멸구,0
2020.07.16,담양군,흰등멸구,0
2020.07.16,무안군,흰등멸구,0
2020.07.16,보성군,흰등멸구,0
2020.07.16,순천시,흰등멸구,0
2020.07.16,신안군,흰등멸구,0
2020.07.16,여수시,흰등멸구,0
2020.07.16,영광군,흰등멸구,1
2020.07.16,영암군,흰등멸구,1
2020.07.16,완도군,흰등멸구,1
2020.07.16,장성군,흰등멸구,0
2020.07.16,장흥군,흰등멸구,1
2020.07.16,진도군,흰등멸구,1
2020.07.16,함평군,흰등멸구,0
2020.07.16,해남군,흰등멸구,1
2020.07.16,화순군,흰등멸구,1
2020.08.01,강진군,흰등멸구,1
2020.08.01,고흥군,흰등멸구,1
2020.08.01,곡성군,흰등멸구,1
2020.08.01,광양시,흰등멸구,0
2020.08.01,구례군,흰등멸구,0
2020.08.01,나주시,흰등멸구,0
2020.08.01,담양군,흰등멸구,1
2020.08.01,무안군,흰등멸구,0
2020.08.01,보성군,흰등멸구,1
2020.08.01,순천시,흰등멸구,0
2020.08.01,신안군,흰등멸구,1
2020.08.01,여수시,흰등멸구,1
2020.08.01,영광군,흰등멸구,1
2020.08.01,영암군,흰등멸구,1
2020.08.01,완도군,흰등멸구,1
2020.08.01,장성군,흰등멸구,0
2020.08.01,장흥군,흰등멸구,1
2020.08.01,진도군,흰등멸구,1
2020.08.01,함평군,흰등멸구,1
2020.08.01,해남군,흰등멸구,1
2020.08.01,화순군,흰등멸구,1
2020.08.16,강진군,흰등멸구,1
2020.08.16,고흥군,흰등멸구,1
2020.08.16,곡성군,흰등멸구,1
2020.08.16,광양시,흰등멸구,1
2020.08.16,구례군,흰등멸구,1
2020.08.16,나주시,흰등멸구,0
2020.08.16,담양군,흰등멸구,1
2020.08.16,무안군,흰등멸구,1
2020.08.16,보성군,흰등멸구,1
2020.08.16,순천시,흰등멸구,1
2020.08.16,신안군,흰등멸구,1
2020.08.16,여수시,흰등멸구,1
2020.08.16,영광군,흰등멸구,1
2020.08.16,영암군,흰등멸구,1
2020.08.16,완도군,흰등멸구,1
2020.08.16,장성군,흰등멸구,0
2020.08.16,장흥군,흰등멸구,1
2020.08.16,진도군,흰등멸구,1
2020.08.16,함평군,흰등멸구,1
2020.08.16,해남군,흰등멸구,1
2020.08.16,화순군,흰등멸구,1
2020.09.01,강진군,흰등멸구,1
2020.09.01,고흥군,흰등멸구,1
2020.09.01,곡성군,흰등멸구,1
2020.09.01,광양시,흰등멸구,1
2020.09.01,구례군,흰등멸구,0
2020.09.01,나주시,흰등멸구,0
2020.09.01,담양군,흰등멸구,0
2020.09.01,무안군,흰등멸구,0
2020.09.01,보성군,흰등멸구,1
2020.09.01,순천시,흰등멸구,1
2020.09.01,신안군,흰등멸구,1
2020.09.01,여수시,흰등멸구,1
2020.09.01,영광군,흰등멸구,1
2020.09.01,영암군,흰등멸구,1
2020.09.01,완도군,흰등멸구,1
2020.09.01,장성군,흰등멸구,1
2020.09.01,장흥군,흰등멸구,1
2020.09.01,진도군,흰등멸구,1
2020.09.01,함평군,흰등멸구,1
2020.09.01,해남군,흰등멸구,0
2020.09.01,화순군,흰등멸구,1
2020.09.16,강진군,흰등멸구,1
2020.09.16,고흥군,흰등멸구,1
2020.09.16,곡성군,흰등멸구,1
2020.09.16,광양시,흰등멸구,1
2020.09.16,구례군,흰등멸구,1
2020.09.16,나주시,흰등멸구,1
2020.09.16,담양군,흰등멸구,0
2020.09.16,무안군,흰등멸구,1
2020.09.16,보성군,흰등멸구,0
2020.09.16,순천시,흰등멸구,1
2020.09.16,신안군,흰등멸구,1
2020.09.16,여수시,흰등멸구,0
2020.09.16,영광군,흰등멸구,1
2020.09.16,영암군,흰등멸구,1
2020.09.16,완도군,흰등멸구,1
2020.09.16,장성군,흰등멸구,1
2020.09.16,장흥군,흰등멸구,1
2020.09.16,진도군,흰등멸구,1
2020.09.16,함평군,흰등멸구,1
2020.09.16,해남군,흰등멸구,0
2020.09.16,화순군,흰등멸구,1
2021.06.01,강진군,흰등멸구,0
2021.06.01,고흥군,흰등멸구,0
2021.06.01,곡성군,흰등멸구,0
2021.06.01,광양시,흰등멸구,0
2021.06.01,구례군,흰등멸구,0
2021.06.01,나주시,흰등멸구,0
2021.06.01,담양군,흰등멸구,0
2021.06.01,무안군,흰등멸구,0
2021.06.01,보성군,흰등멸구,0
2021.06.01,순천시,흰등멸구,0
2021.06.01,신안군,흰등멸구,0
2021.06.01,여수시,흰등멸구,0
2021.06.01,영암군,흰등멸구,0
2021.06.01,완도군,흰등멸구,0
2021.06.01,장성군,흰등멸구,0
2021.06.01,장흥군,흰등멸구,0
2021.06.01,진도군,흰등멸구,0
2021.06.01,함평군,흰등멸구,0
2021.06.01,해남군,흰등멸구,0
2021.06.01,화순군,흰등멸구,0
2021.06.16,강진군,흰등멸구,0
2021.06.16,고흥군,흰등멸구,0
2021.06.16,곡성군,흰등멸구,0
2021.06.16,광양시,흰등멸구,0
2021.06.16,구례군,흰등멸구,0
2021.06.16,나주시,흰등멸구,0
2021.06.16,담양군,흰등멸구,0
2021.06.16,무안군,흰등멸구,0
2021.06.16,보성군,흰등멸구,0
2021.06.16,순천시,흰등멸구,0
2021.06.16,신안군,흰등멸구,0
2021.06.16,여수시,흰등멸구,0
2021.06.16,영광군,흰등멸구,0
2021.06.16,영암군,흰등멸구,0
2021.06.16,완도군,흰등멸구,0
2021.06.16,장성군,흰등멸구,0
2021.06.16,장흥군,흰등멸구,0
2021.06.16,진도군,흰등멸구,0
2021.06.16,함평군,흰등멸구,0
2021.06.16,해남군,흰등멸구,0
2021.06.16,화순군,흰등멸구,0
2021.07.01,강진군,흰등멸구,0
2021.07.01,고흥군,흰등멸구,0
2021.07.01,곡성군,흰등멸구,0
2021.07.01,광양시,흰등멸구,0
2021.07.01,구례군,흰등멸구,0
2021.07.01,나주시,흰등멸구,0
2021.07.01,담양군,흰등멸구,0
2021.07.01,무안군,흰등멸구,0
2021.07.01,보성군,흰등멸구,0
2021.07.01,순천시,흰등멸구,0
2021.07.01,신안군,흰등멸구,0
2021.07.01,여수시,흰등멸구,0
2021.07.01,영광군,흰등멸구,0
2021.07.01,영암군,흰등멸구,0
2021.07.01,완도군,흰등멸구,0
2021.07.01,장성군,흰등멸구,0
2021.07.01,장흥군,흰등멸구,0
2021.07.01,진도군,흰등멸구,0
2021.07.01,함평군,흰등멸구,0
2021.07.01,해남군,흰등멸구,0
2021.07.01,화순군,흰등멸구,1
2021.07.16,강진군,흰등멸구,0
2021.07.16,고흥군,흰등멸구,0
2021.07.16,곡성군,흰등멸구,0
2021.07.16,광양시,흰등멸구,0
2021.07.16,구례군,흰등멸구,0
2021.07.16,나주시,흰등멸구,0
2021.07.16,담양군,흰등멸구,0
2021.07.16,무안군,흰등멸구,0
2021.07.16,보성군,흰등멸구,0
2021.07.16,순천시,흰등멸구,0
2021.07.16,신안군,흰등멸구,0
2021.07.16,여수시,흰등멸구,0
2021.07.16,영광군,흰등멸구,1
2021.07.16,영암군,흰등멸구,0
2021.07.16,완도군,흰등멸구,1
2021.07.16,장성군,흰등멸구,0
2021.07.16,장흥군,흰등멸구,1
2021.07.16,진도군,흰등멸구,1
2021.07.16,함평군,흰등멸구,0
2021.07.16,해남군,흰등멸구,0
2021.07.16,화순군,흰등멸구,1
2021.08.01,강진군,흰등멸구,1
2021.08.01,고흥군,흰등멸구,1
2021.08.01,곡성군,흰등멸구,1
2021.08.01,광양시,흰등멸구,0
2021.08.01,구례군,흰등멸구,0
2021.08.01,보성군,흰등멸구,0
2021.08.01,여수시,흰등멸구,0
2021.08.01,영암군,흰등멸구,1
2021.08.01,완도군,흰등멸구,1
2021.08.01,장성군,흰등멸구,0
2021.08.01,진도군,흰등멸구,1
2021.08.01,함평군,흰등멸구,0
2021.08.01,해남군,흰등멸구,0
2021.08.01,화순군,흰등멸구,1
2021.08.16,강진군,흰등멸구,1
2021.08.16,고흥군,흰등멸구,1
2021.08.16,곡성군,흰등멸구,0
2021.08.16,광양시,흰등멸구,0
2021.08.16,구례군,흰등멸구,0
2021.08.16,나주시,흰등멸구,0
2021.08.16,담양군,흰등멸구,0
2021.08.16,무안군,흰등멸구,0
2021.08.16,보성군,흰등멸구,1
2021.08.16,순천시,흰등멸구,0
2021.08.16,신안군,흰등멸구,0
2021.08.16,여수시,흰등멸구,1
2021.08.16,영광군,흰등멸구,1
2021.08.16,영암군,흰등멸구,1
2021.08.16,완도군,흰등멸구,1
2021.08.16,장성군,흰등멸구,1
2021.08.16,장흥군,흰등멸구,1
2021.08.16,진도군,흰등멸구,1
2021.08.16,함평군,흰등멸구,0
2021.08.16,해남군,흰등멸구,1
2021.08.16,화순군,흰등멸구,1
2021.09.01,강진군,흰등멸구,0
2021.09.01,고흥군,흰등멸구,0
2021.09.01,곡성군,흰등멸구,0
2021.09.01,광양시,흰등멸구,0
2021.09.01,구례군,흰등멸구,0
2021.09.01,담양군,흰등멸구,0
2021.09.01,무안군,흰등멸구,0
2021.09.01,보성군,흰등멸구,1
2021.09.01,순천시,흰등멸구,0
2021.09.01,신안군,흰등멸구,0
2021.09.01,여수시,흰등멸구,1
2021.09.01,영암군,흰등멸구,1
2021.09.01,완도군,흰등멸구,1
2021.09.01,장성군,흰등멸구,0
2021.09.01,장흥군,흰등멸구,1
2021.09.01,진도군,흰등멸구,1
2021.09.01,함평군,흰등멸구,0
2021.09.01,해남군,흰등멸구,0
2021.09.01,화순군,흰등멸구,1
2021.09.16,강진군,흰등멸구,0
2021.09.16,고흥군,흰등멸구,0
2021.09.16,곡성군,흰등멸구,0
2021.09.16,광양시,흰등멸구,0
2021.09.16,구례군,흰등멸구,0
2021.09.16,나주시,흰등멸구,0
2021.09.16,담양군,흰등멸구,0
2021.09.16,무안군,흰등멸구,0
2021.09.16,보성군,흰등멸구,1
2021.09.16,순천시,흰등멸구,0
2021.09.16,신안군,흰등멸구,0
2021.09.16,여수시,흰등멸구,0
2021.09.16,영광군,흰등멸구,1
2021.09.16,영암군,흰등멸구,1
2021.09.16,완도군,흰등멸구,0
2021.09.16,장성군,흰등멸구,1
2021.09.16,장흥군,흰등멸구,1
2021.09.16,진도군,흰등멸구,1
2021.09.16,함평군,흰등멸구,0
2021.09.16,해남군,흰등멸구,0
2021.09.16,화순군,흰등멸구,1
2022.06.01,강진군,흰등멸구,0
2022.06.01,고흥군,흰등멸구,0
2022.06.01,곡성군,흰등멸구,0
2022.06.01,광양시,흰등멸구,0
2022.06.01,구례군,흰등멸구,0
2022.06.01,나주시,흰등멸구,0
2022.06.01,담양군,흰등멸구,0
2022.06.01,무안군,흰등멸구,0
2022.06.01,보성군,흰등멸구,0
2022.06.01,순천시,흰등멸구,0
2022.06.01,신안군,흰등멸구,0
2022.06.01,여수시,흰등멸구,0
2022.06.01,영광군,흰등멸구,0
2022.06.01,영암군,흰등멸구,0
2022.06.01,완도군,흰등멸구,0
2022.06.01,장성군,흰등멸구,0
2022.06.01,장흥군,흰등멸구,0
2022.06.01,진도군,흰등멸구,0
2022.06.01,함평군,흰등멸구,0
2022.06.01,해남군,흰등멸구,0
2022.06.01,화순군,흰등멸구,0
2022.06.16,강진군,흰등멸구,0
2022.06.16,고흥군,흰등멸구,0
2022.06.16,곡성군,흰등멸구,0
2022.06.16,광양시,흰등멸구,0
2022.06.16,구례군,흰등멸구,0
2022.06.16,나주시,흰등멸구,0
2022.06.16,담양군,흰등멸구,0
2022.06.16,무안군,흰등멸구,0
2022.06.16,보성군,흰등멸구,0
2022.06.16,순천시,흰등멸구,0
2022.06.16,신안군,흰등멸구,0
2022.06.16,여수시,흰등멸구,0
2022.06.16,영광군,흰등멸구,0
2022.06.16,영암군,흰등멸구,0
2022.06.16,완도군,흰등멸구,0
2022.06.16,장성군,흰등멸구,0
2022.06.16,장흥군,흰등멸구,0
2022.06.16,진도군,흰등멸구,1
2022.06.16,함평군,흰등멸구,0
2022.06.16,해남군,흰등멸구,0
2022.06.16,화순군,흰등멸구,0
2022.07.01,강진군,흰등멸구,0
2022.07.01,고흥군,흰등멸구,0
2022.07.01,곡성군,흰등멸구,0
2022.07.01,광양시,흰등멸구,0
2022.07.01,구례군,흰등멸구,0
2022.07.01,나주시,흰등멸구,0
2022.07.01,담양군,흰등멸구,0
2022.07.01,무안군,흰등멸구,0
2022.07.01,보성군,흰등멸구,0
2022.07.01,순천시,흰등멸구,0
2022.07.01,신안군,흰등멸구,0
2022.07.01,여수시,흰등멸구,0
2022.07.01,영광군,흰등멸구,0
2022.07.01,영암군,흰등멸구,0
2022.07.01,완도군,흰등멸구,0
2022.07.01,장성군,흰등멸구,0
2022.07.01,장흥군,흰등멸구,0
2022.07.01,진도군,흰등멸구,1
2022.07.01,함평군,흰등멸구,0
2022.07.01,해남군,흰등멸구,0
2022.07.01,화순군,흰등멸구,0
2022.07.16,강진군,흰등멸구,0
2022.07.16,고흥군,흰등멸구,0
2022.07.16,곡성군,흰등멸구,0
2022.07.16,광양시,흰등멸구,0
2022.07.16,구례군,흰등멸구,0
2022.07.16,나주시,흰등멸구,0
2022.07.16,담양군,흰등멸구,0
2022.07.16,무안군,흰등멸구,0
2022.07.16,보성군,흰등멸구,1
2022.07.16,순천시,흰등멸구,0
2022.07.16,신안군,흰등멸구,0
2022.07.16,여수시,흰등멸구,0
2022.07.16,영광군,흰등멸구,0
2022.07.16,영암군,흰등멸구,0
2022.07.16,완도군,흰등멸구,0
2022.07.16,장성군,흰등멸구,0
2022.07.16,장흥군,흰등멸구,1
2022.07.16,진도군,흰등멸구,1
2022.07.16,함평군,흰등멸구,0
2022.07.16,해남군,흰등멸구,1
2022.07.16,화순군,흰등멸구,0
2022.08.01,강진군,흰등멸구,0
2022.08.01,고흥군,흰등멸구,0
2022.08.01,곡성군,흰등멸구,0
2022.08.01,광양시,흰등멸구,1
2022.08.01,구례군,흰등멸구,0
2022.08.01,나주시,흰등멸구,0
2022.08.01,담양군,흰등멸구,0
2022.08.01,무안군,흰등멸구,0
2022.08.01,보성군,흰등멸구,1
2022.08.01,순천시,흰등멸구,0
2022.08.01,신안군,흰등멸구,0
2022.08.01,여수시,흰등멸구,0
2022.08.01,영광군,흰등멸구,1
2022.08.01,영암군,흰등멸구,1
2022.08.01,완도군,흰등멸구,0
2022.08.01,장성군,흰등멸구,0
2022.08.01,장흥군,흰등멸구,1
2022.08.01,진도군,흰등멸구,1
2022.08.01,함평군,흰등멸구,0
2022.08.01,화순군,흰등멸구,1
2022.08.16,강진군,흰등멸구,1
2022.08.16,고흥군,흰등멸구,0
2022.08.16,광양시,흰등멸구,0
2022.08.16,구례군,흰등멸구,0
2022.08.16,담양군,흰등멸구,0
2022.08.16,무안군,흰등멸구,0
2022.08.16,보성군,흰등멸구,0
2022.08.16,순천시,흰등멸구,0
2022.08.16,여수시,흰등멸구,1
2022.08.16,영암군,흰등멸구,1
2022.08.16,완도군,흰등멸구,0
2022.08.16,장성군,흰등멸구,1
2022.08.16,장흥군,흰등멸구,1
2022.08.16,진도군,흰등멸구,1
2022.08.16,함평군,흰등멸구,0
2022.08.16,해남군,흰등멸구,1
2022.08.16,화순군,흰등멸구,1
2022.09.01,강진군,흰등멸구,1
2022.09.01,고흥군,흰등멸구,1
2022.09.01,곡성군,흰등멸구,0
2022.09.01,광양시,흰등멸구,1
2022.09.01,구례군,흰등멸구,0
2022.09.01,담양군,흰등멸구,1
2022.09.01,보성군,흰등멸구,1
2022.09.01,순천시,흰등멸구,0
2022.09.01,신안군,흰등멸구,0
2022.09.01,여수시,흰등멸구,0
2022.09.01,영암군,흰등멸구,1
2022.09.01,완도군,흰등멸구,0
2022.09.01,장성군,흰등멸구,1
2022.09.01,장흥군,흰등멸구,0
2022.09.01,진도군,흰등멸구,1
2022.09.01,해남군,흰등멸구,0
2022.09.01,화순군,흰등멸구,1
2022.09.16,강진군,흰등멸구,0
2022.09.16,고흥군,흰등멸구,1
2022.09.16,곡성군,흰등멸구,0
2022.09.16,광양시,흰등멸구,0
2022.09.16,구례군,흰등멸구,0
2022.09.16,나주시,흰등멸구,0
2022.09.16,담양군,흰등멸구,0
2022.09.16,무안군,흰등멸구,0
2022.09.16,보성군,흰등멸구,0
2022.09.16,순천시,흰등멸구,0
2022.09.16,신안군,흰등멸구,0
2022.09.16,여수시,흰등멸구,0
2022.09.16,영광군,흰등멸구,0
2022.09.16,완도군,흰등멸구,0
2022.09.16,장성군,흰등멸구,1
2022.09.16,장흥군,흰등멸구,0
2022.09.16,진도군,흰등멸구,0
2022.09.16,함평군,흰등멸구,0
2022.09.16,해남군,흰등멸구,0
2022.09.16,화순군,흰등멸구,1
2023.06.01,강진군,흰등멸구,0
2023.06.01,곡성군,흰등멸구,0
2023.06.01,광양시,흰등멸구,0
2023.06.01,구례군,흰등멸구,0
2023.06.01,나주시,흰등멸구,0
2023.06.01,담양군,흰등멸구,0
2023.06.01,무안군,흰등멸구,0
2023.06.01,보성군,흰등멸구,0
2023.06.01,순천시,흰등멸구,0
2023.06.01,신안군,흰등멸구,0
2023.06.01,여수시,흰등멸구,0
2023.06.01,영광군,흰등멸구,0
2023.06.01,영암군,흰등멸구,0
2023.06.01,완도군,흰등멸구,0
2023.06.01,장성군,흰등멸구,0
2023.06.01,장흥군,흰등멸구,0
2023.06.01,진도군,흰등멸구,0
2023.06.01,함평군,흰등멸구,0
2023.06.01,해남군,흰등멸구,0
2023.06.01,화순군,흰등멸구,0
2023.06.16,강진군,흰등멸구,0
2023.06.16,곡성군,흰등멸구,0
2023.06.16,광양시,흰등멸구,0
2023.06.16,구례군,흰등멸구,0
2023.06.16,나주시,흰등멸구,0
2023.06.16,담양군,흰등멸구,0
2023.06.16,무안군,흰등멸구,0
2023.06.16,보성군,흰등멸구,0
2023.06.16,순천시,흰등멸구,0
2023.06.16,신안군,흰등멸구,0
2023.06.16,여수시,흰등멸구,0
2023.06.16,영광군,흰등멸구,0
2023.06.16,영암군,흰등멸구,0
2023.06.16,완도군,흰등멸구,0
2023.06.16,장성군,흰등멸구,0
2023.06.16,장흥군,흰등멸구,0
2023.06.16,진도군,흰등멸구,0
2023.06.16,함평군,흰등멸구,0
2023.06.16,해남군,흰등멸구,0
2023.06.16,화순군,흰등멸구,0
2023.07.01,강진군,흰등멸구,0
2023.07.01,고흥군,흰등멸구,0
2023.07.01,곡성군,흰등멸구,0
2023.07.01,광양시,흰등멸구,0
2023.07.01,구례군,흰등멸구,0
2023.07.01,나주시,흰등멸구,0
2023.07.01,담양군,흰등멸구,0
2023.07.01,무안군,흰등멸구,0
2023.07.01,보성군,흰등멸구,0
2023.07.01,순천시,흰등멸구,0
2023.07.01,신안군,흰등멸구,0
2023.07.01,여수시,흰등멸구,0
2023.07.01,영광군,흰등멸구,0
2023.07.01,영암군,흰등멸구,0
2023.07.01,완도군,흰등멸구,1
2023.07.01,장성군,흰등멸구,0
2023.07.01,장흥군,흰등멸구,0
2023.07.01,진도군,흰등멸구,0
2023.07.01,함평군,흰등멸구,0
2023.07.01,해남군,흰등멸구,0
2023.07.01,화순군,흰등멸구,0
2023.07.16,강진군,흰등멸구,0
2023.07.16,고흥군,흰등멸구,0
2023.07.16,곡성군,흰등멸구,0
2023.07.16,광양시,흰등멸구,0
2023.07.16,구례군,흰등멸구,0
2023.07.16,나주시,흰등멸구,0
2023.07.16,담양군,흰등멸구,1
2023.07.16,무안군,흰등멸구,0
2023.07.16,보성군,흰등멸구,0
2023.07.16,순천시,흰등멸구,0
2023.07.16,신안군,흰등멸구,0
2023.07.16,여수시,흰등멸구,0
2023.07.16,영광군,흰등멸구,0
2023.07.16,영암군,흰등멸구,1
2023.07.16,완도군,흰등멸구,1
2023.07.16,장성군,흰등멸구,0
2023.07.16,장흥군,흰등멸구,1
2023.07.16,진도군,흰등멸구,1
2023.07.16,함평군,흰등멸구,0
2023.07.16,해남군,흰등멸구,0
2023.07.16,화순군,흰등멸구,0
2023.08.01,강진군,흰등멸구,0
2023.08.01,고흥군,흰등멸구,0
2023.08.01,곡성군,흰등멸구,0
2023.08.01,광양시,흰등멸구,0
2023.08.01,구례군,흰등멸구,0
2023.08.01,나주시,흰등멸구,0
2023.08.01,담양군,흰등멸구,0
2023.08.01,무안군,흰등멸구,0
2023.08.01,보성군,흰등멸구,0
2023.08.01,순천시,흰등멸구,0
2023.08.01,신안군,흰등멸구,0
2023.08.01,여수시,흰등멸구,0
2023.08.01,영광군,흰등멸구,0
2023.08.01,영암군,흰등멸구,1
2023.08.01,완도군,흰등멸구,1
2023.08.01,장성군,흰등멸구,1
2023.08.01,장흥군,흰등멸구,1
2023.08.01,진도군,흰등멸구,1
2023.08.01,함평군,흰등멸구,0
2023.08.01,해남군,흰등멸구,0
2023.08.01,화순군,흰등멸구,0
2023.08.16,강진군,흰등멸구,1
2023.08.16,고흥군,흰등멸구,0
2023.08.16,곡성군,흰등멸구,0
2023.08.16,광양시,흰등멸구,0
2023.08.16,구례군,흰등멸구,1
2023.08.16,나주시,흰등멸구,0
2023.08.16,담양군,흰등멸구,0
2023.08.16,무안군,흰등멸구,0
2023.08.16,보성군,흰등멸구,0
2023.08.16,순천시,흰등멸구,0
2023.08.16,신안군,흰등멸구,0
2023.08.16,여수시,흰등멸구,0
2023.08.16,영광군,흰등멸구,0
2023.08.16,영암군,흰등멸구,1
2023.08.16,완도군,흰등멸구,1
2023.08.16,장성군,흰등멸구,1
2023.08.16,장흥군,흰등멸구,1
2023.08.16,진도군,흰등멸구,1
2023.08.16,함평군,흰등멸구,0
2023.08.16,해남군,흰등멸구,0
2023.08.16,화순군,흰등멸구,1
2023.09.01,강진군,흰등멸구,1
2023.09.01,고흥군,흰등멸구,1
2023.09.01,곡성군,흰등멸구,0
2023.09.01,광양시,흰등멸구,0
2023.09.01,구례군,흰등멸구,1
2023.09.01,나주시,흰등멸구,0
2023.09.01,담양군,흰등멸구,0
2023.09.01,무안군,흰등멸구,0
2023.09.01,보성군,흰등멸구,1
2023.09.01,순천시,흰등멸구,0
2023.09.01,신안군,흰등멸구,0
2023.09.01,여수시,흰등멸구,1
2023.09.01,영광군,흰등멸구,0
2023.09.01,영암군,흰등멸구,1
2023.09.01,완도군,흰등멸구,1
2023.09.01,장성군,흰등멸구,1
2023.09.01,장흥군,흰등멸구,1
2023.09.01,진도군,흰등멸구,1
2023.09.01,함평군,흰등멸구,1
2023.09.01,해남군,흰등멸구,0
2023.09.01,화순군,흰등멸구,0
2023.09.16,강진군,흰등멸구,1
2023.09.16,고흥군,흰등멸구,1
2023.09.16,곡성군,흰등멸구,0
2023.09.16,광양시,흰등멸구,0
2023.09.16,구례군,흰등멸구,1
2023.09.16,나주시,흰등멸구,0
2023.09.16,담양군,흰등멸구,1
2023.09.16,무안군,흰등멸구,0
2023.09.16,보성군,흰등멸구,0
2023.09.16,순천시,흰등멸구,0
2023.09.16,신안군,흰등멸구,0
2023.09.16,여수시,흰등멸구,1
2023.09.16,영광군,흰등멸구,0
2023.09.16,영암군,흰등멸구,1
2023.09.16,완도군,흰등멸구,0
2023.09.16,장성군,흰등멸구,1
2023.09.16,장흥군,흰등멸구,1
2023.09.16,진도군,흰등멸구,1
2023.09.16,함평군,흰등멸구,1
2023.09.16,해남군,흰등멸구,0
2023.09.16,화순군,흰등멸구,0
2024.06.01,강진군,흰등멸구,0
2024.06.01,고흥군,흰등멸구,0
2024.06.01,광양시,흰등멸구,0
2024.06.01,구례군,흰등멸구,0
2024.06.01,나주시,흰등멸구,0
2024.06.01,무안군,흰등멸구,0
2024.06.01,보성군,흰등멸구,0
2024.06.01,순천시,흰등멸구,0
2024.06.01,신안군,흰등멸구,0
2024.06.01,여수시,흰등멸구,0
2024.06.01,영암군,흰등멸구,0
2024.06.01,완도군,흰등멸구,0
2024.06.01,장성군,흰등멸구,0
2024.06.01,장흥군,흰등멸구,0
2024.06.01,진도군,흰등멸구,0
2024.06.01,해남군,흰등멸구,0
2024.06.01,화순군,흰등멸구,0
2024.06.16,강진군,흰등멸구,0
2024.06.16,고흥군,흰등멸구,0
2024.06.16,광양시,흰등멸구,0
2024.06.16,구례군,흰등멸구,0
2024.06.16,나주시,흰등멸구,0
2024.06.16,담양군,흰등멸구,0
2024.06.16,무안군,흰등멸구,0
2024.06.16,보성군,흰등멸구,0
2024.06.16,순천시,흰등멸구,0
2024.06.16,신안군,흰등멸구,0
2024.06.16,여수시,흰등멸구,0
2024.06.16,영광군,흰등멸구,0
2024.06.16,영암군,흰등멸구,0
2024.06.16,완도군,흰등멸구,0
2024.06.16,장성군,흰등멸구,0
2024.06.16,장흥군,흰등멸구,0
2024.06.16,진도군,흰등멸구,0
2024.06.16,해남군,흰등멸구,0
2024.06.16,화순군,흰등멸구,0
2024.07.01,강진군,흰등멸구,0
2024.07.01,고흥군,흰등멸구,0
2024.07.01,곡성군,흰등멸구,0
2024.07.01,광양시,흰등멸구,0
2024.07.01,구례군,흰등멸구,0
2024.07.01,나주시,흰등멸구,0
2024.07.01,담양군,흰등멸구,0
2024.07.01,무안군,흰등멸구,0
2024.07.01,보성군,흰등멸구,0
2024.07.01,순천시,흰등멸구,0
2024.07.01,신안군,흰등멸구,0
2024.07.01,여수시,흰등멸구,0
2024.07.01,영광군,흰등멸구,0
2024.07.01,영암군,흰등멸구,0
2024.07.01,완도군,흰등멸구,0
2024.07.01,장성군,흰등멸구,0
2024.07.01,장흥군,흰등멸구,0
2024.07.01,진도군,흰등멸구,1
2024.07.01,함평군,흰등멸구,0
2024.07.01,해남군,흰등멸구,0
2024.07.01,화순군,흰등멸구,0
2024.07.16,강진군,흰등멸구,0
2024.07.16,고흥군,흰등멸구,0
2024.07.16,곡성군,흰등멸구,0
2024.07.16,광양시,흰등멸구,0
2024.07.16,구례군,흰등멸구,0
2024.07.16,나주시,흰등멸구,0
2024.07.16,담양군,흰등멸구,1
2024.07.16,무안군,흰등멸구,0
2024.07.16,보성군,흰등멸구,0
2024.07.16,순천시,흰등멸구,0
2024.07.16,신안군,흰등멸구,0
2024.07.16,여수시,흰등멸구,0
2024.07.16,영광군,흰등멸구,0
2024.07.16,영암군,흰등멸구,1
2024.07.16,완도군,흰등멸구,0
2024.07.16,장성군,흰등멸구,0
2024.07.16,장흥군,흰등멸구,1
2024.07.16,진도군,흰등멸구,1
2024.07.16,함평군,흰등멸구,0
2024.07.16,해남군,흰등멸구,0
2024.07.16,화순군,흰등멸구,0
2024.08.01,강진군,흰등멸구,0
2024.08.01,고흥군,흰등멸구,0
2024.08.01,곡성군,흰등멸구,0
2024.08.01,광양시,흰등멸구,0
2024.08.01,구례군,흰등멸구,0
2024.08.01,나주시,흰등멸구,0
2024.08.01,담양군,흰등멸구,0
2024.08.01,무안군,흰등멸구,0
2024.08.01,보성군,흰등멸구,1
2024.08.01,순천시,흰등멸구,0
2024.08.01,신안군,흰등멸구,0
2024.08.01,여수시,흰등멸구,0
2024.08.01,영광군,흰등멸구,0
2024.08.01,영암군,흰등멸구,1
2024.08.01,완도군,흰등멸구,1
2024.08.01,장성군,흰등멸구,1
2024.08.01,장흥군,흰등멸구,1
2024.08.01,진도군,흰등멸구,1
2024.08.01,함평군,흰등멸구,0
2024.08.01,해남군,흰등멸구,0
2024.08.01,화순군,흰등멸구,0
2024.08.16,강진군,흰등멸구,0
2024.08.16,고흥군,흰등멸구,0
2024.08.16,곡성군,흰등멸구,0
2024.08.16,광양시,흰등멸구,0
2024.08.16,구례군,흰등멸구,0
2024.08.16,나주시,흰등멸구,0
2024.08.16,담양군,흰등멸구,0
2024.08.16,무안군,흰등멸구,0
2024.08.16,보성군,흰등멸구,1
2024.08.16,순천시,흰등멸구,0
2024.08.16,신안군,흰등멸구,0
2024.08.16,여수시,흰등멸구,0
2024.08.16,영광군,흰등멸구,0
2024.08.16,영암군,흰등멸구,1
2024.08.16,완도군,흰등멸구,0
2024.08.16,장성군,흰등멸구,1
2024.08.16,장흥군,흰등멸구,1
2024.08.16,진도군,흰등멸구,1
2024.08.16,함평군,흰등멸구,0
2024.08.16,해남군,흰등멸구,0
2024.08.16,화순군,흰등멸구,0
2024.09.01,강진군,흰등멸구,0
2024.09.01,고흥군,흰등멸구,0
2024.09.01,곡성군,흰등멸구,0
2024.09.01,광양시,흰등멸구,0
2024.09.01,구례군,흰등멸구,0
2024.09.01,나주시,흰등멸구,0
2024.09.01,담양군,흰등멸구,0
2024.09.01,무안군,흰등멸구,0
2024.09.01,보성군,흰등멸구,1
2024.09.01,순천시,흰등멸구,0
2024.09.01,신안군,흰등멸구,0
2024.09.01,여수시,흰등멸구,1
2024.09.01,영광군,흰등멸구,0
2024.09.01,영암군,흰등멸구,1
2024.09.01,완도군,흰등멸구,1
2024.09.01,장성군,흰등멸구,1
2024.09.01,장흥군,흰등멸구,1
2024.09.01,진도군,흰등멸구,1
2024.09.01,함평군,흰등멸구,1
2024.09.01,해남군,흰등멸구,0
2024.09.01,화순군,흰등멸구,0
2024.09.16,강진군,흰등멸구,0
2024.09.16,고흥군,흰등멸구,0
2024.09.16,곡성군,흰등멸구,0
2024.09.16,광양시,흰등멸구,0
2024.09.16,구례군,흰등멸구,0
2024.09.16,나주시,흰등멸구,0
2024.09.16,담양군,흰등멸구,0
2024.09.16,무안군,흰등멸구,0
2024.09.16,보성군,흰등멸구,1
2024.09.16,순천시,흰등멸구,0
2024.09.16,신안군,흰등멸구,0
2024.09.16,여수시,흰등멸구,0
2024.09.16,영광군,흰등멸구,0
2024.09.16,영암군,흰등멸구,1
2024.09.16,완도군,흰등멸구,0
2024.09.16,장성군,흰등멸구,1
2024.09.16,장흥군,흰등멸구,1
2024.09.16,진도군,흰등멸구,0
2024.09.16,함평군,흰등멸구,0
2024.09.16,해남군,흰등멸구,0
2024.09.16,화순군,흰등멸구,0
2025.06.01,강진군,흰등멸구,0
2025.06.01,고흥군,흰등멸구,0
2025.06.01,곡성군,흰등멸구,0
2025.06.01,광양시,흰등멸구,0
2025.06.01,구례군,흰등멸구,0
2025.06.01,나주시,흰등멸구,0
2025.06.01,담양군,흰등멸구,0
2025.06.01,무안군,흰등멸구,0
2025.06.01,보성군,흰등멸구,0
2025.06.01,순천시,흰등멸구,0
2025.06.01,신안군,흰등멸구,0
2025.06.01,여수시,흰등멸구,0
2025.06.01,영광군,흰등멸구,0
2025.06.01,영암군,흰등멸구,0
2025.06.01,완도군,흰등멸구,0
2025.06.01,장성군,흰등멸구,0
2025.06.01,장흥군,흰등멸구,0
2025.06.01,진도군,흰등멸구,0
2025.06.01,함평군,흰등멸구,0
2025.06.01,해남군,흰등멸구,0
2025.06.01,화순군,흰등멸구,0
2025.06.16,강진군,흰등멸구,0
2025.06.16,고흥군,흰등멸구,0
2025.06.16,곡성군,흰등멸구,0
2025.06.16,광양시,흰등멸구,0
2025.06.16,구례군,흰등멸구,0
2025.06.16,나주시,흰등멸구,0
2025.06.16,담양군,흰등멸구,0
2025.06.16,무안군,흰등멸구,0
2025.06.16,보성군,흰등멸구,0
2025.06.16,순천시,흰등멸구,0
2025.06.16,신안군,흰등멸구,0
2025.06.16,여수시,흰등멸구,0
2025.06.16,영광군,흰등멸구,0
2025.06.16,영암군,흰등멸구,0
2025.06.16,완도군,흰등멸구,0
2025.06.16,장성군,흰등멸구,0
2025.06.16,장흥군,흰등멸구,0
2025.06.16,진도군,흰등멸구,1
2025.06.16,함평군,흰등멸구,0
2025.06.16,해남군,흰등멸구,1
2025.06.16,화순군,흰등멸구,1
2025.07.01,강진군,흰등멸구,0
2025.07.01,고흥군,흰등멸구,0
2025.07.01,곡성군,흰등멸구,0
2025.07.01,광양시,흰등멸구,0
2025.07.01,구례군,흰등멸구,0
2025.07.01,나주시,흰등멸구,0
2025.07.01,담양군,흰등멸구,0
2025.07.01,무안군,흰등멸구,0
2025.07.01,보성군,흰등멸구,0
2025.07.01,순천시,흰등멸구,0
2025.07.01,신안군,흰등멸구,0
2025.07.01,여수시,흰등멸구,0
2025.07.01,영광군,흰등멸구,0
2025.07.01,영암군,흰등멸구,0
2025.07.01,완도군,흰등멸구,0
2025.07.01,장성군,흰등멸구,0
2025.07.01,진도군,흰등멸구,1
2025.07.01,함평군,흰등멸구,0
2025.07.01,해남군,흰등멸구,1
2025.07.01,화순군,흰등멸구,0
2025.07.16,강진군,흰등멸구,0
2025.07.16,고흥군,흰등멸구,1
2025.07.16,곡성군,흰등멸구,0
2025.07.16,광양시,흰등멸구,0
2025.07.16,구례군,흰등멸구,0
2025.07.16,나주시,흰등멸구,0
2025.07.16,담양군,흰등멸구,0
2025.07.16,무안군,흰등멸구,0
2025.07.16,보성군,흰등멸구,1
2025.07.16,순천시,흰등멸구,0
2025.07.16,신안군,흰등멸구,1
2025.07.16,여수시,흰등멸구,1
2025.07.16,영광군,흰등멸구,0
2025.07.16,영암군,흰등멸구,1
2025.07.16,완도군,흰등멸구,1
2025.07.16,장성군,흰등멸구,0
2025.07.16,장흥군,흰등멸구,1
2025.07.16,진도군,흰등멸구,1
2025.07.16,함평군,흰등멸구,0
2025.07.16,해남군,흰등멸구,1
2025.07.16,화순군,흰등멸구,1
2025.08.01,강진군,흰등멸구,0
2025.08.01,고흥군,흰등멸구,1
2025.08.01,광양시,흰등멸구,0
2025.08.01,구례군,흰등멸구,0
2025.08.01,담양군,흰등멸구,0
2025.08.01,무안군,흰등멸구,0
2025.08.01,보성군,흰등멸구,0
2025.08.01,신안군,흰등멸구,1
2025.08.01,여수시,흰등멸구,0
2025.08.01,영광군,흰등멸구,0
2025.08.01,영암군,흰등멸구,1
2025.08.01,완도군,흰등멸구,1
2025.08.01,장성군,흰등멸구,0
2025.08.01,장흥군,흰등멸구,1
2025.08.01,진도군,흰등멸구,1
2025.08.01,함평군,흰등멸구,0
2025.08.01,해남군,흰등멸구,0
2025.08.01,화순군,흰등멸구,1
2025.08.16,강진군,흰등멸구,0
2025.08.16,고흥군,흰등멸구,1
2025.08.16,곡성군,흰등멸구,0
2025.08.16,광양시,흰등멸구,0
2025.08.16,구례군,흰등멸구,0
2025.08.16,나주시,흰등멸구,1
2025.08.16,담양군,흰등멸구,0
2025.08.16,무안군,흰등멸구,0
2025.08.16,보성군,흰등멸구,0
2025.08.16,순천시,흰등멸구,1
2025.08.16,신안군,흰등멸구,1
2025.08.16,여수시,흰등멸구,0
2025.08.16,영광군,흰등멸구,0
2025.08.16,영암군,흰등멸구,1
2025.08.16,완도군,흰등멸구,1
2025.08.16,장성군,흰등멸구,0
2025.08.16,장흥군,흰등멸구,0
2025.08.16,진도군,흰등멸구,1
2025.08.16,함평군,흰등멸구,0
2025.08.16,해남군,흰등멸구,0
2025.08.16,화순군,흰등멸구,1
2025.09.01,강진군,흰등멸구,0
2025.09.01,고흥군,흰등멸구,0
2025.09.01,곡성군,흰등멸구,0
2025.09.01,광양시,흰등멸구,0
2025.09.01,구례군,흰등멸구,0
2025.09.01,나주시,흰등멸구,1
2025.09.01,담양군,흰등멸구,0
2025.09.01,무안군,흰등멸구,0
2025.09.01,보성군,흰등멸구,0
2025.09.01,순천시,흰등멸구,1
2025.09.01,신안군,흰등멸구,0
2025.09.01,여수시,흰등멸구,1
2025.09.01,영광군,흰등멸구,0
2025.09.01,영암군,흰등멸구,1
2025.09.01,완도군,흰등멸구,1
2025.09.01,장성군,흰등멸구,0
2025.09.01,장흥군,흰등멸구,0
2025.09.01,진도군,흰등멸구,1
2025.09.01,함평군,흰등멸구,0
2025.09.01,해남군,흰등멸구,0
2025.09.01,화순군,흰등멸구,1
2025.09.16,강진군,흰등멸구,0
2025.09.16,고흥군,흰등멸구,0
2025.09.16,곡성군,흰등멸구,0
2025.09.16,광양시,흰등멸구,0
2025.09.16,구례군,흰등멸구,1
2025.09.16,나주시,흰등멸구,1
2025.09.16,담양군,흰등멸구,0
2025.09.16,무안군,흰등멸구,0
2025.09.16,보성군,흰등멸구,0
2025.09.16,순천시,흰등멸구,0
2025.09.16,신안군,흰등멸구,0
2025.09.16,여수시,흰등멸구,1
2025.09.16,영광군,흰등멸구,0
2025.09.16,영암군,흰등멸구,1
2025.09.16,완도군,흰등멸구,1
2025.09.16,장성군,흰등멸구,0
2025.09.16,장흥군,흰등멸구,0
2025.09.16,진도군,흰등멸구,1
2025.09.16,함평군,흰등멸구,0
2025.09.16,해남군,흰등멸구,0
2025.09.16,화순군,흰등멸구,1
2014.09.16,강진군,흰잎마름병,1
2014.09.16,고흥군,흰잎마름병,0
2014.09.16,곡성군,흰잎마름병,0
2014.09.16,광양시,흰잎마름병,0
2014.09.16,구례군,흰잎마름병,0
2014.09.16,나주시,흰잎마름병,0
2014.09.16,담양군,흰잎마름병,1
2014.09.16,무안군,흰잎마름병,1
2014.09.16,보성군,흰잎마름병,0
2014.09.16,순천시,흰잎마름병,0
2014.09.16,신안군,흰잎마름병,1
2014.09.16,여수시,흰잎마름병,0
2014.09.16,영광군,흰잎마름병,1
2014.09.16,영암군,흰잎마름병,1
2014.09.16,완도군,흰잎마름병,0
2014.09.16,장성군,흰잎마름병,1
2014.09.16,장흥군,흰잎마름병,1
2014.09.16,진도군,흰잎마름병,0
2014.09.16,함평군,흰잎마름병,1
2014.09.16,해남군,흰잎마름병,1
2014.09.16,화순군,흰잎마름병,0
2015.06.16,강진군,흰잎마름병,0
2015.06.16,고흥군,흰잎마름병,0
2015.06.16,곡성군,흰잎마름병,0
2015.06.16,광양시,흰잎마름병,0
2015.06.16,구례군,흰잎마름병,0
2015.06.16,나주시,흰잎마름병,0
2015.06.16,담양군,흰잎마름병,0
2015.06.16,무안군,흰잎마름병,0
2015.06.16,보성군,흰잎마름병,0
2015.06.16,순천시,흰잎마름병,0
2015.06.16,신안군,흰잎마름병,0
2015.06.16,여수시,흰잎마름병,0
2015.06.16,영광군,흰잎마름병,0
2015.06.16,영암군,흰잎마름병,0
2015.06.16,완도군,흰잎마름병,0
2015.06.16,장성군,흰잎마름병,0
2015.06.16,장흥군,흰잎마름병,0
2015.06.16,진도군,흰잎마름병,0
2015.06.16,함평군,흰잎마름병,0
2015.06.16,해남군,흰잎마름병,0
2015.06.16,화순군,흰잎마름병,0
2015.07.01,강진군,흰잎마름병,0
2015.07.01,고흥군,흰잎마름병,0
2015.07.01,곡성군,흰잎마름병,0
2015.07.01,광양시,흰잎마름병,0
2015.07.01,구례군,흰잎마름병,0
2015.07.01,나주시,흰잎마름병,0
2015.07.01,담양군,흰잎마름병,0
2015.07.01,무안군,흰잎마름병,0
2015.07.01,보성군,흰잎마름병,0
2015.07.01,순천시,흰잎마름병,0
2015.07.01,신안군,흰잎마름병,0
2015.07.01,여수시,흰잎마름병,0
2015.07.01,영광군,흰잎마름병,0
2015.07.01,영암군,흰잎마름병,0
2015.07.01,완도군,흰잎마름병,0
2015.07.01,장성군,흰잎마름병,0
2015.07.01,장흥군,흰잎마름병,0
2015.07.01,진도군,흰잎마름병,0
2015.07.01,함평군,흰잎마름병,0
2015.07.01,해남군,흰잎마름병,0
2015.07.01,화순군,흰잎마름병,0
2015.07.16,강진군,흰잎마름병,0
2015.07.16,고흥군,흰잎마름병,0
2015.07.16,곡성군,흰잎마름병,0
2015.07.16,광양시,흰잎마름병,0
2015.07.16,구례군,흰잎마름병,0
2015.07.16,나주시,흰잎마름병,0
2015.07.16,담양군,흰잎마름병,0
2015.07.16,무안군,흰잎마름병,0
2015.07.16,보성군,흰잎마름병,0
2015.07.16,순천시,흰잎마름병,0
2015.07.16,신안군,흰잎마름병,0
2015.07.16,여수시,흰잎마름병,0
2015.07.16,영광군,흰잎마름병,0
2015.07.16,영암군,흰잎마름병,0
2015.07.16,완도군,흰잎마름병,0
2015.07.16,장성군,흰잎마름병,0
2015.07.16,장흥군,흰잎마름병,0
2015.07.16,진도군,흰잎마름병,0
2015.07.16,함평군,흰잎마름병,0
2015.07.16,해남군,흰잎마름병,0
2015.07.16,화순군,흰잎마름병,0
2015.08.01,강진군,흰잎마름병,0
2015.08.01,고흥군,흰잎마름병,0
2015.08.01,곡성군,흰잎마름병,0
2015.08.01,광양시,흰잎마름병,0
2015.08.01,구례군,흰잎마름병,0
2015.08.01,나주시,흰잎마름병,0
2015.08.01,담양군,흰잎마름병,0
2015.08.01,무안군,흰잎마름병,0
2015.08.01,보성군,흰잎마름병,0
2015.08.01,순천시,흰잎마름병,0
2015.08.01,신안군,흰잎마름병,0
2015.08.01,여수시,흰잎마름병,0
2015.08.01,영광군,흰잎마름병,0
2015.08.01,영암군,흰잎마름병,0
2015.08.01,완도군,흰잎마름병,0
2015.08.01,장성군,흰잎마름병,0
2015.08.01,장흥군,흰잎마름병,0
2015.08.01,진도군,흰잎마름병,0
2015.08.01,함평군,흰잎마름병,0
2015.08.01,해남군,흰잎마름병,0
2015.08.01,화순군,흰잎마름병,0
2015.08.16,강진군,흰잎마름병,0
2015.08.16,고흥군,흰잎마름병,0
2015.08.16,곡성군,흰잎마름병,0
2015.08.16,광양시,흰잎마름병,0
2015.08.16,구례군,흰잎마름병,0
2015.08.16,나주시,흰잎마름병,0
2015.08.16,담양군,흰잎마름병,0
2015.08.16,무안군,흰잎마름병,0
2015.08.16,보성군,흰잎마름병,0
2015.08.16,순천시,흰잎마름병,0
2015.08.16,신안군,흰잎마름병,0
2015.08.16,여수시,흰잎마름병,0
2015.08.16,영광군,흰잎마름병,0
2015.08.16,영암군,흰잎마름병,0
2015.08.16,완도군,흰잎마름병,0
2015.08.16,장성군,흰잎마름병,0
2015.08.16,장흥군,흰잎마름병,0
2015.08.16,진도군,흰잎마름병,0
2015.08.16,함평군,흰잎마름병,0
2015.08.16,해남군,흰잎마름병,0
2015.08.16,화순군,흰잎마름병,0
2016.06.01,강진군,흰잎마름병,0
2016.06.01,고흥군,흰잎마름병,0
2016.06.01,곡성군,흰잎마름병,0
2016.06.01,광양시,흰잎마름병,0
2016.06.01,구례군,흰잎마름병,0
2016.06.01,나주시,흰잎마름병,0
2016.06.01,담양군,흰잎마름병,0
2016.06.01,무안군,흰잎마름병,0
2016.06.01,보성군,흰잎마름병,0
2016.06.01,순천시,흰잎마름병,0
2016.06.01,신안군,흰잎마름병,0
2016.06.01,여수시,흰잎마름병,0
2016.06.01,영광군,흰잎마름병,0
2016.06.01,영암군,흰잎마름병,0
2016.06.01,완도군,흰잎마름병,0
2016.06.01,장성군,흰잎마름병,0
2016.06.01,장흥군,흰잎마름병,0
2016.06.01,진도군,흰잎마름병,0
2016.06.01,함평군,흰잎마름병,0
2016.06.01,해남군,흰잎마름병,0
2016.06.01,화순군,흰잎마름병,0
2016.06.16,강진군,흰잎마름병,0
2016.06.16,고흥군,흰잎마름병,0
2016.06.16,곡성군,흰잎마름병,0
2016.06.16,광양시,흰잎마름병,0
2016.06.16,구례군,흰잎마름병,0
2016.06.16,나주시,흰잎마름병,0
2016.06.16,담양군,흰잎마름병,0
2016.06.16,무안군,흰잎마름병,0
2016.06.16,보성군,흰잎마름병,0
2016.06.16,순천시,흰잎마름병,0
2016.06.16,신안군,흰잎마름병,0
2016.06.16,여수시,흰잎마름병,0
2016.06.16,영광군,흰잎마름병,0
2016.06.16,영암군,흰잎마름병,0
2016.06.16,완도군,흰잎마름병,0
2016.06.16,장성군,흰잎마름병,0
2016.06.16,장흥군,흰잎마름병,0
2016.06.16,진도군,흰잎마름병,0
2016.06.16,함평군,흰잎마름병,0
2016.06.16,해남군,흰잎마름병,0
2016.06.16,화순군,흰잎마름병,0
2016.07.01,강진군,흰잎마름병,0
2016.07.01,고흥군,흰잎마름병,0
2016.07.01,곡성군,흰잎마름병,0
2016.07.01,광양시,흰잎마름병,0
2016.07.01,구례군,흰잎마름병,0
2016.07.01,나주시,흰잎마름병,0
2016.07.01,담양군,흰잎마름병,0
2016.07.01,무안군,흰잎마름병,0
2016.07.01,보성군,흰잎마름병,0
2016.07.01,순천시,흰잎마름병,0
2016.07.01,신안군,흰잎마름병,0
2016.07.01,여수시,흰잎마름병,0
2016.07.01,영광군,흰잎마름병,0
2016.07.01,영암군,흰잎마름병,0
2016.07.01,완도군,흰잎마름병,0
2016.07.01,장성군,흰잎마름병,0
2016.07.01,장흥군,흰잎마름병,0
2016.07.01,진도군,흰잎마름병,0
2016.07.01,함평군,흰잎마름병,0
2016.07.01,해남군,흰잎마름병,0
2016.07.01,화순군,흰잎마름병,0
2016.07.16,강진군,흰잎마름병,0
2016.07.16,고흥군,흰잎마름병,0
2016.07.16,곡성군,흰잎마름병,0
2016.07.16,광양시,흰잎마름병,0
2016.07.16,구례군,흰잎마름병,0
2016.07.16,나주시,흰잎마름병,0
2016.07.16,담양군,흰잎마름병,0
2016.07.16,무안군,흰잎마름병,0
2016.07.16,보성군,흰잎마름병,0
2016.07.16,순천시,흰잎마름병,0
2016.07.16,신안군,흰잎마름병,0
2016.07.16,여수시,흰잎마름병,0
2016.07.16,영광군,흰잎마름병,0
2016.07.16,영암군,흰잎마름병,0
2016.07.16,완도군,흰잎마름병,0
2016.07.16,장성군,흰잎마름병,0
2016.07.16,장흥군,흰잎마름병,0
2016.07.16,진도군,흰잎마름병,0
2016.07.16,함평군,흰잎마름병,0
2016.07.16,해남군,흰잎마름병,0
2016.07.16,화순군,흰잎마름병,0
2016.08.01,강진군,흰잎마름병,0
2016.08.01,고흥군,흰잎마름병,0
2016.08.01,곡성군,흰잎마름병,0
2016.08.01,광양시,흰잎마름병,0
2016.08.01,구례군,흰잎마름병,0
2016.08.01,나주시,흰잎마름병,0
2016.08.01,담양군,흰잎마름병,0
2016.08.01,무안군,흰잎마름병,0
2016.08.01,보성군,흰잎마름병,0
2016.08.01,순천시,흰잎마름병,0
2016.08.01,신안군,흰잎마름병,0
2016.08.01,여수시,흰잎마름병,0
2016.08.01,영광군,흰잎마름병,0
2016.08.01,영암군,흰잎마름병,0
2016.08.01,완도군,흰잎마름병,0
2016.08.01,장성군,흰잎마름병,0
2016.08.01,장흥군,흰잎마름병,0
2016.08.01,진도군,흰잎마름병,0
2016.08.01,함평군,흰잎마름병,0
2016.08.01,해남군,흰잎마름병,0
2016.08.01,화순군,흰잎마름병,0
2016.08.16,강진군,흰잎마름병,0
2016.08.16,고흥군,흰잎마름병,0
2016.08.16,곡성군,흰잎마름병,0
2016.08.16,광양시,흰잎마름병,0
2016.08.16,구례군,흰잎마름병,0
2016.08.16,나주시,흰잎마름병,0
2016.08.16,담양군,흰잎마름병,0
2016.08.16,무안군,흰잎마름병,0
2016.08.16,보성군,흰잎마름병,0
2016.08.16,순천시,흰잎마름병,0
2016.08.16,신안군,흰잎마름병,0
2016.08.16,여수시,흰잎마름병,0
2016.08.16,영광군,흰잎마름병,0
2016.08.16,영암군,흰잎마름병,0
2016.08.16,완도군,흰잎마름병,0
2016.08.16,장성군,흰잎마름병,0
2016.08.16,장흥군,흰잎마름병,0
2016.08.16,진도군,흰잎마름병,0
2016.08.16,함평군,흰잎마름병,0
2016.08.16,해남군,흰잎마름병,0
2016.08.16,화순군,흰잎마름병,0
2016.09.01,강진군,흰잎마름병,0
2016.09.01,고흥군,흰잎마름병,0
2016.09.01,곡성군,흰잎마름병,0
2016.09.01,광양시,흰잎마름병,0
2016.09.01,구례군,흰잎마름병,0
2016.09.01,나주시,흰잎마름병,0
2016.09.01,담양군,흰잎마름병,0
2016.09.01,무안군,흰잎마름병,0
2016.09.01,보성군,흰잎마름병,0
2016.09.01,순천시,흰잎마름병,0
2016.09.01,신안군,흰잎마름병,0
2016.09.01,여수시,흰잎마름병,0
2016.09.01,영광군,흰잎마름병,0
2016.09.01,영암군,흰잎마름병,0
2016.09.01,완도군,흰잎마름병,0
2016.09.01,장성군,흰잎마름병,0
2016.09.01,장흥군,흰잎마름병,0
2016.09.01,진도군,흰잎마름병,0
2016.09.01,함평군,흰잎마름병,0
2016.09.01,해남군,흰잎마름병,0
2016.09.01,화순군,흰잎마름병,0
2016.09.16,강진군,흰잎마름병,0
2016.09.16,고흥군,흰잎마름병,0
2016.09.16,곡성군,흰잎마름병,0
2016.09.16,광양시,흰잎마름병,0
2016.09.16,구례군,흰잎마름병,0
2016.09.16,나주시,흰잎마름병,0
2016.09.16,담양군,흰잎마름병,0
2016.09.16,무안군,흰잎마름병,0
2016.09.16,보성군,흰잎마름병,0
2016.09.16,순천시,흰잎마름병,0
2016.09.16,신안군,흰잎마름병,0
2016.09.16,여수시,흰잎마름병,0
2016.09.16,영광군,흰잎마름병,0
2016.09.16,영암군,흰잎마름병,0
2016.09.16,완도군,흰잎마름병,0
2016.09.16,장성군,흰잎마름병,0
2016.09.16,장흥군,흰잎마름병,0
2016.09.16,진도군,흰잎마름병,0
2016.09.16,함평군,흰잎마름병,0
2016.09.16,해남군,흰잎마름병,0
2016.09.16,화순군,흰잎마름병,0
2017.06.01,강진군,흰잎마름병,0
2017.06.01,고흥군,흰잎마름병,0
2017.06.01,곡성군,흰잎마름병,0
2017.06.01,광양시,흰잎마름병,0
2017.06.01,구례군,흰잎마름병,0
2017.06.01,나주시,흰잎마름병,0
2017.06.01,담양군,흰잎마름병,0
2017.06.01,무안군,흰잎마름병,0
2017.06.01,보성군,흰잎마름병,0
2017.06.01,순천시,흰잎마름병,0
2017.06.01,신안군,흰잎마름병,0
2017.06.01,여수시,흰잎마름병,0
2017.06.01,영광군,흰잎마름병,0
2017.06.01,영암군,흰잎마름병,0
2017.06.01,완도군,흰잎마름병,0
2017.06.01,장성군,흰잎마름병,0
2017.06.01,장흥군,흰잎마름병,0
2017.06.01,진도군,흰잎마름병,0
2017.06.01,함평군,흰잎마름병,0
2017.06.01,해남군,흰잎마름병,0
2017.06.01,화순군,흰잎마름병,0
2017.06.16,강진군,흰잎마름병,0
2017.06.16,고흥군,흰잎마름병,0
2017.06.16,곡성군,흰잎마름병,0
2017.06.16,광양시,흰잎마름병,0
2017.06.16,구례군,흰잎마름병,0
2017.06.16,나주시,흰잎마름병,0
2017.06.16,담양군,흰잎마름병,0
2017.06.16,무안군,흰잎마름병,0
2017.06.16,보성군,흰잎마름병,0
2017.06.16,순천시,흰잎마름병,0
2017.06.16,신안군,흰잎마름병,0
2017.06.16,여수시,흰잎마름병,0
2017.06.16,영광군,흰잎마름병,0
2017.06.16,영암군,흰잎마름병,0
2017.06.16,완도군,흰잎마름병,0
2017.06.16,장성군,흰잎마름병,0
2017.06.16,장흥군,흰잎마름병,0
2017.06.16,진도군,흰잎마름병,0
2017.06.16,함평군,흰잎마름병,0
2017.06.16,해남군,흰잎마름병,0
2017.06.16,화순군,흰잎마름병,0
2017.07.01,강진군,흰잎마름병,0
2017.07.01,고흥군,흰잎마름병,0
2017.07.01,곡성군,흰잎마름병,0
2017.07.01,광양시,흰잎마름병,0
2017.07.01,구례군,흰잎마름병,0
2017.07.01,나주시,흰잎마름병,0
2017.07.01,담양군,흰잎마름병,0
2017.07.01,무안군,흰잎마름병,0
2017.07.01,보성군,흰잎마름병,0
2017.07.01,순천시,흰잎마름병,0
2017.07.01,신안군,흰잎마름병,0
2017.07.01,여수시,흰잎마름병,0
2017.07.01,영광군,흰잎마름병,0
2017.07.01,영암군,흰잎마름병,0
2017.07.01,완도군,흰잎마름병,0
2017.07.01,장성군,흰잎마름병,0
2017.07.01,장흥군,흰잎마름병,0
2017.07.01,진도군,흰잎마름병,0
2017.07.01,함평군,흰잎마름병,0
2017.07.01,해남군,흰잎마름병,0
2017.07.01,화순군,흰잎마름병,0
2017.07.16,강진군,흰잎마름병,0
2017.07.16,고흥군,흰잎마름병,0
2017.07.16,곡성군,흰잎마름병,0
2017.07.16,광양시,흰잎마름병,0
2017.07.16,구례군,흰잎마름병,0
2017.07.16,나주시,흰잎마름병,0
2017.07.16,담양군,흰잎마름병,0
2017.07.16,무안군,흰잎마름병,0
2017.07.16,보성군,흰잎마름병,0
2017.07.16,순천시,흰잎마름병,0
2017.07.16,신안군,흰잎마름병,0
2017.07.16,여수시,흰잎마름병,0
2017.07.16,영광군,흰잎마름병,0
2017.07.16,영암군,흰잎마름병,0
2017.07.16,완도군,흰잎마름병,0
2017.07.16,장성군,흰잎마름병,0
2017.07.16,장흥군,흰잎마름병,0
2017.07.16,진도군,흰잎마름병,0
2017.07.16,함평군,흰잎마름병,0
2017.07.16,해남군,흰잎마름병,0
2017.07.16,화순군,흰잎마름병,0
2017.08.01,강진군,흰잎마름병,0
2017.08.01,고흥군,흰잎마름병,0
2017.08.01,곡성군,흰잎마름병,0
2017.08.01,광양시,흰잎마름병,0
2017.08.01,구례군,흰잎마름병,0
2017.08.01,나주시,흰잎마름병,0
2017.08.01,담양군,흰잎마름병,0
2017.08.01,무안군,흰잎마름병,0
2017.08.01,보성군,흰잎마름병,0
2017.08.01,순천시,흰잎마름병,0
2017.08.01,신안군,흰잎마름병,0
2017.08.01,여수시,흰잎마름병,0
2017.08.01,영광군,흰잎마름병,0
2017.08.01,영암군,흰잎마름병,0
2017.08.01,완도군,흰잎마름병,0
2017.08.01,장성군,흰잎마름병,0
2017.08.01,장흥군,흰잎마름병,0
2017.08.01,진도군,흰잎마름병,0
2017.08.01,함평군,흰잎마름병,0
2017.08.01,해남군,흰잎마름병,0
2017.08.01,화순군,흰잎마름병,0
2017.08.16,강진군,흰잎마름병,0
2017.08.16,고흥군,흰잎마름병,0
2017.08.16,곡성군,흰잎마름병,0
2017.08.16,광양시,흰잎마름병,0
2017.08.16,구례군,흰잎마름병,0
2017.08.16,나주시,흰잎마름병,0
2017.08.16,담양군,흰잎마름병,0
2017.08.16,무안군,흰잎마름병,0
2017.08.16,보성군,흰잎마름병,0
2017.08.16,순천시,흰잎마름병,0
2017.08.16,신안군,흰잎마름병,0
2017.08.16,여수시,흰잎마름병,0
2017.08.16,영광군,흰잎마름병,0
2017.08.16,영암군,흰잎마름병,0
2017.08.16,완도군,흰잎마름병,0
2017.08.16,장성군,흰잎마름병,0
2017.08.16,장흥군,흰잎마름병,0
2017.08.16,진도군,흰잎마름병,0
2017.08.16,함평군,흰잎마름병,0
2017.08.16,해남군,흰잎마름병,0
2017.08.16,화순군,흰잎마름병,0
2017.09.01,강진군,흰잎마름병,0
2017.09.01,고흥군,흰잎마름병,0
2017.09.01,곡성군,흰잎마름병,0
2017.09.01,광양시,흰잎마름병,0
2017.09.01,구례군,흰잎마름병,0
2017.09.01,나주시,흰잎마름병,0
2017.09.01,담양군,흰잎마름병,0
2017.09.01,무안군,흰잎마름병,0
2017.09.01,보성군,흰잎마름병,0
2017.09.01,순천시,흰잎마름병,0
2017.09.01,신안군,흰잎마름병,0
2017.09.01,여수시,흰잎마름병,0
2017.09.01,영광군,흰잎마름병,0
2017.09.01,영암군,흰잎마름병,0
2017.09.01,완도군,흰잎마름병,0
2017.09.01,장성군,흰잎마름병,0
2017.09.01,장흥군,흰잎마름병,0
2017.09.01,진도군,흰잎마름병,0
2017.09.01,함평군,흰잎마름병,0
2017.09.01,해남군,흰잎마름병,0
2017.09.01,화순군,흰잎마름병,0
2017.09.16,강진군,흰잎마름병,0
2017.09.16,고흥군,흰잎마름병,0
2017.09.16,곡성군,흰잎마름병,0
2017.09.16,광양시,흰잎마름병,0
2017.09.16,구례군,흰잎마름병,0
2017.09.16,나주시,흰잎마름병,0
2017.09.16,담양군,흰잎마름병,0
2017.09.16,무안군,흰잎마름병,0
2017.09.16,보성군,흰잎마름병,0
2017.09.16,순천시,흰잎마름병,0
2017.09.16,신안군,흰잎마름병,0
2017.09.16,여수시,흰잎마름병,0
2017.09.16,영광군,흰잎마름병,0
2017.09.16,영암군,흰잎마름병,0
2017.09.16,완도군,흰잎마름병,0
2017.09.16,장성군,흰잎마름병,0
2017.09.16,장흥군,흰잎마름병,0
2017.09.16,진도군,흰잎마름병,0
2017.09.16,함평군,흰잎마름병,0
2017.09.16,해남군,흰잎마름병,0
2017.09.16,화순군,흰잎마름병,0
2018.06.01,강진군,흰잎마름병,0
2018.06.01,고흥군,흰잎마름병,0
2018.06.01,곡성군,흰잎마름병,0
2018.06.01,광양시,흰잎마름병,0
2018.06.01,구례군,흰잎마름병,0
2018.06.01,나주시,흰잎마름병,0
2018.06.01,담양군,흰잎마름병,0
2018.06.01,무안군,흰잎마름병,0
2018.06.01,보성군,흰잎마름병,0
2018.06.01,순천시,흰잎마름병,0
2018.06.01,신안군,흰잎마름병,0
2018.06.01,여수시,흰잎마름병,0
2018.06.01,영광군,흰잎마름병,0
2018.06.01,영암군,흰잎마름병,0
2018.06.01,완도군,흰잎마름병,0
2018.06.01,장성군,흰잎마름병,0
2018.06.01,장흥군,흰잎마름병,0
2018.06.01,진도군,흰잎마름병,0
2018.06.01,함평군,흰잎마름병,0
2018.06.01,해남군,흰잎마름병,0
2018.06.01,화순군,흰잎마름병,0
2018.06.16,강진군,흰잎마름병,0
2018.06.16,고흥군,흰잎마름병,0
2018.06.16,곡성군,흰잎마름병,0
2018.06.16,광양시,흰잎마름병,0
2018.06.16,구례군,흰잎마름병,0
2018.06.16,나주시,흰잎마름병,0
2018.06.16,담양군,흰잎마름병,0
2018.06.16,무안군,흰잎마름병,0
2018.06.16,보성군,흰잎마름병,0
2018.06.16,순천시,흰잎마름병,0
2018.06.16,신안군,흰잎마름병,0
2018.06.16,여수시,흰잎마름병,0
2018.06.16,영광군,흰잎마름병,0
2018.06.16,영암군,흰잎마름병,0
2018.06.16,완도군,흰잎마름병,0
2018.06.16,장성군,흰잎마름병,0
2018.06.16,장흥군,흰잎마름병,0
2018.06.16,진도군,흰잎마름병,0
2018.06.16,함평군,흰잎마름병,0
2018.06.16,해남군,흰잎마름병,0
2018.06.16,화순군,흰잎마름병,0
2018.07.01,강진군,흰잎마름병,0
2018.07.01,고흥군,흰잎마름병,0
2018.07.01,광양시,흰잎마름병,0
2018.07.01,나주시,흰잎마름병,0
2018.07.01,순천시,흰잎마름병,0
2018.07.01,신안군,흰잎마름병,0
2018.07.01,여수시,흰잎마름병,0
2018.07.01,영광군,흰잎마름병,0
2018.07.01,영암군,흰잎마름병,0
2018.07.01,완도군,흰잎마름병,0
2018.07.01,진도군,흰잎마름병,0
2018.07.01,해남군,흰잎마름병,0
2018.07.01,화순군,흰잎마름병,0
2018.07.16,강진군,흰잎마름병,0
2018.07.16,고흥군,흰잎마름병,0
2018.07.16,곡성군,흰잎마름병,0
2018.07.16,광양시,흰잎마름병,0
2018.07.16,구례군,흰잎마름병,0
2018.07.16,나주시,흰잎마름병,0
2018.07.16,담양군,흰잎마름병,0
2018.07.16,무안군,흰잎마름병,0
2018.07.16,보성군,흰잎마름병,0
2018.07.16,순천시,흰잎마름병,0
2018.07.16,신안군,흰잎마름병,0
2018.07.16,여수시,흰잎마름병,0
2018.07.16,영광군,흰잎마름병,0
2018.07.16,영암군,흰잎마름병,0
2018.07.16,완도군,흰잎마름병,0
2018.07.16,장성군,흰잎마름병,0
2018.07.16,장흥군,흰잎마름병,0
2018.07.16,진도군,흰잎마름병,0
2018.07.16,함평군,흰잎마름병,0
2018.07.16,해남군,흰잎마름병,0
2018.07.16,화순군,흰잎마름병,0
2018.08.01,강진군,흰잎마름병,0
2018.08.01,고흥군,흰잎마름병,0
2018.08.01,곡성군,흰잎마름병,0
2018.08.01,광양시,흰잎마름병,0
2018.08.01,구례군,흰잎마름병,0
2018.08.01,나주시,흰잎마름병,0
2018.08.01,담양군,흰잎마름병,0
2018.08.01,무안군,흰잎마름병,0
2018.08.01,보성군,흰잎마름병,0
2018.08.01,순천시,흰잎마름병,0
2018.08.01,신안군,흰잎마름병,0
2018.08.01,여수시,흰잎마름병,0
2018.08.01,영광군,흰잎마름병,0
2018.08.01,영암군,흰잎마름병,0
2018.08.01,완도군,흰잎마름병,0
2018.08.01,장성군,흰잎마름병,0
2018.08.01,장흥군,흰잎마름병,0
2018.08.01,진도군,흰잎마름병,0
2018.08.01,함평군,흰잎마름병,0
2018.08.01,해남군,흰잎마름병,0
2018.08.01,화순군,흰잎마름병,0
2018.08.16,강진군,흰잎마름병,0
2018.08.16,고흥군,흰잎마름병,0
2018.08.16,곡성군,흰잎마름병,0
2018.08.16,광양시,흰잎마름병,0
2018.08.16,구례군,흰잎마름병,0
2018.08.16,나주시,흰잎마름병,0
2018.08.16,담양군,흰잎마름병,0
2018.08.16,무안군,흰잎마름병,0
2018.08.16,보성군,흰잎마름병,0
2018.08.16,순천시,흰잎마름병,0
2018.08.16,신안군,흰잎마름병,0
2018.08.16,여수시,흰잎마름병,0
2018.08.16,영광군,흰잎마름병,0
2018.08.16,영암군,흰잎마름병,0
2018.08.16,완도군,흰잎마름병,0
2018.08.16,장성군,흰잎마름병,0
2018.08.16,장흥군,흰잎마름병,0
2018.08.16,진도군,흰잎마름병,0
2018.08.16,함평군,흰잎마름병,0
2018.08.16,해남군,흰잎마름병,0
2018.08.16,화순군,흰잎마름병,0
2018.09.01,강진군,흰잎마름병,0
2018.09.01,고흥군,흰잎마름병,0
2018.09.01,곡성군,흰잎마름병,0
2018.09.01,광양시,흰잎마름병,0
2018.09.01,구례군,흰잎마름병,0
2018.09.01,나주시,흰잎마름병,0
2018.09.01,담양군,흰잎마름병,0
2018.09.01,무안군,흰잎마름병,0
2018.09.01,보성군,흰잎마름병,0
2018.09.01,순천시,흰잎마름병,0
2018.09.01,신안군,흰잎마름병,0
2018.09.01,여수시,흰잎마름병,0
2018.09.01,영광군,흰잎마름병,0
2018.09.01,영암군,흰잎마름병,0
2018.09.01,완도군,흰잎마름병,0
2018.09.01,장성군,흰잎마름병,0
2018.09.01,장흥군,흰잎마름병,0
2018.09.01,진도군,흰잎마름병,0
2018.09.01,함평군,흰잎마름병,0
2018.09.01,해남군,흰잎마름병,0
2018.09.01,화순군,흰잎마름병,0
2018.09.16,강진군,흰잎마름병,0
2018.09.16,고흥군,흰잎마름병,0
2018.09.16,곡성군,흰잎마름병,0
2018.09.16,광양시,흰잎마름병,0
2018.09.16,구례군,흰잎마름병,0
2018.09.16,나주시,흰잎마름병,0
2018.09.16,담양군,흰잎마름병,0
2018.09.16,무안군,흰잎마름병,0
2018.09.16,보성군,흰잎마름병,0
2018.09.16,순천시,흰잎마름병,0
2018.09.16,신안군,흰잎마름병,0
2018.09.16,여수시,흰잎마름병,0
2018.09.16,영광군,흰잎마름병,0
2018.09.16,영암군,흰잎마름병,0
2018.09.16,완도군,흰잎마름병,0
2018.09.16,장성군,흰잎마름병,0
2018.09.16,장흥군,흰잎마름병,0
2018.09.16,진도군,흰잎마름병,0
2018.09.16,함평군,흰잎마름병,0
2018.09.16,해남군,흰잎마름병,0
2018.09.16,화순군,흰잎마름병,0
2019.06.01,강진군,흰잎마름병,0
2019.06.01,고흥군,흰잎마름병,0
2019.06.01,곡성군,흰잎마름병,0
2019.06.01,광양시,흰잎마름병,0
2019.06.01,구례군,흰잎마름병,0
2019.06.01,나주시,흰잎마름병,0
2019.06.01,담양군,흰잎마름병,0
2019.06.01,무안군,흰잎마름병,0
2019.06.01,보성군,흰잎마름병,0
2019.06.01,순천시,흰잎마름병,0
2019.06.01,신안군,흰잎마름병,0
2019.06.01,여수시,흰잎마름병,0
2019.06.01,영광군,흰잎마름병,0
2019.06.01,영암군,흰잎마름병,0
2019.06.01,완도군,흰잎마름병,0
2019.06.01,장성군,흰잎마름병,0
2019.06.01,장흥군,흰잎마름병,0
2019.06.01,진도군,흰잎마름병,0
2019.06.01,함평군,흰잎마름병,0
2019.06.01,해남군,흰잎마름병,0
2019.06.01,화순군,흰잎마름병,0
2019.06.16,강진군,흰잎마름병,0
2019.06.16,고흥군,흰잎마름병,0
2019.06.16,곡성군,흰잎마름병,0
2019.06.16,광양시,흰잎마름병,0
2019.06.16,구례군,흰잎마름병,0
2019.06.16,나주시,흰잎마름병,0
2019.06.16,담양군,흰잎마름병,0
2019.06.16,무안군,흰잎마름병,0
2019.06.16,보성군,흰잎마름병,0
2019.06.16,순천시,흰잎마름병,0
2019.06.16,신안군,흰잎마름병,0
2019.06.16,여수시,흰잎마름병,0
2019.06.16,영광군,흰잎마름병,0
2019.06.16,영암군,흰잎마름병,0
2019.06.16,완도군,흰잎마름병,0
2019.06.16,장성군,흰잎마름병,0
2019.06.16,장흥군,흰잎마름병,0
2019.06.16,진도군,흰잎마름병,0
2019.06.16,함평군,흰잎마름병,0
2019.06.16,해남군,흰잎마름병,0
2019.06.16,화순군,흰잎마름병,0
2019.07.01,강진군,흰잎마름병,0
2019.07.01,고흥군,흰잎마름병,0
2019.07.01,곡성군,흰잎마름병,0
2019.07.01,광양시,흰잎마름병,0
2019.07.01,구례군,흰잎마름병,0
2019.07.01,나주시,흰잎마름병,0
2019.07.01,담양군,흰잎마름병,0
2019.07.01,무안군,흰잎마름병,0
2019.07.01,보성군,흰잎마름병,0
2019.07.01,순천시,흰잎마름병,0
2019.07.01,신안군,흰잎마름병,0
2019.07.01,여수시,흰잎마름병,0
2019.07.01,영광군,흰잎마름병,0
2019.07.01,영암군,흰잎마름병,0
2019.07.01,완도군,흰잎마름병,0
2019.07.01,장성군,흰잎마름병,0
2019.07.01,장흥군,흰잎마름병,0
2019.07.01,진도군,흰잎마름병,0
2019.07.01,함평군,흰잎마름병,0
2019.07.01,해남군,흰잎마름병,0
2019.07.01,화순군,흰잎마름병,0
2019.07.16,강진군,흰잎마름병,0
2019.07.16,고흥군,흰잎마름병,0
2019.07.16,곡성군,흰잎마름병,0
2019.07.16,광양시,흰잎마름병,0
2019.07.16,구례군,흰잎마름병,0
2019.07.16,나주시,흰잎마름병,0
2019.07.16,담양군,흰잎마름병,0
2019.07.16,무안군,흰잎마름병,0
2019.07.16,보성군,흰잎마름병,0
2019.07.16,순천시,흰잎마름병,0
2019.07.16,신안군,흰잎마름병,0
2019.07.16,여수시,흰잎마름병,0
2019.07.16,영광군,흰잎마름병,0
2019.07.16,영암군,흰잎마름병,0
2019.07.16,완도군,흰잎마름병,0
2019.07.16,장성군,흰잎마름병,0
2019.07.16,장흥군,흰잎마름병,0
2019.07.16,진도군,흰잎마름병,0
2019.07.16,함평군,흰잎마름병,0
2019.07.16,해남군,흰잎마름병,0
2019.07.16,화순군,흰잎마름병,0
2019.08.01,강진군,흰잎마름병,0
2019.08.01,고흥군,흰잎마름병,0
2019.08.01,곡성군,흰잎마름병,0
2019.08.01,광양시,흰잎마름병,0
2019.08.01,구례군,흰잎마름병,0
2019.08.01,나주시,흰잎마름병,0
2019.08.01,담양군,흰잎마름병,0
2019.08.01,무안군,흰잎마름병,0
2019.08.01,보성군,흰잎마름병,0
2019.08.01,순천시,흰잎마름병,0
2019.08.01,신안군,흰잎마름병,0
2019.08.01,여수시,흰잎마름병,0
2019.08.01,영광군,흰잎마름병,0
2019.08.01,영암군,흰잎마름병,0
2019.08.01,완도군,흰잎마름병,0
2019.08.01,장성군,흰잎마름병,0
2019.08.01,장흥군,흰잎마름병,0
2019.08.01,진도군,흰잎마름병,0
2019.08.01,함평군,흰잎마름병,0
2019.08.01,해남군,흰잎마름병,0
2019.08.01,화순군,흰잎마름병,0
2019.08.16,강진군,흰잎마름병,0
2019.08.16,고흥군,흰잎마름병,0
2019.08.16,광양시,흰잎마름병,0
2019.08.16,구례군,흰잎마름병,0
2019.08.16,무안군,흰잎마름병,0
2019.08.16,보성군,흰잎마름병,0
2019.08.16,순천시,흰잎마름병,0
2019.08.16,신안군,흰잎마름병,0
2019.08.16,여수시,흰잎마름병,0
2019.08.16,영광군,흰잎마름병,0
2019.08.16,완도군,흰잎마름병,0
2019.08.16,장흥군,흰잎마름병,0
2019.08.16,진도군,흰잎마름병,0
2019.08.16,함평군,흰잎마름병,0
2019.08.16,해남군,흰잎마름병,0
2019.08.16,화순군,흰잎마름병,0
2019.09.01,강진군,흰잎마름병,0
2019.09.01,고흥군,흰잎마름병,0
2019.09.01,곡성군,흰잎마름병,0
2019.09.01,광양시,흰잎마름병,0
2019.09.01,구례군,흰잎마름병,0
2019.09.01,나주시,흰잎마름병,0
2019.09.01,담양군,흰잎마름병,0
2019.09.01,무안군,흰잎마름병,0
2019.09.01,보성군,흰잎마름병,0
2019.09.01,순천시,흰잎마름병,0
2019.09.01,신안군,흰잎마름병,0
2019.09.01,여수시,흰잎마름병,0
2019.09.01,영광군,흰잎마름병,0
2019.09.01,영암군,흰잎마름병,0
2019.09.01,완도군,흰잎마름병,0
2019.09.01,장성군,흰잎마름병,0
2019.09.01,장흥군,흰잎마름병,0
2019.09.01,진도군,흰잎마름병,0
2019.09.01,함평군,흰잎마름병,0
2019.09.01,해남군,흰잎마름병,0
2019.09.01,화순군,흰잎마름병,0
2019.09.16,강진군,흰잎마름병,0
2019.09.16,고흥군,흰잎마름병,0
2019.09.16,곡성군,흰잎마름병,0
2019.09.16,광양시,흰잎마름병,0
2019.09.16,구례군,흰잎마름병,0
2019.09.16,나주시,흰잎마름병,0
2019.09.16,담양군,흰잎마름병,0
2019.09.16,무안군,흰잎마름병,0
2019.09.16,보성군,흰잎마름병,0
2019.09.16,순천시,흰잎마름병,0
2019.09.16,여수시,흰잎마름병,0
2019.09.16,영광군,흰잎마름병,0
2019.09.16,영암군,흰잎마름병,0
2019.09.16,완도군,흰잎마름병,0
2019.09.16,장성군,흰잎마름병,0
2019.09.16,장흥군,흰잎마름병,0
2019.09.16,진도군,흰잎마름병,0
2019.09.16,함평군,흰잎마름병,0
2019.09.16,해남군,흰잎마름병,0
2019.09.16,화순군,흰잎마름병,0
2020.06.01,강진군,흰잎마름병,0
2020.06.01,고흥군,흰잎마름병,0
2020.06.01,광양시,흰잎마름병,0
2020.06.01,구례군,흰잎마름병,0
2020.06.01,나주시,흰잎마름병,0
2020.06.01,담양군,흰잎마름병,0
2020.06.01,무안군,흰잎마름병,0
2020.06.01,보성군,흰잎마름병,0
2020.06.01,순천시,흰잎마름병,0
2020.06.01,신안군,흰잎마름병,0
2020.06.01,여수시,흰잎마름병,0
2020.06.01,영광군,흰잎마름병,0
2020.06.01,영암군,흰잎마름병,0
2020.06.01,완도군,흰잎마름병,0
2020.06.01,장성군,흰잎마름병,0
2020.06.01,장흥군,흰잎마름병,0
2020.06.01,진도군,흰잎마름병,0
2020.06.01,함평군,흰잎마름병,0
2020.06.01,해남군,흰잎마름병,0
2020.06.01,화순군,흰잎마름병,0
2020.06.16,강진군,흰잎마름병,0
2020.06.16,고흥군,흰잎마름병,0
2020.06.16,곡성군,흰잎마름병,0
2020.06.16,광양시,흰잎마름병,0
2020.06.16,구례군,흰잎마름병,0
2020.06.16,나주시,흰잎마름병,0
2020.06.16,담양군,흰잎마름병,0
2020.06.16,무안군,흰잎마름병,0
2020.06.16,보성군,흰잎마름병,0
2020.06.16,순천시,흰잎마름병,0
2020.06.16,신안군,흰잎마름병,0
2020.06.16,여수시,흰잎마름병,0
2020.06.16,영광군,흰잎마름병,0
2020.06.16,영암군,흰잎마름병,0
2020.06.16,완도군,흰잎마름병,0
2020.06.16,장성군,흰잎마름병,0
2020.06.16,장흥군,흰잎마름병,0
2020.06.16,진도군,흰잎마름병,0
2020.06.16,함평군,흰잎마름병,0
2020.06.16,해남군,흰잎마름병,0
2020.06.16,화순군,흰잎마름병,0
2020.07.01,강진군,흰잎마름병,0
2020.07.01,고흥군,흰잎마름병,0
2020.07.01,곡성군,흰잎마름병,0
2020.07.01,광양시,흰잎마름병,0
2020.07.01,구례군,흰잎마름병,0
2020.07.01,담양군,흰잎마름병,0
2020.07.01,무안군,흰잎마름병,0
2020.07.01,보성군,흰잎마름병,0
2020.07.01,순천시,흰잎마름병,0
2020.07.01,신안군,흰잎마름병,0
2020.07.01,여수시,흰잎마름병,0
2020.07.01,영광군,흰잎마름병,0
2020.07.01,영암군,흰잎마름병,0
2020.07.01,완도군,흰잎마름병,0
2020.07.01,장성군,흰잎마름병,0
2020.07.01,장흥군,흰잎마름병,0
2020.07.01,진도군,흰잎마름병,0
2020.07.01,함평군,흰잎마름병,0
2020.07.01,해남군,흰잎마름병,0
2020.07.01,화순군,흰잎마름병,0
2020.07.16,강진군,흰잎마름병,0
2020.07.16,고흥군,흰잎마름병,0
2020.07.16,곡성군,흰잎마름병,0
2020.07.16,광양시,흰잎마름병,0
2020.07.16,구례군,흰잎마름병,0
2020.07.16,나주시,흰잎마름병,0
2020.07.16,담양군,흰잎마름병,0
2020.07.16,무안군,흰잎마름병,0
2020.07.16,보성군,흰잎마름병,0
2020.07.16,순천시,흰잎마름병,0
2020.07.16,신안군,흰잎마름병,0
2020.07.16,여수시,흰잎마름병,0
2020.07.16,영광군,흰잎마름병,0
2020.07.16,영암군,흰잎마름병,0
2020.07.16,완도군,흰잎마름병,0
2020.07.16,장성군,흰잎마름병,0
2020.07.16,장흥군,흰잎마름병,0
2020.07.16,진도군,흰잎마름병,0
2020.07.16,함평군,흰잎마름병,0
2020.07.16,해남군,흰잎마름병,0
2020.07.16,화순군,흰잎마름병,0
2020.08.01,강진군,흰잎마름병,0
2020.08.01,고흥군,흰잎마름병,0
2020.08.01,곡성군,흰잎마름병,0
2020.08.01,광양시,흰잎마름병,0
2020.08.01,구례군,흰잎마름병,0
2020.08.01,나주시,흰잎마름병,0
2020.08.01,담양군,흰잎마름병,0
2020.08.01,무안군,흰잎마름병,0
2020.08.01,보성군,흰잎마름병,0
2020.08.01,순천시,흰잎마름병,0
2020.08.01,신안군,흰잎마름병,0
2020.08.01,여수시,흰잎마름병,0
2020.08.01,영광군,흰잎마름병,0
2020.08.01,영암군,흰잎마름병,0
2020.08.01,완도군,흰잎마름병,0
2020.08.01,장성군,흰잎마름병,0
2020.08.01,장흥군,흰잎마름병,0
2020.08.01,진도군,흰잎마름병,0
2020.08.01,함평군,흰잎마름병,0
2020.08.01,해남군,흰잎마름병,0
2020.08.01,화순군,흰잎마름병,0
2020.08.16,강진군,흰잎마름병,0
2020.08.16,고흥군,흰잎마름병,0
2020.08.16,곡성군,흰잎마름병,0
2020.08.16,광양시,흰잎마름병,0
2020.08.16,구례군,흰잎마름병,0
2020.08.16,나주시,흰잎마름병,0
2020.08.16,담양군,흰잎마름병,0
2020.08.16,무안군,흰잎마름병,0
2020.08.16,보성군,흰잎마름병,0
2020.08.16,순천시,흰잎마름병,0
2020.08.16,신안군,흰잎마름병,0
2020.08.16,여수시,흰잎마름병,0
2020.08.16,영광군,흰잎마름병,0
2020.08.16,영암군,흰잎마름병,0
2020.08.16,완도군,흰잎마름병,0
2020.08.16,장성군,흰잎마름병,0
2020.08.16,장흥군,흰잎마름병,0
2020.08.16,진도군,흰잎마름병,0
2020.08.16,함평군,흰잎마름병,0
2020.08.16,해남군,흰잎마름병,0
2020.08.16,화순군,흰잎마름병,0
2020.09.01,강진군,흰잎마름병,0
2020.09.01,고흥군,흰잎마름병,0
2020.09.01,곡성군,흰잎마름병,0
2020.09.01,광양시,흰잎마름병,0
2020.09.01,구례군,흰잎마름병,0
2020.09.01,나주시,흰잎마름병,0
2020.09.01,담양군,흰잎마름병,0
2020.09.01,무안군,흰잎마름병,0
2020.09.01,보성군,흰잎마름병,0
2020.09.01,순천시,흰잎마름병,0
2020.09.01,신안군,흰잎마름병,0
2020.09.01,여수시,흰잎마름병,0
2020.09.01,영광군,흰잎마름병,0
2020.09.01,영암군,흰잎마름병,0
2020.09.01,완도군,흰잎마름병,0
2020.09.01,장성군,흰잎마름병,0
2020.09.01,장흥군,흰잎마름병,0
2020.09.01,진도군,흰잎마름병,0
2020.09.01,함평군,흰잎마름병,0
2020.09.01,해남군,흰잎마름병,0
2020.09.01,화순군,흰잎마름병,0
2020.09.16,강진군,흰잎마름병,0
2020.09.16,고흥군,흰잎마름병,0
2020.09.16,곡성군,흰잎마름병,0
2020.09.16,광양시,흰잎마름병,0
2020.09.16,구례군,흰잎마름병,0
2020.09.16,나주시,흰잎마름병,0
2020.09.16,담양군,흰잎마름병,0
2020.09.16,무안군,흰잎마름병,0
2020.09.16,보성군,흰잎마름병,0
2020.09.16,순천시,흰잎마름병,0
2020.09.16,신안군,흰잎마름병,0
2020.09.16,여수시,흰잎마름병,0
2020.09.16,영광군,흰잎마름병,0
2020.09.16,영암군,흰잎마름병,0
2020.09.16,완도군,흰잎마름병,0
2020.09.16,장성군,흰잎마름병,0
2020.09.16,장흥군,흰잎마름병,0
2020.09.16,진도군,흰잎마름병,0
2020.09.16,함평군,흰잎마름병,0
2020.09.16,해남군,흰잎마름병,0
2020.09.16,화순군,흰잎마름병,0
2021.06.01,강진군,흰잎마름병,0
2021.06.01,고흥군,흰잎마름병,0
2021.06.01,곡성군,흰잎마름병,0
2021.06.01,광양시,흰잎마름병,0
2021.06.01,구례군,흰잎마름병,0
2021.06.01,나주시,흰잎마름병,0
2021.06.01,담양군,흰잎마름병,0
2021.06.01,무안군,흰잎마름병,0
2021.06.01,보성군,흰잎마름병,0
2021.06.01,순천시,흰잎마름병,0
2021.06.01,신안군,흰잎마름병,0
2021.06.01,여수시,흰잎마름병,0
2021.06.01,영암군,흰잎마름병,0
2021.06.01,완도군,흰잎마름병,0
2021.06.01,장성군,흰잎마름병,0
2021.06.01,장흥군,흰잎마름병,0
2021.06.01,진도군,흰잎마름병,0
2021.06.01,함평군,흰잎마름병,0
2021.06.01,해남군,흰잎마름병,0
2021.06.01,화순군,흰잎마름병,0
2021.06.16,강진군,흰잎마름병,0
2021.06.16,고흥군,흰잎마름병,0
2021.06.16,곡성군,흰잎마름병,0
2021.06.16,광양시,흰잎마름병,0
2021.06.16,구례군,흰잎마름병,0
2021.06.16,나주시,흰잎마름병,0
2021.06.16,담양군,흰잎마름병,0
2021.06.16,무안군,흰잎마름병,0
2021.06.16,보성군,흰잎마름병,0
2021.06.16,순천시,흰잎마름병,0
2021.06.16,신안군,흰잎마름병,0
2021.06.16,여수시,흰잎마름병,0
2021.06.16,영광군,흰잎마름병,0
2021.06.16,영암군,흰잎마름병,0
2021.06.16,완도군,흰잎마름병,0
2021.06.16,장성군,흰잎마름병,0
2021.06.16,장흥군,흰잎마름병,0
2021.06.16,진도군,흰잎마름병,0
2021.06.16,함평군,흰잎마름병,0
2021.06.16,해남군,흰잎마름병,0
2021.06.16,화순군,흰잎마름병,0
2021.07.01,강진군,흰잎마름병,0
2021.07.01,고흥군,흰잎마름병,0
2021.07.01,곡성군,흰잎마름병,0
2021.07.01,광양시,흰잎마름병,0
2021.07.01,구례군,흰잎마름병,0
2021.07.01,나주시,흰잎마름병,0
2021.07.01,담양군,흰잎마름병,0
2021.07.01,무안군,흰잎마름병,0
2021.07.01,보성군,흰잎마름병,0
2021.07.01,순천시,흰잎마름병,0
2021.07.01,신안군,흰잎마름병,0
2021.07.01,여수시,흰잎마름병,0
2021.07.01,영광군,흰잎마름병,0
2021.07.01,영암군,흰잎마름병,0
2021.07.01,완도군,흰잎마름병,0
2021.07.01,장성군,흰잎마름병,0
2021.07.01,장흥군,흰잎마름병,0
2021.07.01,진도군,흰잎마름병,0
2021.07.01,함평군,흰잎마름병,0
2021.07.01,해남군,흰잎마름병,0
2021.07.01,화순군,흰잎마름병,0
2021.07.16,강진군,흰잎마름병,0
2021.07.16,고흥군,흰잎마름병,0
2021.07.16,곡성군,흰잎마름병,0
2021.07.16,광양시,흰잎마름병,0
2021.07.16,구례군,흰잎마름병,0
2021.07.16,나주시,흰잎마름병,0
2021.07.16,담양군,흰잎마름병,0
2021.07.16,무안군,흰잎마름병,0
2021.07.16,보성군,흰잎마름병,0
2021.07.16,순천시,흰잎마름병,0
2021.07.16,신안군,흰잎마름병,0
2021.07.16,여수시,흰잎마름병,0
2021.07.16,영광군,흰잎마름병,0
2021.07.16,영암군,흰잎마름병,0
2021.07.16,완도군,흰잎마름병,0
2021.07.16,장성군,흰잎마름병,0
2021.07.16,장흥군,흰잎마름병,0
2021.07.16,진도군,흰잎마름병,0
2021.07.16,함평군,흰잎마름병,0
2021.07.16,해남군,흰잎마름병,0
2021.07.16,화순군,흰잎마름병,0
2021.08.01,강진군,흰잎마름병,1
2021.08.01,고흥군,흰잎마름병,0
2021.08.01,곡성군,흰잎마름병,0
2021.08.01,광양시,흰잎마름병,0
2021.08.01,구례군,흰잎마름병,0
2021.08.01,보성군,흰잎마름병,0
2021.08.01,여수시,흰잎마름병,0
2021.08.01,영암군,흰잎마름병,1
2021.08.01,완도군,흰잎마름병,0
2021.08.01,장성군,흰잎마름병,1
2021.08.01,진도군,흰잎마름병,0
2021.08.01,함평군,흰잎마름병,0
2021.08.01,해남군,흰잎마름병,0
2021.08.01,화순군,흰잎마름병,0
2021.08.16,강진군,흰잎마름병,1
2021.08.16,고흥군,흰잎마름병,1
2021.08.16,곡성군,흰잎마름병,0
2021.08.16,광양시,흰잎마름병,1
2021.08.16,구례군,흰잎마름병,0
2021.08.16,나주시,흰잎마름병,0
2021.08.16,담양군,흰잎마름병,1
2021.08.16,무안군,흰잎마름병,0
2021.08.16,보성군,흰잎마름병,0
2021.08.16,순천시,흰잎마름병,0
2021.08.16,신안군,흰잎마름병,0
2021.08.16,여수시,흰잎마름병,0
2021.08.16,영광군,흰잎마름병,1
2021.08.16,영암군,흰잎마름병,1
2021.08.16,완도군,흰잎마름병,0
2021.08.16,장성군,흰잎마름병,1
2021.08.16,장흥군,흰잎마름병,1
2021.08.16,진도군,흰잎마름병,0
2021.08.16,함평군,흰잎마름병,0
2021.08.16,해남군,흰잎마름병,0
2021.08.16,화순군,흰잎마름병,0
2021.09.01,강진군,흰잎마름병,1
2021.09.01,고흥군,흰잎마름병,0
2021.09.01,곡성군,흰잎마름병,0
2021.09.01,광양시,흰잎마름병,0
2021.09.01,구례군,흰잎마름병,0
2021.09.01,담양군,흰잎마름병,1
2021.09.01,무안군,흰잎마름병,0
2021.09.01,보성군,흰잎마름병,1
2021.09.01,순천시,흰잎마름병,1
2021.09.01,신안군,흰잎마름병,0
2021.09.01,여수시,흰잎마름병,0
2021.09.01,영암군,흰잎마름병,1
2021.09.01,완도군,흰잎마름병,0
2021.09.01,장성군,흰잎마름병,1
2021.09.01,장흥군,흰잎마름병,1
2021.09.01,진도군,흰잎마름병,0
2021.09.01,함평군,흰잎마름병,1
2021.09.01,해남군,흰잎마름병,0
2021.09.01,화순군,흰잎마름병,0
2021.09.16,강진군,흰잎마름병,1
2021.09.16,고흥군,흰잎마름병,1
2021.09.16,곡성군,흰잎마름병,1
2021.09.16,광양시,흰잎마름병,0
2021.09.16,구례군,흰잎마름병,0
2021.09.16,나주시,흰잎마름병,0
2021.09.16,담양군,흰잎마름병,1
2021.09.16,무안군,흰잎마름병,0
2021.09.16,보성군,흰잎마름병,0
2021.09.16,순천시,흰잎마름병,1
2021.09.16,신안군,흰잎마름병,0
2021.09.16,여수시,흰잎마름병,0
2021.09.16,영광군,흰잎마름병,1
2021.09.16,영암군,흰잎마름병,1
2021.09.16,완도군,흰잎마름병,0
2021.09.16,장성군,흰잎마름병,1
2021.09.16,장흥군,흰잎마름병,1
2021.09.16,진도군,흰잎마름병,1
2021.09.16,함평군,흰잎마름병,1
2021.09.16,해남군,흰잎마름병,0
2021.09.16,화순군,흰잎마름병,0
2022.06.01,강진군,흰잎마름병,0
2022.06.01,고흥군,흰잎마름병,0
2022.06.01,곡성군,흰잎마름병,0
2022.06.01,광양시,흰잎마름병,0
2022.06.01,구례군,흰잎마름병,0
2022.06.01,나주시,흰잎마름병,0
2022.06.01,담양군,흰잎마름병,0
2022.06.01,무안군,흰잎마름병,0
2022.06.01,보성군,흰잎마름병,0
2022.06.01,순천시,흰잎마름병,0
2022.06.01,신안군,흰잎마름병,0
2022.06.01,여수시,흰잎마름병,0
2022.06.01,영광군,흰잎마름병,0
2022.06.01,영암군,흰잎마름병,0
2022.06.01,완도군,흰잎마름병,0
2022.06.01,장성군,흰잎마름병,0
2022.06.01,장흥군,흰잎마름병,0
2022.06.01,진도군,흰잎마름병,0
2022.06.01,함평군,흰잎마름병,0
2022.06.01,해남군,흰잎마름병,0
2022.06.01,화순군,흰잎마름병,0
2022.06.16,강진군,흰잎마름병,0
2022.06.16,고흥군,흰잎마름병,0
2022.06.16,곡성군,흰잎마름병,0
2022.06.16,광양시,흰잎마름병,0
2022.06.16,구례군,흰잎마름병,0
2022.06.16,나주시,흰잎마름병,0
2022.06.16,담양군,흰잎마름병,0
2022.06.16,무안군,흰잎마름병,0
2022.06.16,보성군,흰잎마름병,0
2022.06.16,순천시,흰잎마름병,0
2022.06.16,신안군,흰잎마름병,0
2022.06.16,여수시,흰잎마름병,0
2022.06.16,영광군,흰잎마름병,0
2022.06.16,영암군,흰잎마름병,0
2022.06.16,완도군,흰잎마름병,0
2022.06.16,장성군,흰잎마름병,0
2022.06.16,장흥군,흰잎마름병,0
2022.06.16,진도군,흰잎마름병,0
2022.06.16,함평군,흰잎마름병,0
2022.06.16,해남군,흰잎마름병,0
2022.06.16,화순군,흰잎마름병,0
2022.07.01,강진군,흰잎마름병,0
2022.07.01,고흥군,흰잎마름병,0
2022.07.01,곡성군,흰잎마름병,0
2022.07.01,광양시,흰잎마름병,0
2022.07.01,구례군,흰잎마름병,0
2022.07.01,나주시,흰잎마름병,0
2022.07.01,담양군,흰잎마름병,0
2022.07.01,무안군,흰잎마름병,0
2022.07.01,보성군,흰잎마름병,0
2022.07.01,순천시,흰잎마름병,0
2022.07.01,신안군,흰잎마름병,0
2022.07.01,여수시,흰잎마름병,0
2022.07.01,영광군,흰잎마름병,0
2022.07.01,영암군,흰잎마름병,0
2022.07.01,완도군,흰잎마름병,0
2022.07.01,장성군,흰잎마름병,0
2022.07.01,장흥군,흰잎마름병,0
2022.07.01,진도군,흰잎마름병,0
2022.07.01,함평군,흰잎마름병,0
2022.07.01,해남군,흰잎마름병,0
2022.07.01,화순군,흰잎마름병,0
2022.07.16,강진군,흰잎마름병,0
2022.07.16,고흥군,흰잎마름병,0
2022.07.16,곡성군,흰잎마름병,0
2022.07.16,광양시,흰잎마름병,0
2022.07.16,구례군,흰잎마름병,0
2022.07.16,나주시,흰잎마름병,0
2022.07.16,담양군,흰잎마름병,0
2022.07.16,무안군,흰잎마름병,0
2022.07.16,보성군,흰잎마름병,0
2022.07.16,순천시,흰잎마름병,0
2022.07.16,신안군,흰잎마름병,0
2022.07.16,여수시,흰잎마름병,0
2022.07.16,영광군,흰잎마름병,0
2022.07.16,영암군,흰잎마름병,0
2022.07.16,완도군,흰잎마름병,0
2022.07.16,장성군,흰잎마름병,1
2022.07.16,장흥군,흰잎마름병,0
2022.07.16,진도군,흰잎마름병,0
2022.07.16,함평군,흰잎마름병,0
2022.07.16,해남군,흰잎마름병,0
2022.07.16,화순군,흰잎마름병,0
2022.08.01,강진군,흰잎마름병,1
2022.08.01,고흥군,흰잎마름병,0
2022.08.01,곡성군,흰잎마름병,0
2022.08.01,광양시,흰잎마름병,0
2022.08.01,구례군,흰잎마름병,0
2022.08.01,나주시,흰잎마름병,0
2022.08.01,담양군,흰잎마름병,1
2022.08.01,무안군,흰잎마름병,0
2022.08.01,보성군,흰잎마름병,0
2022.08.01,순천시,흰잎마름병,0
2022.08.01,신안군,흰잎마름병,0
2022.08.01,여수시,흰잎마름병,0
2022.08.01,영광군,흰잎마름병,0
2022.08.01,영암군,흰잎마름병,0
2022.08.01,완도군,흰잎마름병,0
2022.08.01,장성군,흰잎마름병,1
2022.08.01,장흥군,흰잎마름병,1
2022.08.01,진도군,흰잎마름병,0
2022.08.01,함평군,흰잎마름병,0
2022.08.01,화순군,흰잎마름병,0
2022.08.16,강진군,흰잎마름병,0
2022.08.16,고흥군,흰잎마름병,0
2022.08.16,광양시,흰잎마름병,0
2022.08.16,구례군,흰잎마름병,0
2022.08.16,담양군,흰잎마름병,1
2022.08.16,무안군,흰잎마름병,0
2022.08.16,보성군,흰잎마름병,0
2022.08.16,순천시,흰잎마름병,0
2022.08.16,여수시,흰잎마름병,0
2022.08.16,영암군,흰잎마름병,0
2022.08.16,완도군,흰잎마름병,0
2022.08.16,장성군,흰잎마름병,1
2022.08.16,장흥군,흰잎마름병,1
2022.08.16,진도군,흰잎마름병,0
2022.08.16,함평군,흰잎마름병,0
2022.08.16,해남군,흰잎마름병,0
2022.08.16,화순군,흰잎마름병,0
2022.09.01,강진군,흰잎마름병,1
2022.09.01,고흥군,흰잎마름병,0
2022.09.01,곡성군,흰잎마름병,0
2022.09.01,광양시,흰잎마름병,0
2022.09.01,구례군,흰잎마름병,1
2022.09.01,담양군,흰잎마름병,1
2022.09.01,보성군,흰잎마름병,0
2022.09.01,순천시,흰잎마름병,0
2022.09.01,신안군,흰잎마름병,0
2022.09.01,여수시,흰잎마름병,0
2022.09.01,영암군,흰잎마름병,1
2022.09.01,완도군,흰잎마름병,0
2022.09.01,장성군,흰잎마름병,1
2022.09.01,장흥군,흰잎마름병,0
2022.09.01,진도군,흰잎마름병,0
2022.09.01,해남군,흰잎마름병,0
2022.09.01,화순군,흰잎마름병,0
2022.09.16,강진군,흰잎마름병,1
2022.09.16,고흥군,흰잎마름병,1
2022.09.16,곡성군,흰잎마름병,0
2022.09.16,광양시,흰잎마름병,0
2022.09.16,구례군,흰잎마름병,1
2022.09.16,나주시,흰잎마름병,0
2022.09.16,담양군,흰잎마름병,1
2022.09.16,무안군,흰잎마름병,0
2022.09.16,보성군,흰잎마름병,0
2022.09.16,순천시,흰잎마름병,0
2022.09.16,신안군,흰잎마름병,0
2022.09.16,여수시,흰잎마름병,0
2022.09.16,영광군,흰잎마름병,1
2022.09.16,완도군,흰잎마름병,0
2022.09.16,장성군,흰잎마름병,1
2022.09.16,장흥군,흰잎마름병,1
2022.09.16,진도군,흰잎마름병,1
2022.09.16,함평군,흰잎마름병,0
2022.09.16,해남군,흰잎마름병,0
2022.09.16,화순군,흰잎마름병,0
2023.06.01,강진군,흰잎마름병,0
2023.06.01,곡성군,흰잎마름병,0
2023.06.01,광양시,흰잎마름병,0
2023.06.01,구례군,흰잎마름병,0
2023.06.01,나주시,흰잎마름병,0
2023.06.01,담양군,흰잎마름병,0
2023.06.01,무안군,흰잎마름병,0
2023.06.01,보성군,흰잎마름병,0
2023.06.01,순천시,흰잎마름병,0
2023.06.01,신안군,흰잎마름병,0
2023.06.01,여수시,흰잎마름병,0
2023.06.01,영광군,흰잎마름병,0
2023.06.01,영암군,흰잎마름병,0
2023.06.01,완도군,흰잎마름병,0
2023.06.01,장성군,흰잎마름병,0
2023.06.01,장흥군,흰잎마름병,0
2023.06.01,진도군,흰잎마름병,0
2023.06.01,함평군,흰잎마름병,0
2023.06.01,해남군,흰잎마름병,0
2023.06.01,화순군,흰잎마름병,0
2023.06.16,강진군,흰잎마름병,0
2023.06.16,곡성군,흰잎마름병,0
2023.06.16,광양시,흰잎마름병,0
2023.06.16,구례군,흰잎마름병,0
2023.06.16,나주시,흰잎마름병,0
2023.06.16,담양군,흰잎마름병,0
2023.06.16,무안군,흰잎마름병,0
2023.06.16,보성군,흰잎마름병,0
2023.06.16,순천시,흰잎마름병,0
2023.06.16,신안군,흰잎마름병,0
2023.06.16,여수시,흰잎마름병,0
2023.06.16,영광군,흰잎마름병,0
2023.06.16,영암군,흰잎마름병,0
2023.06.16,완도군,흰잎마름병,0
2023.06.16,장성군,흰잎마름병,0
2023.06.16,장흥군,흰잎마름병,0
2023.06.16,진도군,흰잎마름병,0
2023.06.16,함평군,흰잎마름병,0
2023.06.16,해남군,흰잎마름병,0
2023.06.16,화순군,흰잎마름병,0
2023.07.01,강진군,흰잎마름병,0
2023.07.01,고흥군,흰잎마름병,0
2023.07.01,곡성군,흰잎마름병,0
2023.07.01,광양시,흰잎마름병,0
2023.07.01,구례군,흰잎마름병,0
2023.07.01,나주시,흰잎마름병,0
2023.07.01,담양군,흰잎마름병,0
2023.07.01,무안군,흰잎마름병,0
2023.07.01,보성군,흰잎마름병,0
2023.07.01,순천시,흰잎마름병,0
2023.07.01,신안군,흰잎마름병,0
2023.07.01,여수시,흰잎마름병,0
2023.07.01,영광군,흰잎마름병,0
2023.07.01,영암군,흰잎마름병,0
2023.07.01,완도군,흰잎마름병,0
2023.07.01,장성군,흰잎마름병,0
2023.07.01,장흥군,흰잎마름병,0
2023.07.01,진도군,흰잎마름병,0
2023.07.01,함평군,흰잎마름병,0
2023.07.01,해남군,흰잎마름병,0
2023.07.01,화순군,흰잎마름병,0
2023.07.16,강진군,흰잎마름병,0
2023.07.16,고흥군,흰잎마름병,0
2023.07.16,곡성군,흰잎마름병,0
2023.07.16,광양시,흰잎마름병,0
2023.07.16,구례군,흰잎마름병,0
2023.07.16,나주시,흰잎마름병,0
2023.07.16,담양군,흰잎마름병,0
2023.07.16,무안군,흰잎마름병,0
2023.07.16,보성군,흰잎마름병,0
2023.07.16,순천시,흰잎마름병,0
2023.07.16,신안군,흰잎마름병,0
2023.07.16,여수시,흰잎마름병,0
2023.07.16,영광군,흰잎마름병,0
2023.07.16,영암군,흰잎마름병,0
2023.07.16,완도군,흰잎마름병,0
2023.07.16,장성군,흰잎마름병,1
2023.07.16,장흥군,흰잎마름병,0
2023.07.16,진도군,흰잎마름병,0
2023.07.16,함평군,흰잎마름병,0
2023.07.16,해남군,흰잎마름병,0
2023.07.16,화순군,흰잎마름병,0
2023.08.01,강진군,흰잎마름병,0
2023.08.01,고흥군,흰잎마름병,0
2023.08.01,곡성군,흰잎마름병,0
2023.08.01,광양시,흰잎마름병,0
2023.08.01,구례군,흰잎마름병,0
2023.08.01,나주시,흰잎마름병,0
2023.08.01,담양군,흰잎마름병,1
2023.08.01,무안군,흰잎마름병,0
2023.08.01,보성군,흰잎마름병,0
2023.08.01,순천시,흰잎마름병,0
2023.08.01,신안군,흰잎마름병,0
2023.08.01,여수시,흰잎마름병,0
2023.08.01,영광군,흰잎마름병,0
2023.08.01,영암군,흰잎마름병,0
2023.08.01,완도군,흰잎마름병,0
2023.08.01,장성군,흰잎마름병,1
2023.08.01,장흥군,흰잎마름병,0
2023.08.01,진도군,흰잎마름병,0
2023.08.01,함평군,흰잎마름병,1
2023.08.01,해남군,흰잎마름병,0
2023.08.01,화순군,흰잎마름병,0
2023.08.16,강진군,흰잎마름병,1
2023.08.16,고흥군,흰잎마름병,0
2023.08.16,곡성군,흰잎마름병,1
2023.08.16,광양시,흰잎마름병,0
2023.08.16,구례군,흰잎마름병,1
2023.08.16,나주시,흰잎마름병,1
2023.08.16,담양군,흰잎마름병,1
2023.08.16,무안군,흰잎마름병,0
2023.08.16,보성군,흰잎마름병,1
2023.08.16,순천시,흰잎마름병,1
2023.08.16,신안군,흰잎마름병,0
2023.08.16,여수시,흰잎마름병,1
2023.08.16,영광군,흰잎마름병,0
2023.08.16,영암군,흰잎마름병,1
2023.08.16,완도군,흰잎마름병,0
2023.08.16,장성군,흰잎마름병,1
2023.08.16,장흥군,흰잎마름병,1
2023.08.16,진도군,흰잎마름병,0
2023.08.16,함평군,흰잎마름병,1
2023.08.16,해남군,흰잎마름병,0
2023.08.16,화순군,흰잎마름병,0
2023.09.01,강진군,흰잎마름병,1
2023.09.01,고흥군,흰잎마름병,1
2023.09.01,곡성군,흰잎마름병,1
2023.09.01,광양시,흰잎마름병,1
2023.09.01,구례군,흰잎마름병,1
2023.09.01,나주시,흰잎마름병,1
2023.09.01,담양군,흰잎마름병,1
2023.09.01,무안군,흰잎마름병,0
2023.09.01,보성군,흰잎마름병,1
2023.09.01,순천시,흰잎마름병,1
2023.09.01,신안군,흰잎마름병,0
2023.09.01,여수시,흰잎마름병,1
2023.09.01,영광군,흰잎마름병,1
2023.09.01,영암군,흰잎마름병,1
2023.09.01,완도군,흰잎마름병,0
2023.09.01,장성군,흰잎마름병,1
2023.09.01,장흥군,흰잎마름병,1
2023.09.01,진도군,흰잎마름병,1
2023.09.01,함평군,흰잎마름병,1
2023.09.01,해남군,흰잎마름병,0
2023.09.01,화순군,흰잎마름병,1
2023.09.16,강진군,흰잎마름병,1
2023.09.16,고흥군,흰잎마름병,1
2023.09.16,곡성군,흰잎마름병,1
2023.09.16,광양시,흰잎마름병,1
2023.09.16,구례군,흰잎마름병,1
2023.09.16,나주시,흰잎마름병,1
2023.09.16,담양군,흰잎마름병,1
2023.09.16,무안군,흰잎마름병,0
2023.09.16,보성군,흰잎마름병,1
2023.09.16,순천시,흰잎마름병,1
2023.09.16,신안군,흰잎마름병,0
2023.09.16,여수시,흰잎마름병,1
2023.09.16,영광군,흰잎마름병,1
2023.09.16,영암군,흰잎마름병,1
2023.09.16,완도군,흰잎마름병,0
2023.09.16,장성군,흰잎마름병,1
2023.09.16,장흥군,흰잎마름병,1
2023.09.16,진도군,흰잎마름병,1
2023.09.16,함평군,흰잎마름병,1
2023.09.16,해남군,흰잎마름병,0
2023.09.16,화순군,흰잎마름병,1
2024.06.01,강진군,흰잎마름병,0
2024.06.01,고흥군,흰잎마름병,0
2024.06.01,광양시,흰잎마름병,0
2024.06.01,구례군,흰잎마름병,0
2024.06.01,나주시,흰잎마름병,0
2024.06.01,무안군,흰잎마름병,0
2024.06.01,보성군,흰잎마름병,0
2024.06.01,순천시,흰잎마름병,0
2024.06.01,신안군,흰잎마름병,0
2024.06.01,여수시,흰잎마름병,0
2024.06.01,영암군,흰잎마름병,0
2024.06.01,완도군,흰잎마름병,0
2024.06.01,장성군,흰잎마름병,0
2024.06.01,장흥군,흰잎마름병,0
2024.06.01,진도군,흰잎마름병,0
2024.06.01,해남군,흰잎마름병,0
2024.06.01,화순군,흰잎마름병,0
2024.06.16,강진군,흰잎마름병,0
2024.06.16,고흥군,흰잎마름병,0
2024.06.16,광양시,흰잎마름병,0
2024.06.16,구례군,흰잎마름병,0
2024.06.16,나주시,흰잎마름병,0
2024.06.16,담양군,흰잎마름병,0
2024.06.16,무안군,흰잎마름병,0
2024.06.16,보성군,흰잎마름병,0
2024.06.16,순천시,흰잎마름병,0
2024.06.16,신안군,흰잎마름병,0
2024.06.16,여수시,흰잎마름병,0
2024.06.16,영광군,흰잎마름병,0
2024.06.16,영암군,흰잎마름병,0
2024.06.16,완도군,흰잎마름병,0
2024.06.16,장성군,흰잎마름병,0
2024.06.16,장흥군,흰잎마름병,0
2024.06.16,진도군,흰잎마름병,0
2024.06.16,해남군,흰잎마름병,0
2024.06.16,화순군,흰잎마름병,0
2024.07.01,강진군,흰잎마름병,0
2024.07.01,고흥군,흰잎마름병,0
2024.07.01,곡성군,흰잎마름병,0
2024.07.01,광양시,흰잎마름병,0
2024.07.01,구례군,흰잎마름병,0
2024.07.01,나주시,흰잎마름병,0
2024.07.01,담양군,흰잎마름병,0
2024.07.01,무안군,흰잎마름병,0
2024.07.01,보성군,흰잎마름병,0
2024.07.01,순천시,흰잎마름병,0
2024.07.01,신안군,흰잎마름병,0
2024.07.01,여수시,흰잎마름병,0
2024.07.01,영광군,흰잎마름병,0
2024.07.01,영암군,흰잎마름병,0
2024.07.01,완도군,흰잎마름병,0
2024.07.01,장성군,흰잎마름병,0
2024.07.01,장흥군,흰잎마름병,0
2024.07.01,진도군,흰잎마름병,0
2024.07.01,함평군,흰잎마름병,0
2024.07.01,해남군,흰잎마름병,0
2024.07.01,화순군,흰잎마름병,0
2024.07.16,강진군,흰잎마름병,0
2024.07.16,고흥군,흰잎마름병,0
2024.07.16,곡성군,흰잎마름병,0
2024.07.16,광양시,흰잎마름병,0
2024.07.16,구례군,흰잎마름병,0
2024.07.16,나주시,흰잎마름병,0
2024.07.16,담양군,흰잎마름병,0
2024.07.16,무안군,흰잎마름병,0
2024.07.16,보성군,흰잎마름병,0
2024.07.16,순천시,흰잎마름병,0
2024.07.16,신안군,흰잎마름병,0
2024.07.16,여수시,흰잎마름병,0
2024.07.16,영광군,흰잎마름병,0
2024.07.16,영암군,흰잎마름병,0
2024.07.16,완도군,흰잎마름병,0
2024.07.16,장성군,흰잎마름병,1
2024.07.16,장흥군,흰잎마름병,0
2024.07.16,진도군,흰잎마름병,0
2024.07.16,함평군,흰잎마름병,0
2024.07.16,해남군,흰잎마름병,0
2024.07.16,화순군,흰잎마름병,0
2024.08.01,강진군,흰잎마름병,0
2024.08.01,고흥군,흰잎마름병,0
2024.08.01,곡성군,흰잎마름병,0
2024.08.01,광양시,흰잎마름병,0
2024.08.01,구례군,흰잎마름병,0
2024.08.01,나주시,흰잎마름병,1
2024.08.01,담양군,흰잎마름병,1
2024.08.01,무안군,흰잎마름병,0
2024.08.01,보성군,흰잎마름병,0
2024.08.01,순천시,흰잎마름병,1
2024.08.01,신안군,흰잎마름병,0
2024.08.01,여수시,흰잎마름병,0
2024.08.01,영광군,흰잎마름병,0
2024.08.01,영암군,흰잎마름병,1
2024.08.01,완도군,흰잎마름병,0
2024.08.01,장성군,흰잎마름병,0
2024.08.01,장흥군,흰잎마름병,1
2024.08.01,진도군,흰잎마름병,0
2024.08.01,함평군,흰잎마름병,0
2024.08.01,해남군,흰잎마름병,0
2024.08.01,화순군,흰잎마름병,0
2024.08.16,강진군,흰잎마름병,0
2024.08.16,고흥군,흰잎마름병,0
2024.08.16,곡성군,흰잎마름병,0
2024.08.16,광양시,흰잎마름병,0
2024.08.16,구례군,흰잎마름병,0
2024.08.16,나주시,흰잎마름병,1
2024.08.16,담양군,흰잎마름병,1
2024.08.16,무안군,흰잎마름병,0
2024.08.16,보성군,흰잎마름병,0
2024.08.16,순천시,흰잎마름병,1
2024.08.16,신안군,흰잎마름병,0
2024.08.16,여수시,흰잎마름병,0
2024.08.16,영광군,흰잎마름병,0
2024.08.16,영암군,흰잎마름병,1
2024.08.16,완도군,흰잎마름병,0
2024.08.16,장성군,흰잎마름병,1
2024.08.16,장흥군,흰잎마름병,1
2024.08.16,진도군,흰잎마름병,0
2024.08.16,함평군,흰잎마름병,0
2024.08.16,해남군,흰잎마름병,0
2024.08.16,화순군,흰잎마름병,0
2024.09.01,강진군,흰잎마름병,1
2024.09.01,고흥군,흰잎마름병,1
2024.09.01,곡성군,흰잎마름병,1
2024.09.01,광양시,흰잎마름병,1
2024.09.01,구례군,흰잎마름병,0
2024.09.01,나주시,흰잎마름병,1
2024.09.01,담양군,흰잎마름병,1
2024.09.01,무안군,흰잎마름병,0
2024.09.01,보성군,흰잎마름병,1
2024.09.01,순천시,흰잎마름병,1
2024.09.01,신안군,흰잎마름병,0
2024.09.01,여수시,흰잎마름병,0
2024.09.01,영광군,흰잎마름병,0
2024.09.01,영암군,흰잎마름병,1
2024.09.01,완도군,흰잎마름병,0
2024.09.01,장성군,흰잎마름병,1
2024.09.01,장흥군,흰잎마름병,1
2024.09.01,진도군,흰잎마름병,0
2024.09.01,함평군,흰잎마름병,1
2024.09.01,해남군,흰잎마름병,0
2024.09.01,화순군,흰잎마름병,0
2024.09.16,강진군,흰잎마름병,1
2024.09.16,고흥군,흰잎마름병,1
2024.09.16,곡성군,흰잎마름병,1
2024.09.16,광양시,흰잎마름병,1
2024.09.16,구례군,흰잎마름병,0
2024.09.16,나주시,흰잎마름병,1
2024.09.16,담양군,흰잎마름병,1
2024.09.16,무안군,흰잎마름병,0
2024.09.16,보성군,흰잎마름병,1
2024.09.16,순천시,흰잎마름병,1
2024.09.16,신안군,흰잎마름병,0
2024.09.16,여수시,흰잎마름병,0
2024.09.16,영광군,흰잎마름병,0
2024.09.16,영암군,흰잎마름병,1
2024.09.16,완도군,흰잎마름병,0
2024.09.16,장성군,흰잎마름병,1
2024.09.16,장흥군,흰잎마름병,1
2024.09.16,진도군,흰잎마름병,0
2024.09.16,함평군,흰잎마름병,1
2024.09.16,해남군,흰잎마름병,0
2024.09.16,화순군,흰잎마름병,0
2025.06.01,강진군,흰잎마름병,0
2025.06.01,고흥군,흰잎마름병,0
2025.06.01,곡성군,흰잎마름병,0
2025.06.01,광양시,흰잎마름병,0
2025.06.01,구례군,흰잎마름병,0
2025.06.01,나주시,흰잎마름병,0
2025.06.01,담양군,흰잎마름병,0
2025.06.01,무안군,흰잎마름병,0
2025.06.01,보성군,흰잎마름병,0
2025.06.01,순천시,흰잎마름병,0
2025.06.01,신안군,흰잎마름병,0
2025.06.01,여수시,흰잎마름병,0
2025.06.01,영광군,흰잎마름병,0
2025.06.01,영암군,흰잎마름병,0
2025.06.01,완도군,흰잎마름병,0
2025.06.01,장성군,흰잎마름병,0
2025.06.01,장흥군,흰잎마름병,0
2025.06.01,진도군,흰잎마름병,0
2025.06.01,함평군,흰잎마름병,0
2025.06.01,해남군,흰잎마름병,0
2025.06.01,화순군,흰잎마름병,0
2025.06.16,강진군,흰잎마름병,0
2025.06.16,고흥군,흰잎마름병,0
2025.06.16,곡성군,흰잎마름병,0
2025.06.16,광양시,흰잎마름병,0
2025.06.16,구례군,흰잎마름병,0
2025.06.16,나주시,흰잎마름병,0
2025.06.16,담양군,흰잎마름병,0
2025.06.16,무안군,흰잎마름병,0
2025.06.16,보성군,흰잎마름병,0
2025.06.16,순천시,흰잎마름병,0
2025.06.16,신안군,흰잎마름병,0
2025.06.16,여수시,흰잎마름병,0
2025.06.16,영광군,흰잎마름병,0
2025.06.16,영암군,흰잎마름병,0
2025.06.16,완도군,흰잎마름병,0
2025.06.16,장성군,흰잎마름병,0
2025.06.16,장흥군,흰잎마름병,0
2025.06.16,진도군,흰잎마름병,0
2025.06.16,함평군,흰잎마름병,0
2025.06.16,해남군,흰잎마름병,0
2025.06.16,화순군,흰잎마름병,0
2025.07.01,강진군,흰잎마름병,0
2025.07.01,고흥군,흰잎마름병,0
2025.07.01,곡성군,흰잎마름병,0
2025.07.01,광양시,흰잎마름병,0
2025.07.01,구례군,흰잎마름병,0
2025.07.01,나주시,흰잎마름병,0
2025.07.01,담양군,흰잎마름병,0
2025.07.01,무안군,흰잎마름병,0
2025.07.01,보성군,흰잎마름병,0
2025.07.01,순천시,흰잎마름병,0
2025.07.01,신안군,흰잎마름병,0
2025.07.01,여수시,흰잎마름병,0
2025.07.01,영광군,흰잎마름병,0
2025.07.01,영암군,흰잎마름병,0
2025.07.01,완도군,흰잎마름병,0
2025.07.01,장성군,흰잎마름병,0
2025.07.01,진도군,흰잎마름병,0
2025.07.01,함평군,흰잎마름병,0
2025.07.01,해남군,흰잎마름병,0
2025.07.01,화순군,흰잎마름병,0
2025.07.16,강진군,흰잎마름병,0
2025.07.16,고흥군,흰잎마름병,0
2025.07.16,곡성군,흰잎마름병,0
2025.07.16,광양시,흰잎마름병,0
2025.07.16,구례군,흰잎마름병,0
2025.07.16,나주시,흰잎마름병,0
2025.07.16,담양군,흰잎마름병,0
2025.07.16,무안군,흰잎마름병,0
2025.07.16,보성군,흰잎마름병,0
2025.07.16,순천시,흰잎마름병,0
2025.07.16,신안군,흰잎마름병,0
2025.07.16,여수시,흰잎마름병,0
2025.07.16,영광군,흰잎마름병,0
2025.07.16,영암군,흰잎마름병,0
2025.07.16,완도군,흰잎마름병,0
2025.07.16,장성군,흰잎마름병,0
2025.07.16,장흥군,흰잎마름병,1
2025.07.16,진도군,흰잎마름병,0
2025.07.16,함평군,흰잎마름병,0
2025.07.16,해남군,흰잎마름병,0
2025.07.16,화순군,흰잎마름병,0
2025.08.01,강진군,흰잎마름병,0
2025.08.01,고흥군,흰잎마름병,0
2025.08.01,광양시,흰잎마름병,0
2025.08.01,구례군,흰잎마름병,0
2025.08.01,담양군,흰잎마름병,1
2025.08.01,무안군,흰잎마름병,0
2025.08.01,보성군,흰잎마름병,0
2025.08.01,신안군,흰잎마름병,0
2025.08.01,여수시,흰잎마름병,1
2025.08.01,영광군,흰잎마름병,0
2025.08.01,영암군,흰잎마름병,0
2025.08.01,완도군,흰잎마름병,0
2025.08.01,장성군,흰잎마름병,0
2025.08.01,장흥군,흰잎마름병,0
2025.08.01,진도군,흰잎마름병,0
2025.08.01,함평군,흰잎마름병,0
2025.08.01,해남군,흰잎마름병,0
2025.08.01,화순군,흰잎마름병,0
2025.08.16,강진군,흰잎마름병,0
2025.08.16,고흥군,흰잎마름병,0
2025.08.16,곡성군,흰잎마름병,1
2025.08.16,광양시,흰잎마름병,0
2025.08.16,구례군,흰잎마름병,0
2025.08.16,나주시,흰잎마름병,0
2025.08.16,담양군,흰잎마름병,1
2025.08.16,무안군,흰잎마름병,0
2025.08.16,보성군,흰잎마름병,0
2025.08.16,순천시,흰잎마름병,1
2025.08.16,신안군,흰잎마름병,0
2025.08.16,여수시,흰잎마름병,1
2025.08.16,영광군,흰잎마름병,0
2025.08.16,영암군,흰잎마름병,1
2025.08.16,완도군,흰잎마름병,0
2025.08.16,장성군,흰잎마름병,0
2025.08.16,장흥군,흰잎마름병,1
2025.08.16,진도군,흰잎마름병,0
2025.08.16,함평군,흰잎마름병,0
2025.08.16,해남군,흰잎마름병,0
2025.08.16,화순군,흰잎마름병,0
2025.09.01,강진군,흰잎마름병,0
2025.09.01,고흥군,흰잎마름병,0
2025.09.01,곡성군,흰잎마름병,1
2025.09.01,광양시,흰잎마름병,0
2025.09.01,구례군,흰잎마름병,0
2025.09.01,나주시,흰잎마름병,0
2025.09.01,담양군,흰잎마름병,1
2025.09.01,무안군,흰잎마름병,0
2025.09.01,보성군,흰잎마름병,1
2025.09.01,순천시,흰잎마름병,1
2025.09.01,신안군,흰잎마름병,0
2025.09.01,여수시,흰잎마름병,1
2025.09.01,영광군,흰잎마름병,0
2025.09.01,영암군,흰잎마름병,1
2025.09.01,완도군,흰잎마름병,0
2025.09.01,장성군,흰잎마름병,0
2025.09.01,장흥군,흰잎마름병,1
2025.09.01,진도군,흰잎마름병,0
2025.09.01,함평군,흰잎마름병,0
2025.09.01,해남군,흰잎마름병,0
2025.09.01,화순군,흰잎마름병,0
2025.09.16,강진군,흰잎마름병,1
2025.09.16,고흥군,흰잎마름병,0
2025.09.16,곡성군,흰잎마름병,1
2025.09.16,광양시,흰잎마름병,0
2025.09.16,구례군,흰잎마름병,1
2025.09.16,나주시,흰잎마름병,0
2025.09.16,담양군,흰잎마름병,1
2025.09.16,무안군,흰잎마름병,0
2025.09.16,보성군,흰잎마름병,1
2025.09.16,순천시,흰잎마름병,1
2025.09.16,신안군,흰잎마름병,0
2025.09.16,여수시,흰잎마름병,1
2025.09.16,영광군,흰잎마름병,0
2025.09.16,영암군,흰잎마름병,1
2025.09.16,완도군,흰잎마름병,0
2025.09.16,장성군,흰잎마름병,0
2025.09.16,장흥군,흰잎마름병,1
2025.09.16,진도군,흰잎마름병,0
2025.09.16,함평군,흰잎마름병,0
2025.09.16,해남군,흰잎마름병,0
2025.09.16,화순군,흰잎마름병,0
